fdata;horario;n_da_ocorrencia;tipo_de_ocorrencia;km;trecho;sentido;tipo_de_acidente;automovel;bicicleta;caminhao;moto;onibus;outros;tracao_animal;transporte_de_cargas_especiais;trator_maquinas;utilitarios;ilesos;levemente_feridos;moderadamente_feridos;gravemente_feridos;mortos
"05/05/2010";"21:44:00";"114";"com v�tima";"274";"BR-393/RJ";"Sul";"Tombamento";0;0;1;0;0;0;0;0;0;0;0;1;0;0;0
"06/05/2010";"13:12:00";"64";"com v�tima";"175";"BR-393/RJ";"Sul";"Abalr.Transversal";1;0;0;1;0;0;0;0;0;0;1;1;0;0;0
"06/05/2010";"20:09:00";"95";"sem v�tima";"188";"BR-393/RJ";"Norte";"Abalr.Sentido Oposto";1;0;0;0;0;0;0;0;0;0;1;0;0;0;0
"07/05/2010";"06:24:00";"19";"com v�tima";"157,5";"BR-393/RJ";"Sul";"Tombamento";0;0;1;0;0;0;0;0;0;0;0;0;0;1;0
"07/05/2010";"09:01:00";"34";"sem v�tima";"285";"BR-393/RJ";"Norte";"Abalr.Transversal";0;0;1;0;1;0;0;0;0;0;2;0;0;0;0
"07/05/2010";"14:13:00";"68";"sem v�tima";"151";"BR-393/RJ";"Sul";"Colis�o Frontal";1;0;0;0;0;0;0;0;1;0;3;0;0;0;0
"07/05/2010";"15:14:00";"69";"sem v�tima";"261";"BR-393/RJ";"Norte";"Colis�o Traseira";1;0;1;0;0;0;0;0;0;0;2;0;0;0;0
"07/05/2010";"15:46:00";"72";"sem v�tima";"281";"BR-393/RJ";"Norte";"Abalr.Transversal";1;0;1;0;0;0;0;0;0;0;1;0;0;0;0
"07/05/2010";"19:35:00";"87";"sem v�tima";"103";"BR-393/RJ";"Sul";"Abalr.Transversal";2;0;0;0;0;0;0;0;0;0;2;0;0;0;0
"08/05/2010";"13:24:00";"63";"sem v�tima";"175,6";"BR-393/RJ";"Norte";"Abalr.Mesmo Sentido";2;0;0;0;0;0;0;0;0;0;2;0;0;0;0
"08/05/2010";"14:27:00";"69";"com v�tima";"248,5";"BR-393/RJ";"Norte";"Capotamento";1;0;0;0;0;0;0;0;0;0;0;0;1;0;0
"09/05/2010";"10:45:00";"33";"sem v�tima";"199";"BR-393/RJ";"Sul";"Sa�da de Pista";0;0;1;0;0;0;0;0;0;0;4;0;0;0;0
"09/05/2010";"10:50:00";"34";"sem v�tima";"127,2";"BR-393/RJ";"Sul";"Sa�da de Pista";1;0;0;0;0;0;0;0;0;0;2;0;0;0;0
"09/05/2010";"18:28:00";"64";"com v�tima";"279,5";"BR-393/RJ";"Sul";"Engavetamento";3;0;0;0;0;0;0;0;0;0;0;3;0;0;0
"09/05/2010";"18:54:00";"67";"com v�tima";"280,3";"BR-393/RJ";"Sul";"Engavetamento";3;0;0;0;0;0;0;0;0;0;0;3;0;0;0
"09/05/2010";"19:19:00";"70";"com v�tima";"187";"BR-393/RJ";"Sul";"Engavetamento";3;0;0;0;0;0;0;0;0;0;0;5;0;0;0
"09/05/2010";"19:26:00";"72";"sem v�tima";"279";"BR-393/RJ";"Sul";"Engavetamento";3;0;0;0;0;0;0;0;0;0;3;0;0;0;0
"10/05/2010";"01:42:00";"17";"sem v�tima";"175,2";"BR-393/RJ";"Sul";"Outros tipos de acidente";0;0;0;1;0;0;0;0;0;0;1;0;0;0;0
"10/05/2010";"07:32:00";"35";"sem v�tima";"184";"BR-393/RJ";"Norte";"Sa�da de Pista";0;0;0;1;0;0;0;0;0;0;1;0;0;0;0
"10/05/2010";"11:35:00";"70";"sem v�tima";"274";"BR-393/RJ";"Norte";"Tombamento";0;0;1;0;0;0;0;0;0;0;1;0;0;0;0
"10/05/2010";"18:39:00";"103";"com v�tima";"284,3";"BR-393/RJ";"Norte";"Colis�o com Objeto Fixo";1;0;0;0;0;0;0;0;0;0;0;1;0;0;0
"10/05/2010";"23:10:00";"116";"com v�tima";"214";"BR-393/RJ";"Norte";"Sa�da de Pista";0;0;1;0;0;0;0;0;0;0;0;1;0;0;0
"10/05/2010";"23:36:00";"117";"sem v�tima";"254";"BR-393/RJ";"Sul";"Sa�da de Pista";0;0;1;0;0;0;0;0;0;0;2;0;0;0;0
"11/05/2010";"07:39:00";"28";"com v�tima";"227,6";"BR-393/RJ";"Sul";"Abalr.Sentido Oposto";0;0;1;0;1;0;0;0;0;0;0;1;0;0;0
"11/05/2010";"09:43:00";"38";"com v�tima";"171,6";"BR-393/RJ";"Sul";"Abalr.Transversal";1;0;1;0;0;0;0;0;0;0;1;1;0;0;0
"12/05/2010";"15:46:00";"72";"sem v�tima";"103,8";"BR-393/RJ";"Norte";"Tombamento";0;0;1;0;0;0;0;0;0;0;1;0;0;0;0
"13/05/2010";"18:44:00";"87";"com v�tima";"197,8";"BR-393/RJ";"Sul";"Capotamento";1;0;0;0;0;0;0;0;0;0;0;2;1;0;0
"14/05/2010";"10:20:00";"55";"sem v�tima";"150";"BR-393/RJ";"Norte";"Colis�o Traseira";2;0;0;0;0;0;0;0;0;0;3;0;0;0;0
"15/05/2010";"02:41:00";"13";"sem v�tima";"285";"BR-393/RJ";"Norte";"Outros tipos de acidente";0;0;0;1;0;0;0;0;0;0;2;0;0;0;0
"15/05/2010";"23:54:00";"101";"com v�tima";"243,5";"BR-393/RJ";"Sul";"Tombamento";0;0;1;0;0;0;0;0;0;0;0;1;0;0;0
"17/05/2010";"20:51:00";"107";"com v�tima";"166";"BR-393/RJ";"Norte";"Atropelamento";0;0;0;1;0;0;0;0;0;0;0;4;0;0;0
"18/05/2010";"20:29:00";"101";"com v�tima";"275,6";"BR-393/RJ";"Norte";"Atropelamento de Animal";0;0;1;0;0;0;0;0;0;0;0;1;0;0;0
"19/05/2010";"02:56:00";"11";"sem v�tima";"236";"BR-393/RJ";"Norte";"Outros tipos de acidente";0;0;0;1;0;0;0;0;0;0;2;0;0;0;0
"19/05/2010";"15:32:00";"76";"sem v�tima";"190";"BR-393/RJ";"Sul";"Abalr.Transversal";0;0;1;0;1;0;0;0;0;0;2;0;0;0;0
"20/05/2010";"03:07:00";"12";"sem v�tima";"121,5";"BR-393/RJ";"Sul";"Tombamento";0;0;1;0;0;0;0;0;0;0;1;0;0;0;0
"20/05/2010";"12:36:00";"57";"sem v�tima";"273";"BR-393/RJ";"Norte";"Capotamento";2;0;0;0;0;0;0;0;0;0;2;0;0;0;0
"21/05/2010";"08:26:00";"33";"sem v�tima";"168";"BR-393/RJ";"Norte";"Abalr.Mesmo Sentido";2;0;0;0;0;0;0;0;0;0;5;0;0;0;0
"21/05/2010";"09:51:00";"42";"com v�tima";"257";"BR-393/RJ";"Norte";"Sa�da de Pista";1;0;0;0;0;0;0;0;0;0;0;1;0;0;0
"21/05/2010";"10:36:00";"46";"com v�tima";"175";"BR-393/RJ";"Norte";"Outros tipos de acidente";0;0;0;0;0;0;0;0;0;0;0;1;0;0;0
"21/05/2010";"15:59:00";"79";"com v�tima";"163";"BR-393/RJ";"Norte";"Tombamento";0;0;1;0;0;0;0;0;0;0;0;1;1;0;0
"22/05/2010";"07:46:00";"39";"com v�tima";"218";"BR-393/RJ";"Sul";"Abalr.Transversal";1;0;1;0;0;0;0;0;0;0;1;3;0;0;0
"22/05/2010";"10:53:00";"51";"sem v�tima";"102";"BR-393/RJ";"Norte";"Colis�o Frontal";2;0;0;0;0;0;0;0;0;0;3;0;0;0;0
"22/05/2010";"12:20:00";"59";"com v�tima";"252,3";"BR-393/RJ";"Norte";"Abalr.Transversal";2;0;0;0;0;0;0;0;0;0;3;1;0;0;0
"22/05/2010";"17:08:00";"71";"sem v�tima";"175,5";"BR-393/RJ";"Sul";"Sa�da de Pista";1;0;0;0;0;0;0;0;0;0;1;0;0;0;0
"22/05/2010";"17:49:00";"74";"com v�tima";"281,5";"BR-393/RJ";"Norte";"Colis�o Traseira";1;0;1;0;0;0;0;0;0;0;0;3;0;0;0
"22/05/2010";"19:11:00";"77";"com v�tima";"286";"BR-393/RJ";"Sul";"Colis�o Traseira";0;0;0;1;0;0;0;0;0;0;1;1;0;0;0
"22/05/2010";"20:55:00";"89";"com v�tima";"285";"BR-393/RJ";"Sul";"Colis�o Traseira";2;0;0;0;0;0;0;0;0;0;0;2;0;0;0
"23/05/2010";"02:45:00";"19";"sem v�tima";"184,5";"BR-393/RJ";"Norte";"Sa�da de Pista";1;0;0;0;0;0;0;0;0;0;1;0;0;0;0
"23/05/2010";"18:49:00";"74";"com v�tima";"280";"BR-393/RJ";"Sul";"Colis�o Traseira";1;0;0;0;0;0;0;0;0;0;0;1;0;0;0
"24/05/2010";"00:57:00";"4";"sem v�tima";"196";"BR-393/RJ";"Sul";"Sa�da de Pista";1;0;0;0;0;0;0;0;0;0;2;0;0;0;0
"24/05/2010";"07:41:00";"35";"sem v�tima";"285";"BR-393/RJ";"Sul";"Abalr.Mesmo Sentido";0;0;0;1;1;0;0;0;0;0;2;0;0;0;0
"24/05/2010";"09:52:00";"48";"sem v�tima";"133,1";"BR-393/RJ";"Sul";"Engavetamento";3;0;0;0;0;0;0;0;0;0;3;0;0;0;0
"24/05/2010";"16:21:00";"80";"sem v�tima";"158,1";"BR-393/RJ";"Sul";"Abalr.Mesmo Sentido";0;0;2;0;0;0;0;0;0;0;2;0;0;0;0
"24/05/2010";"17:49:00";"88";"com v�tima";"102";"BR-393/RJ";"Norte";"Colis�o Frontal";1;0;1;0;0;0;0;0;0;0;1;2;0;0;0
"25/05/2010";"08:14:00";"29";"com v�tima";"134,5";"BR-393/RJ";"Norte";"Colis�o Frontal";2;0;0;0;0;0;0;0;0;0;0;2;0;0;0
"26/05/2010";"07:54:00";"26";"com v�tima";"138";"BR-393/RJ";"Norte";"Abalr.Sentido Oposto";1;0;1;0;0;0;0;0;0;0;0;0;1;2;0
"26/05/2010";"15:26:00";"82";"sem v�tima";"256";"BR-393/RJ";"Sul";"Sa�da de Pista";2;0;0;0;0;0;0;0;0;0;2;0;0;0;0
"26/05/2010";"21:13:00";"54";"com v�tima";"232";"BR-393/RJ";"Sul";"Abalr.Sentido Oposto";1;0;0;0;0;0;0;0;0;0;0;2;0;0;0
"27/05/2010";"07:08:00";"49";"com v�tima";"278";"BR-393/RJ";"Norte";"Colis�o Traseira";0;0;1;0;0;0;0;0;0;0;0;1;0;0;0
"27/05/2010";"12:39:00";"14";"com v�tima";"281";"BR-393/RJ";"Norte";"Atropelamento";2;0;0;0;0;0;0;0;0;0;1;1;0;0;0
"28/05/2010";"07:27:00";"62";"sem v�tima";"270";"BR-393/RJ";"Norte";"Colis�o Frontal";1;0;1;0;0;0;0;0;0;0;2;0;0;0;0
"28/05/2010";"12:05:00";"27";"com v�tima";"104,4";"BR-393/RJ";"Norte";"Abalr.Mesmo Sentido";1;0;1;0;0;0;0;0;0;0;1;0;0;0;1
"28/05/2010";"16:36:00";"45";"com v�tima";"235";"BR-393/RJ";"Norte";"Abalr.Transversal";0;0;1;1;0;0;0;0;0;0;2;2;0;0;0
"28/05/2010";"21:45:00";"88";"sem v�tima";"285";"BR-393/RJ";"Norte";"Colis�o Traseira";2;0;0;0;0;0;0;0;0;0;2;0;0;0;0
"29/05/2010";"16:46:00";"65";"com v�tima";"269";"BR-393/RJ";"Norte";"Colis�o com Objeto Fixo";1;0;0;0;0;0;0;0;0;0;0;0;0;1;0
"30/05/2010";"01:32:00";"74";"sem v�tima";"215,4";"BR-393/RJ";"Sul";"Sa�da de Pista";1;0;0;0;1;0;0;0;0;0;6;0;0;0;0
"30/05/2010";"13:42:00";"94";"com v�tima";"164,9";"BR-393/RJ";"Norte";"Tombamento";0;0;0;1;0;0;0;0;0;0;0;2;0;0;0
"30/05/2010";"17:53:00";"60";"com v�tima";"261";"BR-393/RJ";"Norte";"Colis�o Traseira";0;0;1;0;0;0;0;0;0;0;0;3;1;0;0
"30/05/2010";"22:54:00";"10";"sem v�tima";"124";"BR-393/RJ";"Sul";"Atropelamento de Animal";0;0;1;0;0;0;0;0;0;0;1;0;0;0;0
"31/05/2010";"08:51:00";"35";"com v�tima";"278";"BR-393/RJ";"Sul";"Abalr.Transversal";1;0;0;0;1;0;0;0;0;0;0;0;1;0;0
"31/05/2010";"16:24:00";"72";"sem v�tima";"114,5";"BR-393/RJ";"Sul";"Abalr.Transversal";0;0;2;0;0;0;0;0;0;0;2;0;0;0;0
"31/05/2010";"17:49:00";"76";"sem v�tima";"265";"BR-393/RJ";"Sul";"Colis�o Traseira";2;0;0;0;0;0;0;0;0;0;2;0;0;0;0
"01/06/2010";"08:33:00";"30";"sem v�tima";"265";"BR-393/RJ";"Norte";"Colis�o com Objeto Fixo";1;0;0;0;0;0;0;0;0;0;1;0;0;0;0
"01/06/2010";"14:55:00";"56";"sem v�tima";"191,1";"BR-393/RJ";"Sul";"Tombamento";0;0;1;0;0;0;0;0;0;0;3;0;0;0;0
"02/06/2010";"10:25:00";"53";"sem v�tima";"274";"BR-393/RJ";"Norte";"Tombamento";0;0;1;0;0;0;0;0;0;0;1;0;0;0;0
"02/06/2010";"13:21:00";"64";"sem v�tima";"284,6";"BR-393/RJ";"Sul";"Colis�o Traseira";2;0;0;0;0;0;0;0;0;0;2;0;0;0;0
"02/06/2010";"16:37:00";"72";"sem v�tima";"284,4";"BR-393/RJ";"Sul";"Abalr.Transversal";1;0;1;0;0;0;0;0;0;0;2;0;0;0;0
"04/06/2010";"09:32:00";"33";"sem v�tima";"163";"BR-393/RJ";"Norte";"Tombamento";0;0;1;0;0;0;0;0;0;0;1;0;0;0;0
"04/06/2010";"19:03:00";"89";"sem v�tima";"181";"BR-393/RJ";"Norte";"Colis�o Traseira";2;0;0;0;0;0;0;0;0;0;2;0;0;0;0
"05/06/2010";"02:57:00";"15";"sem v�tima";"152,5";"BR-393/RJ";"Norte";"Tombamento";0;0;0;0;1;0;0;0;0;0;2;0;0;0;0
"05/06/2010";"04:23:00";"23";"sem v�tima";"114";"BR-393/RJ";"Norte";"Sa�da de Pista";1;0;0;0;0;0;0;0;0;0;2;0;0;0;0
"05/06/2010";"05:13:00";"30";"sem v�tima";"3";"Al�a Sul";"Norte";"Atropelamento de Animal";1;0;0;0;0;0;0;0;0;0;2;0;0;0;0
"05/06/2010";"08:47:00";"37";"com v�tima";"102,8";"BR-393/RJ";"Norte";"Abalr.Transversal";0;0;0;1;1;0;0;0;0;0;0;2;0;0;1
"05/06/2010";"10:14:00";"44";"com v�tima";"274";"BR-393/RJ";"Norte";"Tombamento";0;0;1;0;0;0;0;0;0;0;0;1;0;0;0
"06/06/2010";"01:17:00";"11";"sem v�tima";"284";"BR-393/RJ";"Sul";"Colis�o com Objeto Fixo";1;0;0;0;0;0;0;0;0;0;1;0;0;0;0
"06/06/2010";"14:59:00";"57";"com v�tima";"280,3";"BR-393/RJ";"Norte";"Abalr.Transversal";1;0;0;1;0;0;0;0;0;0;0;0;1;0;0
"07/06/2010";"00:25:00";"2";"sem v�tima";"285";"BR-393/RJ";"Norte";"Colis�o com Objeto Fixo";1;0;0;0;0;0;0;0;0;0;1;0;0;0;0
"07/06/2010";"18:12:00";"88";"com v�tima";"264,2";"BR-393/RJ";"Norte";"Colis�o Frontal";2;0;0;1;0;0;0;0;0;0;0;0;0;1;0
"07/06/2010";"20:03:00";"96";"com v�tima";"126,1";"BR-393/RJ";"Norte";"Colis�o com Objeto Fixo";0;0;1;0;0;0;0;0;0;0;0;1;0;0;0
"08/06/2010";"01:08:00";"12";"sem v�tima";"194";"BR-393/RJ";"Norte";"Colis�o com Objeto Fixo";0;0;1;0;0;0;0;0;0;0;1;0;0;0;0
"08/06/2010";"13:30:00";"61";"com v�tima";"204,1";"BR-393/RJ";"Norte";"Abalr.Transversal";1;0;1;0;0;0;0;0;0;0;2;0;2;0;0
"09/06/2010";"14:13:00";"71";"sem v�tima";"275";"BR-393/RJ";"Norte";"Colis�o Traseira";1;0;0;0;0;0;0;0;0;0;1;0;0;0;0
"09/06/2010";"14:52:00";"72";"com v�tima";"236";"BR-393/RJ";"Sul";"Outros tipos de acidente";0;0;0;0;0;0;0;0;0;0;0;1;0;0;0
"09/06/2010";"18:53:00";"89";"com v�tima";"279";"BR-393/RJ";"Sul";"Colis�o Frontal";1;0;1;0;0;0;0;0;0;0;0;2;0;0;0
"09/06/2010";"19:27:00";"93";"com v�tima";"282";"BR-393/RJ";"Norte";"Colis�o com Objeto Fixo";0;0;1;1;0;0;0;0;0;0;0;1;0;0;1
"09/06/2010";"21:40:00";"99";"com v�tima";"158";"BR-393/RJ";"Norte";"Outros tipos de acidente";0;0;0;1;0;0;0;0;0;0;0;1;0;0;0
"09/06/2010";"21:40:00";"100";"com v�tima";"279";"BR-393/RJ";"Norte";"Outros tipos de acidente";0;0;0;0;0;0;0;0;0;0;0;1;0;0;0
"10/06/2010";"05:42:00";"19";"sem v�tima";"281";"BR-393/RJ";"Norte";"Colis�o Frontal";1;0;1;0;0;0;0;0;0;0;2;0;0;0;0
"10/06/2010";"08:38:00";"37";"sem v�tima";"281";"BR-393/RJ";"Norte";"Abalr.Transversal";2;0;0;0;0;0;0;0;0;0;2;0;0;0;0
"10/06/2010";"11:15:00";"56";"sem v�tima";"195";"BR-393/RJ";"Norte";"Colis�o Traseira";1;0;0;0;0;1;0;0;0;0;3;0;0;0;0
"10/06/2010";"19:31:00";"111";"com v�tima";"171";"BR-393/RJ";"Norte";"Sa�da de Pista";1;0;0;0;0;0;0;0;0;0;0;1;0;0;0
"11/06/2010";"12:29:00";"60";"com v�tima";"161,5";"BR-393/RJ";"Norte";"Capotamento";1;0;0;0;0;0;0;0;0;0;1;1;0;0;0
"11/06/2010";"18:49:00";"84";"com v�tima";"284,4";"BR-393/RJ";"Sul";"Engavetamento";5;0;0;0;0;0;0;0;0;0;0;5;0;0;0
"12/06/2010";"08:21:00";"34";"sem v�tima";"118,1";"BR-393/RJ";"Sul";"Abalr.Sentido Oposto";1;0;1;0;0;0;0;0;0;0;3;0;0;0;0
"12/06/2010";"09:22:00";"38";"sem v�tima";"113,5";"BR-393/RJ";"Sul";"Colis�o Frontal";2;0;0;0;0;0;0;0;0;0;3;0;0;0;0
"12/06/2010";"16:35:00";"74";"com v�tima";"279,5";"BR-393/RJ";"Sul";"Colis�o com Objeto Fixo";0;0;1;0;0;0;0;0;0;0;0;0;1;0;0
"13/06/2010";"05:07:00";"20";"sem v�tima";"250";"BR-393/RJ";"Norte";"Abalr.Sentido Oposto";2;0;0;0;0;0;0;0;0;0;3;0;0;0;0
"13/06/2010";"06:54:00";"22";"com v�tima";"157";"BR-393/RJ";"Sul";"Tombamento";0;0;1;0;0;0;0;0;0;0;0;1;0;0;0
"13/06/2010";"15:08:00";"42";"com v�tima";"112,4";"BR-393/RJ";"Norte";"Sa�da de Pista";0;0;1;0;0;0;0;0;0;0;0;1;0;0;0
"13/06/2010";"23:03:00";"78";"com v�tima";"168";"BR-393/RJ";"Norte";"Outros tipos de acidente";0;0;0;1;0;0;0;0;0;0;0;2;0;0;0
"14/06/2010";"03:18:00";"14";"sem v�tima";"229";"BR-393/RJ";"Norte";"Tombamento";0;0;1;0;0;0;0;0;0;0;1;0;0;0;0
"14/06/2010";"14:51:00";"60";"sem v�tima";"156,1";"BR-393/RJ";"Norte";"Sa�da de Pista";1;0;0;0;0;0;0;0;0;0;2;0;0;0;0
"15/06/2010";"08:22:00";"50";"sem v�tima";"237";"BR-393/RJ";"Sul";"Colis�o Traseira";1;0;1;0;0;0;0;0;0;0;2;0;0;0;0
"15/06/2010";"13:58:00";"95";"sem v�tima";"283,2";"BR-393/RJ";"Sul";"Colis�o Traseira";2;0;0;0;0;0;0;0;0;0;2;0;0;0;0
"15/06/2010";"18:07:00";"118";"sem v�tima";"282";"BR-393/RJ";"Norte";"Abalr.Sentido Oposto";1;0;1;0;0;0;0;0;0;0;2;0;0;0;0
"16/06/2010";"03:39:00";"16";"sem v�tima";"251,4";"BR-393/RJ";"Norte";"Colis�o Frontal";1;0;0;1;0;0;0;0;0;0;2;0;0;0;0
"16/06/2010";"14:50:00";"76";"sem v�tima";"132,9";"BR-393/RJ";"Norte";"Abalr.Mesmo Sentido";0;0;2;0;0;0;0;0;0;0;1;0;0;0;0
"16/06/2010";"16:08:00";"88";"com v�tima";"157";"BR-393/RJ";"Sul";"Tombamento";0;0;1;0;0;0;0;0;0;0;0;0;0;0;1
"17/06/2010";"09:32:00";"37";"sem v�tima";"1,8";"Al�a Sul";"Sul";"Tombamento";0;0;1;0;0;0;0;0;0;0;1;0;0;0;0
"17/06/2010";"19:28:00";"95";"com v�tima";"240";"BR-393/RJ";"Norte";"Outros tipos de acidente";0;0;1;1;0;0;0;0;0;0;0;1;1;0;0
"17/06/2010";"19:49:00";"96";"com v�tima";"237";"BR-393/RJ";"Sul";"Atropelamento";0;0;0;0;0;0;0;0;0;0;0;0;0;1;0
"18/06/2010";"06:42:00";"23";"sem v�tima";"139,8";"BR-393/RJ";"Sul";"Capotamento";1;0;0;0;0;0;0;0;0;0;3;0;0;0;0
"18/06/2010";"07:47:00";"26";"com v�tima";"234";"BR-393/RJ";"Norte";"Colis�o Frontal";1;0;2;0;0;0;0;0;0;0;4;0;1;1;0
"18/06/2010";"08:50:00";"28";"sem v�tima";"147";"BR-393/RJ";"Sul";"Engavetamento";3;0;0;0;0;0;0;0;0;0;6;0;0;0;0
"18/06/2010";"13:35:00";"51";"sem v�tima";"102";"BR-393/RJ";"Norte";"Abalr.Transversal";2;0;0;0;0;0;0;0;0;0;5;0;0;0;0
"18/06/2010";"18:18:00";"76";"com v�tima";"104,1";"BR-393/RJ";"Norte";"Colis�o Traseira";1;0;1;0;0;0;0;0;0;0;0;4;0;0;0
"18/06/2010";"22:12:00";"96";"sem v�tima";"255,9";"BR-393/RJ";"Sul";"Sa�da de Pista";1;0;0;0;0;0;0;0;0;0;2;0;0;0;0
"19/06/2010";"21:10:00";"93";"com v�tima";"182";"BR-393/RJ";"Sul";"Abalr.Transversal";1;0;0;1;0;0;0;0;0;0;0;1;1;0;0
"19/06/2010";"21:36:00";"96";"com v�tima";"229";"BR-393/RJ";"Norte";"Outros tipos de acidente";0;0;0;1;0;0;0;0;0;0;0;1;0;0;0
"19/06/2010";"23:11:00";"99";"com v�tima";"268";"BR-393/RJ";"Norte";"Outros tipos de acidente";0;0;0;1;0;0;0;0;0;0;0;1;0;0;0
"20/06/2010";"00:08:00";"1";"com v�tima";"3";"Al�a Sul";"Sul";"Abalr.Mesmo Sentido";0;0;0;1;1;0;0;0;0;0;2;0;0;0;1
"20/06/2010";"07:42:00";"22";"sem v�tima";"281";"BR-393/RJ";"Sul";"Colis�o Traseira";2;0;0;0;0;0;0;0;0;0;2;0;0;0;0
"20/06/2010";"08:00:00";"25";"sem v�tima";"285";"BR-393/RJ";"Sul";"Abalr.Transversal";1;0;0;0;1;0;0;0;0;0;1;0;0;0;0
"20/06/2010";"11:14:00";"52";"com v�tima";"147";"BR-393/RJ";"Norte";"Sa�da de Pista";1;0;0;0;0;0;0;0;0;0;1;1;1;0;0
"20/06/2010";"19:09:00";"81";"com v�tima";"104,2";"BR-393/RJ";"Norte";"Abalr.Transversal";2;0;0;0;0;0;0;0;0;0;2;4;0;0;0
"21/06/2010";"08:43:00";"32";"com v�tima";"281";"BR-393/RJ";"Sul";"Abalr.Transversal";1;0;0;1;0;0;0;0;0;0;1;1;0;0;0
"21/06/2010";"10:46:00";"53";"com v�tima";"285";"BR-393/RJ";"Norte";"Abalr.Transversal";1;0;0;1;0;0;0;0;0;0;1;1;0;0;0
"21/06/2010";"12:32:00";"63";"com v�tima";"281";"BR-393/RJ";"Norte";"Colis�o Frontal";1;0;0;1;0;0;0;0;0;0;1;0;1;0;0
"21/06/2010";"15:36:00";"74";"com v�tima";"158";"BR-393/RJ";"Norte";"Outros tipos de acidente";0;0;0;1;0;0;0;0;0;0;0;0;2;0;0
"21/06/2010";"15:38:00";"77";"sem v�tima";"106,7";"BR-393/RJ";"Norte";"Abalr.Transversal";0;0;0;2;0;0;0;0;0;0;1;0;0;0;0
"21/06/2010";"15:38:00";"76";"com v�tima";"285,5";"BR-393/RJ";"Norte";"Colis�o Traseira";2;0;0;0;0;0;0;0;0;0;0;2;0;0;0
"21/06/2010";"18:53:00";"94";"com v�tima";"182";"BR-393/RJ";"Sul";"Sa�da de Pista";0;0;1;0;0;0;0;0;0;0;0;0;1;0;0
"22/06/2010";"03:36:00";"13";"sem v�tima";"213";"BR-393/RJ";"Norte";"Atropelamento de Animal";0;0;1;0;0;0;0;0;0;0;1;0;0;0;0
"22/06/2010";"17:57:00";"88";"com v�tima";"175";"BR-393/RJ";"Norte";"Colis�o Traseira";1;0;0;0;0;0;0;0;0;0;0;2;0;0;0
"22/06/2010";"18:58:00";"91";"com v�tima";"106";"BR-393/RJ";"Norte";"Outros tipos de acidente";1;0;1;0;0;0;0;0;0;0;0;2;0;0;0
"22/06/2010";"21:37:00";"108";"com v�tima";"285";"BR-393/RJ";"Sul";"Abalr.Transversal";1;0;1;0;0;0;0;0;0;0;0;2;0;0;0
"24/06/2010";"20:52:00";"112";"com v�tima";"102";"BR-393/RJ";"Norte";"Colis�o Frontal";1;0;1;0;0;0;0;0;0;0;0;5;0;0;0
"25/06/2010";"06:48:00";"23";"com v�tima";"277";"BR-393/RJ";"Sul";"Colis�o Frontal";2;0;0;0;0;0;0;0;0;0;1;1;0;0;0
"25/06/2010";"17:41:00";"91";"sem v�tima";"259";"BR-393/RJ";"Sul";"Colis�o Traseira";2;0;0;0;0;0;0;0;0;0;2;0;0;0;0
"26/06/2010";"10:20:00";"43";"sem v�tima";"239";"BR-393/RJ";"Norte";"Abalr.Transversal";2;0;0;0;0;0;0;0;0;0;4;0;0;0;0
"27/06/2010";"07:42:00";"40";"sem v�tima";"267";"BR-393/RJ";"Sul";"Abalr.Sentido Oposto";1;0;1;0;0;0;0;0;0;0;2;0;0;0;0
"27/06/2010";"11:52:00";"61";"com v�tima";"268";"BR-393/RJ";"Norte";"Abalr.Transversal";1;0;0;1;0;0;0;0;0;0;1;0;1;0;0
"27/06/2010";"19:04:00";"91";"com v�tima";"280";"BR-393/RJ";"Sul";"Outros tipos de acidente";0;0;0;1;0;0;0;0;0;0;1;1;0;0;0
"28/06/2010";"06:04:00";"23";"sem v�tima";"125";"BR-393/RJ";"Norte";"Colis�o com Objeto Fixo";1;0;0;0;0;0;0;0;0;0;1;0;0;0;0
"28/06/2010";"12:30:00";"74";"sem v�tima";"175";"BR-393/RJ";"Sul";"Colis�o Traseira";2;0;0;0;0;0;0;0;0;0;4;0;0;0;0
"28/06/2010";"22:50:00";"103";"com v�tima";"136";"BR-393/RJ";"Sul";"Engavetamento";1;0;2;0;0;0;0;0;0;0;0;1;0;0;0
"29/06/2010";"08:05:00";"30";"sem v�tima";"173";"BR-393/RJ";"Norte";"Abalr.Transversal";1;0;1;0;0;0;0;0;0;0;3;0;0;0;0
"29/06/2010";"08:15:00";"31";"sem v�tima";"282";"BR-393/RJ";"Norte";"Abalr.Transversal";1;0;0;0;1;0;0;0;0;0;2;0;0;0;0
"29/06/2010";"17:32:00";"94";"com v�tima";"147";"BR-393/RJ";"Norte";"Outros tipos de acidente";0;0;0;1;0;0;0;0;0;0;0;1;1;0;0
"30/06/2010";"14:20:00";"80";"com v�tima";"228";"BR-393/RJ";"Sul";"Abalr.Sentido Oposto";1;0;1;0;0;0;0;0;0;0;0;4;0;0;0
"30/06/2010";"14:47:00";"81";"sem v�tima";"140,9";"BR-393/RJ";"Norte";"Abalr.Mesmo Sentido";2;0;0;0;0;0;0;0;0;0;2;0;0;0;0
"01/07/2010";"10:18:00";"69";"sem v�tima";"177,7";"BR-393/RJ";"Sul";"Colis�o Traseira";1;0;0;0;0;0;0;0;0;0;1;0;0;0;0
"01/07/2010";"15:00:00";"93";"sem v�tima";"168,8";"BR-393/RJ";"Norte";"Colis�o Traseira";2;0;0;0;0;0;0;0;0;0;3;0;0;0;0
"01/07/2010";"15:29:00";"99";"sem v�tima";"168,8";"BR-393/RJ";"Sul";"Colis�o Traseira";2;0;0;0;0;0;0;0;0;0;3;0;0;0;0
"01/07/2010";"23:08:00";"143";"com v�tima";"198,5";"BR-393/RJ";"Sul";"Sa�da de Pista";0;0;1;0;0;0;0;0;0;0;0;2;0;0;0
"02/07/2010";"06:27:00";"21";"sem v�tima";"220";"BR-393/RJ";"Sul";"Atropelamento de Animal";1;0;0;0;0;0;0;0;0;0;2;0;0;0;0