fdata;horario;n_da_ocorrencia;tipo_de_ocorrencia;km;trecho;sentido;tipo_de_acidente;automovel;bicicleta;caminhao;moto;onibus;outros;tracao_animal;transporte_de_cargas_especiais;trator_maquinas;utilitarios;ilesos;levemente_feridos;moderadamente_feridos;gravemente_feridos;mortos
"02/07/2010";"15:50:00";"64";"com v�tima";"124,8";"BR-393/RJ";"Norte";"Tombamento";0;0;1;0;0;0;0;0;0;0;0;2;0;0;0
"03/07/2010";"05:31:00";"20";"com v�tima";"239";"BR-393/RJ";"Sul";"Abalr.Sentido Oposto";0;0;1;1;0;0;0;0;0;0;1;0;0;1;0
"03/07/2010";"08:56:00";"30";"com v�tima";"235";"BR-393/RJ";"Sul";"Colis�o Traseira";1;0;0;1;0;0;0;0;0;0;2;1;0;0;0
"03/07/2010";"15:14:00";"63";"sem v�tima";"178,5";"BR-393/RJ";"Norte";"Engavetamento";3;0;0;0;0;0;0;0;0;0;3;0;0;0;0
"04/07/2010";"07:02:00";"27";"com v�tima";"165";"BR-393/RJ";"Norte";"Tombamento";0;0;1;0;0;0;0;0;0;0;0;1;0;0;0
"04/07/2010";"07:36:00";"30";"sem v�tima";"255";"BR-393/RJ";"Norte";"Abalr.Transversal";2;0;0;0;0;0;0;0;0;0;6;0;0;0;0
"05/07/2010";"17:34:00";"112";"sem v�tima";"283";"BR-393/RJ";"Sul";"Colis�o Frontal";1;0;0;1;0;0;0;0;0;0;2;0;0;0;0
"05/07/2010";"17:36:00";"113";"sem v�tima";"258";"BR-393/RJ";"Sul";"Sa�da de Pista";1;0;0;0;0;0;0;0;0;0;1;0;0;0;0
"06/07/2010";"18:38:00";"97";"com v�tima";"252";"BR-393/RJ";"Norte";"Colis�o Frontal";2;0;0;0;0;1;0;0;0;0;1;2;0;0;0
"08/07/2010";"06:11:00";"22";"sem v�tima";"223";"BR-393/RJ";"Sul";"Abalr.Sentido Oposto";0;0;1;0;0;0;0;0;0;0;1;0;0;0;0
"08/07/2010";"15:01:00";"82";"sem v�tima";"278,5";"BR-393/RJ";"Sul";"Engavetamento";2;0;1;0;0;0;0;0;0;0;5;0;0;0;0
"11/07/2010";"08:21:00";"31";"com v�tima";"244";"BR-393/RJ";"Sul";"Atropelamento de Animal";1;0;0;0;0;0;0;0;0;0;0;4;0;0;0
"11/07/2010";"11:50:00";"51";"sem v�tima";"279";"BR-393/RJ";"Sul";"Colis�o Traseira";2;0;0;0;0;0;0;0;0;0;2;0;0;0;0
"11/07/2010";"18:29:00";"84";"com v�tima";"195";"BR-393/RJ";"Norte";"Atropelamento de Animal";1;0;0;0;0;0;0;0;0;0;1;1;0;0;0
"12/07/2010";"04:06:00";"17";"com v�tima";"124";"BR-393/RJ";"Norte";"Sa�da de Pista";1;0;0;0;0;0;0;0;0;0;2;2;1;0;0
"12/07/2010";"09:01:00";"34";"com v�tima";"265";"BR-393/RJ";"Norte";"Colis�o Traseira";2;0;0;0;0;0;0;0;0;0;1;0;2;0;0
"12/07/2010";"10:45:00";"52";"sem v�tima";"175,5";"BR-393/RJ";"Sul";"Sa�da de Pista";1;0;0;0;0;0;0;0;0;0;1;0;0;0;0
"12/07/2010";"17:40:00";"77";"com v�tima";"103";"BR-393/RJ";"Norte";"Outros tipos de acidente";1;0;1;0;0;0;0;0;0;0;0;2;1;0;0
"13/07/2010";"10:45:00";"65";"sem v�tima";"149,5";"BR-393/RJ";"Norte";"Colis�o Traseira";2;0;0;0;0;0;0;0;0;0;3;0;0;0;0
"13/07/2010";"12:25:00";"74";"com v�tima";"103,5";"BR-393/RJ";"Norte";"Abalr.Transversal";2;0;0;0;0;0;0;0;0;0;2;0;1;0;0
"14/07/2010";"09:52:00";"54";"sem v�tima";"263";"BR-393/RJ";"Norte";"Outros tipos de acidente";1;0;0;0;0;0;0;0;0;0;1;0;0;0;0
"14/07/2010";"18:34:00";"98";"com v�tima";"250,8";"BR-393/RJ";"Norte";"Colis�o Frontal";2;0;0;0;0;0;0;0;0;0;0;2;0;0;0
"14/07/2010";"21:23:00";"109";"com v�tima";"177";"BR-393/RJ";"Sul";"Colis�o Traseira";1;0;1;0;0;0;0;0;0;0;0;1;0;0;0
"15/07/2010";"03:52:00";"12";"com v�tima";"102,5";"BR-393/RJ";"Sul";"Sa�da de Pista";1;0;0;0;0;0;0;0;0;0;0;0;1;0;0
"15/07/2010";"14:48:00";"69";"sem v�tima";"281";"BR-393/RJ";"Sul";"Abalr.Transversal";2;0;0;0;0;0;0;0;0;0;2;0;0;0;0
"15/07/2010";"20:31:00";"99";"sem v�tima";"178";"BR-393/RJ";"Sul";"Outros tipos de acidente";1;0;0;1;0;0;0;0;0;0;0;0;0;0;0
"16/07/2010";"12:22:00";"57";"sem v�tima";"103";"BR-393/RJ";"Norte";"Colis�o Traseira";1;0;1;0;0;0;0;0;0;0;2;0;0;0;0
"16/07/2010";"14:50:00";"68";"sem v�tima";"265";"BR-393/RJ";"Norte";"Colis�o Traseira";2;0;0;0;0;0;0;0;0;0;2;0;0;0;0
"16/07/2010";"17:21:00";"80";"com v�tima";"255";"BR-393/RJ";"Norte";"Colis�o Traseira";2;0;0;0;0;0;0;0;0;0;0;3;0;0;0
"16/07/2010";"22:28:00";"110";"sem v�tima";"144,5";"BR-393/RJ";"Norte";"Sa�da de Pista";1;0;1;0;0;0;0;0;0;0;4;0;0;0;0
"17/07/2010";"00:28:00";"2";"com v�tima";"203";"BR-393/RJ";"Sul";"Abalr.Mesmo Sentido";0;0;0;1;0;0;0;0;0;0;0;2;0;0;0
"17/07/2010";"05:22:00";"21";"sem v�tima";"240,3";"BR-393/RJ";"Norte";"Outros tipos de acidente";1;0;0;0;0;0;0;0;0;0;1;0;0;0;0
"17/07/2010";"11:53:00";"61";"sem v�tima";"104,1";"BR-393/RJ";"Norte";"Abalr.Transversal";2;0;0;0;0;0;0;0;0;0;2;0;0;0;0
"17/07/2010";"20:20:00";"96";"com v�tima";"285,5";"BR-393/RJ";"Sul";"Capotamento";1;0;0;0;0;0;0;0;0;0;0;1;1;0;0
"18/07/2010";"03:01:00";"13";"sem v�tima";"195";"BR-393/RJ";"Norte";"Colis�o com Objeto Fixo";0;0;0;0;1;0;0;0;0;0;7;0;0;0;0
"18/07/2010";"19:26:00";"81";"com v�tima";"285";"BR-393/RJ";"Norte";"Colis�o Traseira";1;0;0;1;0;0;0;0;0;0;1;1;0;0;0
"18/07/2010";"23:58:00";"100";"sem v�tima";"258,5";"BR-393/RJ";"Norte";"Sa�da de Pista";1;0;0;0;0;0;0;0;0;0;1;0;0;0;0
"19/07/2010";"15:00:00";"70";"com v�tima";"170,7";"BR-393/RJ";"Norte";"Sa�da de Pista";1;0;0;0;0;0;0;0;0;0;0;1;0;0;0
"19/07/2010";"16:40:00";"76";"sem v�tima";"236,8";"BR-393/RJ";"Sul";"Abalr.Transversal";2;0;0;0;0;0;0;0;0;0;2;0;0;0;0
"19/07/2010";"17:09:00";"79";"sem v�tima";"158,5";"BR-393/RJ";"Sul";"Abalr.Transversal";0;0;1;0;0;0;0;0;0;0;1;0;0;0;0
"20/07/2010";"15:57:00";"80";"sem v�tima";"284,4";"BR-393/RJ";"Norte";"Colis�o Traseira";2;0;0;0;0;0;0;0;0;0;1;0;0;0;0
"21/07/2010";"00:09:00";"2";"sem v�tima";"284";"BR-393/RJ";"Norte";"Engavetamento";3;0;0;0;0;0;0;0;0;0;10;0;0;0;0
"21/07/2010";"07:20:00";"39";"sem v�tima";"238,9";"BR-393/RJ";"Sul";"Colis�o Traseira";1;0;0;0;0;0;0;0;0;0;1;0;0;0;0
"21/07/2010";"15:25:00";"91";"com v�tima";"271,9";"BR-393/RJ";"Norte";"Outros tipos de acidente";0;0;0;1;0;0;0;0;0;0;0;0;1;0;0
"21/07/2010";"16:57:00";"97";"sem v�tima";"282,1";"BR-393/RJ";"Sul";"Colis�o Traseira";2;0;0;0;0;0;0;0;0;0;3;0;0;0;0
"21/07/2010";"18:05:00";"106";"com v�tima";"285,5";"BR-393/RJ";"Norte";"Colis�o Traseira";1;0;1;0;0;0;0;0;0;0;0;3;0;0;0
"22/07/2010";"08:48:00";"25";"sem v�tima";"177";"BR-393/RJ";"Sul";"Abalr.Mesmo Sentido";2;0;0;0;0;0;0;0;0;0;3;0;0;0;0
"22/07/2010";"10:51:00";"46";"com v�tima";"144,9";"BR-393/RJ";"Norte";"Colis�o Traseira";1;0;0;1;0;0;0;0;0;0;0;0;0;1;0
"22/07/2010";"15:04:00";"71";"sem v�tima";"168,5";"BR-393/RJ";"Norte";"Abalr.Transversal";1;0;1;0;0;0;0;0;0;0;6;0;0;0;0
"22/07/2010";"15:32:00";"74";"com v�tima";"204";"BR-393/RJ";"Norte";"Abalr.Transversal";1;0;1;0;0;0;0;0;0;0;1;1;0;0;0
"23/07/2010";"18:20:00";"108";"com v�tima";"236,9";"BR-393/RJ";"Norte";"Outros tipos de acidente";0;0;2;0;0;0;0;0;0;0;0;2;0;0;0
"23/07/2010";"19:22:00";"114";"com v�tima";"280";"BR-393/RJ";"Sul";"Abalr.Transversal";2;0;0;0;0;0;0;0;0;0;0;2;0;0;0
"23/07/2010";"21:08:00";"127";"com v�tima";"263";"BR-393/RJ";"Norte";"Outros tipos de acidente";0;0;0;1;0;0;0;0;0;0;0;1;0;0;0
"24/07/2010";"08:21:00";"34";"sem v�tima";"105,5";"BR-393/RJ";"Norte";"Abalr.Transversal";2;0;0;0;0;0;0;0;0;0;2;0;0;0;0
"24/07/2010";"10:51:00";"50";"sem v�tima";"199";"BR-393/RJ";"Norte";"Colis�o Traseira";1;0;1;0;0;0;0;0;0;0;8;0;0;0;0
"25/07/2010";"03:12:00";"15";"com v�tima";"247,3";"BR-393/RJ";"Norte";"Atropelamento de Animal";1;0;0;0;0;0;0;0;0;0;0;0;2;0;0
"25/07/2010";"05:23:00";"22";"com v�tima";"133,6";"BR-393/RJ";"Norte";"Colis�o com Objeto Fixo";1;0;0;0;0;0;0;0;0;0;0;1;0;0;0
"26/07/2010";"08:46:00";"50";"sem v�tima";"185";"BR-393/RJ";"Sul";"Sa�da de Pista";0;0;1;0;0;0;0;0;0;0;1;0;0;0;0
"26/07/2010";"13:18:00";"84";"sem v�tima";"152,4";"BR-393/RJ";"Sul";"Colis�o com Objeto Fixo";1;0;0;0;0;0;0;0;0;0;4;0;0;0;0
"26/07/2010";"19:19:00";"113";"com v�tima";"103,8";"BR-393/RJ";"Sul";"Abalr.Transversal";1;0;0;1;0;0;0;0;0;0;3;1;1;0;0
"26/07/2010";"19:23:00";"114";"com v�tima";"213";"BR-393/RJ";"Norte";"Colis�o Frontal";2;0;0;0;0;0;0;0;0;0;0;0;1;2;0
"27/07/2010";"06:43:00";"27";"sem v�tima";"214";"BR-393/RJ";"Norte";"Sa�da de Pista";1;0;0;0;0;0;0;0;0;0;2;0;0;0;0
"27/07/2010";"07:17:00";"30";"sem v�tima";"195";"BR-393/RJ";"Norte";"Colis�o Traseira";1;0;1;0;0;0;0;0;0;0;1;0;0;0;0
"27/07/2010";"07:23:00";"31";"com v�tima";"128,8";"BR-393/RJ";"Sul";"Tombamento";0;0;0;0;1;0;0;0;0;0;0;1;0;0;0
"27/07/2010";"17:23:00";"86";"sem v�tima";"286";"BR-393/RJ";"Norte";"Colis�o Traseira";1;0;1;0;0;0;0;0;0;0;2;0;0;0;0
"28/07/2010";"16:10:00";"79";"com v�tima";"103,8";"BR-393/RJ";"Norte";"Abalr.Transversal";2;0;0;0;0;0;0;0;0;0;0;7;0;0;0
"30/07/2010";"08:20:00";"36";"sem v�tima";"195";"BR-393/RJ";"Norte";"Colis�o Traseira";1;0;1;0;0;0;0;0;0;0;2;0;0;0;0
"30/07/2010";"20:58:00";"127";"sem v�tima";"281,2";"BR-393/RJ";"Sul";"Abalr.Transversal";1;0;0;1;0;0;0;0;0;0;2;0;0;0;0
"31/07/2010";"05:58:00";"48";"com v�tima";"189";"BR-393/RJ";"Norte";"Colis�o com Objeto Fixo";1;0;0;0;0;0;0;0;0;0;0;0;1;0;0
"31/07/2010";"07:07:00";"50";"sem v�tima";"201,5";"BR-393/RJ";"Norte";"Tombamento";0;0;1;0;0;0;0;0;0;0;3;0;0;0;0
"31/07/2010";"07:59:00";"52";"sem v�tima";"180";"BR-393/RJ";"Norte";"Sa�da de Pista";1;0;0;0;0;0;0;0;0;0;1;0;0;0;0
"31/07/2010";"08:21:00";"55";"com v�tima";"161";"BR-393/RJ";"Norte";"Outros tipos de acidente";1;0;1;0;0;0;0;0;0;0;0;0;2;0;0
"31/07/2010";"12:37:00";"79";"com v�tima";"280,2";"BR-393/RJ";"Norte";"Abalr.Transversal";1;0;0;1;0;0;0;0;0;0;1;1;0;0;0
"31/07/2010";"20:45:00";"117";"com v�tima";"282";"BR-393/RJ";"Sul";"Colis�o Traseira";2;0;0;0;0;0;0;0;0;0;0;3;0;0;0
"31/07/2010";"23:37:00";"126";"com v�tima";"103,8";"BR-393/RJ";"Norte";"Abalr.Sentido Oposto";2;0;0;0;0;0;0;0;0;0;0;3;0;0;0
"01/08/2010";"13:20:00";"62";"sem v�tima";"278";"BR-393/RJ";"Norte";"Colis�o Traseira";2;0;0;0;0;0;0;0;0;0;2;0;0;0;0
"01/08/2010";"14:17:00";"64";"sem v�tima";"106,1";"BR-393/RJ";"Sul";"Colis�o Traseira";1;0;1;0;0;0;0;0;0;0;6;0;0;0;0
"01/08/2010";"19:12:00";"93";"com v�tima";"283,8";"BR-393/RJ";"Norte";"Abalr.Mesmo Sentido";1;0;1;0;0;0;0;0;0;0;0;2;0;0;0
"01/08/2010";"22:12:00";"107";"com v�tima";"162";"BR-393/RJ";"Sul";"Sa�da de Pista";0;0;0;0;1;0;0;0;0;0;13;0;5;0;0
"02/08/2010";"01:47:00";"16";"sem v�tima";"237,3";"BR-393/RJ";"Sul";"Atropelamento";0;0;0;0;0;0;0;0;0;0;1;0;0;0;0
"02/08/2010";"14:34:00";"87";"sem v�tima";"104";"BR-393/RJ";"Norte";"Colis�o Frontal";2;0;0;0;0;0;0;0;0;0;1;0;0;0;0
"03/08/2010";"06:39:00";"27";"sem v�tima";"169,7";"BR-393/RJ";"Norte";"Abalr.Sentido Oposto";0;0;2;0;0;0;0;0;0;0;4;0;0;0;0
"03/08/2010";"19:58:00";"108";"com v�tima";"152,3";"BR-393/RJ";"Sul";"Tombamento";0;0;1;0;0;0;0;0;0;0;0;0;1;0;0
"04/08/2010";"07:38:00";"26";"sem v�tima";"128,2";"BR-393/RJ";"Sul";"Sa�da de Pista";1;0;0;0;0;0;0;0;0;0;1;0;0;0;0
"04/08/2010";"08:20:00";"30";"sem v�tima";"124";"BR-393/RJ";"Norte";"Sa�da de Pista";1;0;0;0;0;0;0;0;0;0;1;0;0;0;0
"05/08/2010";"16:25:00";"99";"com v�tima";"224,5";"BR-393/RJ";"Sul";"Atropelamento";1;0;0;0;0;0;0;0;0;0;0;0;0;0;1
"05/08/2010";"17:16:00";"103";"sem v�tima";"224,5";"BR-393/RJ";"Norte";"Atropelamento";0;0;0;1;0;0;0;0;0;0;2;0;0;0;0
"06/08/2010";"04:26:00";"26";"sem v�tima";"267,6";"BR-393/RJ";"Sul";"Colis�o com Objeto Fixo";1;0;0;0;0;0;0;0;0;0;2;0;0;0;0
"06/08/2010";"18:38:00";"99";"com v�tima";"286,4";"BR-393/RJ";"Sul";"Colis�o Traseira";1;0;1;0;0;0;0;0;0;0;0;2;0;0;0
"07/08/2010";"06:42:00";"25";"sem v�tima";"284,4";"BR-393/RJ";"Norte";"Abalr.Mesmo Sentido";0;0;2;0;0;0;0;0;0;0;2;0;0;0;0
"07/08/2010";"10:50:00";"50";"com v�tima";"143,5";"BR-393/RJ";"Norte";"Colis�o Frontal";0;0;3;0;0;0;0;0;0;0;0;0;1;1;0
"07/08/2010";"15:01:00";"61";"sem v�tima";"281";"BR-393/RJ";"Norte";"Engavetamento";3;0;0;0;0;0;0;0;0;0;3;0;0;0;0
"07/08/2010";"16:58:00";"68";"com v�tima";"246,3";"BR-393/RJ";"Sul";"Sa�da de Pista";0;0;1;0;0;0;0;0;0;0;0;0;0;1;0
"07/08/2010";"21:52:00";"97";"sem v�tima";"102,3";"BR-393/RJ";"Sul";"Outros tipos de acidente";0;0;0;1;0;0;0;0;0;0;1;0;0;0;0
"08/08/2010";"03:33:00";"15";"com v�tima";"104,5";"BR-393/RJ";"Norte";"Atropelamento";1;0;0;0;0;0;0;0;0;0;0;0;0;1;0
"08/08/2010";"10:23:00";"43";"sem v�tima";"283";"BR-393/RJ";"Sul";"Colis�o Traseira";2;0;0;0;0;0;0;0;0;0;2;0;0;0;0
"08/08/2010";"10:42:00";"46";"com v�tima";"115";"BR-393/RJ";"Norte";"Tombamento";0;0;1;0;0;0;0;0;0;0;0;1;0;1;0
"08/08/2010";"19:16:00";"79";"com v�tima";"171";"BR-393/RJ";"Norte";"Outros tipos de acidente";0;0;0;0;0;0;0;0;0;0;0;0;1;0;0
"08/08/2010";"21:41:00";"95";"com v�tima";"252";"BR-393/RJ";"Sul";"Colis�o com Objeto Fixo";1;0;0;0;0;0;0;0;0;0;0;1;0;0;0
"08/08/2010";"23:42:00";"96";"sem v�tima";"110";"BR-393/RJ";"Norte";"Sa�da de Pista";1;0;0;0;0;0;0;0;0;0;1;0;0;0;0
"09/08/2010";"17:01:00";"90";"sem v�tima";"237";"BR-393/RJ";"Sul";"Colis�o Frontal";2;0;0;0;0;0;0;0;0;0;3;0;0;0;0
"09/08/2010";"17:32:00";"95";"sem v�tima";"147";"BR-393/RJ";"Norte";"Tombamento";0;0;1;0;0;0;0;0;0;0;1;0;0;0;0
"10/08/2010";"00:31:00";"2";"sem v�tima";"196";"BR-393/RJ";"Sul";"Tombamento";0;0;1;0;0;0;0;0;0;0;1;0;0;0;0
"10/08/2010";"16:15:00";"89";"sem v�tima";"284,4";"BR-393/RJ";"Norte";"Abalr.Mesmo Sentido";1;0;1;0;0;0;0;0;0;0;2;0;0;0;0
"10/08/2010";"18:31:00";"105";"com v�tima";"167";"BR-393/RJ";"Norte";"Sa�da de Pista";1;0;0;0;0;0;0;0;0;0;0;1;0;0;0
"10/08/2010";"19:07:00";"106";"com v�tima";"131";"BR-393/RJ";"Norte";"Colis�o com Objeto Fixo";0;0;0;0;1;0;0;0;0;0;0;2;0;0;0
"11/08/2010";"13:32:00";"71";"sem v�tima";"204";"BR-393/RJ";"Sul";"Sa�da de Pista";1;0;0;0;0;0;0;0;0;0;1;0;0;0;0
"11/08/2010";"18:56:00";"97";"com v�tima";"270,5";"BR-393/RJ";"Sul";"Colis�o com Objeto Fixo";0;0;1;0;0;0;0;0;0;0;0;2;0;0;0
"11/08/2010";"19:52:00";"102";"com v�tima";"286";"BR-393/RJ";"Sul";"Abalr.Transversal";1;0;0;1;0;0;0;0;0;0;1;1;0;0;0
"13/08/2010";"13:53:00";"79";"com v�tima";"221,8";"BR-393/RJ";"Norte";"Outros tipos de acidente";0;0;2;0;0;0;0;0;0;0;0;1;0;0;0
"13/08/2010";"18:19:00";"100";"sem v�tima";"285,5";"BR-393/RJ";"Sul";"Colis�o Traseira";1;0;0;0;0;0;0;0;0;0;1;0;0;0;0
"13/08/2010";"21:45:00";"122";"sem v�tima";"115,5";"BR-393/RJ";"Norte";"Capotamento";1;0;0;0;0;0;0;0;0;0;2;0;0;0;0
"14/08/2010";"22:58:00";"84";"sem v�tima";"164,3";"BR-393/RJ";"Sul";"Colis�o com Objeto Fixo";1;0;0;0;0;0;0;0;0;0;3;0;0;0;0
"15/08/2010";"05:47:00";"25";"sem v�tima";"280,6";"BR-393/RJ";"Sul";"Atropelamento de Animal";1;0;0;0;0;0;0;0;0;0;1;0;0;0;0
"15/08/2010";"18:16:00";"78";"com v�tima";"153";"BR-393/RJ";"Norte";"Sa�da de Pista";1;0;0;0;0;0;0;0;0;0;0;1;0;0;0
"15/08/2010";"18:50:00";"82";"com v�tima";"213,3";"BR-393/RJ";"Norte";"Colis�o Frontal";2;0;1;0;1;0;0;0;0;0;0;51;1;1;2
"15/08/2010";"22:53:00";"91";"com v�tima";"170,3";"BR-393/RJ";"Sul";"Abalr.Sentido Oposto";0;0;1;1;0;0;0;0;0;0;0;1;0;0;1
"16/08/2010";"02:06:00";"9";"sem v�tima";"1";"Al�a Sul";"Sul";"Capotamento";1;0;0;0;0;0;0;0;0;0;1;0;0;0;0
"17/08/2010";"07:19:00";"37";"sem v�tima";"155";"BR-393/RJ";"Sul";"Outros tipos de acidente";0;0;0;0;0;0;0;0;0;0;2;0;0;0;0
"17/08/2010";"11:09:00";"66";"com v�tima";"243,9";"BR-393/RJ";"Sul";"Tombamento";1;0;1;0;0;0;0;0;0;0;2;0;1;0;0
"17/08/2010";"18:19:00";"97";"com v�tima";"284,5";"BR-393/RJ";"Norte";"Abalr.Transversal";1;0;0;0;1;0;0;0;0;0;0;4;0;0;0
"17/08/2010";"18:27:00";"99";"com v�tima";"284";"BR-393/RJ";"Sul";"Abalr.Mesmo Sentido";1;0;1;0;0;0;0;0;0;0;0;2;0;0;0
"18/08/2010";"04:01:00";"16";"com v�tima";"157,5";"BR-393/RJ";"Norte";"Tombamento";0;0;1;0;0;0;0;0;0;0;0;0;1;0;0
"18/08/2010";"16:42:00";"79";"sem v�tima";"182";"BR-393/RJ";"Norte";"Abalr.Transversal";2;0;0;0;0;0;0;0;0;0;3;0;0;0;0
"18/08/2010";"19:58:00";"98";"com v�tima";"257,5";"BR-393/RJ";"Sul";"Atropelamento de Animal";1;0;0;0;0;0;0;0;0;0;0;1;0;0;0
"19/08/2010";"02:21:00";"14";"com v�tima";"103,5";"BR-393/RJ";"Norte";"Colis�o Traseira";0;0;1;0;1;0;0;0;0;0;1;0;1;0;0
"19/08/2010";"11:01:00";"46";"sem v�tima";"195";"BR-393/RJ";"Norte";"Abalr.Mesmo Sentido";2;0;0;0;0;0;0;0;0;0;5;0;0;0;0
"19/08/2010";"14:13:00";"64";"com v�tima";"278";"BR-393/RJ";"Norte";"Outros tipos de acidente";0;0;0;0;0;0;0;0;0;0;0;0;1;0;0
"19/08/2010";"15:21:00";"70";"sem v�tima";"142";"BR-393/RJ";"Norte";"Colis�o Traseira";0;0;1;0;1;0;0;0;0;0;4;0;0;0;0
"20/08/2010";"04:12:00";"27";"sem v�tima";"265";"BR-393/RJ";"Norte";"Colis�o Traseira";0;0;2;0;0;0;0;0;0;0;2;0;0;0;0
"20/08/2010";"11:26:00";"72";"sem v�tima";"102,9";"BR-393/RJ";"Norte";"Colis�o Frontal";1;0;0;1;0;0;0;0;0;0;2;0;0;0;0
"20/08/2010";"18:39:00";"112";"com v�tima";"102,5";"BR-393/RJ";"Norte";"Colis�o Traseira";1;0;0;1;0;0;0;0;0;0;0;4;0;0;0
"21/08/2010";"01:07:00";"2";"com v�tima";"192";"BR-393/RJ";"Sul";"Colis�o Frontal";2;0;0;0;1;0;0;0;0;0;25;0;0;0;1
"21/08/2010";"09:31:00";"23";"com v�tima";"171";"BR-393/RJ";"Norte";"Outros tipos de acidente";0;0;0;0;0;0;0;0;0;0;0;1;0;0;0
"21/08/2010";"11:10:00";"34";"com v�tima";"285";"BR-393/RJ";"Sul";"Colis�o Traseira";1;0;0;0;1;0;0;0;0;0;0;1;2;0;0
"21/08/2010";"21:26:00";"87";"com v�tima";"138,9";"BR-393/RJ";"Norte";"Capotamento";1;0;0;0;0;0;0;0;0;0;0;3;0;0;0
"21/08/2010";"21:47:00";"89";"com v�tima";"179";"BR-393/RJ";"Sul";"Outros tipos de acidente";1;0;0;0;0;0;0;0;0;0;0;1;0;0;0
"22/08/2010";"07:22:00";"29";"com v�tima";"115,3";"BR-393/RJ";"Norte";"Abalr.Transversal";0;0;2;0;0;0;0;0;0;0;1;0;0;0;1
"22/08/2010";"16:49:00";"63";"com v�tima";"186";"BR-393/RJ";"Norte";"Atropelamento";1;0;0;0;0;0;0;0;0;0;0;3;0;0;0
"22/08/2010";"19:02:00";"72";"com v�tima";"152,2";"BR-393/RJ";"Sul";"Tombamento";0;0;1;0;0;0;0;0;0;0;0;1;0;0;0
"22/08/2010";"22:14:00";"84";"com v�tima";"178";"BR-393/RJ";"Norte";"Colis�o Frontal";0;0;0;2;0;0;0;0;0;0;1;0;2;1;0
"23/08/2010";"11:10:00";"55";"sem v�tima";"151";"BR-393/RJ";"Sul";"Colis�o Traseira";1;1;0;0;0;0;0;0;0;0;3;0;0;0;0
"23/08/2010";"15:20:00";"83";"com v�tima";"244,9";"BR-393/RJ";"Sul";"Capotamento";0;0;0;0;0;0;0;0;0;1;0;1;0;0;0
"24/08/2010";"19:17:00";"85";"sem v�tima";"201,6";"BR-393/RJ";"Norte";"Atropelamento de Animal";0;0;1;0;0;0;0;0;0;0;1;0;0;0;0
"25/08/2010";"21:44:00";"125";"com v�tima";"278,7";"BR-393/RJ";"Sul";"Atropelamento de Animal";0;0;2;0;0;0;0;0;0;0;0;4;0;0;0
"26/08/2010";"07:27:00";"20";"sem v�tima";"138";"BR-393/RJ";"Norte";"Sa�da de Pista";0;0;0;0;1;0;0;0;0;0;2;0;0;0;0
"26/08/2010";"19:34:00";"79";"com v�tima";"1";"Al�a Sul";"Norte";"Abalr.Transversal";1;0;0;1;0;0;0;0;0;0;0;2;0;0;0
"27/08/2010";"02:31:00";"14";"sem v�tima";"267";"BR-393/RJ";"Norte";"Tombamento";0;0;1;0;0;0;0;0;0;0;1;0;0;0;0
"27/08/2010";"13:36:00";"77";"com v�tima";"184";"BR-393/RJ";"Norte";"Outros tipos de acidente";0;0;0;1;0;0;0;0;0;0;0;1;0;0;0
"27/08/2010";"14:39:00";"80";"com v�tima";"216,5";"BR-393/RJ";"Norte";"Sa�da de Pista";0;0;0;1;0;0;0;0;0;0;0;2;0;0;0
"27/08/2010";"22:15:00";"115";"com v�tima";"202";"BR-393/RJ";"Norte";"Sa�da de Pista";1;0;0;0;0;0;0;0;0;0;0;1;0;0;0
"27/08/2010";"23:41:00";"118";"com v�tima";"102,5";"BR-393/RJ";"Norte";"Abalr.Transversal";1;0;1;0;0;0;0;0;0;0;2;0;0;1;1
"28/08/2010";"04:08:00";"17";"com v�tima";"102,5";"BR-393/RJ";"Norte";"Outros tipos de acidente";1;0;0;0;0;0;0;0;0;0;1;1;0;0;0
"28/08/2010";"15:28:00";"66";"com v�tima";"104";"BR-393/RJ";"Norte";"Abalr.Transversal";1;0;0;1;0;0;0;0;0;0;1;4;0;0;0
"28/08/2010";"19:52:00";"90";"com v�tima";"268";"BR-393/RJ";"Norte";"Atropelamento";0;0;0;0;0;0;0;0;0;0;0;0;0;1;0
"29/08/2010";"05:38:00";"28";"com v�tima";"157,4";"BR-393/RJ";"Norte";"Tombamento";0;0;1;0;0;0;0;0;0;0;0;2;1;0;0
"29/08/2010";"08:31:00";"40";"sem v�tima";"213,5";"BR-393/RJ";"Sul";"Sa�da de Pista";0;0;1;0;0;0;0;0;0;0;1;0;0;0;0
"29/08/2010";"20:30:00";"98";"sem v�tima";"199";"BR-393/RJ";"Norte";"Sa�da de Pista";1;0;0;0;0;0;0;0;0;0;2;0;0;0;0
"02/09/2010";"10:54:00";"46";"sem v�tima";"150";"BR-393/RJ";"Sul";"Colis�o Traseira";2;0;0;0;0;0;0;0;0;0;2;0;0;0;0
"02/09/2010";"20:49:00";"105";"com v�tima";"276,5";"BR-393/RJ";"Sul";"Abalr.Transversal";2;0;0;0;0;0;0;0;0;0;0;1;1;0;0
"03/09/2010";"05:26:00";"25";"sem v�tima";"134";"BR-393/RJ";"Norte";"Sa�da de Pista";1;0;0;0;0;0;0;0;0;0;2;0;0;0;0
"04/09/2010";"00:16:00";"3";"sem v�tima";"168,8";"BR-393/RJ";"Sul";"Colis�o Traseira";1;0;0;1;0;0;0;0;0;0;2;0;0;0;0
"04/09/2010";"03:05:00";"17";"sem v�tima";"264";"BR-393/RJ";"Sul";"Sa�da de Pista";1;0;0;0;0;0;0;0;0;0;1;0;0;0;0
"04/09/2010";"06:02:00";"26";"com v�tima";"251";"BR-393/RJ";"Norte";"Sa�da de Pista";1;0;0;0;0;0;0;0;0;0;0;1;0;0;0
"04/09/2010";"07:03:00";"31";"sem v�tima";"133,8";"BR-393/RJ";"Sul";"Colis�o Traseira";2;0;0;0;0;0;0;0;0;0;2;0;0;0;0