fdata;horario;n_da_ocorrencia;tipo_de_ocorrencia;km;trecho;sentido;tipo_de_acidente;automovel;bicicleta;caminhao;moto;onibus;outros;tracao_animal;transporte_de_cargas_especiais;trator_maquinas;utilitarios;ilesos;levemente_feridos;moderadamente_feridos;gravemente_feridos;mortos
"04/09/2010";"11:13:00";"52";"sem v�tima";"219";"BR-393/RJ";"Sul";"Capotamento";1;0;0;0;0;0;0;0;0;0;2;0;0;0;0
"05/09/2010";"00:03:00";"1";"com v�tima";"168";"BR-393/RJ";"Norte";"Atropelamento";0;0;0;0;0;0;0;0;0;0;0;1;0;0;0
"05/09/2010";"00:58:00";"3";"sem v�tima";"106";"BR-393/RJ";"Norte";"Colis�o com Objeto Fixo";1;0;0;0;0;0;0;0;0;0;2;0;0;0;0
"05/09/2010";"21:39:00";"96";"com v�tima";"220";"BR-393/RJ";"Norte";"Outros tipos de acidente";0;0;0;1;0;0;0;0;0;0;0;1;0;0;0
"05/09/2010";"22:29:00";"100";"com v�tima";"154";"BR-393/RJ";"Norte";"Outros tipos de acidente";0;0;0;1;0;0;0;0;0;0;1;0;1;0;0
"06/09/2010";"10:52:00";"36";"sem v�tima";"241,7";"BR-393/RJ";"Sul";"Atropelamento de Animal";1;0;0;0;0;0;0;0;0;0;2;0;0;0;0
"07/09/2010";"11:51:00";"46";"sem v�tima";"152,2";"BR-393/RJ";"Norte";"Tombamento";0;0;1;0;0;0;0;0;0;0;2;0;0;0;0
"07/09/2010";"19:13:00";"79";"com v�tima";"283,9";"BR-393/RJ";"Sul";"Engavetamento";3;0;0;0;0;0;0;0;0;0;0;3;0;0;0
"07/09/2010";"19:42:00";"82";"com v�tima";"285";"BR-393/RJ";"Norte";"Abalr.Mesmo Sentido";2;0;0;0;0;0;0;0;0;0;0;2;0;0;0
"07/09/2010";"22:09:00";"90";"com v�tima";"280";"BR-393/RJ";"Norte";"Colis�o Traseira";1;0;0;0;0;0;0;0;0;0;0;1;0;0;0
"07/09/2010";"23:06:00";"93";"com v�tima";"246";"BR-393/RJ";"Norte";"Outros tipos de acidente";0;0;0;1;0;0;0;0;0;0;0;0;0;2;0
"08/09/2010";"07:05:00";"27";"sem v�tima";"279,8";"BR-393/RJ";"Sul";"Colis�o Traseira";1;0;1;0;0;0;0;0;0;0;2;0;0;0;0
"08/09/2010";"07:10:00";"28";"com v�tima";"280";"BR-393/RJ";"Norte";"Abalr.Sentido Oposto";0;0;1;0;0;0;0;0;0;0;0;1;0;0;0
"08/09/2010";"11:56:00";"67";"sem v�tima";"212,1";"BR-393/RJ";"Norte";"Abalr.Mesmo Sentido";1;0;0;0;0;0;0;0;0;0;3;0;0;0;0
"08/09/2010";"12:00:00";"69";"sem v�tima";"128,7";"BR-393/RJ";"Sul";"Tombamento";0;0;1;0;0;0;0;0;0;0;1;0;0;0;0
"08/09/2010";"19:24:00";"114";"sem v�tima";"239,8";"BR-393/RJ";"Norte";"Capotamento";0;0;1;0;0;0;0;0;0;0;9;0;0;0;0
"09/09/2010";"10:18:00";"50";"com v�tima";"274";"BR-393/RJ";"Sul";"Outros tipos de acidente";0;0;0;1;0;0;0;0;0;0;0;1;0;0;0
"09/09/2010";"11:39:00";"56";"sem v�tima";"195";"BR-393/RJ";"Norte";"Colis�o Traseira";2;0;0;0;0;0;0;0;0;0;2;0;0;0;0
"09/09/2010";"13:44:00";"68";"sem v�tima";"284";"BR-393/RJ";"Norte";"Colis�o Traseira";1;0;0;0;1;0;0;0;0;0;1;0;0;0;0
"09/09/2010";"19:07:00";"98";"com v�tima";"202";"BR-393/RJ";"Sul";"Colis�o com Objeto Fixo";1;0;0;0;0;0;0;0;0;0;0;3;0;0;0
"10/09/2010";"13:58:00";"79";"com v�tima";"168,8";"BR-393/RJ";"Sul";"Abalr.Transversal";0;0;0;1;1;0;0;0;0;0;0;0;1;0;0
"10/09/2010";"17:26:00";"97";"sem v�tima";"280,2";"BR-393/RJ";"Norte";"Colis�o Frontal";0;0;0;1;0;0;0;0;0;0;1;0;0;0;0
"10/09/2010";"19:22:00";"106";"com v�tima";"265";"BR-393/RJ";"Sul";"Colis�o Traseira";1;0;1;0;0;0;0;0;0;0;0;4;0;0;0
"11/09/2010";"16:26:00";"66";"sem v�tima";"280,1";"BR-393/RJ";"Sul";"Colis�o Traseira";1;0;1;0;0;0;0;0;0;0;2;0;0;0;0
"12/09/2010";"14:28:00";"61";"com v�tima";"235";"BR-393/RJ";"Norte";"Colis�o Frontal";0;0;1;1;0;0;0;0;0;0;1;0;0;0;1
"13/09/2010";"18:48:00";"110";"sem v�tima";"285";"BR-393/RJ";"Norte";"Colis�o Traseira";1;0;1;0;0;0;0;0;0;0;1;0;0;0;0
"13/09/2010";"19:55:00";"114";"sem v�tima";"286,2";"BR-393/RJ";"Norte";"Colis�o Traseira";2;0;0;0;0;0;0;0;0;0;1;0;0;0;0
"14/09/2010";"10:41:00";"65";"com v�tima";"240";"BR-393/RJ";"Sul";"Sa�da de Pista";1;0;0;0;0;0;0;0;0;0;0;1;0;0;0
"14/09/2010";"12:11:00";"74";"sem v�tima";"125";"BR-393/RJ";"Norte";"Colis�o Traseira";1;0;0;0;0;0;0;0;0;0;1;0;0;0;0
"14/09/2010";"15:41:00";"98";"com v�tima";"252,3";"BR-393/RJ";"Norte";"Atropelamento";1;0;0;0;0;0;0;0;0;0;0;3;0;0;0
"14/09/2010";"18:20:00";"111";"sem v�tima";"285,5";"BR-393/RJ";"Sul";"Abalr.Mesmo Sentido";1;0;1;0;0;0;0;0;0;0;2;0;0;0;0
"14/09/2010";"19:36:00";"122";"com v�tima";"281,4";"BR-393/RJ";"Sul";"Abalr.Transversal";1;0;0;1;0;0;0;0;0;0;0;2;0;0;0
"15/09/2010";"19:10:00";"110";"sem v�tima";"201,5";"BR-393/RJ";"Sul";"Capotamento";1;0;0;0;0;0;0;0;0;0;1;0;0;0;0
"15/09/2010";"23:43:00";"126";"sem v�tima";"183";"BR-393/RJ";"Norte";"Atropelamento de Animal";0;0;0;0;1;0;0;0;0;0;3;0;0;0;0
"16/09/2010";"04:50:00";"27";"sem v�tima";"274";"BR-393/RJ";"Norte";"Sa�da de Pista";1;0;0;0;0;0;0;0;0;0;1;0;0;0;0
"16/09/2010";"23:07:00";"116";"com v�tima";"172,6";"BR-393/RJ";"Norte";"Atropelamento de Animal";1;0;0;0;0;0;0;0;0;0;0;3;0;0;0
"17/09/2010";"10:06:00";"47";"sem v�tima";"233";"BR-393/RJ";"Sul";"Colis�o Traseira";1;0;1;0;0;0;0;0;0;0;2;0;0;0;0
"17/09/2010";"12:56:00";"71";"sem v�tima";"169";"BR-393/RJ";"Norte";"Abalr.Transversal";1;0;1;0;0;0;0;0;0;0;5;0;0;0;0
"17/09/2010";"13:42:00";"76";"sem v�tima";"241";"BR-393/RJ";"Norte";"Engavetamento";5;0;0;0;0;0;0;0;0;0;7;0;0;0;0
"17/09/2010";"16:00:00";"85";"com v�tima";"128";"BR-393/RJ";"Sul";"Tombamento";0;0;1;0;0;0;0;0;0;0;1;1;0;0;0
"17/09/2010";"19:22:00";"107";"com v�tima";"278,8";"BR-393/RJ";"Norte";"Colis�o Traseira";2;0;0;0;0;0;0;0;0;0;0;3;0;0;0
"18/09/2010";"01:46:00";"11";"sem v�tima";"178";"BR-393/RJ";"Sul";"Colis�o Traseira";2;0;0;0;0;0;0;0;0;0;6;0;0;0;0
"18/09/2010";"03:19:00";"16";"sem v�tima";"175,5";"BR-393/RJ";"Sul";"Colis�o com Objeto Fixo";1;0;0;0;0;0;0;0;0;0;1;0;0;0;0
"18/09/2010";"04:03:00";"20";"com v�tima";"152";"BR-393/RJ";"Norte";"Capotamento";1;0;0;0;0;0;0;0;0;0;0;5;0;0;0
"18/09/2010";"11:28:00";"49";"com v�tima";"104";"BR-393/RJ";"Norte";"Colis�o Frontal";1;0;1;0;0;0;0;0;0;0;0;4;0;0;0
"18/09/2010";"16:00:00";"68";"com v�tima";"152";"BR-393/RJ";"Norte";"Sa�da de Pista";1;0;0;0;0;0;0;0;0;0;1;2;0;0;0
"18/09/2010";"19:02:00";"87";"com v�tima";"284,5";"BR-393/RJ";"Sul";"Colis�o Traseira";1;0;1;0;0;0;0;0;0;0;1;2;0;0;0
"19/09/2010";"01:47:00";"19";"com v�tima";"159,5";"BR-393/RJ";"Norte";"Sa�da de Pista";0;0;1;0;0;0;0;0;0;0;0;0;0;0;1
"19/09/2010";"10:21:00";"52";"sem v�tima";"256";"BR-393/RJ";"Norte";"Colis�o Traseira";1;0;1;0;0;0;0;0;0;0;2;0;0;0;0
"19/09/2010";"16:26:00";"75";"com v�tima";"181";"BR-393/RJ";"Norte";"Outros tipos de acidente";0;0;0;1;0;0;0;0;0;0;0;0;0;1;0
"19/09/2010";"18:23:00";"91";"com v�tima";"209";"BR-393/RJ";"Norte";"Atropelamento de Animal";1;0;0;0;0;0;0;0;0;0;0;2;0;0;0
"19/09/2010";"21:23:00";"99";"com v�tima";"283";"BR-393/RJ";"Sul";"Colis�o Traseira";2;0;0;0;0;0;0;0;0;0;0;1;0;0;0
"20/09/2010";"01:31:00";"11";"com v�tima";"241,5";"BR-393/RJ";"Sul";"Sa�da de Pista";1;0;0;0;0;0;0;0;0;0;0;3;0;0;0
"20/09/2010";"18:10:00";"105";"com v�tima";"159";"BR-393/RJ";"Norte";"Abalr.Sentido Oposto";2;0;0;0;0;0;0;0;0;0;0;3;1;0;0
"21/09/2010";"10:06:00";"56";"sem v�tima";"280";"BR-393/RJ";"Norte";"Colis�o Traseira";1;0;1;0;0;0;0;0;0;0;2;0;0;0;0
"21/09/2010";"21:08:00";"114";"sem v�tima";"149";"BR-393/RJ";"Norte";"Colis�o Traseira";1;0;1;0;0;0;0;0;0;0;2;0;0;0;0
"22/09/2010";"08:37:00";"41";"sem v�tima";"285";"BR-393/RJ";"Sul";"Abalr.Mesmo Sentido";2;0;0;0;0;0;0;0;0;0;1;0;0;0;0
"22/09/2010";"08:43:00";"42";"com v�tima";"171";"BR-393/RJ";"Sul";"Outros tipos de acidente";0;0;0;1;0;0;0;0;0;0;0;2;0;0;0
"22/09/2010";"10:11:00";"56";"com v�tima";"243,2";"BR-393/RJ";"Norte";"Engavetamento";2;0;1;0;0;0;0;0;0;0;2;0;0;1;0
"22/09/2010";"10:34:00";"60";"sem v�tima";"123,5";"BR-393/RJ";"Sul";"Tombamento";0;0;1;0;0;0;0;0;0;0;1;0;0;0;0
"22/09/2010";"17:38:00";"88";"com v�tima";"195";"BR-393/RJ";"Sul";"Colis�o Traseira";0;0;0;0;0;0;0;0;0;0;0;5;0;0;0
"22/09/2010";"21:40:00";"106";"com v�tima";"252,4";"BR-393/RJ";"Norte";"Abalr.Transversal";2;0;0;0;0;0;0;0;0;0;0;4;0;0;0
"22/09/2010";"22:49:00";"108";"com v�tima";"285";"BR-393/RJ";"Norte";"Abalr.Transversal";1;0;0;1;0;0;0;0;0;0;0;3;0;0;0
"23/09/2010";"05:55:00";"29";"sem v�tima";"108";"BR-393/RJ";"Norte";"Colis�o Traseira";0;0;2;0;0;0;0;0;0;0;4;0;0;0;0
"23/09/2010";"08:20:00";"35";"sem v�tima";"187";"BR-393/RJ";"Norte";"Colis�o Traseira";0;0;2;0;0;0;0;0;0;0;2;0;0;0;0
"23/09/2010";"09:48:00";"46";"sem v�tima";"270";"BR-393/RJ";"Norte";"Colis�o Traseira";1;0;0;0;0;0;0;0;0;0;2;0;0;0;0
"23/09/2010";"23:55:00";"110";"sem v�tima";"161";"BR-393/RJ";"Sul";"Atropelamento de Animal";0;0;0;0;1;0;0;0;0;0;36;0;0;0;0
"24/09/2010";"18:59:00";"109";"com v�tima";"231,8";"BR-393/RJ";"Norte";"Atropelamento de Animal";1;0;0;0;0;0;0;0;0;0;0;4;0;0;0
"24/09/2010";"19:49:00";"113";"com v�tima";"198,5";"BR-393/RJ";"Sul";"Colis�o Traseira";3;0;0;0;0;0;0;0;0;0;0;4;0;0;0
"24/09/2010";"21:10:00";"119";"com v�tima";"2";"Al�a Sul";"Sul";"Sa�da de Pista";1;0;0;0;0;0;0;0;0;0;0;1;0;0;0
"25/09/2010";"06:18:00";"22";"sem v�tima";"151";"BR-393/RJ";"Sul";"Abalr.Mesmo Sentido";0;0;2;0;0;0;0;0;0;0;3;0;0;0;0
"25/09/2010";"11:50:00";"51";"sem v�tima";"274,3";"BR-393/RJ";"Norte";"Outros tipos de acidente";0;0;0;0;1;0;0;0;0;0;1;0;0;0;0
"25/09/2010";"12:07:00";"53";"sem v�tima";"157,3";"BR-393/RJ";"Norte";"Tombamento";0;0;1;0;0;0;0;0;0;0;1;0;0;0;0
"25/09/2010";"15:23:00";"65";"sem v�tima";"285";"BR-393/RJ";"Norte";"Abalr.Mesmo Sentido";1;0;1;0;0;0;0;0;0;0;2;0;0;0;0
"25/09/2010";"20:27:00";"91";"com v�tima";"255";"BR-393/RJ";"Norte";"Abalr.Transversal";2;0;0;0;0;0;0;0;0;0;0;2;0;0;0
"26/09/2010";"08:04:00";"32";"sem v�tima";"286";"BR-393/RJ";"Sul";"Colis�o Traseira";0;0;2;0;0;0;0;0;0;0;2;0;0;0;0
"26/09/2010";"08:46:00";"33";"sem v�tima";"169";"BR-393/RJ";"Sul";"Outros tipos de acidente";1;0;0;1;0;0;0;0;0;0;2;0;0;0;0
"26/09/2010";"14:09:00";"59";"com v�tima";"237";"BR-393/RJ";"Norte";"Atropelamento";0;0;0;0;0;0;0;0;0;0;0;0;0;1;0
"26/09/2010";"14:10:00";"60";"com v�tima";"262,1";"BR-393/RJ";"Sul";"Capotamento";1;0;0;0;0;0;0;0;0;0;3;2;0;0;0
"26/09/2010";"16:48:00";"64";"com v�tima";"136,5";"BR-393/RJ";"Norte";"Colis�o Traseira";1;0;1;0;0;0;0;0;0;0;0;2;0;0;0
"26/09/2010";"17:06:00";"66";"com v�tima";"236,8";"BR-393/RJ";"Norte";"Sa�da de Pista";1;0;0;0;0;0;0;0;0;0;0;1;0;0;0
"26/09/2010";"18:16:00";"70";"com v�tima";"175,5";"BR-393/RJ";"Norte";"Abalr.Mesmo Sentido";0;0;1;1;0;0;0;0;0;0;0;1;0;0;0
"27/09/2010";"11:31:00";"62";"sem v�tima";"235";"BR-393/RJ";"Sul";"Colis�o Frontal";2;0;0;0;0;0;0;0;0;0;2;0;0;0;0
"27/09/2010";"18:17:00";"98";"com v�tima";"149";"BR-393/RJ";"Norte";"Colis�o Traseira";2;0;0;0;0;0;0;0;0;0;0;6;0;0;0
"27/09/2010";"22:29:00";"115";"com v�tima";"104";"BR-393/RJ";"Norte";"Outros tipos de acidente";1;0;0;0;0;0;0;0;0;0;0;1;0;0;0
"28/09/2010";"05:44:00";"19";"sem v�tima";"115";"BR-393/RJ";"Norte";"Sa�da de Pista";0;0;1;0;0;0;0;0;0;0;1;0;0;0;0
"28/09/2010";"11:13:00";"50";"com v�tima";"150";"BR-393/RJ";"Norte";"Capotamento";1;0;0;0;0;0;0;0;0;0;1;2;0;0;0
"28/09/2010";"14:26:00";"66";"com v�tima";"178";"BR-393/RJ";"Sul";"Colis�o Traseira";0;0;2;0;0;0;0;0;0;0;0;2;0;1;0
"28/09/2010";"20:08:00";"96";"sem v�tima";"283,5";"BR-393/RJ";"Norte";"Colis�o Traseira";0;0;2;0;0;0;0;0;0;0;1;0;0;0;0
"29/09/2010";"05:15:00";"23";"com v�tima";"243,7";"BR-393/RJ";"Norte";"Outros tipos de acidente";0;0;0;1;0;0;0;0;0;0;0;0;1;0;0
"29/09/2010";"11:27:00";"54";"sem v�tima";"265";"BR-393/RJ";"Norte";"Outros tipos de acidente";0;0;1;0;0;0;0;0;0;0;1;0;0;0;0
"30/09/2010";"12:30:00";"68";"sem v�tima";"257";"BR-393/RJ";"Sul";"Sa�da de Pista";1;0;2;0;0;0;0;0;0;0;1;0;0;0;0
"01/10/2010";"02:41:00";"14";"sem v�tima";"207";"BR-393/RJ";"N";"Tombamento";0;0;1;0;0;0;0;0;0;0;1;0;0;0;0
"01/10/2010";"18:13:00";"81";"com v�tima";"263";"BR-393/RJ";"N";"Sa�da de Pista";0;0;0;0;0;0;0;0;0;1;0;4;0;0;0
"02/10/2010";"20:19:00";"106";"com v�tima";"227,5";"BR-393/RJ";"N";"Abalr.Mesmo Sentido";0;0;1;0;0;0;0;0;0;0;0;1;0;0;0
"03/10/2010";"02:39:00";"9";"com v�tima";"242,5";"BR-393/RJ";"S";"Sa�da de Pista";1;0;0;0;0;0;0;0;0;0;0;0;2;0;0
"03/10/2010";"19:00:00";"88";"sem v�tima";"105";"BR-393/RJ";"N";"Outros tipos de acidente";1;0;0;0;0;0;0;0;0;0;1;0;0;0;0
"04/10/2010";"06:45:00";"23";"sem v�tima";"140";"BR-393/RJ";"N";"Abalr.Sentido Oposto";1;0;1;0;0;0;0;0;0;0;2;0;0;0;0
"05/10/2010";"13:14:00";"64";"com v�tima";"250";"BR-393/RJ";"S";"Abalr.Transversal";1;0;0;1;0;0;0;0;0;0;0;0;1;0;0
"05/10/2010";"13:42:00";"65";"com v�tima";"107";"BR-393/RJ";"N";"Outros tipos de acidente";0;0;0;1;0;0;0;0;0;0;0;0;1;0;0
"05/10/2010";"18:46:00";"92";"com v�tima";"265,5";"BR-393/RJ";"N";"Sa�da de Pista";1;0;0;0;0;0;0;0;0;0;0;1;1;0;0
"06/10/2010";"13:00:00";"60";"sem v�tima";"274";"BR-393/RJ";"N";"Sa�da de Pista";0;0;1;0;0;0;0;0;0;0;1;0;0;0;0
"06/10/2010";"14:06:00";"65";"com v�tima";"280,6";"BR-393/RJ";"N";"Engavetamento";3;0;0;0;0;0;0;0;0;0;0;3;0;0;0
"06/10/2010";"17:40:00";"80";"com v�tima";"159,5";"BR-393/RJ";"S";"Sa�da de Pista";1;0;0;0;0;0;0;0;0;0;0;1;0;0;0
"07/10/2010";"04:53:00";"25";"sem v�tima";"181";"BR-393/RJ";"S";"Colis�o com Objeto Fixo";0;0;1;0;0;0;0;0;0;0;1;0;0;0;0
"07/10/2010";"10:48:00";"54";"com v�tima";"104";"BR-393/RJ";"N";"Abalr.Transversal";1;0;0;1;0;0;0;0;0;0;0;3;0;0;0
"07/10/2010";"12:31:00";"63";"com v�tima";"199";"BR-393/RJ";"S";"Abalr.Sentido Oposto";0;0;3;0;0;0;0;0;0;0;1;2;0;0;0
"07/10/2010";"12:40:00";"64";"sem v�tima";"178";"BR-393/RJ";"N";"Sa�da de Pista";1;0;0;0;0;0;0;0;0;0;1;0;0;0;0
"07/10/2010";"17:25:00";"78";"com v�tima";"175";"BR-393/RJ";"S";"Atropelamento";1;0;0;0;0;0;0;0;0;0;0;1;1;0;0
"07/10/2010";"18:59:00";"83";"com v�tima";"285,5";"BR-393/RJ";"N";"Abalr.Transversal";1;0;1;0;0;0;0;0;0;0;0;2;0;0;0
"08/10/2010";"02:51:00";"15";"sem v�tima";"246,8";"BR-393/RJ";"N";"Sa�da de Pista";0;0;1;0;0;0;0;0;0;0;1;0;0;0;0
"08/10/2010";"06:29:00";"19";"sem v�tima";"157,9";"BR-393/RJ";"S";"Sa�da de Pista";1;0;0;0;0;0;0;0;0;0;1;0;0;0;0
"08/10/2010";"09:05:00";"30";"sem v�tima";"285,3";"BR-393/RJ";"S";"Engavetamento";3;0;1;0;0;0;0;0;0;0;4;0;0;0;0
"08/10/2010";"17:58:00";"81";"sem v�tima";"285,7";"BR-393/RJ";"S";"Colis�o Traseira";1;0;1;0;0;0;0;0;0;0;3;0;0;0;0
"08/10/2010";"18:39:00";"83";"com v�tima";"175";"BR-393/RJ";"N";"Atropelamento";0;0;0;1;0;0;0;0;0;0;1;1;0;0;0
"08/10/2010";"18:52:00";"87";"sem v�tima";"286,4";"BR-393/RJ";"N";"Colis�o Traseira";2;0;0;0;0;0;0;0;0;0;2;0;0;0;0
"09/10/2010";"08:53:00";"37";"sem v�tima";"175";"BR-393/RJ";"N";"Abalr.Transversal";2;0;0;0;0;0;0;0;0;0;8;0;0;0;0
"09/10/2010";"14:41:00";"63";"com v�tima";"264";"BR-393/RJ";"N";"Capotamento";1;0;0;0;0;0;0;0;0;0;0;2;1;0;0
"09/10/2010";"14:54:00";"64";"com v�tima";"235";"BR-393/RJ";"N";"Abalr.Transversal";2;0;0;0;0;0;0;0;0;0;0;4;1;0;0
"09/10/2010";"23:31:00";"100";"com v�tima";"122";"BR-393/RJ";"N";"Outros tipos de acidente";0;0;0;1;0;0;0;0;0;0;0;2;0;0;0
"10/10/2010";"03:08:00";"15";"sem v�tima";"243";"BR-393/RJ";"S";"Sa�da de Pista";1;0;0;0;0;0;0;0;0;0;1;0;0;0;0
"10/10/2010";"03:14:00";"16";"sem v�tima";"210";"BR-393/RJ";"N";"Sa�da de Pista";0;0;1;0;0;0;0;0;0;0;1;0;0;0;0
"10/10/2010";"13:27:00";"53";"com v�tima";"222,5";"BR-393/RJ";"S";"Sa�da de Pista";1;0;0;0;0;0;0;0;0;0;0;2;1;0;0
"10/10/2010";"20:35:00";"78";"com v�tima";"228";"BR-393/RJ";"N";"Outros tipos de acidente";1;0;0;0;0;0;0;0;0;0;0;0;1;0;0
"10/10/2010";"21:40:00";"80";"com v�tima";"172";"BR-393/RJ";"S";"Sa�da de Pista";1;0;0;0;0;0;0;0;0;0;0;1;0;0;0
"11/10/2010";"08:19:00";"28";"sem v�tima";"197";"BR-393/RJ";"S";"Abalr.Mesmo Sentido";1;0;0;0;0;0;0;0;0;0;1;0;0;0;0
"11/10/2010";"08:35:00";"30";"com v�tima";"157,3";"BR-393/RJ";"S";"Sa�da de Pista";1;0;0;0;0;0;0;0;0;0;3;1;0;0;0
"11/10/2010";"14:40:00";"61";"com v�tima";"238,6";"BR-393/RJ";"N";"Abalr.Transversal";1;0;0;0;1;0;0;0;0;0;1;2;2;0;1
"11/10/2010";"22:18:00";"87";"com v�tima";"279";"BR-393/RJ";"S";"Colis�o Frontal";0;0;0;1;0;0;0;0;0;0;0;0;0;1;0
"12/10/2010";"05:09:00";"23";"sem v�tima";"141,9";"BR-393/RJ";"N";"Outros tipos de acidente";0;0;0;1;0;0;0;0;0;0;1;0;0;0;0
"12/10/2010";"19:05:00";"88";"com v�tima";"281,4";"BR-393/RJ";"S";"Outros tipos de acidente";0;1;0;0;0;0;0;0;0;0;0;0;1;0;0
"12/10/2010";"22:57:00";"101";"com v�tima";"230,9";"BR-393/RJ";"S";"Sa�da de Pista";1;0;0;0;0;0;0;0;0;0;0;1;0;0;0
"13/10/2010";"03:03:00";"17";"sem v�tima";"159";"BR-393/RJ";"N";"Sa�da de Pista";1;0;0;0;0;0;0;0;0;0;1;0;0;0;0
"13/10/2010";"10:51:00";"61";"sem v�tima";"284";"BR-393/RJ";"N";"Atropelamento";1;0;0;0;0;0;0;0;0;0;2;0;0;0;0
"15/10/2010";"08:56:00";"50";"sem v�tima";"285,5";"BR-393/RJ";"N";"Sa�da de Pista";2;0;0;0;0;0;0;0;0;0;3;0;0;0;0
"15/10/2010";"11:48:00";"69";"com v�tima";"272";"BR-393/RJ";"N";"Capotamento";1;0;0;0;0;0;0;0;0;0;0;2;1;0;0
"16/10/2010";"09:22:00";"30";"com v�tima";"186";"BR-393/RJ";"N";"Atropelamento";0;0;1;0;0;0;0;0;0;0;1;0;0;0;1
"16/10/2010";"12:29:00";"48";"sem v�tima";"103,5";"BR-393/RJ";"N";"Colis�o Traseira";0;0;2;0;0;0;0;0;0;0;2;0;0;0;0
"16/10/2010";"15:50:00";"65";"sem v�tima";"258";"BR-393/RJ";"N";"Outros tipos de acidente";0;0;0;1;0;0;0;0;0;0;1;0;0;0;0
"16/10/2010";"16:33:00";"71";"sem v�tima";"283,1";"BR-393/RJ";"N";"Outros tipos de acidente";0;0;0;1;0;0;0;0;0;0;1;0;0;0;0
"17/10/2010";"05:04:00";"16";"com v�tima";"126,9";"BR-393/RJ";"S";"Sa�da de Pista";1;0;0;0;0;0;0;0;0;0;0;2;0;0;0
"17/10/2010";"19:42:00";"72";"com v�tima";"286";"BR-393/RJ";"S";"Abalr.Mesmo Sentido";1;0;1;0;0;0;0;0;0;0;0;2;0;0;0
"17/10/2010";"22:31:00";"78";"com v�tima";"102,2";"BR-393/RJ";"S";"Abalr.Sentido Oposto";1;0;1;0;0;0;0;0;0;0;2;0;0;1;0
"18/10/2010";"13:00:00";"53";"sem v�tima";"278";"BR-393/RJ";"S";"Engavetamento";3;0;0;0;0;0;0;0;0;0;3;0;0;0;0
"19/10/2010";"02:14:00";"14";"sem v�tima";"234,3";"BR-393/RJ";"S";"Atropelamento de Animal";1;0;0;0;0;0;0;0;0;0;1;0;0;0;0
"20/10/2010";"07:16:00";"27";"sem v�tima";"117";"BR-393/RJ";"S";"Colis�o Traseira";1;0;1;0;0;0;0;0;0;0;5;0;0;0;0
"20/10/2010";"12:04:00";"70";"com v�tima";"217";"BR-393/RJ";"N";"Capotamento";1;0;0;0;0;0;0;0;0;0;0;1;1;0;0
"20/10/2010";"17:09:00";"93";"com v�tima";"236,8";"BR-393/RJ";"S";"Outros tipos de acidente";2;0;0;0;0;0;0;0;0;0;0;2;0;0;0
"21/10/2010";"15:11:00";"74";"sem v�tima";"284,3";"BR-393/RJ";"S";"Colis�o Traseira";2;0;0;0;0;0;0;0;0;0;3;0;0;0;0
"21/10/2010";"20:06:00";"101";"com v�tima";"286";"BR-393/RJ";"S";"Colis�o Traseira";2;0;0;0;0;0;0;0;0;0;0;1;0;0;0
"21/10/2010";"22:14:00";"107";"com v�tima";"111";"BR-393/RJ";"S";"Sa�da de Pista";0;0;1;0;0;0;0;0;0;0;0;1;0;0;0
"23/10/2010";"01:04:00";"8";"sem v�tima";"218,9";"BR-393/RJ";"N";"Abalr.Sentido Oposto";0;0;2;0;0;0;0;0;0;0;3;0;0;0;0
"23/10/2010";"18:04:00";"96";"com v�tima";"258";"BR-393/RJ";"S";"Sa�da de Pista";1;0;0;0;0;0;0;0;0;0;0;1;0;0;0
"23/10/2010";"21:58:00";"112";"com v�tima";"117";"BR-393/RJ";"S";"Sa�da de Pista";1;0;0;0;0;0;0;0;0;0;0;2;0;0;0
"23/10/2010";"23:27:00";"115";"com v�tima";"181,5";"BR-393/RJ";"S";"Sa�da de Pista";1;0;0;0;0;0;0;0;0;0;0;1;0;0;0
"24/10/2010";"09:03:00";"36";"sem v�tima";"163,2";"BR-393/RJ";"N";"Tombamento";0;0;1;0;0;0;0;0;0;0;1;0;0;0;0
"24/10/2010";"13:54:00";"56";"sem v�tima";"286";"BR-393/RJ";"S";"Colis�o Traseira";2;0;0;0;0;0;0;0;0;0;1;0;0;0;0
"24/10/2010";"18:10:00";"74";"sem v�tima";"217";"BR-393/RJ";"S";"Colis�o Traseira";1;0;1;0;0;0;0;0;0;0;5;0;0;0;0
"26/10/2010";"22:57:00";"112";"com v�tima";"215";"BR-393/RJ";"S";"Sa�da de Pista";0;0;1;0;0;0;0;0;0;0;0;1;0;0;0
"27/10/2010";"07:09:00";"45";"com v�tima";"152,2";"BR-393/RJ";"S";"Tombamento";0;0;1;0;0;0;0;0;0;0;0;2;0;0;0
"27/10/2010";"10:57:00";"70";"com v�tima";"103,2";"BR-393/RJ";"N";"Colis�o Traseira";0;0;1;0;0;0;0;0;0;0;0;3;0;0;0
"27/10/2010";"17:31:00";"102";"sem v�tima";"286";"BR-393/RJ";"N";"Colis�o Traseira";1;0;0;1;0;0;0;0;0;0;1;0;0;0;0
"28/10/2010";"14:28:00";"72";"sem v�tima";"179";"BR-393/RJ";"S";"Abalr.Mesmo Sentido";1;0;0;1;0;0;0;0;0;0;4;0;0;0;0
"28/10/2010";"21:03:00";"107";"sem v�tima";"163";"BR-393/RJ";"S";"Sa�da de Pista";0;0;1;0;0;0;0;0;0;0;1;0;0;0;0
"28/10/2010";"22:29:00";"111";"com v�tima";"259,5";"BR-393/RJ";"S";"Capotamento";1;0;0;0;0;0;0;0;0;0;0;1;0;0;0
"29/10/2010";"07:43:00";"40";"sem v�tima";"286";"BR-393/RJ";"N";"Abalr.Transversal";1;0;1;0;0;0;0;0;0;0;2;0;0;0;0
"29/10/2010";"08:01:00";"42";"com v�tima";"227";"BR-393/RJ";"N";"Abalr.Sentido Oposto";0;0;1;0;0;0;0;0;0;0;0;2;0;0;0
"29/10/2010";"13:55:00";"80";"sem v�tima";"169";"BR-393/RJ";"S";"Abalr.Transversal";2;0;0;0;0;0;0;0;0;0;4;0;0;0;0