fdata;horario;n_da_ocorrencia;tipo_de_ocorrencia;km;trecho;sentido;tipo_de_acidente;automovel;bicicleta;caminhao;moto;onibus;outros;tracao_animal;transporte_de_cargas_especiais;trator_maquinas;utilitarios;ilesos;levemente_feridos;moderadamente_feridos;gravemente_feridos;mortos
"29/10/2010";"22:21:00";"116";"com v�tima";"175";"BR-393/RJ";"N";"Outros tipos de acidente";1;0;0;0;0;0;0;0;0;0;0;2;0;0;0
"29/10/2010";"23:03:00";"118";"com v�tima";"255,6";"BR-393/RJ";"N";"Colis�o Traseira";1;0;1;0;0;0;0;0;0;0;0;4;0;0;0
"31/10/2010";"00:56:00";"3";"sem v�tima";"140";"BR-393/RJ";"N";"Atropelamento de Animal";0;0;0;0;1;0;0;0;0;0;21;0;0;0;0
"01/11/2010";"15:23:00";"70";"sem v�tima";"242,4";"BR-393/RJ";"Sul";"Sa�da de Pista";1;0;0;0;0;0;0;0;0;0;2;0;0;0;0
"01/11/2010";"15:34:00";"71";"com v�tima";"172,2";"BR-393/RJ";"Norte";"Capotamento";1;0;0;0;0;0;0;0;0;0;0;0;0;0;1
"01/11/2010";"21:00:00";"98";"sem v�tima";"282";"BR-393/RJ";"Norte";"Abalr.Sentido Oposto";1;0;0;0;0;0;0;0;0;0;2;0;0;0;0
"02/11/2010";"16:12:00";"59";"sem v�tima";"285";"BR-393/RJ";"Norte";"Colis�o Traseira";2;0;0;0;0;0;0;0;0;0;2;0;0;0;0
"04/11/2010";"12:17:00";"73";"sem v�tima";"285,5";"BR-393/RJ";"Sul";"Abalr.Mesmo Sentido";1;0;1;0;0;0;0;0;0;0;2;0;0;0;0
"06/11/2010";"03:24:00";"17";"sem v�tima";"242,3";"BR-393/RJ";"Sul";"Sa�da de Pista";1;0;0;0;0;0;0;0;0;0;3;0;0;0;0
"06/11/2010";"18:27:00";"83";"sem v�tima";"258";"BR-393/RJ";"Norte";"Abalr.Sentido Oposto";2;0;0;0;0;0;0;0;0;0;3;0;0;0;0
"06/11/2010";"19:07:00";"86";"sem v�tima";"177,7";"BR-393/RJ";"Sul";"Sa�da de Pista";1;0;0;0;0;0;0;0;0;0;4;0;0;0;0
"08/11/2010";"15:26:00";"92";"com v�tima";"282,3";"BR-393/RJ";"Sul";"Outros tipos de acidente";0;0;0;1;0;0;0;0;0;0;0;1;0;0;0
"09/11/2010";"14:47:00";"83";"sem v�tima";"282,3";"BR-393/RJ";"Sul";"Colis�o Traseira";2;0;0;0;0;0;0;0;0;0;5;0;0;0;0
"09/11/2010";"19:56:00";"107";"com v�tima";"269";"BR-393/RJ";"Sul";"Atropelamento de Animal";1;0;0;0;0;0;0;0;0;0;0;1;0;0;0
"10/11/2010";"08:41:00";"48";"sem v�tima";"139,6";"BR-393/RJ";"Norte";"Sa�da de Pista";1;0;0;0;0;0;0;0;0;0;4;0;0;0;0
"10/11/2010";"09:42:00";"57";"sem v�tima";"208,1";"BR-393/RJ";"Norte";"Abalr.Mesmo Sentido";1;0;1;0;0;0;0;0;0;0;4;0;0;0;0
"10/11/2010";"10:52:00";"64";"sem v�tima";"265";"BR-393/RJ";"Norte";"Colis�o Traseira";1;0;0;0;1;0;0;0;0;0;3;0;0;0;0
"10/11/2010";"17:57:00";"98";"com v�tima";"260,5";"BR-393/RJ";"Norte";"Sa�da de Pista";0;0;1;0;0;0;0;0;0;0;0;2;0;0;0
"10/11/2010";"18:50:00";"104";"com v�tima";"106,1";"BR-393/RJ";"Norte";"Abalr.Transversal";1;0;0;0;1;0;0;0;0;0;0;2;0;0;0
"10/11/2010";"20:23:00";"108";"com v�tima";"284,2";"BR-393/RJ";"Norte";"Colis�o com Objeto Fixo";1;0;0;0;0;0;0;0;0;0;0;1;0;0;0
"11/11/2010";"20:51:00";"118";"com v�tima";"235,1";"BR-393/RJ";"Norte";"Abalr.Transversal";1;0;0;1;0;0;0;0;0;0;0;2;0;0;0
"11/11/2010";"22:52:00";"122";"com v�tima";"281";"BR-393/RJ";"Sul";"Colis�o Traseira";1;0;1;0;0;0;0;0;0;0;1;1;0;0;0
"12/11/2010";"07:15:00";"37";"com v�tima";"285,5";"BR-393/RJ";"Sul";"Colis�o Traseira";1;0;1;0;0;0;0;0;0;0;1;1;0;0;0
"12/11/2010";"07:25:00";"38";"com v�tima";"243";"BR-393/RJ";"Sul";"Tombamento";0;0;1;0;0;0;0;0;0;0;0;1;0;0;0
"12/11/2010";"07:53:00";"39";"com v�tima";"182";"BR-393/RJ";"Sul";"Abalr.Transversal";2;0;0;0;0;0;0;0;0;0;1;2;0;0;0
"12/11/2010";"12:46:00";"78";"sem v�tima";"169";"BR-393/RJ";"Norte";"Abalr.Transversal";1;0;1;0;0;0;0;0;0;0;3;0;0;0;0
"12/11/2010";"13:32:00";"83";"com v�tima";"238,4";"BR-393/RJ";"Norte";"Abalr.Transversal";1;0;0;1;0;0;0;0;0;0;2;1;0;0;0
"12/11/2010";"16:39:00";"92";"sem v�tima";"217";"BR-393/RJ";"Norte";"Abalr.Transversal";1;0;1;0;0;0;0;0;0;0;4;0;0;0;0
"13/11/2010";"05:03:00";"30";"sem v�tima";"286,4";"BR-393/RJ";"Norte";"Sa�da de Pista";1;0;0;0;0;0;0;0;0;0;1;0;0;0;0
"13/11/2010";"06:56:00";"37";"sem v�tima";"232";"BR-393/RJ";"Norte";"Abalr.Mesmo Sentido";1;0;1;0;0;0;0;0;0;0;6;0;0;0;0
"13/11/2010";"11:31:00";"67";"sem v�tima";"119";"BR-393/RJ";"Norte";"Colis�o Traseira";2;0;0;0;0;0;0;0;0;0;7;0;0;0;0
"13/11/2010";"12:05:00";"69";"com v�tima";"220,1";"BR-393/RJ";"Sul";"Sa�da de Pista";1;0;0;0;0;0;0;0;0;0;0;1;3;0;0
"13/11/2010";"17:00:00";"90";"sem v�tima";"268,2";"BR-393/RJ";"Sul";"Abalr.Transversal";2;0;0;0;0;0;0;0;0;0;2;0;0;0;0
"13/11/2010";"19:24:00";"107";"com v�tima";"138,3";"BR-393/RJ";"Sul";"Outros tipos de acidente";0;0;0;1;0;0;0;0;0;0;0;1;0;0;0
"15/11/2010";"22:53:00";"100";"com v�tima";"250,8";"BR-393/RJ";"Norte";"Atropelamento";0;0;0;0;0;0;0;0;0;0;0;0;0;0;1
"16/11/2010";"01:35:00";"8";"com v�tima";"243,7";"BR-393/RJ";"Sul";"Tombamento";0;0;1;0;0;0;0;0;0;0;0;0;1;1;0
"16/11/2010";"13:01:00";"72";"sem v�tima";"175";"BR-393/RJ";"Norte";"Colis�o Traseira";2;0;0;0;0;0;0;0;0;0;2;0;0;0;0
"16/11/2010";"13:35:00";"73";"sem v�tima";"272";"BR-393/RJ";"Sul";"Sa�da de Pista";1;0;0;0;0;0;0;0;0;0;1;0;0;0;0
"16/11/2010";"14:03:00";"75";"sem v�tima";"282";"BR-393/RJ";"Sul";"Sa�da de Pista";0;0;1;0;0;0;0;0;0;0;1;0;0;0;0
"16/11/2010";"15:31:00";"78";"sem v�tima";"249,2";"BR-393/RJ";"Sul";"Sa�da de Pista";1;0;0;0;0;0;0;0;0;0;1;0;0;0;0
"17/11/2010";"10:13:00";"57";"com v�tima";"121,9";"BR-393/RJ";"Norte";"Colis�o Frontal";1;0;1;0;0;0;0;0;0;0;2;0;0;0;1
"17/11/2010";"14:05:00";"80";"com v�tima";"154,5";"BR-393/RJ";"Sul";"Colis�o Frontal";2;0;0;0;0;0;0;0;0;0;2;2;0;0;0
"17/11/2010";"14:40:00";"82";"com v�tima";"265";"BR-393/RJ";"Norte";"Outros tipos de acidente";0;0;1;0;0;0;0;0;0;0;0;1;0;0;0
"18/11/2010";"10:25:00";"67";"com v�tima";"161";"BR-393/RJ";"Norte";"Tombamento";0;0;1;0;0;0;0;0;0;0;0;0;0;1;0
"18/11/2010";"15:44:00";"97";"sem v�tima";"269,8";"BR-393/RJ";"Norte";"Sa�da de Pista";0;0;1;0;0;0;0;0;0;0;2;0;0;0;0
"18/11/2010";"18:56:00";"113";"sem v�tima";"152";"BR-393/RJ";"Sul";"Sa�da de Pista";1;0;0;0;0;0;0;0;0;0;2;0;0;0;0
"19/11/2010";"10:12:00";"66";"com v�tima";"243";"BR-393/RJ";"Norte";"Tombamento";0;0;1;0;0;0;0;0;0;0;0;0;1;0;0
"19/11/2010";"15:35:00";"93";"sem v�tima";"238";"BR-393/RJ";"Norte";"Colis�o Traseira";2;0;0;0;0;0;0;0;0;0;2;0;0;0;0
"19/11/2010";"16:52:00";"104";"com v�tima";"177,8";"BR-393/RJ";"Norte";"Engavetamento";1;0;1;1;0;0;0;0;0;0;2;2;0;0;0
"20/11/2010";"00:11:00";"1";"sem v�tima";"222,9";"BR-393/RJ";"Norte";"Outros tipos de acidente";1;0;0;0;0;0;0;0;0;0;1;0;0;0;0
"20/11/2010";"07:42:00";"38";"sem v�tima";"171";"BR-393/RJ";"Sul";"Abalr.Sentido Oposto";1;0;0;0;0;0;0;0;0;0;1;0;0;0;0
"21/11/2010";"07:12:00";"32";"com v�tima";"272";"BR-393/RJ";"Norte";"Sa�da de Pista";1;0;0;0;0;0;0;0;0;0;0;1;0;0;0
"21/11/2010";"18:19:00";"77";"com v�tima";"236";"BR-393/RJ";"Sul";"Abalr.Mesmo Sentido";2;0;0;0;0;0;0;0;0;0;0;2;1;0;0
"23/11/2010";"10:40:00";"83";"com v�tima";"236,5";"BR-393/RJ";"Sul";"Abalr.Sentido Oposto";1;0;1;0;0;0;0;0;0;0;1;0;1;0;0
"23/11/2010";"11:34:00";"89";"com v�tima";"286";"BR-393/RJ";"Norte";"Colis�o Traseira";1;0;0;1;0;0;0;0;0;0;0;1;0;0;0
"23/11/2010";"14:56:00";"104";"com v�tima";"3";"Al�a Sul";"Norte";"Sa�da de Pista";1;0;0;0;0;0;0;0;0;0;0;1;0;0;0
"23/11/2010";"16:32:00";"114";"sem v�tima";"254,8";"BR-393/RJ";"Norte";"Sa�da de Pista";1;0;0;0;0;0;0;0;0;0;1;0;0;0;0
"23/11/2010";"18:19:00";"127";"com v�tima";"122,9";"BR-393/RJ";"Norte";"Colis�o Traseira";0;0;0;0;2;0;0;0;0;0;0;2;0;0;0
"23/11/2010";"18:29:00";"128";"com v�tima";"169";"BR-393/RJ";"Norte";"Capotamento";1;0;0;0;0;0;0;0;0;0;0;0;1;0;0
"24/11/2010";"06:10:00";"38";"sem v�tima";"286";"BR-393/RJ";"Norte";"Colis�o Traseira";0;0;2;0;0;0;0;0;0;0;2;0;0;0;0
"24/11/2010";"09:30:00";"55";"com v�tima";"274";"BR-393/RJ";"Sul";"Tombamento";0;0;1;0;0;0;0;0;0;0;0;0;0;1;0
"24/11/2010";"09:49:00";"60";"sem v�tima";"268,2";"BR-393/RJ";"Norte";"Colis�o Frontal";1;0;0;0;0;0;0;0;0;0;2;0;0;0;0
"24/11/2010";"19:03:00";"107";"com v�tima";"176";"BR-393/RJ";"Norte";"Atropelamento";0;0;1;0;0;0;0;0;0;0;0;0;1;0;0
"24/11/2010";"19:30:00";"113";"com v�tima";"255,8";"BR-393/RJ";"Norte";"Atropelamento";0;0;1;0;0;0;0;0;0;0;0;2;0;0;0
"24/11/2010";"21:59:00";"128";"com v�tima";"141";"BR-393/RJ";"Norte";"Abalr.Mesmo Sentido";2;0;0;0;0;0;0;0;0;0;3;1;0;0;0
"25/11/2010";"05:02:00";"30";"sem v�tima";"190";"BR-393/RJ";"Norte";"Abalr.Mesmo Sentido";0;0;2;0;0;0;0;0;0;0;2;0;0;0;0
"25/11/2010";"13:59:00";"78";"sem v�tima";"175,2";"BR-393/RJ";"Sul";"Colis�o Frontal";1;0;1;0;0;0;0;0;0;0;3;0;0;0;0
"25/11/2010";"23:56:00";"120";"sem v�tima";"121,5";"BR-393/RJ";"Norte";"Sa�da de Pista";0;0;1;0;0;0;0;0;0;0;2;0;0;0;0
"26/11/2010";"18:17:00";"96";"sem v�tima";"285,5";"BR-393/RJ";"Sul";"Abalr.Mesmo Sentido";1;0;1;0;0;0;0;0;0;0;2;0;0;0;0
"27/11/2010";"07:21:00";"43";"com v�tima";"241,9";"BR-393/RJ";"Norte";"Colis�o Frontal";1;0;1;0;0;0;0;0;0;0;1;1;0;0;0
"27/11/2010";"16:08:00";"88";"sem v�tima";"265";"BR-393/RJ";"Sul";"Outros tipos de acidente";0;0;0;1;0;0;0;0;0;0;1;0;0;0;0
"27/11/2010";"16:10:00";"89";"sem v�tima";"157,5";"BR-393/RJ";"Sul";"Tombamento";0;0;1;0;0;0;0;0;0;0;1;0;0;0;0
"27/11/2010";"23:43:00";"114";"sem v�tima";"237,7";"BR-393/RJ";"Norte";"Abalr.Sentido Oposto";1;0;0;0;0;0;0;0;0;0;7;0;0;0;0
"28/11/2010";"05:02:00";"36";"sem v�tima";"182";"BR-393/RJ";"Sul";"Sa�da de Pista";1;0;0;0;0;0;0;0;0;0;1;0;0;0;0
"28/11/2010";"05:20:00";"37";"sem v�tima";"165,7";"BR-393/RJ";"Norte";"Abalr.Sentido Oposto";1;0;1;0;0;0;0;0;0;0;4;0;0;0;0
"28/11/2010";"23:38:00";"128";"com v�tima";"247";"BR-393/RJ";"Norte";"Capotamento";2;0;0;0;0;0;0;0;0;0;1;2;0;0;0
"29/11/2010";"00:04:00";"1";"com v�tima";"235,1";"BR-393/RJ";"Norte";"Abalr.Transversal";1;0;1;0;0;0;0;0;0;0;1;1;0;0;0
"29/11/2010";"08:24:00";"40";"sem v�tima";"115";"BR-393/RJ";"Sul";"Sa�da de Pista";1;0;0;0;0;0;0;0;0;0;4;0;0;0;0
"29/11/2010";"16:45:00";"76";"sem v�tima";"155,5";"BR-393/RJ";"Norte";"Tombamento";0;0;1;0;0;0;0;0;0;0;1;0;0;0;0
"29/11/2010";"18:06:00";"86";"com v�tima";"103,8";"BR-393/RJ";"Norte";"Colis�o Traseira";2;0;0;0;0;0;0;0;0;0;0;5;0;0;0
"01/12/2010";"09:11:00";"47";"com v�tima";"106,3";"BR-393/RJ";"Norte";"Colis�o Frontal";1;0;0;1;0;0;0;0;0;0;1;1;0;0;0
"01/12/2010";"09:37:00";"49";"sem v�tima";"281";"BR-393/RJ";"Sul";"Abalr.Transversal";1;0;0;1;0;0;0;0;0;0;2;0;0;0;0
"01/12/2010";"12:52:00";"74";"sem v�tima";"184,5";"BR-393/RJ";"Sul";"Sa�da de Pista";0;0;1;0;0;0;0;0;0;0;1;0;0;0;0
"02/12/2010";"13:59:00";"90";"sem v�tima";"269,6";"BR-393/RJ";"Sul";"Sa�da de Pista";1;0;0;0;0;0;0;0;0;0;1;0;0;0;0
"02/12/2010";"14:14:00";"91";"sem v�tima";"236";"BR-393/RJ";"Sul";"Abalr.Transversal";2;0;0;0;0;0;0;0;0;0;2;0;0;0;0
"02/12/2010";"16:17:00";"100";"com v�tima";"158";"BR-393/RJ";"Norte";"Sa�da de Pista";1;0;0;0;0;0;0;0;0;0;1;1;0;0;0
"02/12/2010";"19:00:00";"114";"sem v�tima";"231";"BR-393/RJ";"Norte";"Sa�da de Pista";1;0;0;0;0;0;0;0;0;0;2;0;0;0;0
"02/12/2010";"20:05:00";"120";"sem v�tima";"105";"BR-393/RJ";"Norte";"Capotamento";1;0;0;0;0;0;0;0;0;0;2;0;0;0;0
"02/12/2010";"20:28:00";"126";"com v�tima";"115,9";"BR-393/RJ";"Sul";"Sa�da de Pista";0;0;1;0;0;0;0;0;0;0;0;3;0;0;0
"02/12/2010";"21:26:00";"128";"sem v�tima";"265";"BR-393/RJ";"Sul";"Engavetamento";3;0;0;0;0;0;0;0;0;0;3;0;0;0;0
"02/12/2010";"23:42:00";"129";"sem v�tima";"285";"BR-393/RJ";"Norte";"Colis�o com Objeto Fixo";1;0;0;0;0;0;0;0;0;0;1;0;0;0;0
"02/12/2010";"23:57:00";"130";"sem v�tima";"252,3";"BR-393/RJ";"Sul";"Sa�da de Pista";1;0;0;0;0;0;0;0;0;0;1;0;0;0;0
"03/12/2010";"20:40:00";"106";"sem v�tima";"252,8";"BR-393/RJ";"Sul";"Outros tipos de acidente";0;0;0;1;0;0;0;0;0;0;1;0;0;0;0
"04/12/2010";"02:11:00";"13";"sem v�tima";"254";"BR-393/RJ";"Sul";"Sa�da de Pista";0;0;1;0;0;0;0;0;0;0;1;0;0;0;0
"04/12/2010";"03:58:00";"22";"sem v�tima";"142";"BR-393/RJ";"Norte";"Colis�o Frontal";1;0;0;0;0;0;0;0;0;0;2;0;0;0;0
"04/12/2010";"10:03:00";"57";"sem v�tima";"281,5";"BR-393/RJ";"Norte";"Colis�o Traseira";2;0;0;0;0;0;0;0;0;0;2;0;0;0;0
"04/12/2010";"11:01:00";"64";"sem v�tima";"285,8";"BR-393/RJ";"Sul";"Abalr.Mesmo Sentido";1;0;1;0;0;0;0;0;0;0;2;0;0;0;0
"04/12/2010";"11:47:00";"73";"sem v�tima";"286";"BR-393/RJ";"Sul";"Colis�o Traseira";0;0;1;0;0;0;0;0;0;0;1;0;0;0;0
"04/12/2010";"16:16:00";"89";"sem v�tima";"175,2";"BR-393/RJ";"Sul";"Colis�o Traseira";1;0;0;0;0;0;0;0;0;0;2;0;0;0;0
"05/12/2010";"17:49:00";"86";"com v�tima";"216,4";"BR-393/RJ";"Sul";"Colis�o Traseira";1;0;0;0;0;0;0;0;0;0;3;2;0;0;0
"05/12/2010";"19:45:00";"95";"com v�tima";"198";"BR-393/RJ";"Norte";"Colis�o Traseira";1;0;0;0;0;0;0;0;0;0;0;1;0;0;0
"05/12/2010";"21:35:00";"101";"sem v�tima";"268,5";"BR-393/RJ";"Sul";"Colis�o Traseira";2;0;0;0;0;0;0;0;0;0;4;0;0;0;0
"06/12/2010";"05:53:00";"39";"sem v�tima";"128,7";"BR-393/RJ";"Norte";"Sa�da de Pista";1;0;0;0;0;0;0;0;0;0;1;0;0;0;0
"06/12/2010";"13:25:00";"100";"sem v�tima";"265";"BR-393/RJ";"Norte";"Outros tipos de acidente";1;0;0;0;0;0;0;0;0;0;0;0;0;0;0
"06/12/2010";"14:14:00";"103";"sem v�tima";"281";"BR-393/RJ";"Norte";"Colis�o Traseira";1;0;1;0;0;0;0;0;0;0;2;0;0;0;0
"06/12/2010";"17:33:00";"118";"com v�tima";"245,4";"BR-393/RJ";"Sul";"Abalr.Sentido Oposto";1;0;1;0;0;0;0;0;0;0;0;0;0;1;0
"06/12/2010";"20:20:00";"131";"com v�tima";"286,4";"BR-393/RJ";"Sul";"Colis�o Traseira";2;0;0;0;0;0;0;0;0;0;0;2;0;0;0
"07/12/2010";"05:40:00";"41";"sem v�tima";"224,6";"BR-393/RJ";"Norte";"Abalr.Sentido Oposto";1;0;1;0;0;0;0;0;0;0;4;0;0;0;0
"07/12/2010";"10:23:00";"67";"com v�tima";"247";"BR-393/RJ";"Sul";"Atropelamento";0;0;0;0;0;0;0;0;0;1;1;1;0;0;0
"07/12/2010";"12:24:00";"84";"sem v�tima";"195";"BR-393/RJ";"Norte";"Colis�o Traseira";1;0;1;0;0;0;0;0;0;0;4;0;0;0;0
"07/12/2010";"18:31:00";"115";"sem v�tima";"285";"BR-393/RJ";"Sul";"Outros tipos de acidente";0;0;0;0;0;0;0;0;0;0;0;0;0;0;0
"08/12/2010";"00:36:00";"5";"sem v�tima";"184,5";"BR-393/RJ";"Sul";"Outros tipos de acidente";1;0;0;0;0;0;0;0;0;0;2;0;0;0;0
"08/12/2010";"03:03:00";"18";"sem v�tima";"244,5";"BR-393/RJ";"Sul";"Sa�da de Pista";0;0;1;0;0;0;0;0;0;0;1;0;0;0;0
"08/12/2010";"13:00:00";"68";"com v�tima";"187";"BR-393/RJ";"Norte";"Colis�o Traseira";1;0;1;0;0;0;0;0;0;0;0;4;0;0;0
"08/12/2010";"17:31:00";"92";"sem v�tima";"198,5";"BR-393/RJ";"Norte";"Colis�o Traseira";2;0;0;0;0;0;0;0;0;0;4;0;0;0;0
"09/12/2010";"11:45:00";"78";"com v�tima";"158";"BR-393/RJ";"Sul";"Sa�da de Pista";0;0;1;0;0;0;0;0;0;0;0;0;1;0;0
"09/12/2010";"19:20:00";"119";"com v�tima";"285";"BR-393/RJ";"Norte";"Colis�o Traseira";1;0;1;0;0;0;0;0;0;0;0;3;0;0;0
"09/12/2010";"21:14:00";"129";"com v�tima";"143";"BR-393/RJ";"Norte";"Outros tipos de acidente";0;0;0;1;0;0;0;0;0;0;0;0;1;0;0
"09/12/2010";"23:11:00";"134";"com v�tima";"134,5";"BR-393/RJ";"Sul";"Sa�da de Pista";1;0;0;0;0;0;0;0;0;0;0;1;2;0;0
"10/12/2010";"08:00:00";"34";"sem v�tima";"154";"BR-393/RJ";"Norte";"Colis�o Traseira";0;0;1;0;0;0;0;0;0;0;1;0;0;0;0
"10/12/2010";"15:12:00";"74";"sem v�tima";"177,7";"BR-393/RJ";"Norte";"Colis�o Traseira";1;0;0;1;0;0;0;0;0;0;2;0;0;0;0
"10/12/2010";"16:03:00";"77";"com v�tima";"102,8";"BR-393/RJ";"Sul";"Engavetamento";3;0;0;0;0;0;0;0;0;0;0;3;0;0;0
"10/12/2010";"16:46:00";"80";"sem v�tima";"198,5";"BR-393/RJ";"Sul";"Outros tipos de acidente";2;0;0;0;0;0;0;0;0;0;5;0;0;0;0
"10/12/2010";"23:23:00";"100";"sem v�tima";"286";"BR-393/RJ";"Sul";"Abalr.Transversal";1;0;0;1;0;0;0;0;0;0;3;0;0;0;0
"11/12/2010";"20:00:00";"101";"sem v�tima";"175";"BR-393/RJ";"Norte";"Sa�da de Pista";1;0;0;0;0;0;0;0;0;0;1;0;0;0;0
"11/12/2010";"20:09:00";"104";"com v�tima";"155,5";"BR-393/RJ";"Norte";"Tombamento";0;0;1;0;0;0;0;0;0;0;0;0;1;0;0
"12/12/2010";"04:04:00";"28";"sem v�tima";"263";"BR-393/RJ";"Sul";"Sa�da de Pista";1;0;0;0;0;0;0;0;0;0;1;0;0;0;0
"12/12/2010";"17:45:00";"83";"com v�tima";"262,5";"BR-393/RJ";"Norte";"Colis�o Frontal";1;0;1;0;0;0;0;0;0;0;1;2;0;0;0
"13/12/2010";"06:02:00";"30";"sem v�tima";"244";"BR-393/RJ";"Norte";"Sa�da de Pista";0;0;1;0;0;0;0;0;0;0;1;0;0;0;0
"13/12/2010";"06:28:00";"31";"sem v�tima";"258";"BR-393/RJ";"Sul";"Abalr.Sentido Oposto";2;0;0;0;0;0;0;0;0;0;2;0;0;0;0
"13/12/2010";"16:34:00";"86";"com v�tima";"270";"BR-393/RJ";"Norte";"Capotamento";1;0;0;0;0;0;0;0;0;0;0;1;0;0;0
"13/12/2010";"16:51:00";"88";"com v�tima";"263";"BR-393/RJ";"Sul";"Sa�da de Pista";1;0;0;0;0;0;0;0;0;0;0;2;0;0;0
"13/12/2010";"18:26:00";"98";"com v�tima";"242,5";"BR-393/RJ";"Sul";"Sa�da de Pista";1;0;0;0;0;0;0;0;0;0;0;1;0;0;0
"13/12/2010";"20:28:00";"109";"com v�tima";"285";"BR-393/RJ";"Sul";"Sa�da de Pista";1;0;0;0;0;0;0;0;0;0;0;1;0;0;0
"13/12/2010";"21:31:00";"121";"com v�tima";"135";"BR-393/RJ";"Sul";"Colis�o Traseira";0;0;1;1;0;0;0;0;0;0;0;2;0;0;0
"14/12/2010";"06:20:00";"32";"sem v�tima";"124,3";"BR-393/RJ";"Norte";"Tombamento";0;0;1;0;0;0;0;0;0;0;1;0;0;0;0
"14/12/2010";"08:23:00";"43";"com v�tima";"279";"BR-393/RJ";"Sul";"Colis�o Traseira";1;0;1;0;0;0;0;0;0;0;3;1;0;0;0
"14/12/2010";"12:21:00";"80";"com v�tima";"276,7";"BR-393/RJ";"Norte";"Colis�o Frontal";1;0;1;0;0;0;0;0;0;0;0;0;0;1;1
"14/12/2010";"14:02:00";"84";"com v�tima";"181";"BR-393/RJ";"Norte";"Capotamento";1;0;0;0;0;0;0;0;0;0;0;0;2;0;0
"14/12/2010";"14:41:00";"86";"sem v�tima";"269";"BR-393/RJ";"Norte";"Sa�da de Pista";1;0;0;0;0;0;0;0;0;0;1;0;0;0;0
"14/12/2010";"15:37:00";"88";"sem v�tima";"217,4";"BR-393/RJ";"Norte";"Sa�da de Pista";1;0;0;0;0;0;0;0;0;0;1;0;0;0;0
"14/12/2010";"17:42:00";"99";"com v�tima";"286";"BR-393/RJ";"Sul";"Colis�o Traseira";1;0;1;0;0;0;0;0;0;0;0;2;0;0;0
"15/12/2010";"17:05:00";"99";"com v�tima";"170";"BR-393/RJ";"Norte";"Tombamento";0;0;1;0;0;0;0;0;0;0;0;1;1;0;0
"15/12/2010";"17:59:00";"101";"com v�tima";"175";"BR-393/RJ";"Sul";"Colis�o Traseira";2;0;0;0;0;0;0;0;0;0;0;3;0;0;0
"15/12/2010";"18:31:00";"103";"com v�tima";"251,2";"BR-393/RJ";"Sul";"Colis�o Traseira";2;0;0;0;0;0;0;0;0;0;0;2;0;0;0
"15/12/2010";"19:55:00";"111";"com v�tima";"231,5";"BR-393/RJ";"Norte";"Sa�da de Pista";1;0;0;0;0;0;0;0;0;0;0;2;0;0;0
"15/12/2010";"23:58:00";"127";"com v�tima";"105";"BR-393/RJ";"Sul";"Sa�da de Pista";0;0;1;0;0;0;0;0;0;0;0;0;0;0;1
"16/12/2010";"05:13:00";"25";"sem v�tima";"105";"BR-393/RJ";"Sul";"Sa�da de Pista";1;0;0;0;0;0;0;0;0;0;1;0;0;0;0
"16/12/2010";"07:55:00";"32";"sem v�tima";"285,5";"BR-393/RJ";"Sul";"Abalr.Mesmo Sentido";1;0;1;0;0;0;0;0;0;0;2;0;0;0;0
"16/12/2010";"22:08:00";"102";"com v�tima";"284,3";"BR-393/RJ";"Norte";"Sa�da de Pista";1;0;0;0;0;0;0;0;0;0;0;2;0;0;0
"18/12/2010";"04:30:00";"26";"com v�tima";"102";"BR-393/RJ";"Norte";"Atropelamento";0;0;1;0;0;0;0;0;0;0;0;0;2;0;0
"18/12/2010";"04:44:00";"27";"sem v�tima";"285,5";"BR-393/RJ";"Norte";"Abalr.Sentido Oposto";1;0;0;0;0;0;0;0;0;0;1;0;0;0;0
"18/12/2010";"06:05:00";"34";"com v�tima";"238,9";"BR-393/RJ";"Sul";"Abalr.Sentido Oposto";2;0;0;0;0;0;0;0;0;0;0;0;2;0;0
"18/12/2010";"09:16:00";"56";"sem v�tima";"228";"BR-393/RJ";"Sul";"Sa�da de Pista";1;0;0;0;0;0;0;0;0;0;1;0;0;0;0
"18/12/2010";"09:31:00";"58";"sem v�tima";"286";"BR-393/RJ";"Norte";"Colis�o Traseira";1;0;0;0;0;0;0;0;0;0;2;0;0;0;0
"18/12/2010";"10:08:00";"64";"sem v�tima";"168,9";"BR-393/RJ";"Sul";"Sa�da de Pista";1;0;0;0;0;0;0;0;0;0;1;0;0;0;0
"18/12/2010";"11:21:00";"70";"sem v�tima";"178,7";"BR-393/RJ";"Norte";"Engavetamento";3;0;0;0;0;0;0;0;0;0;8;0;0;0;0
"18/12/2010";"22:54:00";"131";"com v�tima";"167,8";"BR-393/RJ";"Norte";"Atropelamento";0;0;1;0;0;0;0;0;0;0;0;1;0;0;0
"18/12/2010";"23:38:00";"133";"sem v�tima";"165";"BR-393/RJ";"Sul";"Sa�da de Pista";1;0;0;0;0;0;0;0;0;0;5;0;0;0;0
"19/12/2010";"02:05:00";"11";"com v�tima";"157";"BR-393/RJ";"Norte";"Sa�da de Pista";1;0;0;0;0;0;0;0;0;0;0;3;0;0;0
"19/12/2010";"04:43:00";"22";"sem v�tima";"131";"BR-393/RJ";"Norte";"Outros tipos de acidente";1;0;1;0;0;0;0;0;0;0;2;0;0;0;0
"19/12/2010";"10:12:00";"42";"sem v�tima";"208,6";"BR-393/RJ";"Norte";"Sa�da de Pista";1;0;0;0;0;0;0;0;0;0;2;0;0;0;0
"20/12/2010";"13:28:00";"79";"sem v�tima";"267";"BR-393/RJ";"Sul";"Abalr.Sentido Oposto";1;0;1;0;0;0;0;0;0;0;3;0;0;0;0
"20/12/2010";"17:27:00";"99";"com v�tima";"236";"BR-393/RJ";"Norte";"Abalr.Mesmo Sentido";1;0;0;1;0;0;0;0;0;0;0;1;0;0;0
"21/12/2010";"07:12:00";"30";"com v�tima";"159";"BR-393/RJ";"Norte";"Outros tipos de acidente";0;0;0;1;0;0;0;0;0;0;0;1;0;0;0
"21/12/2010";"08:38:00";"37";"sem v�tima";"255,3";"BR-393/RJ";"Sul";"Colis�o Traseira";1;0;1;0;0;0;0;0;0;0;3;0;0;0;0