fdata;horario;n_da_ocorrencia;tipo_de_ocorrencia;km;trecho;sentido;tipo_de_acidente;automovel;bicicleta;caminhao;moto;onibus;outros;tracao_animal;transporte_de_cargas_especiais;trator_maquinas;utilitarios;ilesos;levemente_feridos;moderadamente_feridos;gravemente_feridos;mortos
"22/12/2010";"07:12:00";"33";"com v�tima";"231";"BR-393/RJ";"Norte";"Atropelamento";1;0;0;0;0;0;0;0;0;0;0;1;0;0;0
"22/12/2010";"07:49:00";"36";"sem v�tima";"284,2";"BR-393/RJ";"Sul";"Colis�o Traseira";2;0;0;0;0;0;0;0;0;0;2;0;0;0;0
"22/12/2010";"13:25:00";"78";"com v�tima";"237";"BR-393/RJ";"Norte";"Atropelamento";0;0;0;1;0;0;0;0;0;0;1;2;0;0;0
"22/12/2010";"19:21:00";"104";"sem v�tima";"283";"BR-393/RJ";"Sul";"Colis�o Traseira";1;0;0;0;1;0;0;0;0;0;2;0;0;0;0
"22/12/2010";"23:54:00";"130";"sem v�tima";"218,5";"BR-393/RJ";"Sul";"Abalr.Sentido Oposto";0;0;3;0;0;0;0;0;0;0;3;0;0;0;0
"23/12/2010";"06:20:00";"26";"sem v�tima";"135";"BR-393/RJ";"Norte";"Sa�da de Pista";1;0;0;0;0;0;0;0;0;0;4;0;0;0;0
"23/12/2010";"08:40:00";"36";"sem v�tima";"178";"BR-393/RJ";"Norte";"Colis�o Traseira";2;0;0;0;0;0;0;0;0;0;2;0;0;0;0
"23/12/2010";"12:30:00";"61";"sem v�tima";"103,5";"BR-393/RJ";"Sul";"Colis�o Frontal";2;0;0;0;0;0;0;0;0;0;8;0;0;0;0
"23/12/2010";"17:26:00";"83";"com v�tima";"225,5";"BR-393/RJ";"Norte";"Colis�o Frontal";0;0;1;1;0;0;0;0;0;0;0;2;0;0;1
"23/12/2010";"20:57:00";"96";"com v�tima";"286";"BR-393/RJ";"Sul";"Abalr.Mesmo Sentido";2;0;2;0;0;0;0;0;0;0;0;4;0;0;0
"24/12/2010";"02:12:00";"10";"sem v�tima";"271";"BR-393/RJ";"Sul";"Colis�o Frontal";2;0;0;0;0;0;0;0;0;0;3;0;0;0;0
"24/12/2010";"13:08:00";"58";"com v�tima";"103,8";"BR-393/RJ";"Sul";"Abalr.Transversal";2;0;0;0;0;0;0;0;0;0;2;1;0;0;0
"24/12/2010";"18:01:00";"81";"com v�tima";"252";"BR-393/RJ";"Norte";"Colis�o Traseira";2;0;0;0;0;0;0;0;0;0;0;3;0;0;0
"24/12/2010";"20:06:00";"92";"com v�tima";"105,9";"BR-393/RJ";"Norte";"Colis�o Frontal";2;0;0;0;0;0;0;0;0;0;0;2;1;0;0
"25/12/2010";"03:02:00";"18";"sem v�tima";"191,8";"BR-393/RJ";"Sul";"Sa�da de Pista";0;0;1;0;0;0;0;0;0;0;1;0;0;0;0
"25/12/2010";"07:18:00";"27";"sem v�tima";"151";"BR-393/RJ";"Norte";"Sa�da de Pista";1;0;0;0;0;0;0;0;0;0;5;0;0;0;0
"25/12/2010";"14:09:00";"47";"sem v�tima";"166";"BR-393/RJ";"Norte";"Abalr.Transversal";1;0;0;0;0;0;0;0;0;0;3;0;0;0;0
"26/12/2010";"19:14:00";"85";"com v�tima";"103";"BR-393/RJ";"Norte";"Abalr.Transversal";2;0;0;0;0;0;0;0;0;0;0;4;0;0;0
"26/12/2010";"21:55:00";"98";"com v�tima";"285,5";"BR-393/RJ";"Sul";"Abalr.Mesmo Sentido";2;0;0;0;0;0;0;0;0;0;0;1;0;0;0
"27/12/2010";"02:08:00";"7";"com v�tima";"237,1";"BR-393/RJ";"Norte";"Capotamento";1;0;0;0;0;0;0;0;0;0;2;0;1;0;0
"27/12/2010";"11:23:00";"67";"sem v�tima";"177,8";"BR-393/RJ";"Sul";"Colis�o Traseira";2;0;0;0;0;0;0;0;0;0;3;0;0;0;0
"28/12/2010";"08:16:00";"35";"com v�tima";"103";"BR-393/RJ";"Norte";"Abalr.Transversal";1;0;1;0;0;0;0;0;0;0;1;2;0;0;0
"29/12/2010";"08:50:00";"36";"sem v�tima";"235";"BR-393/RJ";"Norte";"Outros tipos de acidente";0;0;0;1;0;0;0;0;0;0;1;0;0;0;0
"30/12/2010";"09:01:00";"41";"sem v�tima";"213";"BR-393/RJ";"Norte";"Engavetamento";2;0;2;0;0;0;0;0;0;0;8;0;0;0;0
"30/12/2010";"17:14:00";"83";"com v�tima";"204";"BR-393/RJ";"Norte";"Atropelamento";0;0;1;0;0;0;0;0;0;0;0;0;1;0;0
"30/12/2010";"17:25:00";"84";"com v�tima";"284";"BR-393/RJ";"Sul";"Colis�o Traseira";2;0;0;0;0;0;0;0;0;0;0;2;0;0;0
"30/12/2010";"18:03:00";"86";"com v�tima";"286";"BR-393/RJ";"Norte";"Atropelamento";1;0;0;0;0;0;0;0;0;0;0;1;0;0;0
"31/12/2010";"03:06:00";"17";"sem v�tima";"181";"BR-393/RJ";"Norte";"Sa�da de Pista";1;0;0;0;0;0;0;0;0;0;5;0;0;0;0
"31/12/2010";"14:49:00";"59";"sem v�tima";"274";"BR-393/RJ";"Sul";"Sa�da de Pista";0;0;1;0;0;0;0;0;0;0;1;0;0;0;0
"31/12/2010";"21:49:00";"87";"sem v�tima";"235,6";"BR-393/RJ";"Sul";"Abalr.Mesmo Sentido";2;0;0;0;0;0;0;0;0;0;2;0;0;0;0
"01/01/2011";"05:35:00";"31";"com v�tima";"209";"BR-393/RJ";"Sul";"Capotamento";1;0;0;0;0;0;0;0;0;0;0;1;0;0;0
"01/01/2011";"06:31:00";"32";"sem v�tima";"179";"BR-393/RJ";"Sul";"Capotamento";1;0;0;0;0;0;0;0;0;0;1;0;0;0;0
"01/01/2011";"14:17:00";"60";"sem v�tima";"193";"BR-393/RJ";"Sul";"Abalr.Mesmo Sentido";2;0;0;0;0;0;0;0;0;0;4;0;0;0;0
"01/01/2011";"15:06:00";"63";"sem v�tima";"178";"BR-393/RJ";"Sul";"Colis�o Traseira";2;0;0;0;0;0;0;0;0;0;2;0;0;0;0
"02/01/2011";"11:54:00";"56";"com v�tima";"114";"BR-393/RJ";"Norte";"Tombamento";0;0;1;0;0;0;0;0;0;0;0;1;0;0;0
"02/01/2011";"20:40:00";"93";"sem v�tima";"176,8";"BR-393/RJ";"Sul";"Abalr.Transversal";2;0;0;0;0;0;0;0;0;0;2;0;0;0;0
"02/01/2011";"20:43:00";"95";"com v�tima";"256";"BR-393/RJ";"Norte";"Sa�da de Pista";1;0;0;0;0;0;0;0;0;0;0;3;0;0;0
"03/01/2011";"11:42:00";"50";"com v�tima";"168,9";"BR-393/RJ";"Norte";"Abalr.Transversal";1;0;0;0;0;0;0;0;0;0;0;1;0;0;0
"03/01/2011";"20:34:00";"90";"com v�tima";"250";"BR-393/RJ";"Norte";"Abalr.Transversal";4;0;0;0;0;0;0;0;0;0;0;8;0;0;0
"03/01/2011";"21:30:00";"91";"sem v�tima";"161,1";"BR-393/RJ";"Sul";"Abalr.Sentido Oposto";2;0;0;0;0;0;0;0;0;0;2;0;0;0;0
"04/01/2011";"08:23:00";"31";"sem v�tima";"244";"BR-393/RJ";"Norte";"Sa�da de Pista";1;0;0;0;0;0;0;0;0;0;1;0;0;0;0
"04/01/2011";"16:48:00";"74";"com v�tima";"103,9";"BR-393/RJ";"Sul";"Colis�o Traseira";0;0;2;0;0;0;0;0;0;0;0;2;0;0;0
"04/01/2011";"17:15:00";"78";"com v�tima";"238,8";"BR-393/RJ";"Norte";"Abalr.Transversal";1;0;0;0;0;0;0;0;0;0;0;1;0;0;0
"04/01/2011";"18:49:00";"85";"com v�tima";"228,3";"BR-393/RJ";"Sul";"Sa�da de Pista";1;0;0;0;0;0;0;0;0;0;0;1;0;0;0
"05/01/2011";"07:48:00";"36";"sem v�tima";"266";"BR-393/RJ";"Sul";"Outros tipos de acidente";0;0;1;0;0;0;0;0;0;0;1;0;0;0;0
"05/01/2011";"10:22:00";"51";"sem v�tima";"285";"BR-393/RJ";"Norte";"Colis�o Traseira";1;0;1;0;0;0;0;0;0;0;2;0;0;0;0
"05/01/2011";"22:40:00";"114";"sem v�tima";"285,3";"BR-393/RJ";"Sul";"Outros tipos de acidente";1;0;0;0;0;0;0;0;0;0;0;0;0;0;0
"06/01/2011";"00:22:00";"4";"com v�tima";"122";"BR-393/RJ";"Norte";"Capotamento";1;0;1;0;0;0;0;0;0;0;1;0;1;1;0
"06/01/2011";"05:32:00";"25";"sem v�tima";"284,5";"BR-393/RJ";"Norte";"Outros tipos de acidente";1;0;0;0;0;0;0;0;0;0;0;0;0;0;0
"06/01/2011";"13:12:00";"60";"sem v�tima";"106";"BR-393/RJ";"Norte";"Colis�o Traseira";2;0;0;0;0;0;0;0;0;0;3;0;0;0;0
"06/01/2011";"14:31:00";"65";"sem v�tima";"254,2";"BR-393/RJ";"Norte";"Sa�da de Pista";1;0;0;0;0;0;0;0;0;0;1;0;0;0;0
"06/01/2011";"17:03:00";"72";"sem v�tima";"232";"BR-393/RJ";"Sul";"Colis�o Frontal";2;0;0;0;0;0;0;0;0;0;8;0;0;0;0
"07/01/2011";"07:25:00";"34";"com v�tima";"268";"BR-393/RJ";"Sul";"Abalr.Transversal";2;0;0;0;0;0;0;0;0;0;1;1;1;0;0
"07/01/2011";"16:00:00";"85";"com v�tima";"278,5";"BR-393/RJ";"Sul";"Colis�o Traseira";2;0;0;0;0;0;0;0;0;0;2;0;1;0;0
"08/01/2011";"11:59:00";"54";"com v�tima";"119";"BR-393/RJ";"Norte";"Sa�da de Pista";1;0;0;0;0;0;0;0;0;0;0;2;0;0;0
"09/01/2011";"04:46:00";"27";"sem v�tima";"282,3";"BR-393/RJ";"Norte";"Colis�o Traseira";2;0;0;0;0;0;0;0;0;0;2;0;0;0;0
"09/01/2011";"05:09:00";"29";"sem v�tima";"125";"BR-393/RJ";"Sul";"Colis�o com Objeto Fixo";0;0;0;0;1;0;0;0;0;0;1;0;0;0;0
"09/01/2011";"21:00:00";"104";"com v�tima";"235,6";"BR-393/RJ";"Sul";"Abalr.Transversal";1;0;0;1;0;0;0;0;0;0;1;0;0;1;0
"09/01/2011";"23:48:00";"115";"sem v�tima";"175,3";"BR-393/RJ";"Sul";"Outros tipos de acidente";1;0;0;0;1;0;0;0;0;0;3;0;0;0;0
"11/01/2011";"08:29:00";"51";"sem v�tima";"177";"BR-393/RJ";"Sul";"Colis�o Traseira";2;0;0;0;0;0;0;0;0;0;2;0;0;0;0
"11/01/2011";"10:45:00";"63";"sem v�tima";"285,5";"BR-393/RJ";"Sul";"Abalr.Transversal";0;0;0;0;0;0;0;0;0;0;2;0;0;0;0
"11/01/2011";"11:18:00";"65";"sem v�tima";"285,5";"BR-393/RJ";"Sul";"Abalr.Transversal";1;0;1;0;0;0;0;0;0;0;2;0;0;0;0
"11/01/2011";"12:00:00";"72";"sem v�tima";"280";"BR-393/RJ";"Sul";"Abalr.Sentido Oposto";0;0;0;1;0;0;0;0;0;0;1;0;0;0;0
"12/01/2011";"09:12:00";"30";"sem v�tima";"103";"BR-393/RJ";"Norte";"Abalr.Transversal";1;0;0;0;0;0;0;0;0;0;2;0;0;0;0
"12/01/2011";"10:02:00";"33";"sem v�tima";"103,2";"BR-393/RJ";"Sul";"Abalr.Transversal";0;0;0;1;0;0;0;0;0;0;1;0;0;0;0
"12/01/2011";"21:54:00";"101";"sem v�tima";"177,9";"BR-393/RJ";"Sul";"Abalr.Sentido Oposto";1;0;1;0;0;0;0;0;0;0;2;0;0;0;0
"13/01/2011";"10:00:00";"45";"sem v�tima";"141";"BR-393/RJ";"Norte";"Colis�o Traseira";1;0;0;0;0;0;0;0;0;0;1;0;0;0;0
"13/01/2011";"18:07:00";"90";"com v�tima";"286";"BR-393/RJ";"Sul";"Colis�o Traseira";1;0;0;0;0;0;0;0;0;0;0;1;0;0;0
"13/01/2011";"21:05:00";"108";"com v�tima";"155,5";"BR-393/RJ";"Sul";"Tombamento";0;0;1;0;0;0;0;0;0;0;0;2;0;0;0
"14/01/2011";"01:35:00";"6";"sem v�tima";"166";"BR-393/RJ";"Norte";"Colis�o Traseira";0;0;1;0;1;0;0;0;0;0;2;0;0;0;0
"14/01/2011";"01:45:00";"7";"sem v�tima";"232";"BR-393/RJ";"Sul";"Sa�da de Pista";1;0;0;0;0;0;0;0;0;0;1;0;0;0;0
"14/01/2011";"15:44:00";"67";"com v�tima";"285,7";"BR-393/RJ";"Sul";"Colis�o Traseira";1;0;1;0;0;0;0;0;0;0;0;2;0;0;0
"14/01/2011";"16:33:00";"72";"sem v�tima";"248,5";"BR-393/RJ";"Norte";"Sa�da de Pista";1;0;0;0;0;0;0;0;0;0;1;0;0;0;0
"14/01/2011";"17:08:00";"76";"sem v�tima";"243,3";"BR-393/RJ";"Norte";"Tombamento";0;0;1;0;0;0;0;0;0;0;1;0;0;0;0
"14/01/2011";"18:58:00";"88";"com v�tima";"165";"BR-393/RJ";"Norte";"Abalr.Transversal";2;0;0;0;0;0;0;0;0;0;1;2;0;0;0
"14/01/2011";"20:32:00";"100";"com v�tima";"265";"BR-393/RJ";"Norte";"Colis�o Traseira";1;0;0;0;0;0;0;0;0;0;0;2;0;0;0
"16/01/2011";"00:00:00";"1";"sem v�tima";"157";"BR-393/RJ";"Sul";"Sa�da de Pista";0;0;0;0;1;0;0;0;0;0;2;0;0;0;0
"16/01/2011";"00:26:00";"2";"sem v�tima";"108,3";"BR-393/RJ";"Norte";"Colis�o com Objeto Fixo";1;0;0;0;0;0;0;0;0;0;3;0;0;0;0
"16/01/2011";"04:57:00";"16";"sem v�tima";"284";"BR-393/RJ";"Norte";"Colis�o Frontal";2;0;0;0;0;0;0;0;0;0;2;0;0;0;0
"16/01/2011";"10:22:00";"42";"sem v�tima";"163";"BR-393/RJ";"Sul";"Tombamento";0;0;1;0;0;0;0;0;0;0;1;0;0;0;0
"16/01/2011";"13:12:00";"52";"com v�tima";"103,7";"BR-393/RJ";"Norte";"Colis�o Frontal";1;0;0;0;0;0;0;0;0;0;0;1;0;0;0
"16/01/2011";"14:09:00";"57";"sem v�tima";"248,5";"BR-393/RJ";"Norte";"Sa�da de Pista";2;0;0;0;0;0;0;0;0;0;5;0;0;0;0
"16/01/2011";"15:59:00";"62";"sem v�tima";"283";"BR-393/RJ";"Sul";"Colis�o Traseira";1;0;1;0;0;0;0;0;0;0;2;0;0;0;0
"16/01/2011";"22:12:00";"96";"com v�tima";"279";"BR-393/RJ";"Norte";"Atropelamento";1;0;0;0;0;0;0;0;0;0;1;1;0;0;0
"17/01/2011";"08:22:00";"48";"com v�tima";"222";"BR-393/RJ";"Norte";"Sa�da de Pista";1;0;0;0;0;0;0;0;0;0;0;2;0;0;0
"17/01/2011";"08:26:00";"49";"sem v�tima";"165,5";"BR-393/RJ";"Sul";"Outros tipos de acidente";0;0;0;0;0;0;0;0;0;0;0;0;0;0;0
"17/01/2011";"20:14:00";"118";"com v�tima";"235,8";"BR-393/RJ";"Sul";"Atropelamento de Animal";1;0;0;0;0;0;0;0;0;0;0;1;0;0;0
"18/01/2011";"14:56:00";"91";"sem v�tima";"195";"BR-393/RJ";"Norte";"Colis�o Traseira";0;0;2;0;0;0;0;0;0;0;2;0;0;0;0
"18/01/2011";"18:27:00";"116";"com v�tima";"251";"BR-393/RJ";"Sul";"Colis�o Frontal";2;0;0;0;0;0;0;0;0;0;0;4;0;0;0
"19/01/2011";"14:40:00";"94";"sem v�tima";"286";"BR-393/RJ";"Norte";"Outros tipos de acidente";0;0;0;1;0;0;0;0;0;0;1;0;0;0;0
"19/01/2011";"19:04:00";"123";"com v�tima";"285";"BR-393/RJ";"Norte";"Abalr.Transversal";1;0;1;0;0;0;0;0;0;0;0;2;0;0;0
"21/01/2011";"00:53:00";"4";"com v�tima";"173";"BR-393/RJ";"Norte";"Atropelamento";0;0;1;0;0;0;0;0;0;0;1;0;0;0;1
"21/01/2011";"12:20:00";"72";"sem v�tima";"284";"BR-393/RJ";"Norte";"Colis�o Traseira";1;0;0;0;0;0;0;0;0;0;1;0;0;0;0
"21/01/2011";"18:59:00";"124";"sem v�tima";"285,9";"BR-393/RJ";"Sul";"Outros tipos de acidente";0;0;0;0;0;1;0;0;0;0;1;0;0;0;0
"21/01/2011";"22:13:00";"141";"com v�tima";"277,5";"BR-393/RJ";"Sul";"Sa�da de Pista";1;0;0;0;0;0;0;0;0;0;0;1;0;0;0
"22/01/2011";"15:01:00";"66";"com v�tima";"179";"BR-393/RJ";"Norte";"Capotamento";1;0;0;0;0;0;0;0;0;0;0;1;0;0;0
"22/01/2011";"16:37:00";"70";"sem v�tima";"196";"BR-393/RJ";"Sul";"Sa�da de Pista";1;0;0;0;0;0;0;0;0;0;1;0;0;0;0
"22/01/2011";"23:25:00";"100";"com v�tima";"103,8";"BR-393/RJ";"Sul";"Atropelamento";0;0;0;0;0;0;0;0;0;0;0;0;0;0;1
"23/01/2011";"05:40:00";"28";"sem v�tima";"111,2";"BR-393/RJ";"Sul";"Sa�da de Pista";1;0;0;0;0;0;0;0;0;0;1;0;0;0;0
"23/01/2011";"12:44:00";"59";"com v�tima";"279";"BR-393/RJ";"Norte";"Atropelamento";1;0;0;0;0;0;0;0;0;0;0;1;1;0;0
"24/01/2011";"09:43:00";"65";"sem v�tima";"223";"BR-393/RJ";"Sul";"Sa�da de Pista";1;0;0;0;0;0;0;0;0;0;1;0;0;0;0
"24/01/2011";"11:00:00";"72";"sem v�tima";"154";"BR-393/RJ";"Sul";"Colis�o Traseira";2;0;0;0;0;0;0;0;0;0;2;0;0;0;0
"24/01/2011";"11:59:00";"80";"sem v�tima";"229";"BR-393/RJ";"Norte";"Sa�da de Pista";1;0;0;0;0;0;0;0;0;0;1;0;0;0;0
"24/01/2011";"18:02:00";"112";"com v�tima";"204";"BR-393/RJ";"Norte";"Abalr.Transversal";1;0;1;0;0;0;0;0;0;0;0;2;0;0;0
"25/01/2011";"10:06:00";"52";"sem v�tima";"132,5";"BR-393/RJ";"Norte";"Abalr.Mesmo Sentido";1;0;1;0;0;0;0;0;0;0;3;0;0;0;0
"25/01/2011";"16:54:00";"82";"sem v�tima";"151,6";"BR-393/RJ";"Sul";"Abalr.Mesmo Sentido";1;0;1;0;0;0;0;0;0;0;4;0;0;0;0
"27/01/2011";"09:43:00";"62";"sem v�tima";"202";"BR-393/RJ";"Norte";"Sa�da de Pista";1;0;0;0;0;0;0;0;0;0;4;0;0;0;0
"27/01/2011";"16:05:00";"91";"sem v�tima";"189";"BR-393/RJ";"Norte";"Colis�o Traseira";1;0;0;0;0;0;0;0;0;0;2;0;0;0;0
"27/01/2011";"20:01:00";"117";"com v�tima";"279,5";"BR-393/RJ";"Sul";"Colis�o Traseira";2;0;0;0;0;0;0;0;0;0;0;2;0;0;0
"28/01/2011";"07:28:00";"36";"sem v�tima";"220,5";"BR-393/RJ";"Norte";"Capotamento";1;0;0;0;0;0;0;0;0;0;4;0;0;0;0
"28/01/2011";"07:37:00";"38";"sem v�tima";"131,3";"BR-393/RJ";"Norte";"Tombamento";0;0;1;0;0;0;0;0;0;0;1;0;0;0;0
"28/01/2011";"16:52:00";"93";"sem v�tima";"258";"BR-393/RJ";"Norte";"Abalr.Mesmo Sentido";2;0;0;0;0;0;0;0;0;0;3;0;0;0;0
"28/01/2011";"19:34:00";"115";"com v�tima";"256,8";"BR-393/RJ";"Norte";"Sa�da de Pista";1;0;0;0;0;0;0;0;0;0;0;1;0;0;0
"29/01/2011";"00:36:00";"3";"sem v�tima";"151,2";"BR-393/RJ";"Norte";"Colis�o Traseira";0;0;2;0;0;0;0;0;0;0;2;0;0;0;0
"29/01/2011";"06:08:00";"32";"sem v�tima";"254";"BR-393/RJ";"Norte";"Colis�o Traseira";1;0;0;0;0;0;0;0;0;0;2;0;0;0;0
"29/01/2011";"18:12:00";"94";"com v�tima";"279";"BR-393/RJ";"Sul";"Engavetamento";3;0;0;0;0;0;0;0;0;0;0;3;0;0;0
"29/01/2011";"18:48:00";"101";"com v�tima";"256";"BR-393/RJ";"Sul";"Colis�o Traseira";1;0;0;0;0;0;0;0;0;0;0;2;0;0;0
"30/01/2011";"09:56:00";"41";"sem v�tima";"182";"BR-393/RJ";"Norte";"Abalr.Transversal";1;0;1;0;0;0;0;0;0;0;3;0;0;0;0
"31/01/2011";"10:55:00";"72";"com v�tima";"155,6";"BR-393/RJ";"Sul";"Tombamento";0;0;1;0;0;0;0;0;0;0;0;1;0;0;0
"01/02/2011";"09:40:00";"53";"sem v�tima";"165";"BR-393/RJ";"N";"Colis�o com Objeto Fixo";1;0;0;0;0;0;0;0;0;0;1;0;0;0;0
"02/02/2011";"15:25:00";"77";"com v�tima";"285";"BR-393/RJ";"N";"Abalr.Transversal";2;0;0;0;0;0;0;0;0;0;0;2;0;0;0
"02/02/2011";"21:49:00";"114";"sem v�tima";"131,9";"BR-393/RJ";"S";"Abalr.Transversal";0;0;2;0;0;0;0;0;0;0;2;0;0;0;0
"02/02/2011";"23:37:00";"120";"sem v�tima";"286";"BR-393/RJ";"N";"Colis�o Traseira";2;0;0;0;0;0;0;0;0;0;2;0;0;0;0
"03/02/2011";"11:23:00";"71";"com v�tima";"103,8";"BR-393/RJ";"N";"Abalr.Transversal";1;0;1;0;0;0;0;0;0;0;0;1;2;0;0
"03/02/2011";"22:21:00";"116";"com v�tima";"181";"BR-393/RJ";"N";"Sa�da de Pista";1;0;0;0;0;0;0;0;0;0;0;1;0;0;0
"04/02/2011";"12:00:00";"76";"com v�tima";"110";"BR-393/RJ";"S";"Tombamento";0;0;1;0;0;0;0;0;0;0;0;1;0;0;0
"04/02/2011";"19:17:00";"114";"com v�tima";"243";"BR-393/RJ";"N";"Capotamento";1;0;0;0;0;0;0;0;0;0;0;0;0;1;0
"04/02/2011";"20:12:00";"121";"com v�tima";"235";"BR-393/RJ";"S";"Colis�o com Objeto Fixo";0;0;1;0;0;0;0;0;0;0;0;1;0;0;0
"05/02/2011";"03:36:00";"19";"sem v�tima";"2";"Al�a Sul";"N";"Outros tipos de acidente";0;0;0;1;0;0;0;0;0;0;3;0;0;0;0
"05/02/2011";"11:03:00";"53";"sem v�tima";"286,3";"BR-393/RJ";"S";"Engavetamento";2;0;1;0;0;0;0;0;0;0;2;0;0;0;0
"05/02/2011";"11:27:00";"57";"sem v�tima";"286,3";"BR-393/RJ";"S";"Colis�o Traseira";2;0;0;0;0;0;0;0;0;0;3;0;0;0;0
"05/02/2011";"15:54:00";"78";"com v�tima";"175,6";"BR-393/RJ";"N";"Abalr.Mesmo Sentido";2;0;0;0;0;0;0;0;0;0;0;1;0;0;0
"06/02/2011";"12:46:00";"95";"sem v�tima";"285";"BR-393/RJ";"S";"Colis�o com Objeto Fixo";1;0;0;0;0;0;0;0;0;0;1;0;0;0;0
"06/02/2011";"21:21:00";"135";"sem v�tima";"104";"BR-393/RJ";"N";"Colis�o Traseira";2;0;0;0;0;0;0;0;0;0;4;0;0;0;0
"07/02/2011";"11:48:00";"67";"sem v�tima";"283";"BR-393/RJ";"S";"Abalr.Transversal";2;0;0;0;0;0;0;0;0;0;2;0;0;0;0
"07/02/2011";"14:18:00";"80";"sem v�tima";"232,8";"BR-393/RJ";"N";"Colis�o com Objeto Fixo";1;0;0;0;0;0;0;0;0;0;2;0;0;0;0
"08/02/2011";"14:36:00";"88";"com v�tima";"286,1";"BR-393/RJ";"N";"Abalr.Transversal";0;0;1;1;1;0;0;0;0;0;4;0;0;2;0
"09/02/2011";"00:39:00";"4";"sem v�tima";"181";"BR-393/RJ";"N";"Outros tipos de acidente";0;1;0;0;0;0;0;0;0;0;2;0;0;0;0
"09/02/2011";"13:59:00";"104";"sem v�tima";"260";"BR-393/RJ";"N";"Sa�da de Pista";1;0;0;0;0;0;0;0;0;0;1;0;0;0;0
"09/02/2011";"16:07:00";"112";"sem v�tima";"282";"BR-393/RJ";"N";"Outros tipos de acidente";1;0;0;0;0;1;0;0;0;0;2;0;0;0;0
"10/02/2011";"08:36:00";"47";"sem v�tima";"251,5";"BR-393/RJ";"N";"Outros tipos de acidente";0;0;0;0;0;0;0;0;0;0;3;0;0;0;0
"10/02/2011";"10:36:00";"61";"com v�tima";"267,3";"BR-393/RJ";"N";"Sa�da de Pista";1;0;0;0;0;0;0;0;0;0;0;1;0;0;0
"10/02/2011";"16:47:00";"90";"sem v�tima";"227,7";"BR-393/RJ";"S";"Sa�da de Pista";1;0;0;0;0;0;0;0;0;0;3;0;0;0;0
"10/02/2011";"17:40:00";"105";"sem v�tima";"286";"BR-393/RJ";"N";"Engavetamento";3;0;0;1;0;0;0;0;0;0;1;0;0;0;0
"11/02/2011";"23:44:00";"129";"sem v�tima";"104";"BR-393/RJ";"N";"Outros tipos de acidente";0;0;0;1;0;0;0;0;0;0;0;0;0;0;0
"12/02/2011";"04:08:00";"19";"com v�tima";"239";"BR-393/RJ";"N";"Abalr.Sentido Oposto";1;0;0;0;0;1;0;0;0;0;1;0;0;2;0
"12/02/2011";"12:45:00";"62";"com v�tima";"119";"BR-393/RJ";"N";"Abalr.Sentido Oposto";1;0;1;0;0;0;0;0;0;0;1;1;0;0;0
"12/02/2011";"16:15:00";"72";"sem v�tima";"148";"BR-393/RJ";"N";"Abalr.Transversal";1;0;0;0;0;0;0;0;0;0;1;0;0;0;0
"13/02/2011";"11:36:00";"64";"com v�tima";"283";"BR-393/RJ";"S";"Engavetamento";3;0;0;0;0;0;0;0;0;0;1;3;0;0;0
"13/02/2011";"15:29:00";"76";"com v�tima";"182";"BR-393/RJ";"N";"Abalr.Sentido Oposto";0;0;1;1;0;0;0;0;0;0;0;2;0;0;0
"13/02/2011";"15:34:00";"77";"com v�tima";"157,9";"BR-393/RJ";"N";"Abalr.Sentido Oposto";1;0;1;0;0;0;0;0;0;0;0;1;0;0;0
"13/02/2011";"16:29:00";"84";"sem v�tima";"173";"BR-393/RJ";"S";"Tombamento";0;0;1;0;0;0;0;0;0;0;4;0;0;0;0
"13/02/2011";"16:44:00";"86";"sem v�tima";"103,8";"BR-393/RJ";"N";"Colis�o Frontal";2;0;0;0;0;0;0;0;0;0;1;0;0;0;0
"14/02/2011";"00:04:00";"1";"sem v�tima";"136,3";"BR-393/RJ";"S";"Sa�da de Pista";1;0;0;0;0;0;0;0;0;0;6;0;0;0;0
"14/02/2011";"07:39:00";"65";"sem v�tima";"205";"BR-393/RJ";"N";"Sa�da de Pista";1;0;0;0;0;0;0;0;0;0;2;0;0;0;0
"14/02/2011";"07:39:00";"66";"sem v�tima";"156";"BR-393/RJ";"N";"Abalr.Mesmo Sentido";1;0;1;0;0;0;0;0;0;0;2;0;0;0;0
"14/02/2011";"18:00:00";"123";"sem v�tima";"103,8";"BR-393/RJ";"S";"Colis�o Frontal";2;0;0;0;0;0;0;0;0;0;6;0;0;0;0
"14/02/2011";"22:46:00";"144";"sem v�tima";"284,2";"BR-393/RJ";"N";"Colis�o Traseira";1;0;0;0;1;0;0;0;0;0;1;0;0;0;0
"15/02/2011";"14:59:00";"82";"sem v�tima";"154";"BR-393/RJ";"S";"Abalr.Mesmo Sentido";1;0;1;0;0;0;0;0;0;0;2;0;0;0;0
"16/02/2011";"23:49:00";"125";"sem v�tima";"177,8";"BR-393/RJ";"S";"Colis�o Traseira";0;0;2;0;0;0;0;0;0;0;2;0;0;0;0
"17/02/2011";"12:58:00";"58";"com v�tima";"103,8";"BR-393/RJ";"N";"Abalr.Transversal";1;0;1;0;0;0;0;0;0;0;1;1;0;0;0
"17/02/2011";"16:03:00";"72";"com v�tima";"271,2";"BR-393/RJ";"S";"Colis�o Frontal";1;0;1;0;0;0;0;0;0;0;1;0;1;0;0
"17/02/2011";"23:15:00";"105";"com v�tima";"258";"BR-393/RJ";"S";"Capotamento";1;0;0;0;0;0;0;0;0;0;2;1;1;1;0
"19/02/2011";"11:24:00";"54";"com v�tima";"199";"BR-393/RJ";"N";"Colis�o Traseira";2;0;0;0;0;0;0;0;0;0;0;0;1;0;0
"19/02/2011";"14:45:00";"65";"sem v�tima";"236,6";"BR-393/RJ";"N";"Outros tipos de acidente";0;0;0;1;0;0;0;0;0;0;5;0;0;0;0
"19/02/2011";"16:16:00";"68";"com v�tima";"1";"Al�a Sul";"S";"Colis�o Traseira";1;1;0;0;0;0;0;0;0;0;0;1;0;0;0
"19/02/2011";"23:42:00";"104";"com v�tima";"264";"BR-393/RJ";"S";"Sa�da de Pista";0;0;0;1;0;0;0;0;0;0;0;1;0;0;0