fdata;horario;n_da_ocorrencia;tipo_de_ocorrencia;km;trecho;sentido;tipo_de_acidente;automovel;bicicleta;caminhao;moto;onibus;outros;tracao_animal;transporte_de_cargas_especiais;trator_maquinas;utilitarios;ilesos;levemente_feridos;moderadamente_feridos;gravemente_feridos;mortos
"20/02/2011";"06:02:00";"33";"sem v�tima";"251,9";"BR-393/RJ";"S";"Atropelamento";1;0;0;0;0;0;0;0;0;0;1;0;0;0;0
"20/02/2011";"11:06:00";"56";"com v�tima";"243";"BR-393/RJ";"S";"Sa�da de Pista";0;0;0;1;0;0;0;0;0;0;0;1;0;0;0
"21/02/2011";"11:50:00";"108";"sem v�tima";"246";"BR-393/RJ";"N";"Sa�da de Pista";1;0;0;0;0;0;0;0;0;0;1;0;0;0;0
"21/02/2011";"16:01:00";"127";"com v�tima";"243";"BR-393/RJ";"N";"Sa�da de Pista";1;0;0;0;0;0;0;0;0;0;0;0;1;2;1
"21/02/2011";"18:01:00";"142";"sem v�tima";"246,8";"BR-393/RJ";"S";"Colis�o Frontal";2;0;0;0;0;0;0;0;0;0;1;0;0;0;0
"21/02/2011";"18:14:00";"143";"sem v�tima";"133";"BR-393/RJ";"N";"Abalr.Transversal";0;0;1;0;0;0;0;0;0;0;1;0;0;0;0
"23/02/2011";"10:45:00";"72";"sem v�tima";"175";"BR-393/RJ";"N";"Abalr.Sentido Oposto";0;0;1;0;1;0;0;0;0;0;2;0;0;0;0
"23/02/2011";"18:04:00";"117";"sem v�tima";"281";"BR-393/RJ";"N";"Outros tipos de acidente";0;0;0;1;0;0;0;0;0;0;2;0;0;0;0
"23/02/2011";"19:02:00";"123";"sem v�tima";"255,5";"BR-393/RJ";"S";"Abalr.Transversal";1;0;1;0;0;0;0;0;0;0;1;0;0;0;0
"23/02/2011";"19:07:00";"124";"com v�tima";"274";"BR-393/RJ";"S";"Capotamento";1;0;0;0;0;0;0;0;0;0;0;1;0;0;0
"24/02/2011";"04:33:00";"30";"sem v�tima";"105";"BR-393/RJ";"N";"Abalr.Sentido Oposto";1;0;1;0;0;0;0;0;0;0;2;0;0;0;0
"24/02/2011";"09:54:00";"54";"sem v�tima";"202";"BR-393/RJ";"N";"Abalr.Mesmo Sentido";1;0;0;1;0;0;0;0;0;0;3;0;0;0;0
"24/02/2011";"13:13:00";"74";"com v�tima";"236";"BR-393/RJ";"N";"Colis�o Frontal";1;0;1;0;0;0;0;0;0;0;1;0;0;0;1
"25/02/2011";"12:20:00";"71";"com v�tima";"278,7";"BR-393/RJ";"N";"Abalr.Mesmo Sentido";1;0;0;1;0;0;0;0;0;0;1;0;1;0;0
"27/02/2011";"06:31:00";"28";"sem v�tima";"176";"BR-393/RJ";"N";"Colis�o Traseira";1;0;0;0;0;0;0;0;0;0;2;0;0;0;0
"27/02/2011";"10:01:00";"39";"sem v�tima";"234";"BR-393/RJ";"N";"Colis�o Traseira";0;0;2;0;0;0;0;0;0;0;2;0;0;0;0
"27/02/2011";"15:48:00";"58";"sem v�tima";"276,5";"BR-393/RJ";"S";"Sa�da de Pista";2;0;0;0;0;0;0;0;0;0;3;0;0;0;0
"27/02/2011";"16:42:00";"63";"sem v�tima";"138,1";"BR-393/RJ";"S";"Tombamento";0;0;1;0;0;1;0;0;0;0;2;0;0;0;0
"28/02/2011";"07:15:00";"30";"sem v�tima";"286";"BR-393/RJ";"N";"Colis�o Traseira";1;0;0;0;0;0;0;0;0;0;3;0;0;0;0
"28/02/2011";"08:02:00";"31";"com v�tima";"285";"BR-393/RJ";"S";"Atropelamento";1;0;0;0;0;0;0;0;0;0;0;1;0;0;0
"28/02/2011";"20:58:00";"106";"sem v�tima";"238,8";"BR-393/RJ";"N";"Abalr.Transversal";2;0;0;0;0;0;0;0;0;0;1;0;0;0;0
"01/03/2011";"08:06:00";"36";"sem v�tima";"285,5";"BR-393/RJ";"Norte";"Colis�o Traseira";2;0;0;0;0;0;0;0;0;0;1;0;0;0;0
"01/03/2011";"10:17:00";"50";"sem v�tima";"256";"BR-393/RJ";"Norte";"Sa�da de Pista";0;1;0;0;0;0;0;0;0;0;2;0;0;0;0
"01/03/2011";"12:39:00";"71";"sem v�tima";"255";"BR-393/RJ";"Norte";"Capotamento";2;0;0;0;0;0;0;0;0;0;3;0;0;0;0
"01/03/2011";"14:38:00";"76";"sem v�tima";"253";"BR-393/RJ";"Norte";"Tombamento";0;0;1;0;0;0;0;0;0;0;1;0;0;0;0
"01/03/2011";"17:18:00";"84";"com v�tima";"235,5";"BR-393/RJ";"Norte";"Abalr.Mesmo Sentido";2;0;0;0;0;0;0;0;0;0;1;0;2;0;0
"02/03/2011";"04:09:00";"36";"sem v�tima";"215";"BR-393/RJ";"Norte";"Tombamento";0;0;1;0;0;0;0;0;0;0;1;0;0;0;0
"02/03/2011";"14:25:00";"88";"com v�tima";"152";"BR-393/RJ";"Norte";"Sa�da de Pista";1;0;0;0;0;0;0;0;0;0;1;1;0;0;0
"02/03/2011";"22:12:00";"128";"sem v�tima";"284,2";"BR-393/RJ";"Norte";"Colis�o Frontal";2;0;0;0;0;0;0;0;0;0;3;0;0;0;0
"02/03/2011";"23:20:00";"130";"sem v�tima";"127";"BR-393/RJ";"Norte";"Sa�da de Pista";0;0;1;0;0;0;0;0;0;0;1;0;0;0;0
"03/03/2011";"10:27:00";"85";"sem v�tima";"199";"BR-393/RJ";"Sul";"Colis�o Traseira";1;0;1;0;0;0;0;0;0;0;4;0;0;0;0
"03/03/2011";"16:03:00";"117";"com v�tima";"259";"BR-393/RJ";"Norte";"Colis�o Frontal";1;0;1;0;0;0;0;0;0;0;0;1;0;0;0
"04/03/2011";"04:12:00";"21";"sem v�tima";"206";"BR-393/RJ";"Norte";"Atropelamento";0;0;0;1;0;0;0;0;0;0;2;0;0;0;0
"04/03/2011";"04:27:00";"23";"com v�tima";"245";"BR-393/RJ";"Norte";"Outros tipos de acidente";0;0;0;1;0;0;0;0;0;0;0;0;0;0;1
"04/03/2011";"13:38:00";"73";"sem v�tima";"285,5";"BR-393/RJ";"Sul";"Abalr.Transversal";1;0;1;0;0;0;0;0;0;0;1;0;0;0;0
"04/03/2011";"16:40:00";"89";"sem v�tima";"243";"BR-393/RJ";"Sul";"Tombamento";0;0;1;0;0;0;0;0;0;0;1;0;0;0;0
"05/03/2011";"00:59:00";"3";"com v�tima";"270,5";"BR-393/RJ";"Norte";"Abalr.Sentido Oposto";1;0;2;0;0;0;0;0;0;0;3;0;1;2;0
"05/03/2011";"03:44:00";"16";"com v�tima";"245";"BR-393/RJ";"Norte";"Colis�o Traseira";1;0;1;0;0;0;0;0;0;0;1;3;0;0;0
"05/03/2011";"07:21:00";"25";"sem v�tima";"283";"BR-393/RJ";"Norte";"Colis�o Traseira";2;0;0;0;0;0;0;0;0;0;2;0;0;0;0
"05/03/2011";"08:17:00";"27";"sem v�tima";"157";"BR-393/RJ";"Norte";"Colis�o Traseira";1;0;1;0;0;0;0;0;0;0;7;0;0;0;0
"05/03/2011";"08:38:00";"30";"sem v�tima";"212";"BR-393/RJ";"Norte";"Sa�da de Pista";1;0;0;0;0;0;0;0;0;0;3;0;0;0;0
"05/03/2011";"09:58:00";"36";"sem v�tima";"103,8";"BR-393/RJ";"Norte";"Colis�o Traseira";3;0;0;0;0;0;0;0;0;0;10;0;0;0;0
"05/03/2011";"10:06:00";"39";"sem v�tima";"104";"BR-393/RJ";"Norte";"Colis�o Traseira";2;0;0;0;0;0;0;0;0;0;3;0;0;0;0
"05/03/2011";"10:59:00";"43";"sem v�tima";"104,2";"BR-393/RJ";"Norte";"Colis�o Traseira";1;0;0;0;0;0;0;0;0;0;3;0;0;0;0
"05/03/2011";"19:48:00";"81";"sem v�tima";"255,9";"BR-393/RJ";"Norte";"Sa�da de Pista";1;0;0;0;0;0;0;0;0;0;1;0;0;0;0
"05/03/2011";"22:53:00";"95";"sem v�tima";"168";"BR-393/RJ";"Sul";"Sa�da de Pista";1;0;0;0;0;0;0;0;0;0;2;0;0;0;0
"05/03/2011";"23:01:00";"96";"sem v�tima";"180,8";"BR-393/RJ";"Sul";"Sa�da de Pista";1;0;0;0;0;0;0;0;0;0;1;0;0;0;0
"06/03/2011";"10:07:00";"34";"sem v�tima";"258";"BR-393/RJ";"Norte";"Sa�da de Pista";1;0;0;0;0;0;0;0;0;0;3;0;0;0;0
"06/03/2011";"14:20:00";"50";"sem v�tima";"169";"BR-393/RJ";"Norte";"Colis�o Traseira";3;0;0;0;0;0;0;0;0;0;9;0;0;0;0
"06/03/2011";"15:06:00";"53";"sem v�tima";"125";"BR-393/RJ";"Sul";"Colis�o Traseira";1;0;0;0;0;0;0;0;0;0;2;0;0;0;0
"06/03/2011";"20:47:00";"90";"sem v�tima";"271";"BR-393/RJ";"Norte";"Abalr.Sentido Oposto";1;0;1;0;0;0;0;0;0;0;2;0;0;0;0
"08/03/2011";"05:49:00";"66";"sem v�tima";"234";"BR-393/RJ";"Sul";"Sa�da de Pista";1;0;0;0;0;0;0;0;0;0;1;0;0;0;0
"08/03/2011";"10:39:00";"92";"sem v�tima";"219";"BR-393/RJ";"Norte";"Colis�o Traseira";2;0;0;0;0;0;0;0;0;0;4;0;0;0;0
"08/03/2011";"11:19:00";"95";"sem v�tima";"154";"BR-393/RJ";"Norte";"Abalr.Mesmo Sentido";1;0;0;0;0;1;0;0;0;0;5;0;0;0;0
"08/03/2011";"23:22:00";"154";"com v�tima";"281";"BR-393/RJ";"Norte";"Colis�o Frontal";0;0;1;1;0;0;0;0;0;0;0;1;0;0;0
"10/03/2011";"15:23:00";"84";"sem v�tima";"280";"BR-393/RJ";"Norte";"Abalr.Mesmo Sentido";2;0;0;0;0;0;0;0;0;0;2;0;0;0;0
"10/03/2011";"20:19:00";"114";"sem v�tima";"284";"BR-393/RJ";"Norte";"Colis�o Traseira";2;0;0;0;0;0;0;0;0;0;1;0;0;0;0
"11/03/2011";"03:30:00";"22";"sem v�tima";"238";"BR-393/RJ";"Sul";"Sa�da de Pista";1;0;0;0;0;0;0;0;0;0;2;0;0;0;0
"11/03/2011";"18:16:00";"103";"sem v�tima";"267";"BR-393/RJ";"Sul";"Colis�o Traseira";1;0;1;0;1;0;0;0;0;0;3;0;0;0;0
"13/03/2011";"11:24:00";"45";"sem v�tima";"279";"BR-393/RJ";"Norte";"Colis�o Traseira";1;0;0;1;0;0;0;0;0;0;2;0;0;0;0
"13/03/2011";"14:33:00";"61";"sem v�tima";"152";"BR-393/RJ";"Norte";"Sa�da de Pista";0;0;1;0;0;0;0;0;0;0;1;0;0;0;0
"13/03/2011";"15:30:00";"65";"sem v�tima";"156";"BR-393/RJ";"Norte";"Atropelamento";1;0;0;0;0;0;0;0;0;0;1;0;0;0;0
"13/03/2011";"22:59:00";"96";"com v�tima";"175";"BR-393/RJ";"Norte";"Colis�o com Objeto Fixo";1;0;0;0;0;0;0;0;0;0;0;1;0;0;0
"15/03/2011";"11:56:00";"47";"sem v�tima";"282";"BR-393/RJ";"Norte";"Colis�o Traseira";1;0;0;1;0;0;0;0;0;0;2;0;0;0;0
"15/03/2011";"15:59:00";"67";"sem v�tima";"238,6";"BR-393/RJ";"Norte";"Colis�o Traseira";1;0;1;0;0;0;0;0;0;0;2;0;0;0;0
"16/03/2011";"09:39:00";"62";"sem v�tima";"235";"BR-393/RJ";"Norte";"Abalr.Transversal";2;0;0;0;0;0;0;0;0;0;2;0;0;0;0
"16/03/2011";"12:23:00";"77";"com v�tima";"158";"BR-393/RJ";"Norte";"Tombamento";1;0;0;0;0;0;0;0;0;0;0;0;0;0;1
"16/03/2011";"14:29:00";"84";"sem v�tima";"142";"BR-393/RJ";"Norte";"Colis�o Traseira";0;0;1;0;0;0;0;0;0;0;2;0;0;0;0
"16/03/2011";"20:30:00";"116";"sem v�tima";"258,5";"BR-393/RJ";"Sul";"Sa�da de Pista";0;0;1;0;0;0;0;0;0;0;1;0;0;0;0
"16/03/2011";"21:46:00";"122";"com v�tima";"1";"Al�a Sul";"Sul";"Atropelamento";0;0;1;0;0;0;0;0;0;0;1;0;1;0;0
"17/03/2011";"01:35:00";"12";"sem v�tima";"188,3";"BR-393/RJ";"Norte";"Outros tipos de acidente";0;0;1;0;0;0;0;0;0;0;1;0;0;0;0
"17/03/2011";"19:21:00";"103";"sem v�tima";"104,1";"BR-393/RJ";"Norte";"Abalr.Mesmo Sentido";0;0;0;1;0;0;0;0;0;0;1;0;0;0;0
"19/03/2011";"04:31:00";"18";"com v�tima";"235";"BR-393/RJ";"Norte";"Outros tipos de acidente";0;0;0;1;0;0;0;0;0;0;0;1;0;0;0
"20/03/2011";"05:10:00";"29";"sem v�tima";"254,4";"BR-393/RJ";"Sul";"Sa�da de Pista";1;0;0;0;0;0;0;0;0;0;4;0;0;0;0
"20/03/2011";"13:32:00";"58";"sem v�tima";"128";"BR-393/RJ";"Norte";"Tombamento";1;0;0;0;0;0;0;0;0;0;1;0;0;0;0
"21/03/2011";"18:16:00";"89";"sem v�tima";"198,9";"BR-393/RJ";"Sul";"Abalr.Sentido Oposto";0;0;2;0;0;0;0;0;0;0;2;0;0;0;0
"22/03/2011";"13:25:00";"68";"sem v�tima";"210";"BR-393/RJ";"Norte";"Sa�da de Pista";1;0;0;0;0;0;0;0;0;0;1;0;0;0;0
"22/03/2011";"19:08:00";"98";"sem v�tima";"229,9";"BR-393/RJ";"Sul";"Abalr.Sentido Oposto";0;0;2;0;0;0;0;0;0;0;3;0;0;0;0
"23/03/2011";"16:16:00";"87";"sem v�tima";"168";"BR-393/RJ";"Sul";"Abalr.Transversal";0;0;2;0;0;0;0;0;0;0;2;0;0;0;0
"23/03/2011";"22:50:00";"116";"sem v�tima";"132,4";"BR-393/RJ";"Sul";"Abalr.Sentido Oposto";0;0;1;0;0;0;0;0;0;0;1;0;0;0;0
"24/03/2011";"03:00:00";"17";"sem v�tima";"265";"BR-393/RJ";"Norte";"Colis�o Traseira";0;0;2;0;0;0;0;0;0;0;2;0;0;0;0
"24/03/2011";"07:43:00";"30";"sem v�tima";"238";"BR-393/RJ";"Norte";"Tombamento";0;0;1;0;0;0;0;0;0;0;3;0;0;0;0
"24/03/2011";"17:57:00";"83";"sem v�tima";"236,5";"BR-393/RJ";"Norte";"Abalr.Transversal";2;0;0;0;0;0;0;0;0;0;3;0;0;0;0
"25/03/2011";"23:13:00";"110";"sem v�tima";"178";"BR-393/RJ";"Sul";"Colis�o Traseira";0;0;2;0;0;0;0;0;0;0;2;0;0;0;0
"26/03/2011";"18:59:00";"107";"sem v�tima";"229,8";"BR-393/RJ";"Sul";"Sa�da de Pista";1;0;0;0;0;0;0;0;0;0;2;0;0;0;0
"27/03/2011";"05:05:00";"26";"sem v�tima";"244";"BR-393/RJ";"Sul";"Sa�da de Pista";1;0;0;0;0;0;0;0;0;0;1;0;0;0;0
"28/03/2011";"21:54:00";"153";"sem v�tima";"259,5";"BR-393/RJ";"Norte";"Sa�da de Pista";1;0;0;0;0;0;0;0;0;0;1;0;0;0;0
"29/03/2011";"15:33:00";"79";"sem v�tima";"105";"BR-393/RJ";"Norte";"Abalr.Transversal";2;0;0;0;0;0;0;0;0;0;2;0;0;0;0
"29/03/2011";"17:00:00";"85";"com v�tima";"189";"BR-393/RJ";"Norte";"Sa�da de Pista";1;0;0;0;0;0;0;0;0;0;2;1;0;0;0
"29/03/2011";"23:34:00";"119";"sem v�tima";"285";"BR-393/RJ";"Norte";"Colis�o Traseira";1;0;0;0;1;0;0;0;0;0;2;0;0;0;0
"30/03/2011";"00:39:00";"1";"sem v�tima";"106,2";"BR-393/RJ";"Norte";"Colis�o Traseira";0;0;1;0;0;1;0;0;0;0;3;0;0;0;0
"30/03/2011";"07:28:00";"25";"sem v�tima";"281";"BR-393/RJ";"Norte";"Colis�o Frontal";0;1;0;1;0;0;0;0;0;0;2;0;0;0;0
"30/03/2011";"08:00:00";"29";"sem v�tima";"281";"BR-393/RJ";"Norte";"Colis�o Traseira";0;1;1;0;0;0;0;0;0;0;2;0;0;0;0
"30/03/2011";"16:09:00";"76";"sem v�tima";"199,1";"BR-393/RJ";"Norte";"Abalr.Sentido Oposto";0;0;1;0;0;0;0;0;0;0;1;0;0;0;0
"31/03/2011";"18:26:00";"93";"sem v�tima";"171,7";"BR-393/RJ";"Sul";"Abalr.Transversal";1;0;1;0;0;0;0;0;0;0;2;0;0;0;0
"01/04/2011";"16:17:00";"82";"sem v�tima";"176";"BR-393/RJ";"Norte";"Colis�o Frontal";0;0;0;1;0;0;0;0;0;0;1;0;0;0;0
"01/04/2011";"19:33:00";"102";"sem v�tima";"286";"BR-393/RJ";"Sul";"Colis�o Traseira";2;0;0;0;0;0;0;0;0;0;2;0;0;0;0
"01/04/2011";"22:29:00";"117";"sem v�tima";"121,5";"BR-393/RJ";"Norte";"Sa�da de Pista";1;0;0;0;0;0;0;0;0;0;2;0;0;0;0
"02/04/2011";"08:23:00";"35";"sem v�tima";"234";"BR-393/RJ";"Sul";"Outros tipos de acidente";0;0;0;1;0;0;0;0;0;0;1;0;0;0;0
"02/04/2011";"12:24:00";"54";"sem v�tima";"236,8";"BR-393/RJ";"Norte";"Abalr.Transversal";2;0;0;0;0;0;0;0;0;0;2;0;0;0;0
"02/04/2011";"19:59:00";"90";"sem v�tima";"286";"BR-393/RJ";"Norte";"Colis�o Traseira";2;0;0;0;0;0;0;0;0;0;2;0;0;0;0
"03/04/2011";"06:16:00";"25";"com v�tima";"243,8";"BR-393/RJ";"Sul";"Tombamento";0;0;1;0;0;0;0;0;0;0;0;1;0;0;0
"03/04/2011";"07:50:00";"30";"sem v�tima";"200,5";"BR-393/RJ";"Norte";"Abalr.Mesmo Sentido";1;0;1;0;0;0;0;0;0;0;2;0;0;0;0
"03/04/2011";"16:02:00";"63";"sem v�tima";"229";"BR-393/RJ";"Norte";"Sa�da de Pista";1;0;0;0;0;0;0;0;0;0;1;0;0;0;0
"03/04/2011";"23:19:00";"101";"sem v�tima";"282";"BR-393/RJ";"Norte";"Abalr.Transversal";1;0;0;0;1;0;0;0;0;0;2;0;0;0;0
"03/04/2011";"23:23:00";"102";"sem v�tima";"133,5";"BR-393/RJ";"Norte";"Colis�o com Objeto Fixo";1;0;0;0;0;0;0;0;0;0;1;0;0;0;0
"04/04/2011";"16:50:00";"86";"sem v�tima";"161";"BR-393/RJ";"Norte";"Capotamento";0;0;1;0;0;0;0;0;0;0;2;0;0;0;0
"05/04/2011";"16:31:00";"88";"sem v�tima";"216";"BR-393/RJ";"Norte";"Outros tipos de acidente";0;0;1;0;0;0;0;0;0;0;1;0;0;0;0
"05/04/2011";"23:22:00";"128";"sem v�tima";"143,5";"BR-393/RJ";"Norte";"Tombamento";0;0;0;0;1;0;0;0;0;0;1;0;0;0;0
"06/04/2011";"05:52:00";"27";"sem v�tima";"247,2";"BR-393/RJ";"Norte";"Atropelamento de Animal";1;0;0;0;0;0;0;0;0;0;1;0;0;0;0
"06/04/2011";"08:46:00";"39";"sem v�tima";"281";"BR-393/RJ";"Sul";"Abalr.Transversal";2;0;0;0;0;0;0;0;0;0;2;0;0;0;0
"06/04/2011";"18:40:00";"90";"sem v�tima";"284";"BR-393/RJ";"Sul";"Colis�o Traseira";2;0;1;0;0;0;0;0;0;0;3;0;0;0;0
"06/04/2011";"18:57:00";"93";"sem v�tima";"285";"BR-393/RJ";"Norte";"Abalr.Transversal";1;0;1;0;0;0;0;0;0;0;2;0;0;0;0
"07/04/2011";"15:11:00";"82";"sem v�tima";"281";"BR-393/RJ";"Norte";"Abalr.Transversal";2;0;0;0;0;0;0;0;0;0;3;0;0;0;0
"08/04/2011";"05:29:00";"21";"sem v�tima";"200";"BR-393/RJ";"Norte";"Capotamento";1;0;0;0;0;0;0;0;0;0;4;0;0;0;0
"08/04/2011";"16:54:00";"67";"sem v�tima";"250";"BR-393/RJ";"Norte";"Abalr.Transversal";1;0;2;0;0;0;0;0;0;0;7;0;0;0;0
"08/04/2011";"21:11:00";"92";"com v�tima";"102";"BR-393/RJ";"Sul";"Colis�o Frontal";2;0;0;0;0;0;0;0;0;0;1;0;1;0;0
"08/04/2011";"22:14:00";"93";"sem v�tima";"286";"BR-393/RJ";"Norte";"Colis�o Frontal";0;0;0;1;0;0;0;0;0;0;1;0;0;0;0
"09/04/2011";"15:00:00";"60";"sem v�tima";"283";"BR-393/RJ";"Norte";"Engavetamento";0;0;1;0;0;0;0;0;0;0;1;0;0;0;0
"09/04/2011";"19:59:00";"86";"sem v�tima";"193";"BR-393/RJ";"Sul";"Colis�o Traseira";0;0;0;0;0;1;0;0;0;0;1;0;0;0;0
"09/04/2011";"23:33:00";"107";"sem v�tima";"242,6";"BR-393/RJ";"Sul";"Capotamento";1;0;0;0;0;0;0;0;0;0;2;0;0;0;0
"10/04/2011";"13:05:00";"81";"sem v�tima";"285";"BR-393/RJ";"Norte";"Abalr.Transversal";0;0;0;1;1;0;0;0;0;0;2;0;0;0;0
"10/04/2011";"18:20:00";"106";"com v�tima";"175,6";"BR-393/RJ";"Sul";"Abalr.Mesmo Sentido";0;0;0;1;0;0;0;0;0;0;0;0;1;0;0
"10/04/2011";"18:25:00";"108";"sem v�tima";"160";"BR-393/RJ";"Norte";"Colis�o Traseira";1;0;1;0;0;0;0;0;0;0;2;0;0;0;0
"10/04/2011";"18:52:00";"112";"com v�tima";"235,5";"BR-393/RJ";"Norte";"Abalr.Transversal";1;0;0;1;0;0;0;0;0;0;1;1;0;0;0
"11/04/2011";"06:28:00";"62";"com v�tima";"280,8";"BR-393/RJ";"Norte";"Atropelamento";0;0;0;1;0;0;0;0;0;0;1;0;0;1;0
"11/04/2011";"15:38:00";"122";"sem v�tima";"282";"BR-393/RJ";"Sul";"Colis�o Traseira";2;0;0;0;0;0;0;0;0;0;2;0;0;0;0
"12/04/2011";"18:35:00";"124";"sem v�tima";"284,2";"BR-393/RJ";"Norte";"Abalr.Transversal";1;0;0;0;0;0;0;0;0;0;1;0;0;0;0
"14/04/2011";"18:27:00";"93";"sem v�tima";"254";"BR-393/RJ";"Sul";"Abalr.Mesmo Sentido";0;0;1;0;1;0;0;0;0;0;18;0;0;0;0
"14/04/2011";"18:38:00";"94";"com v�tima";"106,3";"BR-393/RJ";"Norte";"Colis�o Frontal";1;0;0;1;0;0;0;0;0;0;2;0;0;1;0
"15/04/2011";"04:15:00";"26";"sem v�tima";"254";"BR-393/RJ";"Sul";"Tombamento";0;0;1;0;0;0;0;0;0;0;1;0;0;0;0
"15/04/2011";"06:08:00";"31";"sem v�tima";"276,8";"BR-393/RJ";"Norte";"Sa�da de Pista";1;0;0;0;0;0;0;0;0;0;1;0;0;0;0
"15/04/2011";"10:12:00";"48";"com v�tima";"243";"BR-393/RJ";"Sul";"Sa�da de Pista";0;0;1;0;0;0;0;0;0;0;1;1;0;0;0
"15/04/2011";"10:22:00";"49";"sem v�tima";"284";"BR-393/RJ";"Sul";"Colis�o Traseira";1;0;0;0;0;0;0;0;0;0;2;0;0;0;0
"15/04/2011";"12:34:00";"64";"sem v�tima";"101,9";"BR-393/RJ";"Sul";"Abalr.Transversal";1;0;1;0;0;0;0;0;0;0;2;0;0;0;0
"15/04/2011";"14:21:00";"69";"sem v�tima";"258";"BR-393/RJ";"Norte";"Colis�o Traseira";2;0;0;0;0;0;0;0;0;0;2;0;0;0;0
"15/04/2011";"15:04:00";"71";"sem v�tima";"158";"BR-393/RJ";"Sul";"Outros tipos de acidente";0;0;0;1;0;0;0;0;0;0;1;0;0;0;0
"16/04/2011";"12:41:00";"51";"com v�tima";"120,8";"BR-393/RJ";"Sul";"Tombamento";0;0;1;0;0;0;0;0;0;0;0;2;0;0;0
"16/04/2011";"17:08:00";"65";"sem v�tima";"282,4";"BR-393/RJ";"Norte";"Colis�o Traseira";2;0;0;0;0;0;0;0;0;0;2;0;0;0;0
"17/04/2011";"17:45:00";"72";"com v�tima";"282";"BR-393/RJ";"Norte";"Abalr.Transversal";1;0;0;1;0;0;0;0;0;0;1;1;0;0;0
"17/04/2011";"18:32:00";"77";"sem v�tima";"102";"BR-393/RJ";"Norte";"Abalr.Transversal";2;0;0;0;0;0;0;0;0;0;2;0;0;0;0
"17/04/2011";"19:16:00";"82";"sem v�tima";"282";"BR-393/RJ";"Sul";"Colis�o Traseira";0;0;1;0;1;0;0;0;0;0;2;0;0;0;0
"17/04/2011";"20:33:00";"87";"com v�tima";"159";"BR-393/RJ";"Sul";"Sa�da de Pista";1;0;0;0;0;0;0;0;0;0;0;1;0;0;0
"19/04/2011";"18:56:00";"118";"com v�tima";"212";"BR-393/RJ";"Norte";"Sa�da de Pista";0;0;1;0;0;0;0;0;0;0;0;0;0;0;1
"20/04/2011";"06:58:00";"37";"sem v�tima";"286,4";"BR-393/RJ";"Norte";"Colis�o Traseira";1;0;1;0;0;0;0;0;0;0;2;0;0;0;0
"20/04/2011";"11:23:00";"60";"sem v�tima";"286";"BR-393/RJ";"Sul";"Engavetamento";1;0;0;0;0;0;0;0;0;0;1;0;0;0;0
"20/04/2011";"11:33:00";"61";"sem v�tima";"103,8";"BR-393/RJ";"Sul";"Colis�o Frontal";1;0;0;0;0;0;0;0;0;0;1;0;0;0;0
"20/04/2011";"12:50:00";"66";"sem v�tima";"285";"BR-393/RJ";"Norte";"Sa�da de Pista";1;0;0;0;0;0;0;0;0;0;1;0;0;0;0
"20/04/2011";"23:39:00";"115";"sem v�tima";"285";"BR-393/RJ";"Norte";"Abalr.Mesmo Sentido";1;0;1;0;1;0;0;0;0;0;3;0;0;0;0
"21/04/2011";"07:32:00";"47";"sem v�tima";"265";"BR-393/RJ";"Sul";"Colis�o Traseira";0;0;2;0;0;0;0;0;0;0;2;0;0;0;0
"21/04/2011";"07:49:00";"49";"sem v�tima";"198,7";"BR-393/RJ";"Norte";"Colis�o Traseira";2;0;0;0;0;0;0;0;0;0;6;0;0;0;0
"21/04/2011";"11:04:00";"64";"sem v�tima";"178,5";"BR-393/RJ";"Norte";"Colis�o Traseira";2;0;0;0;0;0;0;0;0;0;5;0;0;0;0
"21/04/2011";"14:50:00";"79";"sem v�tima";"104,1";"BR-393/RJ";"Norte";"Abalr.Transversal";2;0;0;0;0;0;0;0;0;0;6;0;0;0;0
"21/04/2011";"19:45:00";"100";"sem v�tima";"230";"BR-393/RJ";"Sul";"Colis�o com Objeto Fixo";1;0;0;0;0;0;0;0;0;0;1;0;0;0;0
"22/04/2011";"04:58:00";"20";"sem v�tima";"114";"BR-393/RJ";"Sul";"Sa�da de Pista";1;0;0;0;0;0;0;0;0;0;5;0;0;0;0
"22/04/2011";"19:27:00";"69";"sem v�tima";"253,8";"BR-393/RJ";"Sul";"Sa�da de Pista";1;0;0;0;0;0;0;0;0;0;2;0;0;0;0
"23/04/2011";"21:08:00";"78";"sem v�tima";"195";"BR-393/RJ";"Sul";"Outros tipos de acidente";1;0;0;0;0;0;0;0;0;0;1;0;0;0;0
"23/04/2011";"21:25:00";"80";"com v�tima";"272,3";"BR-393/RJ";"Sul";"Colis�o Traseira";1;0;0;1;0;0;0;0;0;0;1;0;0;1;0
"24/04/2011";"15:50:00";"66";"com v�tima";"264";"BR-393/RJ";"Norte";"Sa�da de Pista";0;0;0;1;0;0;0;0;0;0;0;1;0;1;0
"24/04/2011";"18:21:00";"80";"sem v�tima";"282";"BR-393/RJ";"Norte";"Abalr.Transversal";2;0;0;0;0;0;0;0;0;0;2;0;0;0;0
"24/04/2011";"19:01:00";"88";"sem v�tima";"282";"BR-393/RJ";"Sul";"Colis�o Traseira";2;0;0;0;0;0;0;0;0;0;2;0;0;0;0
"24/04/2011";"23:56:00";"113";"sem v�tima";"119,5";"BR-393/RJ";"Norte";"Colis�o Frontal";2;0;0;0;0;0;0;0;0;0;2;0;0;0;0
"25/04/2011";"09:54:00";"50";"sem v�tima";"161";"BR-393/RJ";"Norte";"Sa�da de Pista";1;0;0;0;0;0;0;0;0;0;4;0;0;0;0
"25/04/2011";"10:35:00";"57";"sem v�tima";"286";"BR-393/RJ";"Norte";"Abalr.Transversal";1;0;1;0;0;0;0;0;0;0;2;0;0;0;0
"25/04/2011";"12:11:00";"64";"sem v�tima";"104";"BR-393/RJ";"Sul";"Abalr.Transversal";2;0;0;0;0;0;0;0;0;0;2;0;0;0;0
"25/04/2011";"18:37:00";"95";"com v�tima";"278,2";"BR-393/RJ";"Norte";"Atropelamento";0;0;0;1;0;0;0;0;0;0;0;0;0;2;0
"26/04/2011";"05:59:00";"51";"sem v�tima";"215";"BR-393/RJ";"Norte";"Tombamento";0;0;1;0;0;0;0;0;0;0;2;0;0;0;0