fdata;horario;n_da_ocorrencia;tipo_de_ocorrencia;km;trecho;sentido;tipo_de_acidente;automovel;bicicleta;caminhao;moto;onibus;outros;tracao_animal;transporte_de_cargas_especiais;trator_maquinas;utilitarios;ilesos;levemente_feridos;moderadamente_feridos;gravemente_feridos;mortos
"26/04/2011";"06:26:00";"52";"sem v�tima";"274";"BR-393/RJ";"Norte";"Capotamento";1;0;0;0;0;0;0;0;0;0;1;0;0;0;0
"27/04/2011";"06:41:00";"76";"com v�tima";"158";"BR-393/RJ";"Sul";"Tombamento";0;0;1;0;0;0;0;0;0;0;1;1;0;0;0
"27/04/2011";"08:31:00";"86";"sem v�tima";"238";"BR-393/RJ";"Sul";"Abalr.Transversal";1;0;0;0;0;0;0;0;0;0;1;0;0;0;0
"27/04/2011";"14:33:00";"134";"com v�tima";"277,5";"BR-393/RJ";"Sul";"Sa�da de Pista";0;0;1;0;0;0;0;0;0;0;0;0;0;1;0
"29/04/2011";"00:07:00";"1";"sem v�tima";"2,2";"Al�a Sul";"Norte";"Atropelamento de Animal";0;0;0;1;0;0;0;0;0;0;1;0;0;0;0
"29/04/2011";"12:22:00";"78";"sem v�tima";"233";"BR-393/RJ";"Norte";"Abalr.Transversal";1;0;1;0;0;0;0;0;0;0;2;0;0;0;0
"29/04/2011";"13:13:00";"82";"com v�tima";"147";"BR-393/RJ";"Norte";"Tombamento";0;0;1;0;0;0;0;0;0;0;1;0;0;0;1
"29/04/2011";"14:13:00";"86";"sem v�tima";"281";"BR-393/RJ";"Norte";"Colis�o Traseira";1;0;1;0;0;0;0;0;0;0;2;0;0;0;0
"29/04/2011";"16:37:00";"92";"sem v�tima";"283";"BR-393/RJ";"Norte";"Atropelamento";1;0;0;0;0;0;0;0;0;0;1;0;0;0;0
"29/04/2011";"19:14:00";"110";"com v�tima";"226";"BR-393/RJ";"Sul";"Abalr.Mesmo Sentido";2;0;0;0;0;0;0;0;0;0;1;0;0;2;0
"30/04/2011";"12:48:00";"56";"sem v�tima";"286,4";"BR-393/RJ";"Norte";"Colis�o Frontal";1;0;1;0;1;0;0;0;0;0;3;0;0;0;0
"30/04/2011";"13:54:00";"62";"sem v�tima";"285,4";"BR-393/RJ";"Sul";"Colis�o Traseira";2;0;0;0;0;0;0;0;0;0;4;0;0;0;0
"30/04/2011";"14:36:00";"64";"sem v�tima";"165";"BR-393/RJ";"Norte";"Outros tipos de acidente";1;0;0;0;0;0;0;0;0;0;1;0;0;0;0
"30/04/2011";"15:37:00";"67";"sem v�tima";"169";"BR-393/RJ";"Norte";"Outros tipos de acidente";1;0;0;0;0;0;0;0;0;0;1;0;0;0;0
"30/04/2011";"18:04:00";"79";"sem v�tima";"274";"BR-393/RJ";"Sul";"Abalr.Mesmo Sentido";1;0;1;0;0;0;0;0;0;0;3;0;0;0;0
"30/04/2011";"19:08:00";"89";"com v�tima";"236";"BR-393/RJ";"Sul";"Outros tipos de acidente";0;0;0;1;0;0;0;0;0;0;0;0;0;1;0
"01/05/2011";"01:36:00";"4";"sem v�tima";"129,4";"BR-393/RJ";"S";"Tombamento";0;0;1;0;0;0;0;0;0;0;1;0;0;0;0
"01/05/2011";"01:45:00";"5";"com v�tima";"130,5";"BR-393/RJ";"S";"Sa�da de Pista";1;0;0;0;0;0;0;0;0;0;0;1;0;0;0
"01/05/2011";"16:13:00";"53";"sem v�tima";"104,1";"BR-393/RJ";"N";"Abalr.Transversal";1;0;0;1;0;0;0;0;0;0;6;0;0;0;0
"01/05/2011";"17:12:00";"62";"sem v�tima";"202";"BR-393/RJ";"N";"Capotamento";1;0;0;0;0;0;0;0;0;0;1;0;0;0;0
"01/05/2011";"23:08:00";"82";"sem v�tima";"286,1";"BR-393/RJ";"N";"Colis�o Traseira";3;0;0;0;0;0;0;0;0;0;2;0;0;0;0
"02/05/2011";"02:08:00";"14";"com v�tima";"189,1";"BR-393/RJ";"S";"Sa�da de Pista";1;0;0;0;0;0;0;0;0;0;1;0;1;0;0
"02/05/2011";"07:43:00";"33";"com v�tima";"182";"BR-393/RJ";"N";"Colis�o Traseira";1;0;0;1;0;0;0;0;0;0;1;1;0;0;0
"02/05/2011";"17:49:00";"92";"sem v�tima";"130";"BR-393/RJ";"N";"Colis�o Traseira";2;0;0;0;0;0;0;0;0;0;2;0;0;0;0
"02/05/2011";"19:19:00";"102";"sem v�tima";"255,9";"BR-393/RJ";"N";"Sa�da de Pista";1;0;0;0;0;0;0;0;0;0;1;0;0;0;0
"03/05/2011";"12:32:00";"55";"sem v�tima";"169";"BR-393/RJ";"S";"Abalr.Transversal";2;0;0;0;0;0;0;0;0;0;5;0;0;0;0
"03/05/2011";"23:36:00";"99";"com v�tima";"239";"BR-393/RJ";"S";"Colis�o Frontal";0;0;2;0;0;0;0;0;0;0;0;0;1;0;1
"04/05/2011";"13:55:00";"69";"com v�tima";"167";"BR-393/RJ";"S";"Colis�o Frontal";2;0;0;0;0;0;0;0;0;0;1;1;0;0;0
"04/05/2011";"18:17:00";"96";"sem v�tima";"124";"BR-393/RJ";"N";"Abalr.Mesmo Sentido";1;0;0;0;0;0;0;0;0;0;1;0;0;0;0
"06/05/2011";"10:50:00";"56";"sem v�tima";"285,5";"BR-393/RJ";"N";"Abalr.Transversal";2;0;0;0;0;0;0;0;0;0;2;0;0;0;0
"06/05/2011";"12:16:00";"64";"com v�tima";"177";"BR-393/RJ";"S";"Engavetamento";2;0;1;0;0;0;0;0;0;0;2;2;0;0;0
"06/05/2011";"15:14:00";"81";"sem v�tima";"175";"BR-393/RJ";"N";"Colis�o Traseira";1;0;1;0;0;0;0;0;0;0;3;0;0;0;0
"06/05/2011";"16:30:00";"90";"sem v�tima";"279,5";"BR-393/RJ";"N";"Engavetamento";2;0;1;0;0;0;0;0;0;0;3;0;0;0;0
"06/05/2011";"21:10:00";"119";"sem v�tima";"188";"BR-393/RJ";"S";"Atropelamento de Animal";0;0;1;0;0;0;0;0;0;0;1;0;0;0;0
"07/05/2011";"01:35:00";"11";"sem v�tima";"102";"BR-393/RJ";"N";"Sa�da de Pista";2;0;0;0;0;0;0;0;0;0;1;0;0;0;0
"07/05/2011";"02:50:00";"17";"com v�tima";"169,6";"BR-393/RJ";"S";"Outros tipos de acidente";0;0;0;0;0;0;0;0;0;0;0;0;1;0;0
"07/05/2011";"07:26:00";"37";"com v�tima";"285,3";"BR-393/RJ";"S";"Colis�o Traseira";0;0;1;1;0;0;0;0;0;0;0;1;0;0;0
"07/05/2011";"08:51:00";"39";"com v�tima";"274";"BR-393/RJ";"N";"Tombamento";1;0;0;0;0;0;0;0;0;0;0;1;0;0;0
"07/05/2011";"13:48:00";"58";"sem v�tima";"181";"BR-393/RJ";"S";"Abalr.Transversal";2;0;0;0;0;0;0;0;0;0;2;0;0;0;0
"07/05/2011";"18:42:00";"80";"sem v�tima";"175,1";"BR-393/RJ";"S";"Outros tipos de acidente";0;0;0;1;0;0;0;0;0;0;1;0;0;0;0
"07/05/2011";"23:06:00";"94";"com v�tima";"252";"BR-393/RJ";"N";"Sa�da de Pista";1;0;0;0;0;0;0;0;0;0;0;0;0;1;0
"08/05/2011";"05:57:00";"24";"sem v�tima";"254";"BR-393/RJ";"S";"Sa�da de Pista";1;0;0;0;0;0;0;0;0;0;1;0;0;0;0
"08/05/2011";"08:22:00";"30";"sem v�tima";"211,5";"BR-393/RJ";"N";"Tombamento";1;0;0;0;0;0;0;0;0;0;1;0;0;0;0
"08/05/2011";"21:40:00";"87";"com v�tima";"250,3";"BR-393/RJ";"S";"Atropelamento";0;0;0;0;0;1;0;0;0;0;0;0;0;2;0
"09/05/2011";"07:12:00";"33";"sem v�tima";"187";"BR-393/RJ";"N";"Colis�o Traseira";1;0;2;0;0;0;0;0;0;0;3;0;0;0;0
"09/05/2011";"08:19:00";"35";"sem v�tima";"265";"BR-393/RJ";"N";"Outros tipos de acidente";1;0;0;0;0;0;0;0;0;0;0;0;0;0;0
"09/05/2011";"18:20:00";"89";"com v�tima";"250,5";"BR-393/RJ";"N";"Colis�o Frontal";1;0;1;0;0;0;0;0;0;0;1;0;0;0;1
"09/05/2011";"21:59:00";"105";"sem v�tima";"211,7";"BR-393/RJ";"N";"Atropelamento de Animal";1;0;0;0;0;0;0;0;0;0;1;0;0;0;0
"10/05/2011";"02:23:00";"15";"sem v�tima";"103,9";"BR-393/RJ";"N";"Abalr.Mesmo Sentido";1;0;1;0;0;0;0;0;0;0;5;0;0;0;0
"10/05/2011";"09:51:00";"52";"sem v�tima";"246";"BR-393/RJ";"S";"Sa�da de Pista";1;0;0;0;0;0;0;0;0;0;1;0;0;0;0
"10/05/2011";"17:52:00";"87";"sem v�tima";"265";"BR-393/RJ";"S";"Colis�o Traseira";2;0;0;0;0;0;0;0;0;0;2;0;0;0;0
"10/05/2011";"23:07:00";"101";"sem v�tima";"280";"BR-393/RJ";"N";"Sa�da de Pista";1;0;0;0;0;0;0;0;0;0;1;0;0;0;0
"12/05/2011";"21:13:00";"127";"com v�tima";"216,7";"BR-393/RJ";"S";"Colis�o Traseira";0;0;2;0;0;0;0;0;0;0;2;2;0;0;0
"13/05/2011";"21:34:00";"109";"com v�tima";"140,8";"BR-393/RJ";"S";"Engavetamento";0;0;3;0;0;0;0;0;0;0;2;0;0;2;0
"13/05/2011";"22:15:00";"114";"com v�tima";"272";"BR-393/RJ";"S";"Atropelamento";0;0;0;0;0;0;0;0;0;0;0;0;0;0;1
"14/05/2011";"06:06:00";"42";"com v�tima";"244,1";"BR-393/RJ";"S";"Tombamento";0;0;1;0;0;0;0;0;0;0;0;1;0;0;0
"15/05/2011";"03:11:00";"18";"sem v�tima";"285,4";"BR-393/RJ";"S";"Colis�o Traseira";1;0;0;0;0;0;0;0;0;0;1;0;0;0;0
"15/05/2011";"13:13:00";"52";"sem v�tima";"243";"BR-393/RJ";"N";"Sa�da de Pista";1;0;0;0;0;0;0;0;0;0;1;0;0;0;0
"15/05/2011";"20:38:00";"87";"com v�tima";"183";"BR-393/RJ";"S";"Abalr.Transversal";1;0;1;0;0;0;0;0;0;0;1;0;0;1;0
"16/05/2011";"16:30:00";"77";"sem v�tima";"243";"BR-393/RJ";"N";"Sa�da de Pista";0;0;1;0;0;0;0;0;0;0;1;0;0;0;0
"16/05/2011";"18:07:00";"90";"com v�tima";"127";"BR-393/RJ";"S";"Atropelamento";1;0;0;0;0;0;0;0;0;0;0;1;0;0;0
"16/05/2011";"20:18:00";"99";"sem v�tima";"173,1";"BR-393/RJ";"N";"Abalr.Mesmo Sentido";1;0;0;0;1;0;0;0;0;0;5;0;0;0;0
"17/05/2011";"07:28:00";"25";"sem v�tima";"131,5";"BR-393/RJ";"N";"Tombamento";0;0;1;0;0;0;0;0;0;0;1;0;0;0;0
"17/05/2011";"21:23:00";"95";"sem v�tima";"251,5";"BR-393/RJ";"S";"Colis�o Traseira";2;0;0;0;0;0;0;0;0;0;8;0;0;0;0
"17/05/2011";"21:34:00";"96";"sem v�tima";"1";"Al�a Sul";"S";"Capotamento";1;0;0;0;0;0;0;0;0;0;1;0;0;0;0
"17/05/2011";"21:53:00";"97";"sem v�tima";"103,8";"BR-393/RJ";"N";"Colis�o Traseira";2;0;0;0;0;0;0;0;0;0;2;0;0;0;0
"18/05/2011";"07:00:00";"26";"sem v�tima";"286";"BR-393/RJ";"N";"Abalr.Transversal";1;0;0;1;0;0;0;0;0;0;1;0;0;0;0
"18/05/2011";"11:12:00";"39";"sem v�tima";"169";"BR-393/RJ";"N";"Abalr.Transversal";1;0;0;0;0;1;0;0;0;0;1;0;0;0;0
"18/05/2011";"14:51:00";"59";"sem v�tima";"104";"BR-393/RJ";"N";"Abalr.Transversal";1;0;0;0;0;0;0;0;0;0;1;0;0;0;0
"18/05/2011";"18:18:00";"72";"sem v�tima";"167,2";"BR-393/RJ";"N";"Atropelamento de Animal";0;0;0;1;0;0;0;0;0;0;1;0;0;0;0
"19/05/2011";"07:40:00";"19";"sem v�tima";"258";"BR-393/RJ";"S";"Sa�da de Pista";1;0;0;0;0;0;0;0;0;0;1;0;0;0;0
"19/05/2011";"12:56:00";"37";"sem v�tima";"133";"BR-393/RJ";"N";"Colis�o Traseira";2;0;0;0;0;0;0;0;0;0;3;0;0;0;0
"20/05/2011";"14:23:00";"60";"com v�tima";"285";"BR-393/RJ";"S";"Colis�o Frontal";1;0;1;0;0;0;0;0;0;0;1;1;0;0;0
"20/05/2011";"17:23:00";"76";"sem v�tima";"125";"BR-393/RJ";"N";"Colis�o Traseira";0;0;2;0;0;0;0;0;0;0;2;0;0;0;0
"21/05/2011";"00:49:00";"2";"sem v�tima";"283";"BR-393/RJ";"S";"Colis�o Traseira";2;0;0;0;0;0;0;0;0;0;2;0;0;0;0
"21/05/2011";"01:51:00";"13";"sem v�tima";"285,5";"BR-393/RJ";"S";"Colis�o com Objeto Fixo";1;0;0;0;0;0;0;0;0;0;1;0;0;0;0
"21/05/2011";"03:18:00";"16";"sem v�tima";"175";"BR-393/RJ";"N";"Engavetamento";2;0;0;0;0;0;0;0;0;0;8;0;0;0;0
"21/05/2011";"22:58:00";"96";"sem v�tima";"203";"BR-393/RJ";"S";"Sa�da de Pista";1;0;0;0;0;0;0;0;0;0;2;0;0;0;0
"22/05/2011";"01:54:00";"9";"sem v�tima";"155";"BR-393/RJ";"N";"Sa�da de Pista";1;0;0;0;0;0;0;0;0;0;3;0;0;0;0
"22/05/2011";"02:45:00";"12";"com v�tima";"176";"BR-393/RJ";"S";"Atropelamento";0;0;0;0;0;0;0;0;0;0;0;1;0;0;0
"22/05/2011";"03:38:00";"16";"sem v�tima";"161";"BR-393/RJ";"N";"Sa�da de Pista";1;0;0;0;0;0;0;0;0;0;1;0;0;0;0
"22/05/2011";"14:00:00";"45";"sem v�tima";"182";"BR-393/RJ";"N";"Abalr.Transversal";0;0;2;0;0;0;0;0;0;0;2;0;0;0;0
"22/05/2011";"21:00:00";"66";"sem v�tima";"179,9";"BR-393/RJ";"S";"Abalr.Mesmo Sentido";2;0;0;0;0;0;0;0;0;0;5;0;0;0;0
"23/05/2011";"07:16:00";"25";"sem v�tima";"255";"BR-393/RJ";"N";"Abalr.Transversal";2;0;0;0;0;0;0;0;0;0;2;0;0;0;0
"23/05/2011";"09:45:00";"38";"sem v�tima";"195";"BR-393/RJ";"S";"Colis�o Traseira";1;0;1;0;0;0;0;0;0;0;4;0;0;0;0
"23/05/2011";"17:59:00";"88";"sem v�tima";"123,8";"BR-393/RJ";"S";"Sa�da de Pista";1;0;0;0;0;0;0;0;0;0;1;0;0;0;0
"24/05/2011";"13:49:00";"58";"com v�tima";"274,4";"BR-393/RJ";"S";"Outros tipos de acidente";0;0;0;1;0;0;0;0;0;0;0;1;0;0;0
"25/05/2011";"16:01:00";"94";"com v�tima";"135,4";"BR-393/RJ";"N";"Colis�o Traseira";0;0;1;0;0;0;0;0;0;0;0;2;0;0;0
"25/05/2011";"17:31:00";"100";"sem v�tima";"178";"BR-393/RJ";"N";"Outros tipos de acidente";0;0;0;0;0;0;0;0;0;0;1;0;0;0;0
"25/05/2011";"18:47:00";"106";"sem v�tima";"271,5";"BR-393/RJ";"N";"Colis�o Traseira";1;0;0;0;1;0;0;0;0;0;2;0;0;0;0
"26/05/2011";"09:33:00";"38";"sem v�tima";"104";"BR-393/RJ";"N";"Colis�o Frontal";1;0;1;0;0;0;0;0;0;0;1;0;0;0;0
"26/05/2011";"11:23:00";"45";"sem v�tima";"286";"BR-393/RJ";"S";"Abalr.Transversal";2;0;0;0;0;0;0;0;0;0;2;0;0;0;0
"27/05/2011";"15:54:00";"70";"sem v�tima";"138";"BR-393/RJ";"N";"Colis�o com Objeto Fixo";1;0;0;0;0;0;0;0;0;0;1;0;0;0;0
"27/05/2011";"17:23:00";"79";"com v�tima";"167";"BR-393/RJ";"N";"Outros tipos de acidente";0;0;0;0;0;0;0;0;0;0;0;1;0;0;0
"27/05/2011";"20:53:00";"94";"sem v�tima";"238";"BR-393/RJ";"N";"Colis�o Frontal";2;0;0;0;0;0;0;0;0;0;2;0;0;0;0
"28/05/2011";"00:55:00";"11";"com v�tima";"102";"BR-393/RJ";"S";"Abalr.Transversal";0;0;2;0;0;1;0;0;0;0;2;1;0;0;0
"28/05/2011";"07:25:00";"31";"sem v�tima";"202,9";"BR-393/RJ";"N";"Abalr.Transversal";0;0;2;0;0;0;0;0;0;0;3;0;0;0;0
"28/05/2011";"13:01:00";"59";"com v�tima";"236,8";"BR-393/RJ";"N";"Colis�o com Objeto Fixo";1;0;0;0;0;0;0;0;0;0;0;0;0;1;1
"29/05/2011";"04:31:00";"20";"sem v�tima";"124";"BR-393/RJ";"S";"Atropelamento de Animal";1;0;0;0;0;0;0;0;0;0;1;0;0;0;0
"29/05/2011";"05:16:00";"23";"sem v�tima";"256";"BR-393/RJ";"S";"Capotamento";1;0;0;0;0;0;0;0;0;0;2;0;0;0;0
"29/05/2011";"11:08:00";"31";"com v�tima";"280";"BR-393/RJ";"N";"Atropelamento";1;0;0;0;0;0;0;0;0;0;0;2;0;0;0
"29/05/2011";"18:02:00";"70";"sem v�tima";"256";"BR-393/RJ";"N";"Colis�o Traseira";1;0;0;0;0;1;0;0;0;0;2;0;0;0;0
"30/05/2011";"02:33:00";"15";"sem v�tima";"247";"BR-393/RJ";"S";"Atropelamento de Animal";0;0;0;0;1;0;0;0;0;0;1;0;0;0;0
"30/05/2011";"14:42:00";"75";"sem v�tima";"285";"BR-393/RJ";"S";"Colis�o Traseira";2;0;0;0;0;0;0;0;0;0;3;0;0;0;0
"31/05/2011";"02:41:00";"21";"sem v�tima";"153,9";"BR-393/RJ";"N";"Tombamento";0;0;1;0;0;0;0;0;0;0;1;0;0;0;0
"31/05/2011";"08:06:00";"34";"sem v�tima";"285,8";"BR-393/RJ";"N";"Abalr.Transversal";1;0;0;0;0;1;0;0;0;0;2;0;0;0;0
"01/06/2011";"05:13:00";"25";"sem v�tima";"149,8";"BR-393/RJ";"N";"Sa�da de Pista";0;0;1;0;0;0;0;0;0;0;1;0;0;0;0
"02/06/2011";"00:16:00";"7";"sem v�tima";"282,3";"BR-393/RJ";"N";"Colis�o Traseira";2;0;0;0;0;0;0;0;0;0;3;0;0;0;0
"02/06/2011";"10:03:00";"43";"sem v�tima";"280";"BR-393/RJ";"N";"Abalr.Transversal";1;0;1;0;0;0;0;0;0;0;2;0;0;0;0
"02/06/2011";"14:39:00";"67";"sem v�tima";"175";"BR-393/RJ";"N";"Tombamento";0;0;1;0;0;0;0;0;0;0;1;0;0;0;0
"02/06/2011";"19:35:00";"94";"com v�tima";"279,7";"BR-393/RJ";"N";"Colis�o Frontal";1;0;0;1;0;0;0;0;0;0;1;1;0;0;0
"03/06/2011";"02:43:00";"20";"sem v�tima";"251,8";"BR-393/RJ";"N";"Abalr.Transversal";2;0;0;0;0;0;0;0;0;0;3;0;0;0;0
"03/06/2011";"07:29:00";"30";"sem v�tima";"195";"BR-393/RJ";"N";"Colis�o Traseira";1;0;1;0;0;0;0;0;0;0;2;0;0;0;0
"03/06/2011";"18:24:00";"89";"sem v�tima";"279,3";"BR-393/RJ";"S";"Engavetamento";3;0;0;0;0;0;0;0;0;0;4;0;0;0;0
"04/06/2011";"05:34:00";"24";"sem v�tima";"214";"BR-393/RJ";"N";"Sa�da de Pista";1;0;0;0;0;0;0;0;0;0;3;0;0;0;0
"04/06/2011";"05:44:00";"25";"sem v�tima";"110";"BR-393/RJ";"N";"Sa�da de Pista";1;0;0;0;0;0;0;0;0;0;1;0;0;0;0
"04/06/2011";"07:14:00";"26";"sem v�tima";"256";"BR-393/RJ";"N";"Tombamento";0;0;1;0;0;0;0;0;0;0;1;0;0;0;0
"04/06/2011";"18:09:00";"70";"sem v�tima";"285";"BR-393/RJ";"N";"Abalr.Transversal";1;0;1;0;0;0;0;0;0;0;2;0;0;0;0
"05/06/2011";"02:57:00";"17";"com v�tima";"268,4";"BR-393/RJ";"S";"Outros tipos de acidente";0;0;0;0;0;0;0;0;0;0;0;0;0;1;0
"05/06/2011";"15:38:00";"52";"sem v�tima";"135,5";"BR-393/RJ";"N";"Colis�o Traseira";1;0;1;0;0;0;0;0;0;0;2;0;0;0;0
"05/06/2011";"18:11:00";"63";"sem v�tima";"187";"BR-393/RJ";"N";"Outros tipos de acidente";1;0;0;0;0;0;0;0;0;0;2;0;0;0;0
"07/06/2011";"06:05:00";"24";"sem v�tima";"157";"BR-393/RJ";"S";"Tombamento";0;0;1;0;0;0;0;0;0;0;2;0;0;0;0
"08/06/2011";"05:54:00";"22";"com v�tima";"168";"BR-393/RJ";"N";"Colis�o Traseira";1;0;0;1;0;0;0;0;0;0;0;2;0;0;0
"08/06/2011";"11:37:00";"52";"sem v�tima";"143";"BR-393/RJ";"N";"Colis�o Traseira";2;0;1;0;0;0;0;0;0;0;5;0;0;0;0
"09/06/2011";"17:44:00";"87";"sem v�tima";"284";"BR-393/RJ";"N";"Abalr.Transversal";2;0;0;0;0;0;0;0;0;0;2;0;0;0;0
"09/06/2011";"18:29:00";"89";"sem v�tima";"285";"BR-393/RJ";"S";"Colis�o Traseira";1;0;1;0;0;0;0;0;0;0;3;0;0;0;0
"09/06/2011";"21:06:00";"107";"sem v�tima";"3";"Al�a Sul";"S";"Abalr.Transversal";2;0;0;0;0;0;0;0;0;0;4;0;0;0;0
"09/06/2011";"23:04:00";"111";"sem v�tima";"248,5";"BR-393/RJ";"N";"Sa�da de Pista";0;0;0;0;0;0;0;0;0;1;1;0;0;0;0
"10/06/2011";"01:10:00";"9";"sem v�tima";"179";"BR-393/RJ";"S";"Outros tipos de acidente";1;0;0;0;0;0;0;0;0;0;0;0;0;0;0
"10/06/2011";"01:37:00";"12";"sem v�tima";"240";"BR-393/RJ";"S";"Sa�da de Pista";1;0;0;0;0;0;0;0;0;0;1;0;0;0;0
"10/06/2011";"20:04:00";"86";"sem v�tima";"240";"BR-393/RJ";"N";"Abalr.Mesmo Sentido";0;0;1;0;0;0;0;0;0;1;2;0;0;0;0
"10/06/2011";"23:23:00";"93";"sem v�tima";"243,5";"BR-393/RJ";"S";"Sa�da de Pista";1;0;0;0;0;0;0;0;0;0;1;0;0;0;0
"11/06/2011";"05:51:00";"34";"com v�tima";"237";"BR-393/RJ";"S";"Colis�o Frontal";1;0;1;0;0;1;0;0;0;0;0;1;0;2;0
"11/06/2011";"11:20:00";"41";"sem v�tima";"128";"BR-393/RJ";"S";"Outros tipos de acidente";0;0;1;0;0;0;0;0;0;0;1;0;0;0;0
"11/06/2011";"20:53:00";"76";"com v�tima";"280,8";"BR-393/RJ";"N";"Abalr.Transversal";2;0;0;0;0;0;0;0;0;0;2;1;0;0;0
"12/06/2011";"00:25:00";"6";"sem v�tima";"250";"BR-393/RJ";"N";"Sa�da de Pista";1;0;0;0;0;0;0;0;0;0;1;0;0;0;0
"12/06/2011";"08:53:00";"37";"sem v�tima";"157,4";"BR-393/RJ";"S";"Tombamento";0;0;1;0;0;0;0;0;0;0;1;0;0;0;0
"12/06/2011";"10:54:00";"44";"sem v�tima";"274";"BR-393/RJ";"N";"Tombamento";0;0;0;0;0;0;0;0;0;1;1;0;0;0;0
"12/06/2011";"18:43:00";"82";"com v�tima";"251,4";"BR-393/RJ";"N";"Atropelamento";1;0;0;0;0;0;0;0;0;0;0;0;0;0;1
"12/06/2011";"22:36:00";"94";"sem v�tima";"169,5";"BR-393/RJ";"N";"Tombamento";0;0;1;0;0;0;0;0;0;0;1;0;0;0;0
"13/06/2011";"14:44:00";"72";"sem v�tima";"176";"BR-393/RJ";"N";"Abalr.Sentido Oposto";1;0;0;0;0;0;0;0;0;0;1;0;0;0;0
"13/06/2011";"22:50:00";"94";"sem v�tima";"178";"BR-393/RJ";"N";"Sa�da de Pista";1;0;0;0;0;0;0;0;0;0;1;0;0;0;0
"14/06/2011";"06:01:00";"38";"com v�tima";"171,7";"BR-393/RJ";"N";"Atropelamento";1;0;0;0;0;0;0;0;0;0;0;0;1;0;0
"14/06/2011";"07:20:00";"47";"com v�tima";"201,5";"BR-393/RJ";"N";"Outros tipos de acidente";0;0;1;0;0;0;0;0;0;0;0;1;0;0;0
"15/06/2011";"01:44:00";"16";"sem v�tima";"178,4";"BR-393/RJ";"S";"Colis�o Traseira";0;0;2;0;0;0;0;0;0;0;2;0;0;0;0
"16/06/2011";"07:57:00";"39";"sem v�tima";"236,6";"BR-393/RJ";"S";"Abalr.Transversal";0;0;1;0;0;1;0;0;0;0;2;0;0;0;0
"16/06/2011";"15:33:00";"73";"sem v�tima";"238";"BR-393/RJ";"S";"Sa�da de Pista";1;0;0;0;0;0;0;0;0;0;1;0;0;0;0
"16/06/2011";"18:23:00";"92";"sem v�tima";"285";"BR-393/RJ";"S";"Engavetamento";3;0;0;0;0;0;0;0;0;0;3;0;0;0;0
"16/06/2011";"18:59:00";"95";"sem v�tima";"220,2";"BR-393/RJ";"N";"Capotamento";1;0;0;0;0;0;0;0;0;0;3;0;0;0;0
"17/06/2011";"13:04:00";"75";"sem v�tima";"168,8";"BR-393/RJ";"N";"Abalr.Transversal";2;0;0;0;0;0;0;0;0;0;1;0;0;0;0
"17/06/2011";"16:04:00";"88";"sem v�tima";"282,3";"BR-393/RJ";"S";"Engavetamento";3;0;1;0;0;0;0;0;0;0;4;0;0;0;0
"17/06/2011";"21:38:00";"113";"sem v�tima";"251";"BR-393/RJ";"N";"Sa�da de Pista";1;0;0;0;0;0;0;0;0;0;1;0;0;0;0
"18/06/2011";"08:14:00";"33";"sem v�tima";"199,4";"BR-393/RJ";"N";"Sa�da de Pista";1;0;0;0;0;0;0;0;0;0;4;0;0;0;0
"18/06/2011";"22:52:00";"92";"sem v�tima";"141";"BR-393/RJ";"N";"Outros tipos de acidente";0;0;0;1;0;0;0;0;0;0;1;0;0;0;0
"18/06/2011";"23:36:00";"95";"sem v�tima";"257";"BR-393/RJ";"S";"Atropelamento de Animal";1;0;0;0;0;0;0;0;0;0;2;0;0;0;0
"19/06/2011";"19:16:00";"90";"sem v�tima";"285,3";"BR-393/RJ";"S";"Colis�o Traseira";2;0;0;0;0;0;0;0;0;0;2;0;0;0;0
"20/06/2011";"07:13:00";"34";"com v�tima";"105";"BR-393/RJ";"N";"Outros tipos de acidente";3;0;0;0;0;0;0;0;0;0;0;0;1;0;0
"20/06/2011";"11:28:00";"50";"sem v�tima";"160";"BR-393/RJ";"N";"Sa�da de Pista";1;0;0;0;0;0;0;0;0;0;1;0;0;0;0
"21/06/2011";"11:07:00";"43";"sem v�tima";"285";"BR-393/RJ";"S";"Outros tipos de acidente";0;0;0;1;0;0;0;0;0;0;1;0;0;0;0
"21/06/2011";"18:01:00";"84";"sem v�tima";"235";"BR-393/RJ";"N";"Colis�o Traseira";0;0;0;1;0;0;0;0;0;0;1;0;0;0;0
"21/06/2011";"21:40:00";"97";"sem v�tima";"238,5";"BR-393/RJ";"N";"Abalr.Transversal";1;0;1;0;0;0;0;0;0;0;2;0;0;0;0
"22/06/2011";"17:54:00";"82";"sem v�tima";"251";"BR-393/RJ";"N";"Outros tipos de acidente";1;0;1;1;0;0;0;0;0;0;3;0;0;0;0
"23/06/2011";"11:26:00";"49";"sem v�tima";"279,3";"BR-393/RJ";"S";"Colis�o Traseira";2;0;0;0;0;0;0;0;0;0;2;0;0;0;0
"23/06/2011";"12:22:00";"53";"sem v�tima";"237";"BR-393/RJ";"N";"Colis�o Frontal";0;0;0;2;0;0;0;0;0;0;3;0;0;0;0
"24/06/2011";"18:45:00";"70";"com v�tima";"128";"BR-393/RJ";"S";"Colis�o Frontal";2;0;0;0;0;0;0;0;0;0;0;0;1;0;1
"24/06/2011";"19:41:00";"73";"sem v�tima";"246,5";"BR-393/RJ";"S";"Abalr.Transversal";2;0;0;0;0;0;0;0;0;0;4;0;0;0;0
"24/06/2011";"21:21:00";"80";"sem v�tima";"112,5";"BR-393/RJ";"N";"Colis�o Traseira";1;0;0;0;0;0;0;0;0;0;1;0;0;0;0
"24/06/2011";"21:43:00";"81";"com v�tima";"142,3";"BR-393/RJ";"S";"Colis�o com Objeto Fixo";1;0;0;0;0;0;0;0;0;0;1;0;0;1;0
"25/06/2011";"04:50:00";"18";"com v�tima";"183";"BR-393/RJ";"N";"Colis�o com Objeto Fixo";1;0;0;0;0;0;0;0;0;0;0;0;1;0;1
"25/06/2011";"16:03:00";"52";"sem v�tima";"281";"BR-393/RJ";"N";"Abalr.Transversal";0;0;1;1;0;0;0;0;0;0;2;0;0;0;0
"25/06/2011";"18:05:00";"59";"com v�tima";"133";"BR-393/RJ";"N";"Abalr.Mesmo Sentido";2;0;1;0;0;0;0;0;0;0;1;2;0;0;0