fdata;horario;n_da_ocorrencia;tipo_de_ocorrencia;km;trecho;sentido;tipo_de_acidente;automovel;bicicleta;caminhao;moto;onibus;outros;tracao_animal;transporte_de_cargas_especiais;trator_maquinas;utilitarios;ilesos;levemente_feridos;moderadamente_feridos;gravemente_feridos;mortos
"26/06/2011";"09:13:00";"28";"com v�tima";"131";"BR-393/RJ";"N";"Tombamento";0;0;0;0;0;1;0;0;0;0;0;0;0;0;1
"26/06/2011";"17:37:00";"53";"com v�tima";"286";"BR-393/RJ";"N";"Abalr.Transversal";2;0;0;0;0;0;0;0;0;0;2;1;0;0;0
"27/06/2011";"03:01:00";"18";"com v�tima";"216";"BR-393/RJ";"S";"Outros tipos de acidente";2;0;0;0;0;0;0;0;0;0;5;1;0;0;0
"27/06/2011";"10:23:00";"40";"sem v�tima";"278";"BR-393/RJ";"N";"Colis�o Traseira";2;0;0;0;0;0;0;0;0;0;2;0;0;0;0
"27/06/2011";"10:32:00";"41";"sem v�tima";"215";"BR-393/RJ";"S";"Tombamento";1;0;0;0;0;0;0;0;0;0;1;0;0;0;0
"28/06/2011";"05:12:00";"29";"sem v�tima";"160,9";"BR-393/RJ";"N";"Sa�da de Pista";1;0;0;0;0;0;0;0;0;0;2;0;0;0;0
"29/06/2011";"06:35:00";"28";"sem v�tima";"243";"BR-393/RJ";"N";"Abalr.Mesmo Sentido";0;0;2;0;0;0;0;0;0;0;3;0;0;0;0
"29/06/2011";"17:54:00";"88";"com v�tima";"218,7";"BR-393/RJ";"N";"Colis�o com Objeto Fixo";1;0;0;0;0;0;0;0;0;0;1;1;0;0;0
"29/06/2011";"19:15:00";"92";"sem v�tima";"278";"BR-393/RJ";"S";"Outros tipos de acidente";1;0;0;0;0;0;0;0;0;0;2;0;0;0;0
"30/06/2011";"12:00:00";"63";"sem v�tima";"152";"BR-393/RJ";"S";"Colis�o Traseira";1;0;0;0;0;0;0;0;0;0;4;0;0;0;0
"30/06/2011";"21:06:00";"106";"sem v�tima";"147";"BR-393/RJ";"N";"Tombamento";0;0;1;0;0;0;0;0;0;0;1;0;0;0;0
"01/07/2011";"18:30:00";"77";"sem v�tima";"167,5";"BR-393/RJ";"S";"Abalr.Transversal";1;0;0;0;1;0;0;0;0;0;3;0;0;0;0
"02/07/2011";"11:05:00";"41";"sem v�tima";"171";"BR-393/RJ";"N";"Abalr.Transversal";1;0;1;0;0;0;0;0;0;0;3;0;0;0;0
"02/07/2011";"19:51:00";"70";"sem v�tima";"195";"BR-393/RJ";"S";"Colis�o Traseira";0;0;2;0;0;0;0;0;0;0;2;0;0;0;0
"02/07/2011";"22:40:00";"76";"com v�tima";"105,8";"BR-393/RJ";"N";"Colis�o Frontal";1;0;0;1;0;0;0;0;0;0;0;0;0;0;1
"02/07/2011";"22:49:00";"77";"com v�tima";"285,9";"BR-393/RJ";"S";"Colis�o Frontal";1;0;0;0;1;0;0;0;0;0;14;0;0;3;0
"03/07/2011";"01:13:00";"9";"sem v�tima";"277";"BR-393/RJ";"N";"Abalr.Mesmo Sentido";2;0;0;0;0;0;0;0;0;0;2;0;0;0;0
"03/07/2011";"01:14:00";"10";"com v�tima";"217";"BR-393/RJ";"N";"Abalr.Mesmo Sentido";1;0;0;0;0;0;0;0;0;0;0;0;0;1;0
"03/07/2011";"20:03:00";"68";"com v�tima";"151,8";"BR-393/RJ";"S";"Tombamento";0;0;1;0;0;0;0;0;0;0;0;1;0;0;0
"04/07/2011";"06:03:00";"15";"sem v�tima";"151,7";"BR-393/RJ";"S";"Tombamento";0;0;1;0;0;0;0;0;0;0;1;0;0;0;0
"04/07/2011";"10:47:00";"34";"sem v�tima";"178";"BR-393/RJ";"S";"Colis�o Traseira";1;0;0;0;0;0;0;0;0;0;1;0;0;0;0
"04/07/2011";"19:34:00";"84";"sem v�tima";"154";"BR-393/RJ";"N";"Capotamento";1;0;0;0;0;0;0;0;0;0;4;0;0;0;0
"05/07/2011";"07:26:00";"34";"sem v�tima";"155";"BR-393/RJ";"N";"Tombamento";0;0;1;0;0;0;0;0;0;0;3;0;0;0;0
"05/07/2011";"13:31:00";"53";"sem v�tima";"271";"BR-393/RJ";"N";"Abalr.Transversal";2;0;0;0;0;0;0;0;0;0;2;0;0;0;0
"05/07/2011";"15:50:00";"59";"com v�tima";"195";"BR-393/RJ";"N";"Colis�o Traseira";2;0;0;0;0;0;0;0;0;0;1;1;0;0;0
"05/07/2011";"19:07:00";"72";"com v�tima";"232";"BR-393/RJ";"N";"Colis�o com Objeto Fixo";2;0;0;0;0;0;0;0;0;0;0;0;0;1;0
"05/07/2011";"20:06:00";"75";"sem v�tima";"285";"BR-393/RJ";"N";"Colis�o Traseira";1;0;1;0;0;0;0;0;0;0;2;0;0;0;0
"06/07/2011";"12:06:00";"46";"sem v�tima";"178";"BR-393/RJ";"N";"Colis�o Traseira";2;0;0;0;0;0;0;0;0;0;8;0;0;0;0
"06/07/2011";"13:31:00";"52";"sem v�tima";"283";"BR-393/RJ";"S";"Colis�o Traseira";2;0;0;0;0;0;0;0;0;0;2;0;0;0;0
"06/07/2011";"14:16:00";"53";"sem v�tima";"242";"BR-393/RJ";"N";"Sa�da de Pista";1;0;0;0;0;0;0;0;0;0;1;0;0;0;0
"06/07/2011";"23:59:00";"94";"sem v�tima";"269";"BR-393/RJ";"S";"Abalr.Sentido Oposto";2;0;0;0;0;0;0;0;0;0;2;0;0;0;0
"07/07/2011";"06:44:00";"29";"sem v�tima";"279,4";"BR-393/RJ";"N";"Colis�o Traseira";0;0;0;0;1;1;0;0;0;0;2;0;0;0;0
"07/07/2011";"20:41:00";"119";"sem v�tima";"284,2";"BR-393/RJ";"N";"Abalr.Transversal";1;0;0;1;0;0;0;0;0;0;2;0;0;0;0
"08/07/2011";"09:53:00";"46";"com v�tima";"157,3";"BR-393/RJ";"S";"Tombamento";0;0;1;0;0;0;0;0;0;0;0;0;1;0;0
"08/07/2011";"10:05:00";"47";"com v�tima";"260";"BR-393/RJ";"S";"Outros tipos de acidente";0;0;0;1;0;0;0;0;0;0;0;1;0;0;0
"08/07/2011";"13:33:00";"74";"sem v�tima";"193";"BR-393/RJ";"S";"Colis�o Traseira";1;0;1;0;0;0;0;0;0;0;5;0;0;0;0
"09/07/2011";"03:02:00";"12";"sem v�tima";"238";"BR-393/RJ";"S";"Sa�da de Pista";1;0;0;0;0;0;0;0;0;0;2;0;0;0;0
"09/07/2011";"07:03:00";"18";"sem v�tima";"103,8";"BR-393/RJ";"N";"Abalr.Transversal";0;0;1;0;0;0;0;0;0;1;1;0;0;0;0
"09/07/2011";"07:48:00";"23";"sem v�tima";"285";"BR-393/RJ";"N";"Atropelamento";0;0;1;0;0;0;0;0;0;0;1;0;0;0;0
"09/07/2011";"17:07:00";"49";"sem v�tima";"279,8";"BR-393/RJ";"N";"Colis�o Traseira";3;0;0;0;0;0;0;0;0;0;3;0;0;0;0
"09/07/2011";"21:14:00";"69";"sem v�tima";"177,7";"BR-393/RJ";"S";"Colis�o Traseira";1;0;0;0;0;0;0;0;0;0;1;0;0;0;0
"09/07/2011";"22:13:00";"73";"sem v�tima";"281,7";"BR-393/RJ";"N";"Colis�o com Objeto Fixo";1;0;0;0;0;0;0;0;0;0;1;0;0;0;0
"10/07/2011";"19:41:00";"52";"com v�tima";"232,1";"BR-393/RJ";"S";"Abalr.Mesmo Sentido";2;0;0;0;0;0;0;0;0;0;2;1;0;0;0
"10/07/2011";"20:17:00";"58";"com v�tima";"185,2";"BR-393/RJ";"S";"Atropelamento";1;0;0;0;0;0;0;0;0;0;1;1;0;1;0
"11/07/2011";"04:54:00";"22";"sem v�tima";"153,3";"BR-393/RJ";"S";"Sa�da de Pista";1;0;0;0;0;0;0;0;0;0;1;0;0;0;0
"11/07/2011";"07:46:00";"31";"sem v�tima";"279,8";"BR-393/RJ";"S";"Abalr.Mesmo Sentido";1;0;0;1;0;0;0;0;0;0;2;0;0;0;0
"11/07/2011";"12:56:00";"61";"com v�tima";"137";"BR-393/RJ";"N";"Colis�o Traseira";1;0;0;1;0;0;0;0;0;0;1;1;0;0;0
"11/07/2011";"19:45:00";"92";"sem v�tima";"137,8";"BR-393/RJ";"S";"Outros tipos de acidente";0;0;0;0;0;0;0;0;0;0;1;0;0;0;0
"11/07/2011";"20:57:00";"100";"sem v�tima";"281,8";"BR-393/RJ";"S";"Colis�o Frontal";1;0;0;1;0;0;0;0;0;0;2;0;0;0;0
"12/07/2011";"20:42:00";"103";"com v�tima";"219";"BR-393/RJ";"S";"Colis�o Traseira";1;0;1;0;0;0;0;0;0;0;1;2;0;0;0
"12/07/2011";"21:50:00";"106";"com v�tima";"213";"BR-393/RJ";"N";"Colis�o Frontal";1;0;0;1;1;0;0;0;0;0;2;0;0;0;1
"13/07/2011";"11:52:00";"48";"sem v�tima";"265";"BR-393/RJ";"N";"Colis�o Traseira";2;0;0;0;0;0;0;0;0;0;2;0;0;0;0
"13/07/2011";"18:58:00";"77";"com v�tima";"280";"BR-393/RJ";"N";"Colis�o Traseira";1;0;0;1;0;0;0;0;0;0;1;0;0;1;0
"14/07/2011";"16:54:00";"34";"sem v�tima";"157";"BR-393/RJ";"N";"Tombamento";0;0;1;0;0;0;0;0;0;0;2;0;0;0;0
"14/07/2011";"17:35:00";"40";"sem v�tima";"282";"BR-393/RJ";"S";"Engavetamento";2;0;0;0;0;1;0;0;0;0;3;0;0;0;0
"15/07/2011";"05:20:00";"11";"sem v�tima";"200,7";"BR-393/RJ";"S";"Abalr.Transversal";0;0;2;0;0;0;0;0;0;0;2;0;0;0;0
"15/07/2011";"06:32:00";"14";"sem v�tima";"158";"BR-393/RJ";"N";"Sa�da de Pista";1;0;0;0;0;0;0;0;0;0;2;0;0;0;0
"15/07/2011";"07:46:00";"16";"com v�tima";"246";"BR-393/RJ";"S";"Outros tipos de acidente";1;0;0;1;0;0;0;0;0;0;0;1;0;0;0
"15/07/2011";"08:26:00";"19";"com v�tima";"168";"BR-393/RJ";"S";"Colis�o Traseira";1;0;1;0;0;0;0;0;0;0;0;2;0;0;0
"15/07/2011";"08:43:00";"24";"sem v�tima";"278,5";"BR-393/RJ";"S";"Colis�o Traseira";2;0;0;0;0;0;0;0;0;0;1;0;0;0;0
"15/07/2011";"20:15:00";"87";"sem v�tima";"281";"BR-393/RJ";"N";"Abalr.Transversal";1;0;1;0;0;0;0;0;0;0;2;0;0;0;0
"16/07/2011";"04:56:00";"24";"com v�tima";"206";"BR-393/RJ";"S";"Colis�o com Objeto Fixo";1;0;0;0;0;0;0;0;0;0;0;3;0;0;0
"16/07/2011";"09:55:00";"31";"sem v�tima";"103,5";"BR-393/RJ";"N";"Abalr.Transversal";1;0;0;1;0;0;0;0;0;0;2;0;0;0;0
"16/07/2011";"14:54:00";"56";"sem v�tima";"124";"BR-393/RJ";"S";"Colis�o Traseira";3;0;0;0;0;0;0;0;0;0;4;0;0;0;0
"16/07/2011";"16:27:00";"62";"com v�tima";"236,8";"BR-393/RJ";"S";"Abalr.Transversal";1;0;0;1;0;0;0;0;0;0;3;1;0;0;0
"16/07/2011";"23:27:00";"93";"sem v�tima";"102,5";"BR-393/RJ";"S";"Abalr.Mesmo Sentido";2;0;0;0;0;0;0;0;0;0;2;0;0;0;0
"17/07/2011";"02:36:00";"8";"com v�tima";"238";"BR-393/RJ";"N";"Colis�o Frontal";0;0;0;1;0;1;0;0;0;0;1;1;0;0;0
"17/07/2011";"14:19:00";"42";"sem v�tima";"157";"BR-393/RJ";"N";"Tombamento";0;0;1;0;0;0;0;0;0;0;1;0;0;0;0
"17/07/2011";"15:15:00";"48";"sem v�tima";"123";"BR-393/RJ";"N";"Abalr.Sentido Oposto";1;0;1;0;0;0;0;0;0;0;4;0;0;0;0
"17/07/2011";"19:09:00";"65";"sem v�tima";"282";"BR-393/RJ";"N";"Colis�o Traseira";2;0;0;0;0;0;0;0;0;0;3;0;0;0;0
"18/07/2011";"00:19:00";"2";"sem v�tima";"166";"BR-393/RJ";"N";"Atropelamento de Animal";0;0;1;0;0;0;0;0;0;0;2;0;0;0;0
"19/07/2011";"08:12:00";"25";"sem v�tima";"169,3";"BR-393/RJ";"S";"Tombamento";0;0;1;0;0;0;0;0;0;0;1;0;0;0;0
"20/07/2011";"18:32:00";"81";"sem v�tima";"270,5";"BR-393/RJ";"N";"Sa�da de Pista";1;0;0;0;0;0;0;0;0;0;1;0;0;0;0
"20/07/2011";"19:55:00";"89";"sem v�tima";"125";"BR-393/RJ";"S";"Colis�o com Objeto Fixo";0;0;0;0;1;0;0;0;0;0;1;0;0;0;0
"21/07/2011";"16:36:00";"59";"sem v�tima";"155";"BR-393/RJ";"N";"Tombamento";0;0;1;0;0;0;0;0;0;0;1;0;0;0;0
"21/07/2011";"18:41:00";"62";"com v�tima";"143";"BR-393/RJ";"N";"Abalr.Mesmo Sentido";0;0;0;1;0;1;0;0;0;0;1;2;0;0;0
"22/07/2011";"16:04:00";"52";"sem v�tima";"243";"BR-393/RJ";"N";"Colis�o Traseira";2;0;0;0;0;0;0;0;0;0;2;0;0;0;0
"22/07/2011";"18:05:00";"61";"sem v�tima";"284";"BR-393/RJ";"N";"Abalr.Mesmo Sentido";0;0;1;0;1;0;0;0;0;0;1;0;0;0;0
"22/07/2011";"18:11:00";"63";"com v�tima";"236,7";"BR-393/RJ";"N";"Colis�o Traseira";1;0;0;1;0;0;0;0;0;0;0;1;0;0;0
"22/07/2011";"18:44:00";"67";"sem v�tima";"285,7";"BR-393/RJ";"S";"Abalr.Mesmo Sentido";1;0;0;0;0;1;0;0;0;0;2;0;0;0;0
"22/07/2011";"18:51:00";"70";"com v�tima";"285,8";"BR-393/RJ";"S";"Colis�o Traseira";1;0;1;0;0;0;0;0;0;0;0;2;0;0;0
"23/07/2011";"03:54:00";"5";"com v�tima";"274";"BR-393/RJ";"S";"Capotamento";1;0;0;0;0;0;0;0;0;0;1;3;0;0;0
"23/07/2011";"05:49:00";"15";"sem v�tima";"284";"BR-393/RJ";"N";"Colis�o com Objeto Fixo";1;0;0;0;0;0;0;0;0;0;1;0;0;0;0
"23/07/2011";"06:24:00";"16";"sem v�tima";"158";"BR-393/RJ";"N";"Sa�da de Pista";1;0;0;0;0;0;0;0;0;0;2;0;0;0;0
"23/07/2011";"06:49:00";"18";"sem v�tima";"199";"BR-393/RJ";"N";"Colis�o Traseira";2;0;0;0;0;0;0;0;0;0;7;0;0;0;0
"23/07/2011";"08:19:00";"23";"sem v�tima";"100,9";"BR-393/RJ";"N";"Sa�da de Pista";2;0;0;0;0;0;0;0;0;0;5;0;0;0;0
"23/07/2011";"18:20:00";"52";"sem v�tima";"193";"BR-393/RJ";"N";"Colis�o Traseira";2;0;0;0;0;0;0;0;0;0;5;0;0;0;0
"23/07/2011";"21:08:00";"65";"sem v�tima";"279";"BR-393/RJ";"S";"Colis�o Traseira";2;0;0;0;0;0;0;0;0;0;2;0;0;0;0
"23/07/2011";"22:49:00";"72";"sem v�tima";"154";"BR-393/RJ";"N";"Outros tipos de acidente";0;1;0;0;0;0;0;0;0;0;1;0;0;0;0
"24/07/2011";"01:50:00";"10";"sem v�tima";"257,9";"BR-393/RJ";"S";"Atropelamento de Animal";1;0;0;1;0;0;0;0;0;0;3;0;0;0;0
"24/07/2011";"09:35:00";"28";"sem v�tima";"176";"BR-393/RJ";"N";"Colis�o Traseira";2;0;0;0;0;0;0;0;0;0;4;0;0;0;0
"24/07/2011";"23:02:00";"89";"sem v�tima";"255,3";"BR-393/RJ";"N";"Abalr.Transversal";1;0;0;0;1;0;0;0;0;0;2;0;0;0;0
"25/07/2011";"22:54:00";"76";"sem v�tima";"282";"BR-393/RJ";"S";"Colis�o Traseira";2;0;0;0;0;0;0;0;0;0;1;0;0;0;0
"26/07/2011";"05:31:00";"10";"com v�tima";"272";"BR-393/RJ";"N";"Tombamento";0;0;1;0;0;0;0;0;0;0;0;1;0;0;0
"26/07/2011";"14:09:00";"34";"sem v�tima";"104";"BR-393/RJ";"N";"Abalr.Mesmo Sentido";2;0;0;0;0;0;0;0;0;0;3;0;0;0;0
"26/07/2011";"19:24:00";"47";"sem v�tima";"268";"BR-393/RJ";"N";"Abalr.Transversal";2;0;0;0;0;0;0;0;0;0;4;0;0;0;0
"27/07/2011";"07:57:00";"22";"sem v�tima";"259,5";"BR-393/RJ";"N";"Engavetamento";3;0;0;0;0;0;0;0;0;0;3;0;0;0;0
"27/07/2011";"17:52:00";"71";"sem v�tima";"282,5";"BR-393/RJ";"S";"Abalr.Transversal";2;0;0;0;0;0;0;0;0;0;2;0;0;0;0
"28/07/2011";"15:31:00";"65";"sem v�tima";"279,8";"BR-393/RJ";"N";"Colis�o com Objeto Fixo";0;0;1;0;0;0;0;0;0;0;1;0;0;0;0
"28/07/2011";"18:35:00";"80";"sem v�tima";"244";"BR-393/RJ";"N";"Outros tipos de acidente";0;0;0;1;0;0;0;0;0;0;1;0;0;0;0
"29/07/2011";"03:38:00";"10";"sem v�tima";"284,2";"BR-393/RJ";"S";"Colis�o com Objeto Fixo";1;0;0;0;0;0;0;0;0;0;1;0;0;0;0
"29/07/2011";"10:22:00";"38";"sem v�tima";"178";"BR-393/RJ";"S";"Colis�o Traseira";1;0;1;0;0;0;0;0;0;0;2;0;0;0;0
"29/07/2011";"18:53:00";"73";"sem v�tima";"254";"BR-393/RJ";"S";"Sa�da de Pista";1;0;0;0;0;0;0;0;0;0;1;0;0;0;0
"30/07/2011";"06:18:00";"11";"sem v�tima";"146";"BR-393/RJ";"N";"Outros tipos de acidente";1;0;0;0;0;0;0;0;0;0;2;0;0;0;0
"30/07/2011";"07:49:00";"18";"sem v�tima";"102";"BR-393/RJ";"N";"Colis�o Traseira";2;0;0;0;0;0;0;0;0;0;4;0;0;0;0
"30/07/2011";"17:19:00";"43";"com v�tima";"237";"BR-393/RJ";"N";"Colis�o Traseira";2;0;0;0;0;0;0;0;0;0;1;2;0;0;0
"30/07/2011";"20:36:00";"52";"sem v�tima";"257";"BR-393/RJ";"N";"Abalr.Mesmo Sentido";3;0;0;0;0;0;0;0;0;0;3;0;0;0;0
"31/07/2011";"14:42:00";"40";"sem v�tima";"107,2";"BR-393/RJ";"N";"Colis�o Traseira";2;0;0;0;0;0;0;0;0;0;2;0;0;0;0
"31/07/2011";"15:15:00";"41";"sem v�tima";"283,1";"BR-393/RJ";"S";"Colis�o Traseira";3;0;0;0;0;0;0;0;0;0;3;0;0;0;0
"31/07/2011";"21:07:00";"59";"sem v�tima";"279,6";"BR-393/RJ";"S";"Colis�o Frontal";2;0;0;0;0;0;0;0;0;0;2;0;0;0;0
"31/07/2011";"22:19:00";"64";"sem v�tima";"268";"BR-393/RJ";"S";"Abalr.Transversal";1;0;0;0;0;0;0;0;0;0;2;0;0;0;0
"01/08/2011";"10:40:00";"39";"com v�tima";"182,25";"BR-393/RJ";"Norte";"Colis�o Lateral";1;0;1;0;0;0;0;0;0;0;2;2;0;0;0
"01/08/2011";"21:12:00";"69";"sem v�tima";"275,5";"BR-393/RJ";"Norte";"Engavetamento";2;0;1;0;0;0;0;0;0;0;3;0;0;0;0
"02/08/2011";"02:45:00";"15";"com v�tima";"286,4";"BR-393/RJ";"Norte";"Choque - Defensa, barreira ou "submarino"";1;0;0;0;0;0;0;0;0;0;0;1;0;0;0
"02/08/2011";"02:53:00";"16";"sem v�tima";"174,6";"BR-393/RJ";"Sul";"Atropelamento de Animal";0;0;1;0;0;0;0;0;0;0;1;0;0;0;0
"02/08/2011";"09:29:00";"37";"com v�tima";"199";"BR-393/RJ";"Norte";"Colis�o Lateral";2;0;0;0;0;0;0;0;0;0;1;2;0;0;0
"03/08/2011";"10:09:00";"23";"com v�tima";"156";"BR-393/RJ";"Norte";"Tombamento";0;0;0;0;0;0;0;0;1;0;0;1;0;0;0
"03/08/2011";"15:46:00";"45";"com v�tima";"147";"BR-393/RJ";"Norte";"Queda de Bicicleta";0;1;0;0;0;0;0;0;0;0;0;1;0;0;0
"03/08/2011";"19:06:00";"57";"sem v�tima";"285,6";"BR-393/RJ";"Sul";"Colis�o Lateral";1;0;1;0;0;0;0;0;0;0;2;0;0;0;0
"03/08/2011";"20:10:00";"60";"com v�tima";"257,95";"BR-393/RJ";"Sul";"Colis�o Lateral";1;0;1;0;0;0;0;0;0;0;1;1;0;0;0
"03/08/2011";"21:48:00";"61";"sem v�tima";"197";"BR-393/RJ";"Norte";"Queda de Moto";0;0;0;1;0;0;0;0;0;0;1;0;0;0;0
"03/08/2011";"22:51:00";"64";"com v�tima";"286";"BR-393/RJ";"Norte";"Outros - Sequ�ncia";1;0;0;0;2;0;0;0;0;0;2;1;0;0;0
"04/08/2011";"10:38:00";"31";"com v�tima";"244";"BR-393/RJ";"Norte";"Queda de Bicicleta";0;1;0;0;0;0;0;0;0;0;0;1;0;0;0
"04/08/2011";"18:40:00";"62";"sem v�tima";"177,8";"BR-393/RJ";"Sul";"Colis�o Traseira";2;0;0;0;0;0;0;0;0;0;3;0;0;0;0
"04/08/2011";"21:58:00";"68";"sem v�tima";"119";"BR-393/RJ";"Sul";"Saida de Pista";0;0;0;0;0;0;0;0;0;1;1;0;0;0;0
"05/08/2011";"06:39:00";"9";"com v�tima";"177,768";"BR-393/RJ";"Sul";"Colis�o Traseira";2;0;0;0;0;0;0;0;0;0;3;1;0;0;0
"05/08/2011";"11:26:00";"29";"com v�tima";"281,3";"BR-393/RJ";"Sul";"Colis�o Traseira";1;0;0;0;0;0;0;0;0;1;1;1;0;0;0
"05/08/2011";"12:07:00";"32";"com v�tima";"236,875";"BR-393/RJ";"Sul";"Colis�o Lateral";1;0;1;0;0;0;0;0;0;0;1;1;0;0;0
"05/08/2011";"18:53:00";"56";"com v�tima";"171,3";"BR-393/RJ";"Norte";"Colis�o Transversal";1;0;1;0;0;0;0;0;0;0;1;0;1;0;0
"05/08/2011";"19:02:00";"59";"com v�tima";"118,3";"BR-393/RJ";"Sul";"Capotamento";1;0;0;0;0;0;0;0;0;0;0;0;1;0;0
"05/08/2011";"22:23:00";"73";"sem v�tima";"104";"BR-393/RJ";"Norte";"Colis�o Transversal";1;0;1;0;0;0;0;0;0;0;5;0;0;0;0
"06/08/2011";"06:00:00";"15";"sem v�tima";"102,3";"BR-393/RJ";"Norte";"Colis�o Traseira";1;0;1;0;0;0;0;0;0;0;4;0;0;0;0
"06/08/2011";"06:53:00";"16";"sem v�tima";"178,5";"BR-393/RJ";"Norte";"Engavetamento";0;0;2;0;0;0;0;0;0;1;3;0;0;0;0
"06/08/2011";"21:29:00";"61";"sem v�tima";"268";"BR-393/RJ";"Norte";"Colis�o Transversal";2;0;0;0;0;0;0;0;0;0;2;0;0;0;0
"08/08/2011";"07:08:00";"20";"com v�tima";"208,2";"BR-393/RJ";"Norte";"Colis�o Lateral";2;0;0;0;0;0;0;0;0;0;0;3;0;0;0
"08/08/2011";"07:19:00";"23";"com v�tima";"285,4";"BR-393/RJ";"Sul";"Colis�o Lateral";1;0;1;0;0;0;0;0;0;0;1;1;0;0;0
"08/08/2011";"07:46:00";"27";"sem v�tima";"285,454";"BR-393/RJ";"Sul";"Colis�o Lateral";1;0;1;0;0;0;0;0;0;0;2;0;0;0;0
"08/08/2011";"14:22:00";"49";"com v�tima";"279";"BR-393/RJ";"Norte";"Colis�o Traseira";2;0;0;0;0;0;0;0;0;0;1;1;0;0;0
"08/08/2011";"15:13:00";"52";"com v�tima";"261,2";"BR-393/RJ";"Norte";"Colis�o Lateral";1;0;0;0;0;0;0;0;0;1;0;2;0;0;0
"09/08/2011";"08:53:00";"27";"com v�tima";"268,5";"BR-393/RJ";"Norte";"Atropelamento - Morador";0;0;0;1;0;0;0;0;0;0;0;1;0;1;0
"10/08/2011";"23:47:00";"67";"sem v�tima";"102";"BR-393/RJ";"Norte";"Colis�o Traseira";2;0;0;0;0;0;0;0;0;0;2;0;0;0;0
"11/08/2011";"06:14:00";"15";"sem v�tima";"180,5";"BR-393/RJ";"Sul";"Colis�o Traseira";1;0;0;0;1;0;0;0;0;0;2;0;0;0;0
"11/08/2011";"19:44:00";"64";"sem v�tima";"189,9";"BR-393/RJ";"Sul";"Capotamento";1;0;0;0;0;0;0;0;0;0;1;0;0;0;0
"12/08/2011";"12:25:00";"51";"sem v�tima";"285";"BR-393/RJ";"Norte";"Colis�o Traseira";1;0;0;1;0;0;0;0;0;0;2;0;0;0;0
"13/08/2011";"00:04:00";"3";"sem v�tima";"153";"BR-393/RJ";"Norte";"Atropelamento de Animal";0;0;1;0;0;0;0;0;0;0;1;0;0;0;0
"13/08/2011";"09:32:00";"23";"sem v�tima";"168,538";"BR-393/RJ";"Sul";"Colis�o Traseira";2;0;0;0;0;0;0;0;0;0;3;0;0;0;0
"14/08/2011";"02:31:00";"3";"com v�tima";"189";"BR-393/RJ";"Sul";"Saida de Pista";1;0;0;0;0;0;0;0;0;0;2;1;0;0;0
"14/08/2011";"05:17:00";"15";"sem v�tima";"285";"BR-393/RJ";"Norte";"Colis�o Transversal";2;0;0;0;0;0;0;0;0;0;2;0;0;0;0
"14/08/2011";"06:14:00";"16";"sem v�tima";"133,1";"BR-393/RJ";"Sul";"Colis�o Lateral";1;0;1;0;0;0;0;0;0;0;6;0;0;0;0
"14/08/2011";"06:16:00";"17";"com v�tima";"172";"BR-393/RJ";"Sul";"Outros";1;0;0;0;0;0;0;0;0;0;0;1;0;0;0
"14/08/2011";"10:51:00";"22";"com v�tima";"182";"BR-393/RJ";"Norte";"Colis�o Lateral";0;0;2;0;0;0;0;0;0;0;1;1;0;0;0
"14/08/2011";"16:29:00";"35";"com v�tima";"133";"BR-393/RJ";"Norte";"Choque - Poste";1;0;0;0;0;0;0;0;0;0;0;1;0;0;0
"15/08/2011";"03:32:00";"13";"sem v�tima";"175";"BR-393/RJ";"Norte";"Outros";1;0;0;0;0;0;0;0;0;0;1;0;0;0;0
"15/08/2011";"07:03:00";"19";"com v�tima";"166";"BR-393/RJ";"Sul";"Colis�o Traseira";1;0;1;0;0;0;0;0;0;0;1;1;0;0;0
"16/08/2011";"15:27:00";"68";"com v�tima";"202";"BR-393/RJ";"Sul";"Queda de Moto";0;0;0;1;0;0;0;0;0;0;0;2;0;0;0
"17/08/2011";"10:40:00";"39";"sem v�tima";"125";"BR-393/RJ";"Norte";"Colis�o Traseira";0;0;2;0;0;0;0;0;0;0;2;0;0;0;0
"17/08/2011";"11:44:00";"44";"sem v�tima";"163";"BR-393/RJ";"Norte";"Tombamento";0;0;1;0;0;0;0;0;0;0;1;0;0;0;0
"17/08/2011";"15:56:00";"61";"sem v�tima";"103";"BR-393/RJ";"Sul";"Colis�o Transversal";2;0;0;0;0;0;0;0;0;0;7;0;0;0;0
"17/08/2011";"22:35:00";"96";"com v�tima";"286";"BR-393/RJ";"Norte";"Colis�o Transversal";2;0;0;0;0;0;0;0;0;0;0;2;0;0;0
"18/08/2011";"04:23:00";"13";"com v�tima";"179";"BR-393/RJ";"Sul";"Atropelamento de Animal";0;0;0;1;0;0;0;0;0;0;0;1;0;0;0
"18/08/2011";"14:52:00";"45";"com v�tima";"238";"BR-393/RJ";"Sul";"Engavetamento";4;0;1;0;0;0;0;0;0;0;4;3;0;0;0
"19/08/2011";"03:59:00";"16";"com v�tima";"281,8";"BR-393/RJ";"Sul";"Outros - Sequ�ncia";2;0;0;0;0;0;0;0;0;0;2;1;0;0;0
"19/08/2011";"17:32:00";"62";"sem v�tima";"175,6";"BR-393/RJ";"Sul";"Colis�o Traseira";1;0;1;0;0;0;0;0;0;0;2;0;0;0;0
"19/08/2011";"20:02:00";"68";"com v�tima";"202,1";"BR-393/RJ";"Norte";"Colis�o Transversal";1;0;0;1;0;0;0;0;0;0;3;0;1;0;0
"20/08/2011";"04:33:00";"30";"com v�tima";"104,9";"BR-393/RJ";"Norte";"Atropelamento - Morador";1;0;0;0;0;0;0;0;0;0;1;1;0;0;0
"20/08/2011";"05:09:00";"34";"com v�tima";"244,1";"BR-393/RJ";"Norte";"Colis�o Lateral";1;0;0;0;1;0;0;0;0;0;1;1;0;0;0
"20/08/2011";"19:26:00";"78";"sem v�tima";"286";"BR-393/RJ";"Sul";"Colis�o Traseira";3;0;0;0;0;0;0;0;0;0;3;0;0;0;0
"20/08/2011";"20:19:00";"85";"sem v�tima";"265";"BR-393/RJ";"Norte";"Colis�o Traseira";1;0;1;0;0;0;0;0;0;0;2;0;0;0;0
"20/08/2011";"21:28:00";"88";"sem v�tima";"247";"BR-393/RJ";"Norte";"Atropelamento de Animal";1;0;0;0;0;0;0;0;0;0;1;0;0;0;0