fdata;horario;n_da_ocorrencia;tipo_de_ocorrencia;km;trecho;sentido;tipo_de_acidente;automovel;bicicleta;caminhao;moto;onibus;outros;tracao_animal;transporte_de_cargas_especiais;trator_maquinas;utilitarios;ilesos;levemente_feridos;moderadamente_feridos;gravemente_feridos;mortos
"21/08/2011";"05:53:00";"8";"com v�tima";"277,621";"BR-393/RJ";"Sul";"Choque - Arvore";1;0;0;0;0;0;0;0;0;0;0;0;1;0;0
"21/08/2011";"21:15:00";"57";"sem v�tima";"193";"BR-393/RJ";"Sul";"Atropelamento de Animal";1;0;0;0;0;0;0;0;0;0;1;0;0;0;0
"21/08/2011";"21:18:00";"58";"com v�tima";"226,702";"BR-393/RJ";"Sul";"Saida de Pista";1;0;0;0;0;0;0;0;0;0;0;3;0;0;0
"21/08/2011";"22:24:00";"62";"com v�tima";"233";"BR-393/RJ";"Norte";"Colis�o Transversal";1;0;1;0;0;0;0;0;0;0;1;0;0;1;0
"22/08/2011";"15:58:00";"49";"com v�tima";"136";"BR-393/RJ";"Norte";"Capotamento";1;0;0;0;0;0;0;0;0;0;0;1;0;0;0
"22/08/2011";"16:56:00";"53";"com v�tima";"175";"BR-393/RJ";"Norte";"Choque - Outros";1;0;0;0;0;0;0;0;0;0;2;1;0;0;0
"22/08/2011";"23:46:00";"76";"sem v�tima";"254";"BR-393/RJ";"Sul";"Choque - Elemento de Drenagem";0;0;1;0;0;0;0;0;0;0;1;0;0;0;0
"23/08/2011";"04:39:00";"15";"sem v�tima";"203,8";"BR-393/RJ";"Sul";"Atropelamento de Animal";0;0;1;0;0;0;0;0;0;0;1;0;0;0;0
"24/08/2011";"17:24:00";"68";"com v�tima";"220,16";"BR-393/RJ";"Norte";"Colis�o Traseira";2;0;0;0;0;0;0;0;0;0;1;5;0;0;0
"25/08/2011";"09:12:00";"22";"com v�tima";"286";"BR-393/RJ";"Sul";"Engavetamento";3;0;0;0;0;0;0;0;0;0;2;1;0;0;0
"25/08/2011";"12:21:00";"37";"com v�tima";"177,105";"BR-393/RJ";"Norte";"Saida de Pista";1;0;0;0;0;0;0;0;0;0;0;1;0;0;0
"25/08/2011";"16:06:00";"59";"com v�tima";"200";"BR-393/RJ";"Sul";"Colis�o Lateral";0;0;2;0;0;0;0;0;0;0;0;2;0;0;0
"26/08/2011";"19:18:00";"55";"sem v�tima";"238,2";"BR-393/RJ";"Norte";"Atropelamento de Animal";0;0;2;0;0;0;0;0;0;0;2;0;0;0;0
"27/08/2011";"03:39:00";"26";"com v�tima";"182,7";"BR-393/RJ";"Norte";"Choque - Defensa, barreira ou "submarino"";0;0;0;1;0;0;0;0;0;0;0;1;0;0;0
"27/08/2011";"10:42:00";"38";"com v�tima";"108";"BR-393/RJ";"Norte";"Colis�o Traseira";1;0;0;1;0;0;0;0;0;0;0;2;0;0;0
"27/08/2011";"14:08:00";"48";"com v�tima";"147,2";"BR-393/RJ";"Norte";"Colis�o Traseira";1;0;0;1;0;0;0;0;0;0;1;0;2;0;0
"28/08/2011";"01:08:00";"4";"sem v�tima";"193,3";"BR-393/RJ";"Sul";"Atropelamento de Animal";0;0;0;0;1;0;0;0;0;0;1;0;0;0;0
"28/08/2011";"07:11:00";"15";"sem v�tima";"256,067";"BR-393/RJ";"Norte";"Choque - Elemento de Drenagem";1;0;0;0;0;0;0;0;0;0;2;0;0;0;0
"28/08/2011";"16:49:00";"49";"com v�tima";"280,7";"BR-393/RJ";"Sul";"Atropelamento - Ciclista";1;1;0;0;0;0;0;0;0;0;0;2;0;0;0
"28/08/2011";"21:04:00";"62";"com v�tima";"238";"BR-393/RJ";"Norte";"Choque - Arvore";1;0;0;0;0;0;0;0;0;0;0;0;0;0;1
"28/08/2011";"22:47:00";"68";"sem v�tima";"219,2";"BR-393/RJ";"Norte";"Colis�o Lateral";2;0;0;0;0;0;0;0;0;0;7;0;0;0;0
"30/08/2011";"16:13:00";"53";"com v�tima";"103";"BR-393/RJ";"Sul";"Choque - Poste";1;0;0;0;0;0;0;0;0;0;0;2;2;0;0
"31/08/2011";"08:07:00";"30";"com v�tima";"286";"BR-393/RJ";"Sul";"Engavetamento";2;0;1;0;0;0;0;0;0;0;0;3;0;0;0
"31/08/2011";"08:27:00";"32";"com v�tima";"285";"BR-393/RJ";"Norte";"Colis�o Lateral";2;0;0;0;0;0;0;0;0;0;0;2;0;0;0
"01/09/2011";"13:14:00";"52";"com v�tima";"179,5";"BR-393/RJ";"Sul";"Choque - Outros";1;0;0;0;0;0;0;0;0;0;0;2;0;0;0
"02/09/2011";"11:35:00";"30";"com v�tima";"270,48";"BR-393/RJ";"Norte";"Tombamento";0;0;1;0;0;0;0;0;0;0;0;1;0;0;0
"02/09/2011";"18:22:00";"55";"com v�tima";"283,63";"BR-393/RJ";"Sul";"Colis�o Transversal";2;0;0;0;0;0;0;0;0;0;0;2;0;0;0
"03/09/2011";"07:16:00";"15";"com v�tima";"157,26";"BR-393/RJ";"Sul";"Tombamento";0;0;1;0;0;0;0;0;0;0;1;1;0;0;0
"03/09/2011";"07:37:00";"17";"com v�tima";"239,23";"BR-393/RJ";"Norte";"Capotamento";1;0;0;0;0;0;0;0;0;0;0;1;0;0;0
"03/09/2011";"09:26:00";"31";"com v�tima";"200,587";"BR-393/RJ";"Norte";"Colis�o Traseira";1;0;1;0;0;0;0;0;0;0;2;2;0;0;0
"03/09/2011";"09:28:00";"32";"com v�tima";"195,062";"BR-393/RJ";"Norte";"Choque - Outros";0;0;1;0;0;0;0;0;0;0;0;1;0;0;0
"03/09/2011";"10:52:00";"38";"com v�tima";"285,45";"BR-393/RJ";"Norte";"Colis�o Lateral";2;0;0;0;0;0;0;0;0;0;0;2;0;0;0
"03/09/2011";"11:46:00";"42";"com v�tima";"285,4";"BR-393/RJ";"Sul";"Engavetamento";4;0;0;0;0;0;0;0;0;0;0;5;0;0;0
"03/09/2011";"12:35:00";"44";"sem v�tima";"284,915";"BR-393/RJ";"Sul";"Colis�o Traseira";2;0;0;0;0;0;0;0;0;0;2;0;0;0;0
"03/09/2011";"18:44:00";"62";"com v�tima";"143,45";"BR-393/RJ";"Norte";"Capotamento";0;0;1;0;0;0;0;0;0;0;0;0;0;0;1
"03/09/2011";"21:08:00";"75";"sem v�tima";"284,67";"BR-393/RJ";"Norte";"Colis�o Traseira";2;0;0;0;0;0;0;0;0;0;2;0;0;0;0
"04/09/2011";"00:25:00";"5";"sem v�tima";"217,6";"BR-393/RJ";"Sul";"Choque - Outros";1;0;0;0;0;0;0;0;0;0;1;0;0;0;0
"04/09/2011";"04:32:00";"18";"sem v�tima";"166,9";"BR-393/RJ";"Sul";"Choque - Defensa, barreira ou "submarino"";1;0;0;0;0;0;0;0;0;0;1;0;0;0;0
"04/09/2011";"04:54:00";"20";"com v�tima";"284,3";"BR-393/RJ";"Norte";"Choque - Defensa, barreira ou "submarino"";1;0;0;0;0;0;0;0;0;0;0;1;0;0;0
"04/09/2011";"05:09:00";"21";"com v�tima";"285,25";"BR-393/RJ";"Norte";"Saida de Pista";1;0;0;0;0;0;0;0;0;0;0;1;0;0;0
"04/09/2011";"22:14:00";"91";"com v�tima";"151,92";"BR-393/RJ";"Sul";"Tombamento";0;0;1;0;0;0;0;0;0;0;0;1;0;0;0
"05/09/2011";"07:15:00";"23";"sem v�tima";"211,3";"BR-393/RJ";"Norte";"Saida de Pista";1;0;0;0;0;0;0;0;0;0;1;0;0;0;0
"05/09/2011";"08:16:00";"28";"com v�tima";"200,5";"BR-393/RJ";"Norte";"Queda de Moto";0;0;0;1;0;0;0;0;0;0;0;1;0;0;0
"05/09/2011";"11:32:00";"44";"com v�tima";"131,98";"BR-393/RJ";"Norte";"Colis�o Lateral";1;0;1;0;0;0;0;0;0;0;1;4;0;0;0
"05/09/2011";"18:18:00";"68";"sem v�tima";"189,6";"BR-393/RJ";"Sul";"Atropelamento de Animal";0;0;1;0;0;0;0;0;0;0;1;0;0;0;0
"06/09/2011";"10:03:00";"24";"com v�tima";"177,8";"BR-393/RJ";"Norte";"Colis�o Lateral";3;0;0;0;0;0;0;0;0;0;1;2;0;0;0
"06/09/2011";"13:30:00";"40";"sem v�tima";"159,68";"BR-393/RJ";"Norte";"Choque - Suporte de Sinaliza��o";1;0;0;0;0;0;0;0;0;0;1;0;0;0;0
"06/09/2011";"23:32:00";"66";"com v�tima";"143,475";"BR-393/RJ";"Norte";"Capotamento";0;0;1;0;0;0;0;0;0;0;0;0;0;0;1
"07/09/2011";"10:18:00";"21";"com v�tima";"169,46";"BR-393/RJ";"Sul";"Choque - Elemento de Drenagem";1;0;0;0;0;0;0;0;0;0;0;1;0;0;0
"07/09/2011";"12:06:00";"27";"com v�tima";"241,9";"BR-393/RJ";"Norte";"Queda de Moto";0;0;0;1;0;0;0;0;0;0;0;0;0;1;0
"07/09/2011";"19:02:00";"45";"com v�tima";"281,5";"BR-393/RJ";"Sul";"Colis�o Traseira";2;0;0;0;0;0;0;0;0;0;2;1;0;0;0
"07/09/2011";"19:14:00";"47";"sem v�tima";"226,9";"BR-393/RJ";"Sul";"Atropelamento de Animal";0;0;1;0;0;0;0;0;0;0;1;0;0;0;0
"07/09/2011";"20:24:00";"56";"sem v�tima";"255,75";"BR-393/RJ";"Norte";"Abalroamento Mesmo Sentido ";2;0;0;0;0;0;0;0;0;0;2;0;0;0;0
"08/09/2011";"15:04:00";"60";"sem v�tima";"177";"BR-393/RJ";"Norte";"Engavetamento";3;0;0;0;0;0;0;0;0;0;5;0;0;0;0
"08/09/2011";"17:55:00";"71";"com v�tima";"278";"BR-393/RJ";"Sul";"Atropelamento - Andarilho";1;0;0;0;0;0;0;0;0;0;1;0;1;0;0
"09/09/2011";"03:56:00";"4";"sem v�tima";"244";"BR-393/RJ";"Norte";"Saida de Pista";1;0;0;0;0;0;0;0;0;0;1;0;0;0;0
"09/09/2011";"16:13:00";"50";"com v�tima";"200";"BR-393/RJ";"Norte";"Saida de Pista";1;0;0;0;0;0;0;0;0;0;0;2;0;0;0
"09/09/2011";"17:14:00";"56";"com v�tima";"281";"BR-393/RJ";"Sul";"Colis�o Lateral";2;0;0;0;0;0;0;0;0;0;0;2;0;0;0
"10/09/2011";"04:08:00";"9";"com v�tima";"157";"BR-393/RJ";"Norte";"Saida de Pista";0;0;1;0;0;0;0;0;0;0;0;1;0;0;0
"10/09/2011";"08:49:00";"23";"sem v�tima";"156";"BR-393/RJ";"Norte";"Colis�o Lateral";1;0;1;0;0;0;0;0;0;0;3;0;0;0;0
"10/09/2011";"11:29:00";"30";"com v�tima";"104,213";"BR-393/RJ";"Norte";"Colis�o Lateral";2;0;0;0;0;0;0;0;0;0;0;4;0;0;0
"10/09/2011";"14:26:00";"39";"com v�tima";"157";"BR-393/RJ";"Norte";"Saida de Pista";0;0;1;0;0;0;0;0;0;0;0;1;0;0;0
"11/09/2011";"10:35:00";"26";"com v�tima";"252,5";"BR-393/RJ";"Sul";"Colis�o Transversal";2;0;0;0;0;0;0;0;0;0;0;7;0;0;0
"11/09/2011";"19:13:00";"64";"sem v�tima";"271,1";"BR-393/RJ";"Norte";"Outros - Sequ�ncia";4;0;0;0;0;0;0;0;0;0;6;0;0;0;0
"12/09/2011";"15:20:00";"63";"com v�tima";"257";"BR-393/RJ";"Norte";"Queda de Moto";0;0;0;1;0;0;0;0;0;0;0;1;0;0;0
"12/09/2011";"16:20:00";"67";"sem v�tima";"254,6";"BR-393/RJ";"Sul";"Choque - Talude";0;0;1;0;0;0;0;0;0;0;1;0;0;0;0
"12/09/2011";"18:25:00";"78";"sem v�tima";"227,5";"BR-393/RJ";"Norte";"Atropelamento de Animal";1;0;0;0;0;0;0;0;0;0;1;0;0;0;0
"12/09/2011";"23:12:00";"93";"sem v�tima";"213,5";"BR-393/RJ";"Sul";"Abalroamento Sentido Oposto";0;0;3;0;0;0;0;0;0;0;5;0;0;0;0
"13/09/2011";"03:05:00";"8";"sem v�tima";"131";"BR-393/RJ";"Norte";"Choque - Poste";0;0;1;0;0;0;0;0;0;0;2;0;0;0;0
"13/09/2011";"10:23:00";"29";"com v�tima";"112";"BR-393/RJ";"Sul";"Abalroamento Mesmo Sentido ";0;0;2;0;0;0;0;0;0;0;0;4;0;0;0
"14/09/2011";"14:06:00";"52";"com v�tima";"265";"BR-393/RJ";"Norte";"Colis�o Traseira";2;0;0;0;0;0;0;0;0;0;0;2;0;0;0
"14/09/2011";"15:03:00";"56";"com v�tima";"248";"BR-393/RJ";"Sul";"Colis�o Lateral";1;0;0;1;0;0;0;0;0;0;0;3;0;0;0
"14/09/2011";"18:12:00";"62";"com v�tima";"220";"BR-393/RJ";"Sul";"Colis�o Transversal";2;0;0;0;0;0;0;0;0;0;2;1;0;0;0
"15/09/2011";"11:33:00";"30";"com v�tima";"178";"BR-393/RJ";"Norte";"Colis�o Traseira";2;0;0;0;0;0;0;0;0;0;1;1;0;0;0
"16/09/2011";"00:55:00";"2";"sem v�tima";"284,2";"BR-393/RJ";"Norte";"Engavetamento";2;0;1;0;0;0;0;0;0;0;3;0;0;0;0
"16/09/2011";"04:50:00";"14";"com v�tima";"266,5";"BR-393/RJ";"Sul";"Abalroamento Sentido Oposto";0;0;1;0;1;0;0;0;0;0;0;2;0;0;0
"16/09/2011";"09:22:00";"30";"com v�tima";"199";"BR-393/RJ";"Norte";"Colis�o Traseira";2;0;0;0;0;0;0;0;0;0;0;3;0;0;0
"16/09/2011";"16:21:00";"54";"sem v�tima";"161";"BR-393/RJ";"Sul";"Choque - Elemento de Drenagem";1;0;0;0;0;0;0;0;0;0;11;0;0;0;0
"17/09/2011";"02:49:00";"6";"com v�tima";"199,5";"BR-393/RJ";"Norte";"Outros - Sequ�ncia";0;0;3;0;0;0;0;0;0;0;2;1;0;0;0
"17/09/2011";"07:56:00";"13";"com v�tima";"280";"BR-393/RJ";"Sul";"Atropelamento - Ciclista";1;0;0;0;0;0;0;0;0;0;0;1;1;0;0
"17/09/2011";"09:44:00";"16";"com v�tima";"283";"BR-393/RJ";"Norte";"Colis�o Traseira";0;0;1;0;1;0;0;0;0;0;0;2;0;0;0
"17/09/2011";"10:02:00";"18";"com v�tima";"227";"BR-393/RJ";"Norte";"Saida de Pista";1;0;0;0;0;0;0;0;0;0;1;1;0;0;0
"17/09/2011";"17:50:00";"44";"com v�tima";"168";"BR-393/RJ";"Sul";"Colis�o Frontal";1;0;1;0;0;0;0;0;0;0;1;0;1;0;0
"18/09/2011";"05:02:00";"6";"com v�tima";"281,5";"BR-393/RJ";"Norte";"Capotamento";1;0;0;0;0;0;0;0;0;0;0;1;0;0;0
"18/09/2011";"08:55:00";"11";"com v�tima";"151,8";"BR-393/RJ";"Sul";"Tombamento";0;0;1;0;0;0;0;0;0;0;0;1;0;0;0
"18/09/2011";"16:55:00";"28";"sem v�tima";"241";"BR-393/RJ";"Sul";"Colis�o Transversal";2;0;0;0;0;0;0;0;0;0;4;0;0;0;0
"18/09/2011";"20:20:00";"46";"com v�tima";"243";"BR-393/RJ";"Sul";"Choque - Elemento de Drenagem";1;0;0;0;0;0;0;0;0;0;1;1;0;0;0
"18/09/2011";"22:35:00";"52";"sem v�tima";"285";"BR-393/RJ";"Norte";"Colis�o Traseira";2;0;0;0;0;0;0;0;0;0;2;0;0;0;0
"19/09/2011";"09:27:00";"27";"com v�tima";"247";"BR-393/RJ";"Norte";"Colis�o Lateral";1;0;1;0;0;0;0;0;0;0;1;1;0;0;0
"19/09/2011";"18:08:00";"53";"sem v�tima";"103,8";"BR-393/RJ";"Sul";"Choque - Defensa, barreira ou "submarino"";1;0;0;0;0;0;0;0;0;0;2;0;0;0;0
"19/09/2011";"22:10:00";"63";"sem v�tima";"274";"BR-393/RJ";"Sul";"Capotamento";1;0;0;0;0;0;0;0;0;0;1;0;0;0;0
"21/09/2011";"06:41:00";"12";"sem v�tima";"279,7";"BR-393/RJ";"Norte";"Choque - Outros";0;0;1;0;0;0;0;0;0;0;1;0;0;0;0
"21/09/2011";"18:21:00";"59";"com v�tima";"204,2";"BR-393/RJ";"Norte";"Colis�o Lateral";1;0;0;1;0;0;0;0;0;0;1;2;0;0;0
"22/09/2011";"10:20:00";"32";"com v�tima";"284";"BR-393/RJ";"Sul";"Colis�o Traseira";0;0;2;0;0;0;0;0;0;0;1;1;0;0;0
"22/09/2011";"14:01:00";"50";"com v�tima";"175";"BR-393/RJ";"Norte";"Saida de Pista";1;0;0;0;0;0;0;0;0;0;0;3;0;0;0
"23/09/2011";"07:54:00";"24";"com v�tima";"286";"BR-393/RJ";"Sul";"Colis�o Traseira";1;0;0;1;0;0;0;0;0;0;1;1;0;0;0
"23/09/2011";"08:20:00";"28";"sem v�tima";"285";"BR-393/RJ";"Sul";"Colis�o Traseira";1;0;1;0;0;0;0;0;0;0;2;0;0;0;0
"23/09/2011";"12:31:00";"47";"com v�tima";"178";"BR-393/RJ";"Norte";"Colis�o Traseira";2;0;0;0;0;0;0;0;0;0;1;5;0;0;0
"23/09/2011";"19:34:00";"81";"com v�tima";"229";"BR-393/RJ";"Sul";"Capotamento";1;0;0;0;0;0;0;0;0;0;0;0;0;1;0
"23/09/2011";"20:20:00";"83";"sem v�tima";"176";"BR-393/RJ";"Norte";"Engavetamento";3;0;0;0;0;0;0;0;0;0;3;0;0;0;0
"24/09/2011";"03:55:00";"9";"sem v�tima";"192,6";"BR-393/RJ";"Norte";"Atropelamento de Animal";0;0;1;0;0;0;0;0;0;0;2;0;0;0;0
"24/09/2011";"05:21:00";"11";"sem v�tima";"268,9";"BR-393/RJ";"Sul";"Capotamento";1;0;0;0;0;0;0;0;0;0;1;0;0;0;0
"24/09/2011";"05:52:00";"14";"sem v�tima";"182";"BR-393/RJ";"Norte";"Choque - Elemento de Drenagem";1;0;0;0;0;0;0;0;0;0;1;0;0;0;0
"24/09/2011";"10:35:00";"28";"com v�tima";"107,8";"BR-393/RJ";"Sul";"Choque - Outros";1;0;0;0;0;0;0;0;0;0;0;1;0;0;0
"24/09/2011";"12:55:00";"32";"com v�tima";"244,2";"BR-393/RJ";"Sul";"Capotamento";1;0;0;0;0;0;0;0;0;0;0;2;0;0;0
"24/09/2011";"13:11:00";"33";"sem v�tima";"169";"BR-393/RJ";"Sul";"Outros - Sequ�ncia";1;0;1;0;0;0;0;0;0;0;2;0;0;0;0
"24/09/2011";"13:13:00";"34";"com v�tima";"244,2";"BR-393/RJ";"Sul";"Colis�o Traseira";1;0;1;0;0;0;0;0;0;0;0;2;1;0;0
"24/09/2011";"13:46:00";"37";"com v�tima";"158";"BR-393/RJ";"Norte";"Choque - Elemento de Drenagem";0;0;0;1;0;0;0;0;0;0;0;0;1;0;1
"24/09/2011";"15:12:00";"38";"sem v�tima";"136,4";"BR-393/RJ";"Norte";"Saida de Pista";1;0;0;0;0;0;0;0;0;0;2;0;0;0;0
"25/09/2011";"18:24:00";"33";"com v�tima";"286";"BR-393/RJ";"Norte";"Colis�o Lateral";1;0;0;1;0;0;0;0;0;0;1;1;0;0;0
"25/09/2011";"19:20:00";"36";"sem v�tima";"285,5";"BR-393/RJ";"Sul";"Colis�o Lateral";1;0;1;0;0;0;0;0;0;0;2;0;0;0;0
"25/09/2011";"21:06:00";"43";"sem v�tima";"215";"BR-393/RJ";"Sul";"Saida de Pista";1;0;0;0;0;0;0;0;0;0;2;0;0;0;0
"26/09/2011";"08:21:00";"22";"com v�tima";"183,2";"BR-393/RJ";"Norte";"Colis�o Traseira";0;0;2;0;0;0;0;0;0;0;1;1;0;0;0
"27/09/2011";"03:46:00";"6";"com v�tima";"226";"BR-393/RJ";"Sul";"Capotamento";1;0;0;0;0;0;0;0;0;0;0;1;0;0;0
"27/09/2011";"15:06:00";"54";"com v�tima";"285";"BR-393/RJ";"Norte";"Colis�o Frontal";1;0;0;1;0;0;0;0;0;0;1;1;0;0;0
"28/09/2011";"07:05:00";"16";"com v�tima";"262";"BR-393/RJ";"Norte";"Saida de Pista";1;0;0;0;0;0;0;0;0;0;0;1;0;0;0
"28/09/2011";"17:47:00";"62";"com v�tima";"278,1";"BR-393/RJ";"Sul";"Outros - Sequ�ncia";2;0;0;0;0;0;0;0;0;0;0;7;0;0;0
"29/09/2011";"11:43:00";"34";"com v�tima";"256,8";"BR-393/RJ";"Sul";"Colis�o Lateral";2;0;0;0;0;0;0;0;0;0;0;4;0;0;0
"29/09/2011";"18:36:00";"52";"sem v�tima";"283";"BR-393/RJ";"Sul";"Colis�o Transversal";2;0;0;0;0;0;0;0;0;0;2;0;0;0;0
"01/10/2011";"06:52:00";"12";"com v�tima";"195,07";"BR-393/RJ";"Norte";"Colis�o Traseira";2;0;0;0;0;0;0;0;0;0;0;3;0;0;0
"01/10/2011";"07:12:00";"13";"com v�tima";"244,26";"BR-393/RJ";"Norte";"Outros - Sequ�ncia";1;0;1;0;0;0;0;0;0;0;0;3;0;0;0
"01/10/2011";"12:46:00";"37";"sem v�tima";"178,23";"BR-393/RJ";"Norte";"Colis�o Traseira";1;0;1;0;0;0;0;0;0;0;5;0;0;0;0
"02/10/2011";"11:12:00";"32";"com v�tima";"266";"BR-393/RJ";"Norte";"Saida de Pista";1;0;0;0;0;0;0;0;0;0;0;2;0;0;0
"02/10/2011";"13:19:00";"35";"com v�tima";"243,66";"BR-393/RJ";"Sul";"Queda de Moto";0;0;0;1;0;0;0;0;0;0;0;1;0;0;0
"02/10/2011";"15:50:00";"53";"sem v�tima";"153";"BR-393/RJ";"Norte";"Colis�o Lateral";0;0;0;1;0;0;0;0;1;0;2;0;0;0;0
"03/10/2011";"00:27:00";"3";"com v�tima";"103,68";"BR-393/RJ";"Norte";"Queda de Moto";0;0;0;1;0;0;0;0;0;0;0;0;1;0;0
"03/10/2011";"09:39:00";"35";"com v�tima";"146,34";"BR-393/RJ";"Sul";"Choque - Talude";1;0;0;0;0;0;0;0;0;0;0;2;0;0;0
"03/10/2011";"11:07:00";"42";"com v�tima";"153,75";"BR-393/RJ";"Norte";"Engavetamento";2;0;1;0;0;0;0;0;0;0;1;8;0;0;0
"06/10/2011";"13:30:00";"43";"com v�tima";"103,45";"BR-393/RJ";"Sul";"Colis�o Transversal";2;0;0;0;0;0;0;0;0;0;0;5;0;0;0
"06/10/2011";"16:05:00";"52";"sem v�tima";"229,5";"BR-393/RJ";"Norte";"Abalroamento Sentido Oposto";0;0;1;0;1;0;0;0;0;0;2;0;0;0;0
"06/10/2011";"18:48:00";"64";"com v�tima";"280,23";"BR-393/RJ";"Sul";"Abalroamento Mesmo Sentido ";1;0;0;1;0;0;0;0;0;0;1;2;0;0;0
"06/10/2011";"19:23:00";"65";"sem v�tima";"187,3";"BR-393/RJ";"Norte";"Saida de Pista";1;0;0;0;0;0;0;0;0;0;1;0;0;0;0
"07/10/2011";"05:56:00";"28";"com v�tima";"280,1";"BR-393/RJ";"Sul";"Colis�o Traseira";0;0;1;1;0;0;0;0;0;0;1;1;0;0;0
"07/10/2011";"07:09:00";"34";"com v�tima";"232,03";"BR-393/RJ";"Norte";"Abalroamento Mesmo Sentido ";0;0;2;0;0;0;0;0;0;0;1;2;0;0;0
"07/10/2011";"12:39:00";"60";"com v�tima";"125,75";"BR-393/RJ";"Sul";"Colis�o Traseira";0;0;2;0;0;0;0;0;0;0;1;1;0;0;0
"07/10/2011";"15:42:00";"71";"sem v�tima";"194,7";"BR-393/RJ";"Norte";"Colis�o Traseira";0;0;2;0;0;0;0;0;0;0;2;0;0;0;0
"08/10/2011";"05:21:00";"20";"sem v�tima";"182,13";"BR-393/RJ";"Norte";"Colis�o Lateral";1;0;0;0;0;0;0;0;0;1;3;0;0;0;0
"08/10/2011";"20:25:00";"79";"com v�tima";"283,5";"BR-393/RJ";"Sul";"Atropelamento - Ciclista";1;1;0;0;0;0;0;0;0;0;1;1;0;0;0
"08/10/2011";"23:17:00";"86";"com v�tima";"105,48";"BR-393/RJ";"Norte";"Atropelamento de Animal";1;0;0;0;0;0;0;0;0;0;2;1;0;0;0
"09/10/2011";"06:34:00";"21";"com v�tima";"245,08";"BR-393/RJ";"Sul";"Colis�o Frontal";1;0;1;0;0;0;0;0;0;0;0;1;0;0;1
"10/10/2011";"23:30:00";"169";"com v�tima";"200,09";"BR-393/RJ";"Norte";"Saida de Pista";1;0;0;0;0;0;0;0;0;0;0;2;0;0;0
"11/10/2011";"06:33:00";"37";"com v�tima";"264,14";"BR-393/RJ";"Sul";"Saida de Pista";1;0;0;0;0;0;0;0;0;0;0;1;0;0;0
"11/10/2011";"10:22:00";"55";"com v�tima";"241,6";"BR-393/RJ";"Norte";"Saida de Pista";1;0;0;0;0;0;0;0;0;0;0;1;0;0;0
"11/10/2011";"11:22:00";"61";"com v�tima";"157,25";"BR-393/RJ";"Norte";"Saida de Pista";1;0;0;0;0;0;0;0;0;0;0;2;0;0;0
"11/10/2011";"14:26:00";"74";"com v�tima";"159,6";"BR-393/RJ";"Sul";"Saida de Pista";1;0;0;0;0;0;0;0;0;0;0;1;0;0;0
"11/10/2011";"16:19:00";"81";"com v�tima";"243,68";"BR-393/RJ";"Norte";"Queda de Moto";0;0;0;1;0;0;0;0;0;0;0;1;0;0;0
"11/10/2011";"18:26:00";"92";"sem v�tima";"285,48";"BR-393/RJ";"Sul";"Colis�o Lateral";1;0;1;0;0;0;0;0;0;0;2;0;0;0;0
"11/10/2011";"18:55:00";"98";"sem v�tima";"285,48";"BR-393/RJ";"Sul";"Colis�o Lateral";1;0;1;0;0;0;0;0;0;0;2;0;0;0;0
"11/10/2011";"19:00:00";"99";"sem v�tima";"285,48";"BR-393/RJ";"Sul";"Colis�o Lateral";1;0;1;0;0;0;0;0;0;0;2;0;0;0;0
"11/10/2011";"19:20:00";"100";"sem v�tima";"285,483";"BR-393/RJ";"Sul";"Colis�o Lateral";1;0;1;0;0;0;0;0;0;0;2;0;0;0;0
"12/10/2011";"10:37:00";"36";"com v�tima";"154,03";"BR-393/RJ";"Norte";"Saida de Pista";0;0;1;0;0;0;0;0;0;0;0;1;0;0;0
"13/10/2011";"10:55:00";"62";"com v�tima";"244,7";"BR-393/RJ";"Norte";"Saida de Pista";0;0;1;0;0;0;0;0;0;0;0;1;0;0;0
"13/10/2011";"13:17:00";"73";"com v�tima";"146";"BR-393/RJ";"Norte";"Queda de Moto";0;0;0;1;0;0;0;0;0;0;0;2;0;0;0
"13/10/2011";"16:36:00";"88";"sem v�tima";"209";"BR-393/RJ";"Sul";"Saida de Pista";1;0;0;0;0;0;0;0;0;0;3;0;0;0;0
"13/10/2011";"16:48:00";"89";"com v�tima";"280,1";"BR-393/RJ";"Sul";"Capotamento";1;0;0;0;0;0;0;0;0;0;0;2;0;0;0
"14/10/2011";"02:23:00";"23";"com v�tima";"130,5";"BR-393/RJ";"Sul";"Colis�o Frontal";1;0;1;0;0;0;0;0;0;0;0;1;1;2;2
"15/10/2011";"00:35:00";"14";"com v�tima";"104,77";"BR-393/RJ";"Norte";"Atropelamento - Outros";0;0;0;1;0;0;0;0;0;0;0;3;0;0;0
"15/10/2011";"06:51:00";"126";"com v�tima";"2,4443";"Al�a Sul";"Sul";"Choque - Talude";1;0;0;0;0;0;0;0;0;0;0;1;0;0;0
"15/10/2011";"13:57:00";"65";"com v�tima";"281,35";"BR-393/RJ";"Sul";"Colis�o Traseira";2;0;0;0;0;0;0;0;0;0;0;3;0;0;0
"15/10/2011";"14:47:00";"67";"com v�tima";"163,8";"BR-393/RJ";"Norte";"Choque - Talude";1;0;0;0;0;0;0;0;0;0;0;1;0;0;0
"15/10/2011";"15:08:00";"70";"com v�tima";"235,89";"BR-393/RJ";"Sul";"Colis�o Transversal";2;0;0;0;0;0;0;0;0;0;0;6;0;0;0
"16/10/2011";"19:48:00";"33";"sem v�tima";"198,75";"BR-393/RJ";"Sul";"Choque - Defensa, barreira ou "submarino"";1;0;0;0;0;0;0;0;0;0;5;0;0;0;0
"16/10/2011";"20:01:00";"34";"com v�tima";"250,5";"BR-393/RJ";"Norte";"Atropelamento - Morador";1;0;0;0;0;0;0;0;0;0;3;2;0;0;0