fdata;horario;n_da_ocorrencia;tipo_de_ocorrencia;km;trecho;sentido;tipo_de_acidente;automovel;bicicleta;caminhao;moto;onibus;outros;tracao_animal;transporte_de_cargas_especiais;trator_maquinas;utilitarios;ilesos;levemente_feridos;moderadamente_feridos;gravemente_feridos;mortos
"16/10/2011";"20:11:00";"35";"sem v�tima";"179,4";"BR-393/RJ";"Sul";"Saida de Pista";1;0;0;0;0;0;0;0;0;0;2;0;0;0;0
"17/10/2011";"05:43:00";"47";"sem v�tima";"284,2";"BR-393/RJ";"Sul";"Choque - Outros";1;0;0;0;0;0;0;0;0;0;1;0;0;0;0
"17/10/2011";"07:26:00";"50";"sem v�tima";"274";"BR-393/RJ";"Sul";"Outros - Sequ�ncia";1;0;2;0;0;0;0;0;0;0;3;0;0;0;0
"17/10/2011";"08:13:00";"57";"sem v�tima";"274";"BR-393/RJ";"Sul";"Saida de Pista";0;0;1;0;0;0;0;0;0;0;1;0;0;0;0
"18/10/2011";"00:26:00";"9";"com v�tima";"238,8";"BR-393/RJ";"Norte";"Saida de Pista";1;0;0;0;0;0;0;0;0;0;0;0;2;0;0
"18/10/2011";"12:49:00";"81";"sem v�tima";"190,15";"BR-393/RJ";"Norte";"Colis�o Traseira";0;0;2;0;0;0;0;0;0;0;2;0;0;0;0
"19/10/2011";"02:11:00";"7";"com v�tima";"227";"BR-393/RJ";"Norte";"Abalroamento Mesmo Sentido ";1;0;1;0;0;0;0;0;0;0;1;2;0;0;0
"20/10/2011";"11:37:00";"72";"com v�tima";"284,45";"BR-393/RJ";"Sul";"Colis�o Traseira";2;0;0;0;0;0;0;0;0;0;1;1;0;0;0
"20/10/2011";"15:08:00";"86";"com v�tima";"286";"BR-393/RJ";"Norte";"Colis�o Traseira";2;0;0;0;0;0;0;0;0;0;0;2;0;0;0
"21/10/2011";"15:23:00";"116";"com v�tima";"285,99";"BR-393/RJ";"Sul";"Colis�o Traseira";2;0;0;0;0;0;0;0;0;0;1;1;1;0;0
"21/10/2011";"19:26:00";"137";"sem v�tima";"183,9";"BR-393/RJ";"Sul";"Atropelamento de Animal";0;0;1;0;0;0;0;0;0;0;1;0;0;0;0
"21/10/2011";"21:23:00";"147";"com v�tima";"252,41";"BR-393/RJ";"Norte";"Colis�o Transversal";2;0;0;0;0;0;0;0;0;0;0;2;0;0;0
"21/10/2011";"22:36:00";"151";"com v�tima";"175,6";"BR-393/RJ";"Norte";"Capotamento";1;0;0;0;0;0;0;0;0;0;0;1;0;0;0
"21/10/2011";"23:35:00";"153";"com v�tima";"108,915";"BR-393/RJ";"Norte";"Colis�o Traseira";1;0;0;1;0;0;0;0;0;0;1;0;1;0;0
"22/10/2011";"02:14:00";"25";"com v�tima";"198,82";"BR-393/RJ";"Sul";"Capotamento";0;0;1;0;0;0;0;0;0;0;0;2;0;0;0
"22/10/2011";"04:26:00";"32";"com v�tima";"123,65";"BR-393/RJ";"Norte";"Colis�o Frontal";1;0;1;0;0;0;0;0;0;0;2;2;0;0;0
"22/10/2011";"11:19:00";"57";"com v�tima";"245,85";"BR-393/RJ";"Norte";"Colis�o Traseira";0;0;2;0;0;0;0;0;0;0;0;2;0;0;0
"22/10/2011";"16:42:00";"69";"com v�tima";"243,69";"BR-393/RJ";"Sul";"Capotamento";1;0;0;0;0;0;0;0;0;0;0;3;0;0;0
"22/10/2011";"19:28:00";"81";"com v�tima";"259,627";"BR-393/RJ";"Sul";"Saida de Pista";2;0;0;0;0;0;0;0;0;0;1;1;0;0;0
"23/10/2011";"02:22:00";"24";"com v�tima";"229,84";"BR-393/RJ";"Sul";"Choque - Talude";1;0;0;0;0;0;0;0;0;0;0;0;1;0;0
"23/10/2011";"04:29:00";"31";"com v�tima";"256,147";"BR-393/RJ";"Norte";"Atropelamento de Animal";1;0;0;0;0;0;0;0;0;0;0;3;0;1;0
"24/10/2011";"23:33:00";"79";"sem v�tima";"175,58";"BR-393/RJ";"Norte";"Colis�o Lateral";1;0;1;0;0;0;0;0;0;0;2;0;0;0;0
"25/10/2011";"07:13:00";"33";"com v�tima";"204,13";"BR-393/RJ";"Norte";"Choque - Arvore";1;0;0;0;0;0;0;0;0;0;0;1;0;0;0
"25/10/2011";"09:08:00";"47";"com v�tima";"281,41";"BR-393/RJ";"Norte";"Queda de Moto";0;0;0;1;0;0;0;0;0;0;0;1;0;0;0
"25/10/2011";"09:11:00";"48";"sem v�tima";"239,28";"BR-393/RJ";"Sul";"Colis�o Lateral";0;0;2;0;0;0;0;0;0;0;2;0;0;0;0
"25/10/2011";"19:01:00";"116";"sem v�tima";"125,67";"BR-393/RJ";"Norte";"Colis�o Traseira";1;0;1;0;0;0;0;0;0;0;3;0;0;0;0
"27/10/2011";"11:41:00";"44";"com v�tima";"235,09";"BR-393/RJ";"Sul";"Colis�o Transversal";2;0;0;0;0;0;0;0;0;0;0;2;0;0;0
"27/10/2011";"20:38:00";"73";"sem v�tima";"175,7";"BR-393/RJ";"Sul";"Choque - Elemento de Drenagem";1;0;0;0;0;0;0;0;0;0;6;0;0;0;0
"28/10/2011";"10:43:00";"41";"com v�tima";"168,77";"BR-393/RJ";"Norte";"Colis�o Traseira";2;0;0;0;0;0;0;0;0;0;1;1;0;0;0
"28/10/2011";"14:24:00";"58";"com v�tima";"157,89";"BR-393/RJ";"Norte";"Colis�o Lateral";1;0;1;0;0;0;0;0;0;0;1;2;0;0;0
"28/10/2011";"20:43:00";"82";"com v�tima";"200,56";"BR-393/RJ";"Sul";"Colis�o Traseira";2;0;0;0;0;0;0;0;0;0;0;8;0;0;0
"29/10/2011";"09:50:00";"103";"com v�tima";"280,195";"BR-393/RJ";"Norte";"Abalroamento Mesmo Sentido ";2;0;0;0;0;0;0;0;0;0;0;2;0;0;0
"29/10/2011";"23:19:00";"156";"sem v�tima";"243,68";"BR-393/RJ";"Norte";"Atropelamento de Animal";1;0;1;0;0;0;0;0;0;0;6;0;0;0;0
"30/10/2011";"20:16:00";"93";"com v�tima";"235,07";"BR-393/RJ";"Sul";"Colis�o Transversal";1;0;0;1;0;0;0;0;0;0;1;0;2;0;0
"30/10/2011";"23:42:00";"104";"sem v�tima";"136,73";"BR-393/RJ";"Norte";"Choque - Elemento de Drenagem";1;0;0;0;0;0;0;0;0;0;1;0;0;0;0
"31/10/2011";"06:52:00";"37";"com v�tima";"168,52";"BR-393/RJ";"Sul";"Atropelamento - Ciclista";1;1;0;0;0;0;0;0;0;0;1;1;0;0;0
"31/10/2011";"09:08:00";"41";"com v�tima";"139,5";"BR-393/RJ";"Sul";"Capotamento";1;0;0;0;0;0;0;0;0;0;0;2;0;0;0
"31/10/2011";"09:15:00";"43";"com v�tima";"168,44";"BR-393/RJ";"Norte";"Colis�o Transversal";2;0;0;0;0;0;0;0;0;0;0;2;0;0;0
"31/10/2011";"14:39:00";"62";"com v�tima";"216,57";"BR-393/RJ";"Sul";"Saida de Pista";1;0;0;0;0;0;0;0;0;0;0;5;0;0;0
"31/10/2011";"19:46:00";"77";"com v�tima";"245,37";"BR-393/RJ";"Norte";"Atropelamento de Animal";1;0;0;0;0;0;0;0;0;0;0;0;1;0;0
"01/11/2011";"15:54:00";"71";"sem v�tima";"167,3";"BR-393/RJ";"Sul";"Saida de Pista";1;0;0;0;0;0;0;0;0;0;1;0;0;0;0
"02/11/2011";"12:23:00";"54";"com v�tima";"142";"BR-393/RJ";"Sul";"Outros - Sequ�ncia";2;0;0;1;0;0;0;0;0;0;1;2;0;0;0
"02/11/2011";"15:48:00";"68";"sem v�tima";"284";"BR-393/RJ";"Norte";"Colis�o Lateral";1;0;1;0;0;0;0;0;0;0;2;0;0;0;0
"02/11/2011";"17:24:00";"75";"com v�tima";"176,5";"BR-393/RJ";"Norte";"Abalroamento Mesmo Sentido ";2;0;0;0;0;0;0;0;0;0;0;4;0;0;0
"03/11/2011";"18:53:00";"84";"com v�tima";"286,002";"BR-393/RJ";"Norte";"Colis�o Traseira";2;0;0;0;0;0;0;0;0;0;1;1;0;0;0
"04/11/2011";"10:04:00";"47";"com v�tima";"255,755";"BR-393/RJ";"Norte";"Colis�o Lateral";2;0;0;0;0;0;0;0;0;0;0;3;0;0;0
"04/11/2011";"22:14:00";"80";"com v�tima";"274,75";"BR-393/RJ";"Sul";"Capotamento";1;0;0;0;0;0;0;0;0;0;0;2;0;0;0
"04/11/2011";"22:48:00";"82";"com v�tima";"282,36";"BR-393/RJ";"Sul";"Colis�o Frontal";1;0;0;1;0;0;0;0;0;0;0;3;0;0;0
"05/11/2011";"09:51:00";"30";"com v�tima";"181,95";"BR-393/RJ";"Norte";"Colis�o Traseira";2;0;0;0;0;0;0;0;0;0;1;1;0;0;0
"05/11/2011";"14:35:00";"48";"com v�tima";"286";"BR-393/RJ";"Norte";"Colis�o Traseira";2;0;0;0;0;0;0;0;0;0;0;3;0;0;0
"05/11/2011";"17:39:00";"62";"com v�tima";"203,5";"BR-393/RJ";"Norte";"Queda de Moto";0;0;0;1;0;0;0;0;0;0;0;1;0;0;0
"05/11/2011";"18:07:00";"64";"com v�tima";"271,72";"BR-393/RJ";"Norte";"Choque - Arvore";1;0;0;0;0;0;0;0;0;0;0;0;1;0;1
"06/11/2011";"00:45:00";"3";"com v�tima";"286";"BR-393/RJ";"Norte";"Colis�o Traseira";2;0;0;0;0;0;0;0;0;0;1;2;0;0;0
"06/11/2011";"09:16:00";"37";"sem v�tima";"255,75";"BR-393/RJ";"Sul";"Colis�o Lateral";1;0;1;0;0;0;0;0;0;0;2;0;0;0;0
"06/11/2011";"19:23:00";"74";"com v�tima";"168,5";"BR-393/RJ";"Norte";"Queda de Moto";0;0;0;1;0;0;0;0;0;0;0;2;0;0;0
"06/11/2011";"22:49:00";"90";"sem v�tima";"103";"BR-393/RJ";"Sul";"Choque - Outros";1;0;0;0;0;0;0;0;0;0;2;0;0;0;0
"08/11/2011";"14:10:00";"73";"com v�tima";"104";"BR-393/RJ";"Norte";"Colis�o Lateral";1;0;0;1;0;0;0;0;0;0;0;5;0;0;0
"08/11/2011";"17:24:00";"81";"com v�tima";"128,65";"BR-393/RJ";"Sul";"Tombamento";0;0;1;0;0;0;0;0;0;0;0;1;0;1;0
"08/11/2011";"20:18:00";"89";"com v�tima";"240,4";"BR-393/RJ";"Norte";"Colis�o Lateral";1;0;1;0;0;0;0;0;0;0;0;2;0;0;0
"09/11/2011";"08:34:00";"31";"sem v�tima";"285,49";"BR-393/RJ";"Sul";"Abalroamento Mesmo Sentido ";1;0;1;0;0;0;0;0;0;0;3;0;0;0;0
"10/11/2011";"06:40:00";"30";"sem v�tima";"277";"BR-393/RJ";"Sul";"Colis�o Lateral";1;0;1;0;0;0;0;0;0;0;2;0;0;0;0
"10/11/2011";"20:01:00";"101";"sem v�tima";"195";"BR-393/RJ";"Norte";"Abalroamento Mesmo Sentido ";2;0;0;0;0;0;0;0;0;0;2;0;0;0;0
"11/11/2011";"18:05:00";"91";"sem v�tima";"125,84";"BR-393/RJ";"Norte";"Colis�o Traseira";1;0;0;0;1;0;0;0;0;0;7;0;0;0;0
"12/11/2011";"12:28:00";"53";"sem v�tima";"282,54";"BR-393/RJ";"Sul";"Colis�o Traseira";2;0;0;0;0;0;0;0;0;0;2;0;0;0;0
"12/11/2011";"13:03:00";"55";"com v�tima";"273,7";"BR-393/RJ";"Norte";"Tombamento";0;0;1;0;0;0;0;0;0;0;0;1;0;0;0
"12/11/2011";"17:13:00";"65";"com v�tima";"254,87";"BR-393/RJ";"Norte";"Atropelamento - Ciclista";1;1;0;0;0;0;0;0;0;0;0;3;0;0;0
"12/11/2011";"20:44:00";"73";"sem v�tima";"274,07";"BR-393/RJ";"Norte";"Saida de Pista";1;0;0;0;0;0;0;0;0;0;1;0;0;0;0
"13/11/2011";"03:00:00";"4";"com v�tima";"122,07";"BR-393/RJ";"Sul";"Choque - Outros";1;0;0;0;0;0;0;0;0;0;0;0;0;0;1
"13/11/2011";"14:37:00";"55";"com v�tima";"251,61";"BR-393/RJ";"Sul";"Colis�o Frontal";2;0;0;1;0;0;0;0;0;0;1;0;0;1;1
"13/11/2011";"15:22:00";"57";"com v�tima";"157,25";"BR-393/RJ";"Sul";"Tombamento";0;0;1;0;0;0;0;0;0;0;0;0;1;0;0
"14/11/2011";"00:45:00";"5";"sem v�tima";"284,33";"BR-393/RJ";"Sul";"Choque - Elemento de Drenagem";1;0;0;0;0;0;0;0;0;0;1;0;0;0;0
"14/11/2011";"09:57:00";"44";"com v�tima";"182,274";"BR-393/RJ";"Norte";"Colis�o Traseira";1;0;0;1;0;0;0;0;0;0;1;2;0;0;0
"14/11/2011";"11:32:00";"51";"sem v�tima";"286";"BR-393/RJ";"Sul";"Colis�o Traseira";1;0;1;0;0;0;0;0;0;0;2;0;0;0;0
"14/11/2011";"13:10:00";"58";"com v�tima";"121,54";"BR-393/RJ";"Sul";"Queda de Moto";0;0;0;1;0;0;0;0;0;0;0;2;0;0;0
"14/11/2011";"17:41:00";"74";"sem v�tima";"283,2";"BR-393/RJ";"Sul";"Colis�o Traseira";2;0;0;0;0;0;0;0;0;0;3;0;0;0;0
"14/11/2011";"18:28:00";"77";"com v�tima";"102";"BR-393/RJ";"Norte";"Abalroamento Sentido Oposto";1;0;1;0;0;0;0;0;0;0;1;2;0;0;0
"15/11/2011";"00:19:00";"1";"com v�tima";"151,9";"BR-393/RJ";"Sul";"Colis�o Traseira";2;0;0;0;0;0;0;0;0;0;1;2;0;0;0
"15/11/2011";"05:03:00";"28";"sem v�tima";"259";"BR-393/RJ";"Norte";"Outros - Sequ�ncia";0;0;0;0;2;0;0;0;0;0;2;0;0;0;0
"15/11/2011";"19:36:00";"86";"sem v�tima";"283";"BR-393/RJ";"Sul";"Colis�o Traseira";2;0;0;0;0;0;0;0;0;0;2;0;0;0;0
"16/11/2011";"13:19:00";"80";"com v�tima";"140,62";"BR-393/RJ";"Norte";"Engavetamento";4;0;0;0;0;0;0;0;0;0;0;15;0;0;0
"16/11/2011";"14:31:00";"86";"sem v�tima";"284,6";"BR-393/RJ";"Sul";"Colis�o Traseira";2;0;0;0;0;0;0;0;0;0;2;0;0;0;0
"17/11/2011";"01:12:00";"13";"sem v�tima";"265,3";"BR-393/RJ";"Norte";"Abalroamento Mesmo Sentido ";0;0;1;0;1;0;0;0;0;0;2;0;0;0;0
"17/11/2011";"04:49:00";"40";"sem v�tima";"230,4";"BR-393/RJ";"Norte";"Choque - Elemento de Drenagem";0;0;1;0;0;0;0;0;0;0;1;0;0;0;0
"18/11/2011";"15:41:00";"86";"com v�tima";"210,97";"BR-393/RJ";"Norte";"Saida de Pista";0;0;1;0;0;0;0;0;0;0;0;1;0;0;0
"18/11/2011";"16:59:00";"93";"com v�tima";"284";"BR-393/RJ";"Sul";"Abalroamento Mesmo Sentido ";1;0;1;0;0;0;0;0;0;0;1;1;0;0;0
"19/11/2011";"08:14:00";"57";"com v�tima";"161,92";"BR-393/RJ";"Norte";"Outros - Sequ�ncia";2;0;1;0;0;0;0;0;0;0;0;1;1;1;2
"20/11/2011";"22:33:00";"95";"com v�tima";"282";"BR-393/RJ";"Norte";"Colis�o Lateral";1;0;0;1;0;0;0;0;0;0;1;1;0;0;0
"23/11/2011";"05:55:00";"57";"sem v�tima";"205,12";"BR-393/RJ";"Norte";"Abalroamento Sentido Oposto";0;0;2;0;0;0;0;0;0;0;2;0;0;0;0
"23/11/2011";"07:54:00";"59";"sem v�tima";"286,3";"BR-393/RJ";"Sul";"Colis�o Lateral";1;0;0;1;0;0;0;0;0;0;2;0;0;0;0
"23/11/2011";"07:56:00";"60";"com v�tima";"260";"BR-393/RJ";"Norte";"Capotamento";1;0;0;0;0;0;0;0;0;0;0;1;0;0;0
"23/11/2011";"13:01:00";"85";"com v�tima";"265,15";"BR-393/RJ";"Sul";"Colis�o Traseira";1;0;1;0;0;0;0;0;0;0;1;2;0;0;0
"23/11/2011";"21:06:00";"114";"sem v�tima";"106";"BR-393/RJ";"Norte";"Colis�o Transversal";1;0;0;0;1;0;0;0;0;0;2;0;0;0;0
"24/11/2011";"11:16:00";"75";"com v�tima";"195,087";"BR-393/RJ";"Norte";"Colis�o Traseira";0;0;2;0;0;0;0;0;0;0;0;2;0;0;0
"24/11/2011";"11:34:00";"76";"com v�tima";"265,13";"BR-393/RJ";"Sul";"Colis�o Lateral";2;0;0;0;0;0;0;0;0;0;0;4;0;0;0
"25/11/2011";"04:33:00";"43";"com v�tima";"118,94";"BR-393/RJ";"Sul";"Choque - Outros";1;0;0;0;0;0;0;0;0;0;0;2;0;0;0
"25/11/2011";"17:28:00";"114";"sem v�tima";"284,66";"BR-393/RJ";"Norte";"Engavetamento";3;0;0;0;0;0;0;0;0;0;3;0;0;0;0
"26/11/2011";"20:57:00";"104";"sem v�tima";"268";"BR-393/RJ";"Sul";"Atropelamento de Animal";1;0;0;0;0;0;0;0;0;0;1;0;0;0;0
"26/11/2011";"23:33:00";"110";"com v�tima";"147,14";"BR-393/RJ";"Sul";"Saida de Pista";1;0;0;0;0;0;0;0;0;0;3;1;0;0;0
"27/11/2011";"07:57:00";"59";"com v�tima";"274,12";"BR-393/RJ";"Norte";"Capotamento";1;0;0;0;0;0;0;0;0;0;0;1;0;0;0
"27/11/2011";"09:51:00";"67";"com v�tima";"129,9";"BR-393/RJ";"Sul";"Saida de Pista";1;0;0;0;0;0;0;0;0;0;0;1;0;0;0
"27/11/2011";"16:35:00";"90";"sem v�tima";"102";"BR-393/RJ";"Norte";"Colis�o Transversal";2;0;0;0;0;0;0;0;0;0;4;0;0;0;0
"28/11/2011";"00:31:00";"5";"com v�tima";"177,806";"BR-393/RJ";"Sul";"Colis�o Traseira";1;0;1;0;0;0;0;0;0;0;4;1;0;0;0
"28/11/2011";"14:03:00";"97";"sem v�tima";"249";"BR-393/RJ";"Norte";"Choque - Poste";1;0;0;0;0;0;0;0;0;0;2;0;0;0;0
"28/11/2011";"15:08:00";"99";"com v�tima";"266,62";"BR-393/RJ";"Sul";"Colis�o Lateral";1;0;1;0;0;0;0;0;0;0;1;2;0;0;0
"28/11/2011";"17:48:00";"106";"com v�tima";"284,67";"BR-393/RJ";"Sul";"Colis�o Traseira";3;0;0;0;0;0;0;0;0;0;2;4;0;0;0
"28/11/2011";"18:04:00";"110";"sem v�tima";"278,87";"BR-393/RJ";"Norte";"Colis�o Traseira";2;0;0;0;0;0;0;0;0;0;2;0;0;0;0
"30/11/2011";"07:30:00";"80";"com v�tima";"285,54";"BR-393/RJ";"Sul";"Abalroamento Mesmo Sentido ";1;0;1;0;0;0;0;0;0;0;1;1;0;0;0
"30/11/2011";"10:26:00";"100";"com v�tima";"183,7";"BR-393/RJ";"Norte";"Queda de Bicicleta";0;1;0;0;0;0;0;0;0;0;0;1;0;0;0
"30/11/2011";"22:32:00";"151";"com v�tima";"284,35";"BR-393/RJ";"Norte";"Capotamento";1;0;0;0;0;0;0;0;0;0;0;1;0;0;0
"01/12/2011";"07:47:00";"58";"sem v�tima";"284,42";"BR-393/RJ";"Norte";"Outros - Sequ�ncia";0;0;1;0;1;0;0;0;0;0;2;0;0;0;0
"01/12/2011";"11:18:00";"77";"sem v�tima";"274,48";"BR-393/RJ";"Sul";"Outros";0;0;2;0;0;0;0;0;0;0;2;0;0;0;0
"01/12/2011";"13:41:00";"85";"com v�tima";"200,64";"BR-393/RJ";"Norte";"Engavetamento";2;0;1;0;0;0;0;0;0;0;1;2;0;0;0
"01/12/2011";"15:22:00";"93";"com v�tima";"164,1";"BR-393/RJ";"Norte";"Outros - Sequ�ncia";3;0;0;0;0;0;0;0;0;0;5;2;0;0;0
"01/12/2011";"18:20:00";"109";"sem v�tima";"150";"BR-393/RJ";"Norte";"Outros";0;0;1;0;0;0;0;0;0;0;1;0;0;0;0
"01/12/2011";"18:40:00";"110";"com v�tima";"284,2";"BR-393/RJ";"Norte";"Engavetamento";3;0;0;0;0;0;0;0;0;0;3;1;0;0;0
"02/12/2011";"06:42:00";"14";"com v�tima";"286,001";"BR-393/RJ";"Norte";"Colis�o Lateral";2;0;0;0;0;0;0;0;0;0;0;2;0;0;0
"02/12/2011";"07:29:00";"16";"com v�tima";"284,2";"BR-393/RJ";"Sul";"Atropelamento - Usu�rio";0;0;0;1;0;0;0;0;0;0;0;2;1;0;0
"02/12/2011";"15:18:00";"49";"com v�tima";"286";"BR-393/RJ";"Sul";"Engavetamento";3;0;0;0;0;0;0;0;0;0;0;4;0;0;0
"02/12/2011";"17:28:00";"60";"com v�tima";"286";"BR-393/RJ";"Sul";"Engavetamento";3;0;0;0;0;0;0;0;0;0;1;4;0;0;0
"02/12/2011";"18:26:00";"62";"com v�tima";"286";"BR-393/RJ";"Sul";"Colis�o Traseira";2;0;0;0;0;0;0;0;0;0;0;2;0;0;0
"02/12/2011";"22:12:00";"77";"com v�tima";"103,57";"BR-393/RJ";"Norte";"Atropelamento - Morador";1;0;0;0;0;0;0;0;0;0;1;0;0;0;1
"03/12/2011";"17:41:00";"35";"sem v�tima";"181,35";"BR-393/RJ";"Norte";"Saida de Pista";1;0;0;0;0;0;0;0;0;0;2;0;0;0;0
"03/12/2011";"18:28:00";"40";"com v�tima";"145,73";"BR-393/RJ";"Norte";"Saida de Pista";1;0;0;0;0;0;0;0;0;0;1;2;0;0;0
"03/12/2011";"19:19:00";"43";"sem v�tima";"284,67";"BR-393/RJ";"Norte";"Colis�o Traseira";2;0;0;0;0;0;0;0;0;0;2;0;0;0;0
"03/12/2011";"23:18:00";"54";"com v�tima";"246,94";"BR-393/RJ";"Norte";"Colis�o Traseira";2;0;0;0;0;0;0;0;0;0;1;1;0;0;0
"04/12/2011";"13:58:00";"19";"sem v�tima";"127,39";"BR-393/RJ";"Norte";"Colis�o Traseira";1;0;1;0;0;0;0;0;0;0;2;0;0;0;0
"04/12/2011";"21:25:00";"50";"com v�tima";"240,85";"BR-393/RJ";"Sul";"Outros - Sequ�ncia";3;0;0;0;1;0;0;0;0;0;2;1;1;0;1
"05/12/2011";"04:49:00";"17";"com v�tima";"268,5";"BR-393/RJ";"Sul";"Choque - Objeto sobre a pista";1;0;0;0;0;0;0;0;0;0;2;1;0;0;0
"05/12/2011";"10:03:00";"41";"com v�tima";"168,43";"BR-393/RJ";"Norte";"Colis�o Frontal";1;0;1;0;0;0;0;0;0;0;2;2;0;0;0
"06/12/2011";"09:19:00";"23";"com v�tima";"115";"BR-393/RJ";"Norte";"Capotamento";1;0;0;0;0;0;0;0;0;0;0;0;0;1;0
"06/12/2011";"14:50:00";"43";"sem v�tima";"159,5";"BR-393/RJ";"Norte";"Colis�o Lateral";2;0;0;0;0;0;0;0;0;0;2;0;0;0;0
"07/12/2011";"05:46:00";"5";"com v�tima";"140";"BR-393/RJ";"Sul";"Queda de Moto";0;0;0;1;0;0;0;0;0;0;0;1;0;0;0
"07/12/2011";"10:00:00";"23";"com v�tima";"211,15";"BR-393/RJ";"Norte";"Colis�o Traseira";1;0;1;0;0;0;0;0;0;0;1;1;0;0;0
"07/12/2011";"10:04:00";"25";"com v�tima";"285,5";"BR-393/RJ";"Norte";"Colis�o Traseira";2;0;0;0;0;0;0;0;0;0;0;2;0;0;0
"07/12/2011";"14:35:00";"45";"sem v�tima";"166";"BR-393/RJ";"Sul";"Colis�o Lateral";0;0;2;0;0;0;0;0;0;0;2;0;0;0;0
"07/12/2011";"22:24:00";"83";"com v�tima";"286";"BR-393/RJ";"Norte";"Engavetamento";4;0;0;0;0;0;0;0;0;0;0;5;0;0;0
"08/12/2011";"07:39:00";"13";"com v�tima";"232,14";"BR-393/RJ";"Norte";"Colis�o Traseira";1;0;1;0;0;0;0;0;0;0;1;2;0;0;0
"08/12/2011";"14:29:00";"48";"com v�tima";"274,15";"BR-393/RJ";"Sul";"Saida de Pista";0;0;0;0;0;0;0;0;0;1;0;2;0;0;0
"08/12/2011";"16:08:00";"55";"com v�tima";"274";"BR-393/RJ";"Sul";"Saida de Pista";1;0;0;0;0;0;0;0;0;0;1;1;0;0;0
"08/12/2011";"19:27:00";"72";"sem v�tima";"284,2";"BR-393/RJ";"Sul";"Abalroamento Mesmo Sentido ";1;0;1;0;0;0;0;0;0;0;2;0;0;0;0
"09/12/2011";"07:41:00";"46";"com v�tima";"246,2";"BR-393/RJ";"Sul";"Choque - Defensa, barreira ou "submarino"";0;0;1;0;0;0;0;0;0;0;0;1;0;0;0
"09/12/2011";"16:00:00";"77";"com v�tima";"163,75";"BR-393/RJ";"Norte";"Choque - Talude";1;0;0;0;0;0;0;0;0;0;0;1;0;0;0
"09/12/2011";"18:48:00";"88";"com v�tima";"182,35";"BR-393/RJ";"Norte";"Colis�o Lateral";2;0;0;0;0;0;0;0;0;0;0;1;1;0;0
"10/12/2011";"05:57:00";"17";"com v�tima";"195";"BR-393/RJ";"Norte";"Colis�o Traseira";0;0;2;0;0;0;0;0;0;0;1;1;0;0;0
"10/12/2011";"06:51:00";"20";"com v�tima";"213";"BR-393/RJ";"Norte";"Saida de Pista";1;0;0;0;0;0;0;0;0;0;0;1;0;0;0
"10/12/2011";"06:57:00";"21";"com v�tima";"221,6";"BR-393/RJ";"Norte";"Tombamento";1;0;0;0;0;0;0;0;0;0;0;2;0;0;0
"10/12/2011";"21:10:00";"64";"com v�tima";"274,09";"BR-393/RJ";"Norte";"Capotamento";1;0;0;0;0;0;0;0;0;0;0;1;0;0;0
"10/12/2011";"23:37:00";"69";"com v�tima";"281,2";"BR-393/RJ";"Norte";"Colis�o Transversal";2;0;0;0;0;0;0;0;0;0;0;2;0;0;0
"11/12/2011";"05:07:00";"9";"sem v�tima";"221,17";"BR-393/RJ";"Sul";"Saida de Pista";1;0;0;0;0;0;0;0;0;0;1;0;0;0;0
"11/12/2011";"06:25:00";"11";"com v�tima";"285,27";"BR-393/RJ";"Norte";"Saida de Pista";1;0;0;0;0;0;0;0;0;0;0;3;0;0;0
"11/12/2011";"11:30:00";"24";"com v�tima";"283,15";"BR-393/RJ";"Sul";"Colis�o Lateral";1;0;0;1;0;0;0;0;0;0;0;2;0;0;0
"11/12/2011";"11:40:00";"25";"com v�tima";"285,4";"BR-393/RJ";"Norte";"Colis�o Traseira";1;0;0;0;1;0;0;0;0;0;0;2;0;0;0
"11/12/2011";"14:12:00";"29";"com v�tima";"167,78";"BR-393/RJ";"Sul";"Colis�o Traseira";3;0;0;0;0;0;0;0;0;0;2;1;0;0;0
"12/12/2011";"12:38:00";"40";"com v�tima";"103,78";"BR-393/RJ";"Sul";"Abalroamento Mesmo Sentido ";1;0;1;0;0;0;0;0;0;0;3;1;0;0;0
"12/12/2011";"23:07:00";"72";"sem v�tima";"234";"BR-393/RJ";"Norte";"Outros";0;0;1;0;0;0;0;0;0;0;1;0;0;0;0
"13/12/2011";"11:04:00";"38";"sem v�tima";"132,95";"BR-393/RJ";"Sul";"Colis�o Lateral";1;0;1;0;0;0;0;0;0;0;2;0;0;0;0
"14/12/2011";"07:08:00";"10";"com v�tima";"157,33";"BR-393/RJ";"Norte";"Tombamento";0;0;1;0;0;0;0;0;0;0;0;1;0;0;0
"14/12/2011";"16:35:00";"47";"com v�tima";"285,54";"BR-393/RJ";"Norte";"Colis�o Traseira";2;0;0;1;0;0;0;0;0;0;0;4;0;0;0
"14/12/2011";"17:31:00";"54";"com v�tima";"254,5";"BR-393/RJ";"Norte";"Capotamento";1;0;0;0;0;0;0;0;0;0;0;2;0;0;0
"14/12/2011";"21:10:00";"73";"com v�tima";"209,57";"BR-393/RJ";"Sul";"Capotamento";1;0;0;0;0;0;0;0;0;0;0;2;0;0;0
"15/12/2011";"07:48:00";"8";"com v�tima";"169,7";"BR-393/RJ";"Sul";"Choque - Talude";1;0;0;0;0;0;0;0;0;0;0;1;0;0;0
"15/12/2011";"23:25:00";"65";"com v�tima";"212,22";"BR-393/RJ";"Norte";"Saida de Pista";0;0;1;0;0;0;0;0;0;0;0;1;0;0;0
"16/12/2011";"10:30:00";"30";"com v�tima";"285,5";"BR-393/RJ";"Sul";"Colis�o Traseira";1;0;1;0;0;0;0;0;0;0;1;1;0;0;0
"16/12/2011";"10:44:00";"33";"sem v�tima";"285,54";"BR-393/RJ";"Sul";"Abalroamento Mesmo Sentido ";1;0;1;0;0;0;0;0;0;0;2;0;0;0;0