fdata;horario;n_da_ocorrencia;tipo_de_ocorrencia;km;trecho;sentido;tipo_de_acidente;automovel;bicicleta;caminhao;moto;onibus;outros;tracao_animal;transporte_de_cargas_especiais;trator_maquinas;utilitarios;ilesos;levemente_feridos;moderadamente_feridos;gravemente_feridos;mortos
"16/12/2011";"14:42:00";"43";"sem v�tima";"236,81";"BR-393/RJ";"Norte";"Abalroamento Mesmo Sentido ";1;0;0;0;1;0;0;0;0;0;4;0;0;0;0
"16/12/2011";"17:54:00";"60";"sem v�tima";"128,9";"BR-393/RJ";"Norte";"Abalroamento Mesmo Sentido ";0;0;2;0;0;0;0;0;0;0;2;0;0;0;0
"17/12/2011";"09:18:00";"33";"com v�tima";"191,22";"BR-393/RJ";"Norte";"Colis�o Frontal";0;0;1;0;0;0;0;0;0;1;0;1;0;1;1
"17/12/2011";"09:27:00";"34";"sem v�tima";"285,53";"BR-393/RJ";"Sul";"Colis�o Lateral";1;0;1;0;0;0;0;0;0;0;2;0;0;0;0
"17/12/2011";"10:50:00";"38";"sem v�tima";"237,15";"BR-393/RJ";"Sul";"Colis�o Lateral";2;0;0;0;0;0;0;0;0;0;5;0;0;0;0
"17/12/2011";"13:33:00";"48";"com v�tima";"284,48";"BR-393/RJ";"Sul";"Engavetamento";3;0;0;0;0;0;0;0;0;0;3;2;0;0;0
"17/12/2011";"16:27:00";"58";"com v�tima";"155,41";"BR-393/RJ";"Sul";"Colis�o Frontal";0;0;2;0;0;0;0;0;0;0;0;4;0;0;0
"17/12/2011";"16:31:00";"61";"sem v�tima";"157,8";"BR-393/RJ";"Norte";"Choque - Outros";0;0;1;0;0;0;0;0;0;0;1;0;0;0;0
"17/12/2011";"20:07:00";"75";"com v�tima";"250,07";"BR-393/RJ";"Norte";"Saida de Pista";0;0;0;0;1;0;0;0;0;0;0;1;0;0;0
"17/12/2011";"21:05:00";"79";"com v�tima";"238,44";"BR-393/RJ";"Norte";"Outros - Sequ�ncia";3;0;0;0;0;0;0;0;0;0;0;4;0;0;0
"17/12/2011";"21:48:00";"81";"sem v�tima";"239,2";"BR-393/RJ";"Norte";"Saida de Pista";1;0;0;0;0;0;0;0;0;0;6;0;0;0;0
"17/12/2011";"23:36:00";"89";"com v�tima";"1,663";"Al�a Sul";"Sul";"Abalroamento Sentido Oposto";2;0;0;0;0;0;0;0;0;0;1;6;0;0;0
"18/12/2011";"08:14:00";"28";"com v�tima";"244,4";"BR-393/RJ";"Sul";"Saida de Pista";1;0;0;0;0;0;0;0;0;0;0;0;1;1;0
"18/12/2011";"14:41:00";"43";"com v�tima";"284,5";"BR-393/RJ";"Norte";"Colis�o Traseira";2;0;0;0;0;0;0;0;0;0;0;5;0;0;0
"19/12/2011";"07:04:00";"15";"com v�tima";"157,94";"BR-393/RJ";"Norte";"Saida de Pista";1;0;0;0;0;0;0;0;0;0;0;4;0;0;0
"19/12/2011";"18:14:00";"69";"sem v�tima";"281,22";"BR-393/RJ";"Norte";"Colis�o Traseira";2;0;0;0;0;0;0;0;0;0;2;0;0;0;0
"19/12/2011";"20:28:00";"77";"com v�tima";"284,5";"BR-393/RJ";"Norte";"Colis�o Traseira";2;0;0;0;0;0;0;0;0;0;0;2;0;0;0
"20/12/2011";"08:14:00";"37";"sem v�tima";"256,83";"BR-393/RJ";"Norte";"Outros - Sequ�ncia";1;0;1;0;0;0;0;0;0;0;2;0;0;0;0
"20/12/2011";"08:38:00";"38";"sem v�tima";"257,01";"BR-393/RJ";"Norte";"Colis�o Traseira";0;0;1;0;0;0;0;0;0;1;6;0;0;0;0
"20/12/2011";"13:49:00";"84";"com v�tima";"123,6";"BR-393/RJ";"Norte";"Queda de Moto";0;0;0;1;0;0;0;0;0;0;0;1;0;0;0
"20/12/2011";"15:13:00";"92";"com v�tima";"208,48";"BR-393/RJ";"Sul";"Tombamento";0;0;1;0;0;0;0;0;0;0;0;1;0;0;0
"20/12/2011";"20:14:00";"129";"com v�tima";"286";"BR-393/RJ";"Norte";"Colis�o Transversal";1;0;0;1;0;0;0;0;0;0;0;2;0;0;0
"21/12/2011";"06:44:00";"29";"sem v�tima";"102,5";"BR-393/RJ";"Sul";"Colis�o Lateral";1;0;1;0;0;0;0;0;0;0;4;0;0;0;0
"21/12/2011";"08:43:00";"42";"sem v�tima";"187,02";"BR-393/RJ";"Norte";"Outros";0;0;1;0;0;0;0;0;0;0;1;0;0;0;0
"21/12/2011";"09:14:00";"43";"sem v�tima";"282,46";"BR-393/RJ";"Norte";"Colis�o Traseira";2;0;0;0;0;0;0;0;0;0;6;0;0;0;0
"21/12/2011";"10:10:00";"49";"com v�tima";"187,08";"BR-393/RJ";"Norte";"Colis�o Frontal";1;0;1;0;0;0;0;0;0;0;1;1;0;0;0
"21/12/2011";"10:31:00";"51";"com v�tima";"130,58";"BR-393/RJ";"Norte";"Atropelamento - Ciclista";0;1;1;0;0;0;0;0;0;0;1;0;0;0;1
"21/12/2011";"10:32:00";"52";"sem v�tima";"106,19";"BR-393/RJ";"Sul";"Colis�o Traseira";2;0;0;0;0;0;0;0;0;0;4;0;0;0;0
"21/12/2011";"13:48:00";"71";"com v�tima";"107,11";"BR-393/RJ";"Norte";"Colis�o Traseira";0;0;1;0;1;0;0;0;0;0;1;1;0;0;0
"22/12/2011";"06:58:00";"7";"com v�tima";"103,42";"BR-393/RJ";"Norte";"Colis�o Traseira";1;0;0;0;1;0;0;0;0;0;2;1;0;0;0
"22/12/2011";"09:40:00";"22";"com v�tima";"221,77";"BR-393/RJ";"Norte";"Colis�o Frontal";0;0;2;0;0;0;0;0;0;0;0;3;0;0;1
"22/12/2011";"11:32:00";"30";"com v�tima";"250,16";"BR-393/RJ";"Norte";"Outros - Sequ�ncia";3;0;1;0;0;0;0;0;0;0;1;3;0;0;0
"22/12/2011";"18:53:00";"62";"com v�tima";"284,17";"BR-393/RJ";"Norte";"Engavetamento";3;0;0;0;0;0;0;0;0;0;0;4;0;0;0
"23/12/2011";"00:16:00";"1";"com v�tima";"223,3";"BR-393/RJ";"Norte";"Colis�o Traseira";1;0;1;0;0;0;0;0;0;0;1;1;0;0;0
"23/12/2011";"19:52:00";"68";"com v�tima";"187,76";"BR-393/RJ";"Sul";"Choque - Outros";1;0;0;0;0;0;0;0;0;0;0;0;0;1;0
"23/12/2011";"21:35:00";"81";"com v�tima";"235,2";"BR-393/RJ";"Norte";"Queda de Moto";0;0;0;1;0;0;0;0;0;0;0;1;0;0;0
"24/12/2011";"03:52:00";"20";"com v�tima";"163,28";"BR-393/RJ";"Norte";"Tombamento";0;0;1;0;0;0;0;0;0;0;0;1;0;0;0
"24/12/2011";"22:14:00";"84";"com v�tima";"1,668";"Al�a Sul";"Norte";"Atropelamento - Outros";0;0;0;0;0;1;0;0;0;0;1;0;0;0;1
"25/12/2011";"23:24:00";"57";"sem v�tima";"284,4";"BR-393/RJ";"Sul";"Saida de Pista";1;0;0;0;0;0;0;0;0;0;2;0;0;0;0
"26/12/2011";"05:32:00";"16";"sem v�tima";"121,55";"BR-393/RJ";"Norte";"Saida de Pista";1;0;0;0;0;0;0;0;0;0;1;0;0;0;0
"26/12/2011";"07:30:00";"19";"com v�tima";"131,79";"BR-393/RJ";"Norte";"Abalroamento Mesmo Sentido ";0;0;0;2;0;0;0;0;0;0;2;1;0;0;0
"26/12/2011";"17:37:00";"57";"com v�tima";"243,8";"BR-393/RJ";"Sul";"Capotamento";0;0;0;0;0;0;0;0;0;1;0;2;0;0;0
"27/12/2011";"07:33:00";"17";"com v�tima";"167";"BR-393/RJ";"Norte";"Colis�o Lateral";1;0;0;1;0;0;0;0;0;0;1;1;0;0;0
"27/12/2011";"09:51:00";"26";"com v�tima";"175";"BR-393/RJ";"Norte";"Colis�o Traseira";2;0;0;0;0;0;0;0;0;0;0;2;0;0;0
"27/12/2011";"10:31:00";"27";"com v�tima";"282";"BR-393/RJ";"Norte";"Engavetamento";3;0;0;0;0;0;0;0;0;0;0;3;0;0;0
"28/12/2011";"04:33:00";"8";"com v�tima";"226,62";"BR-393/RJ";"Sul";"Colis�o Lateral";0;0;1;0;1;0;0;0;0;0;0;4;0;0;1
"28/12/2011";"12:19:00";"38";"com v�tima";"286,4";"BR-393/RJ";"Norte";"Colis�o Traseira";2;0;0;0;0;0;0;0;0;0;2;2;0;0;0
"28/12/2011";"12:40:00";"40";"com v�tima";"169,46";"BR-393/RJ";"Sul";"Colis�o Lateral";2;0;0;0;0;0;0;0;0;0;0;2;0;0;0
"28/12/2011";"20:03:00";"89";"sem v�tima";"255,76";"BR-393/RJ";"Sul";"Colis�o Transversal";1;0;1;0;0;0;0;0;0;0;2;0;0;0;0
"29/12/2011";"00:07:00";"2";"com v�tima";"201,54";"BR-393/RJ";"Norte";"Tombamento";0;0;1;0;0;0;0;0;0;0;0;0;1;0;0
"29/12/2011";"23:36:00";"79";"sem v�tima";"1";"Al�a Sul";"Sul";"Colis�o Lateral";1;0;1;0;0;0;0;0;0;0;3;0;0;0;0
"30/12/2011";"21:38:00";"45";"com v�tima";"286";"BR-393/RJ";"Norte";"Colis�o Lateral";2;0;0;0;0;0;0;0;0;0;0;4;0;0;0
"30/12/2011";"21:58:00";"46";"sem v�tima";"157,23";"BR-393/RJ";"Sul";"Atropelamento de Animal";1;0;0;0;0;0;0;0;0;0;3;0;0;0;0
"31/12/2011";"00:47:00";"2";"sem v�tima";"256,5";"BR-393/RJ";"Sul";"Colis�o Transversal";0;0;0;0;0;0;0;0;0;2;14;0;0;0;0
"31/12/2011";"04:43:00";"7";"sem v�tima";"169,46";"BR-393/RJ";"Sul";"Choque - Outros";1;0;0;0;0;0;0;0;0;0;4;0;0;0;0
"31/12/2011";"19:07:00";"33";"com v�tima";"163,3";"BR-393/RJ";"Norte";"Tombamento";0;0;1;0;0;0;0;0;0;0;0;0;1;0;0
"01/01/2012";"00:09:00";"1";"com v�tima";"104,52";"BR-393/RJ";"Norte";"Choque - Poste";1;0;0;0;0;0;0;0;0;0;0;1;0;0;0
"01/01/2012";"06:18:00";"11";"com v�tima";"226,35";"BR-393/RJ";"Norte";"Saida de Pista";1;0;0;0;0;0;0;0;0;0;0;2;0;0;0
"01/01/2012";"08:05:00";"13";"sem v�tima";"272,88";"BR-393/RJ";"Norte";"Saida de Pista";1;0;0;0;0;0;0;0;0;0;1;0;0;0;0
"01/01/2012";"13:37:00";"36";"com v�tima";"103,78";"BR-393/RJ";"Sul";"Colis�o Transversal";1;0;0;0;0;0;0;0;0;1;0;4;0;0;0
"01/01/2012";"16:42:00";"44";"com v�tima";"243,75";"BR-393/RJ";"Norte";"Saida de Pista";1;0;0;0;0;0;0;0;0;0;0;2;0;0;0
"01/01/2012";"17:02:00";"45";"sem v�tima";"116,5";"BR-393/RJ";"Norte";"Saida de Pista";1;0;0;0;0;0;0;0;0;0;2;0;0;0;0
"02/01/2012";"03:35:00";"42";"sem v�tima";"177,37";"BR-393/RJ";"Sul";"Saida de Pista";1;0;0;0;0;0;0;0;0;0;1;0;0;0;0
"02/01/2012";"09:11:00";"54";"sem v�tima";"177,82";"BR-393/RJ";"Sul";"Colis�o Traseira";1;0;0;0;0;0;0;0;0;1;6;0;0;0;0
"02/01/2012";"09:17:00";"55";"sem v�tima";"160,88";"BR-393/RJ";"Sul";"Saida de Pista";1;0;0;0;0;0;0;0;0;0;1;0;0;0;0
"02/01/2012";"11:53:00";"69";"com v�tima";"181,5";"BR-393/RJ";"Sul";"Outros - Sequ�ncia";3;0;1;0;0;0;0;0;0;0;0;6;0;0;1
"02/01/2012";"16:52:00";"88";"sem v�tima";"175,55";"BR-393/RJ";"Sul";"Colis�o Lateral";1;0;1;0;0;0;0;0;0;0;2;0;0;0;0
"03/01/2012";"17:10:00";"56";"com v�tima";"205,1";"BR-393/RJ";"Sul";"Colis�o Lateral";1;0;1;0;0;0;0;0;0;0;3;3;0;0;0
"03/01/2012";"18:49:00";"58";"sem v�tima";"252,3";"BR-393/RJ";"Norte";"Colis�o Traseira";1;0;1;0;0;0;0;0;0;0;2;0;0;0;0
"04/01/2012";"01:29:00";"6";"sem v�tima";"194";"BR-393/RJ";"Norte";"Atropelamento de Animal";1;0;0;0;0;0;0;0;0;0;1;0;0;0;0
"04/01/2012";"08:24:00";"25";"com v�tima";"182";"BR-393/RJ";"Sul";"Colis�o Lateral";1;0;1;0;0;0;0;0;0;0;1;1;0;1;0
"04/01/2012";"20:47:00";"72";"sem v�tima";"171";"BR-393/RJ";"Sul";"Colis�o Transversal";1;0;1;0;0;0;0;0;0;0;2;0;0;0;0
"04/01/2012";"21:33:00";"73";"sem v�tima";"265";"BR-393/RJ";"Sul";"Colis�o Traseira";2;0;0;0;0;0;0;0;0;0;2;0;0;0;0
"06/01/2012";"03:43:00";"9";"com v�tima";"252,3";"BR-393/RJ";"Norte";"Tombamento";0;0;1;0;0;0;0;0;0;0;0;2;0;0;0
"06/01/2012";"06:59:00";"18";"com v�tima";"200,5";"BR-393/RJ";"Norte";"Colis�o Lateral";0;0;2;0;0;0;0;0;0;0;0;5;0;0;0
"08/01/2012";"00:42:00";"1";"sem v�tima";"178,46";"BR-393/RJ";"Norte";"Colis�o Traseira";1;0;0;1;0;0;0;0;0;0;2;0;0;0;0
"08/01/2012";"07:20:00";"10";"com v�tima";"163,29";"BR-393/RJ";"Norte";"Tombamento";0;0;1;0;0;0;0;0;0;0;0;0;1;0;0
"08/01/2012";"15:13:00";"23";"com v�tima";"168,8";"BR-393/RJ";"Norte";"Colis�o Lateral";2;0;0;0;0;0;0;0;0;0;0;7;0;0;0
"08/01/2012";"20:50:00";"44";"sem v�tima";"284";"BR-393/RJ";"Sul";"Saida de Pista";1;0;0;0;0;0;0;0;0;0;1;0;0;0;0
"08/01/2012";"22:34:00";"53";"com v�tima";"121,5";"BR-393/RJ";"Norte";"Colis�o Lateral";1;0;1;0;0;0;0;0;0;0;1;3;0;0;0
"09/01/2012";"02:08:00";"6";"com v�tima";"230";"BR-393/RJ";"Norte";"Outros - Sequ�ncia";0;0;1;0;0;0;0;0;0;1;1;5;0;0;0
"09/01/2012";"10:41:00";"47";"com v�tima";"115";"BR-393/RJ";"Norte";"Colis�o Traseira";2;0;0;0;0;0;0;0;0;0;1;3;0;0;0
"09/01/2012";"12:55:00";"58";"sem v�tima";"229,5";"BR-393/RJ";"Sul";"Choque - Outros";1;0;0;0;0;0;0;0;0;0;1;0;0;0;0
"09/01/2012";"17:25:00";"79";"com v�tima";"113,8";"BR-393/RJ";"Norte";"Colis�o Frontal";1;0;1;0;0;0;0;0;0;0;1;1;0;0;0
"10/01/2012";"08:40:00";"18";"com v�tima";"278,5";"BR-393/RJ";"Sul";"Colis�o Traseira";1;0;0;1;0;0;0;0;0;0;0;3;0;0;0
"10/01/2012";"18:39:00";"62";"sem v�tima";"114,49";"BR-393/RJ";"Norte";"Saida de Pista";1;0;0;0;0;0;0;0;0;0;1;0;0;0;0
"11/01/2012";"02:32:00";"9";"sem v�tima";"285,5";"BR-393/RJ";"Norte";"Choque - Suporte de Sinaliza��o";1;0;0;0;0;0;0;0;0;0;1;0;0;0;0
"13/01/2012";"07:02:00";"8";"sem v�tima";"123";"BR-393/RJ";"Sul";"Saida de Pista";1;0;0;0;0;0;0;0;0;0;1;0;0;0;0
"13/01/2012";"13:47:00";"28";"com v�tima";"278";"BR-393/RJ";"Norte";"Colis�o Lateral";2;0;0;0;0;0;0;0;0;0;1;2;0;0;0
"13/01/2012";"15:38:00";"32";"com v�tima";"189";"BR-393/RJ";"Sul";"Choque - Outros";1;0;0;0;0;0;0;0;0;0;0;5;0;0;0
"13/01/2012";"19:13:00";"50";"sem v�tima";"119";"BR-393/RJ";"Sul";"Choque - Outros";1;0;0;0;0;0;0;0;0;0;1;0;0;0;0
"14/01/2012";"10:12:00";"28";"sem v�tima";"246,92";"BR-393/RJ";"Sul";"Abalroamento Mesmo Sentido ";0;0;0;1;1;0;0;0;0;0;3;0;0;0;0
"14/01/2012";"18:39:00";"58";"sem v�tima";"284,85";"BR-393/RJ";"Sul";"Colis�o Traseira";2;0;0;0;0;0;0;0;0;0;3;0;0;0;0
"14/01/2012";"20:33:00";"67";"sem v�tima";"251,25";"BR-393/RJ";"Norte";"Colis�o Lateral";1;0;0;1;0;0;0;0;0;0;3;0;0;0;0
"14/01/2012";"21:25:00";"69";"com v�tima";"285,1";"BR-393/RJ";"Sul";"Atropelamento - Ciclista";0;1;0;1;0;0;0;0;0;0;1;1;0;0;0
"14/01/2012";"21:46:00";"72";"sem v�tima";"286,1";"BR-393/RJ";"Sul";"Engavetamento";3;0;0;0;0;0;0;0;0;0;3;0;0;0;0
"16/01/2012";"07:33:00";"11";"com v�tima";"222,2";"BR-393/RJ";"Sul";"Queda de Moto";0;0;0;1;0;0;0;0;0;0;0;1;0;0;0
"17/01/2012";"17:49:00";"43";"com v�tima";"151,8";"BR-393/RJ";"Sul";"Capotamento";0;0;1;0;0;0;0;0;0;0;0;0;0;0;1
"18/01/2012";"12:27:00";"35";"com v�tima";"243,68";"BR-393/RJ";"Sul";"Colis�o Lateral";2;0;0;0;0;0;0;0;0;0;1;2;0;0;0
"18/01/2012";"15:19:00";"45";"sem v�tima";"284";"BR-393/RJ";"Norte";"Engavetamento";3;0;0;0;0;0;0;0;0;0;3;0;0;0;0
"18/01/2012";"22:32:00";"67";"sem v�tima";"175,46";"BR-393/RJ";"Sul";"Choque - Outros";0;0;1;0;0;0;0;0;0;0;1;0;0;0;0
"19/01/2012";"17:30:00";"47";"sem v�tima";"274";"BR-393/RJ";"Norte";"Saida de Pista";1;0;0;0;0;0;0;0;0;0;1;0;0;0;0
"20/01/2012";"05:51:00";"5";"sem v�tima";"150,9";"BR-393/RJ";"Norte";"Colis�o Traseira";2;0;0;0;0;0;0;0;0;0;2;0;0;0;0
"21/01/2012";"17:30:00";"47";"com v�tima";"270,65";"BR-393/RJ";"Sul";"Abalroamento Sentido Oposto";0;0;2;0;0;0;0;0;0;0;0;1;1;0;0
"21/01/2012";"22:16:00";"66";"com v�tima";"240,16";"BR-393/RJ";"Sul";"Saida de Pista";1;0;0;0;0;0;0;0;0;0;0;1;0;0;0
"21/01/2012";"22:29:00";"68";"com v�tima";"186,35";"BR-393/RJ";"Sul";"Atropelamento de Animal";0;0;0;1;0;0;0;0;0;0;0;1;0;0;0
"22/01/2012";"00:59:00";"3";"com v�tima";"266,4";"BR-393/RJ";"Norte";"Capotamento";1;0;0;0;0;0;0;0;0;0;0;1;1;0;0
"23/01/2012";"09:11:00";"23";"sem v�tima";"168,77";"BR-393/RJ";"Norte";"Colis�o Lateral";2;0;0;0;0;0;0;0;0;0;2;0;0;0;0
"23/01/2012";"11:44:00";"34";"sem v�tima";"252,36";"BR-393/RJ";"Norte";"Saida de Pista";1;0;0;0;0;0;0;0;0;0;1;0;0;0;0
"23/01/2012";"19:09:00";"46";"sem v�tima";"119,78";"BR-393/RJ";"Sul";"Atropelamento de Animal";1;0;0;0;0;0;0;0;0;0;1;0;0;0;0
"24/01/2012";"19:11:00";"55";"com v�tima";"283,24";"BR-393/RJ";"Norte";"Colis�o Traseira";2;0;0;0;0;0;0;0;0;0;2;1;0;0;0
"26/01/2012";"07:22:00";"20";"com v�tima";"264,6";"BR-393/RJ";"Sul";"Tombamento";0;0;1;0;0;0;0;0;0;0;1;3;0;0;0
"27/01/2012";"18:18:00";"51";"com v�tima";"124,897";"BR-393/RJ";"Norte";"Atropelamento - Funcion�rio";0;0;1;0;0;0;0;0;0;0;1;1;0;0;0
"27/01/2012";"20:01:00";"59";"com v�tima";"235,75";"BR-393/RJ";"Norte";"Colis�o Lateral";1;0;0;1;0;0;0;0;0;0;1;1;0;0;0
"28/01/2012";"06:34:00";"11";"sem v�tima";"178,25";"BR-393/RJ";"Norte";"Colis�o Lateral";1;0;1;0;0;0;0;0;0;0;2;0;0;0;0
"28/01/2012";"07:21:00";"13";"sem v�tima";"258,09";"BR-393/RJ";"Norte";"Abalroamento Sentido Oposto";2;0;0;0;0;0;0;0;0;0;2;0;0;0;0
"28/01/2012";"08:27:00";"16";"sem v�tima";"147,1";"BR-393/RJ";"Norte";"Saida de Pista";1;0;0;0;0;0;0;0;0;0;1;0;0;0;0
"28/01/2012";"09:59:00";"19";"com v�tima";"282";"BR-393/RJ";"Norte";"Colis�o Traseira";1;0;1;0;0;0;0;0;0;0;1;2;0;0;0
"28/01/2012";"20:25:00";"34";"sem v�tima";"259";"BR-393/RJ";"Sul";"Capotamento";0;0;0;0;0;0;0;0;0;1;1;0;0;0;0
"29/01/2012";"20:25:00";"67";"sem v�tima";"231";"BR-393/RJ";"Sul";"Choque - Outros";1;0;0;0;0;0;0;0;0;0;1;0;0;0;0
"01/02/2012";"18:07:00";"104";"com v�tima";"285,8";"BR-393/RJ";"Sul";"Atropelamento - Ciclista";1;1;0;0;0;0;0;0;0;0;1;1;0;0;0
"01/02/2012";"19:56:00";"116";"com v�tima";"225";"BR-393/RJ";"Sul";"Queda de Moto";0;0;0;1;0;0;0;0;0;0;0;2;0;0;0
"02/02/2012";"18:28:00";"50";"sem v�tima";"265";"BR-393/RJ";"Norte";"Colis�o Traseira";2;0;0;0;0;0;0;0;0;0;2;0;0;0;0
"02/02/2012";"20:43:00";"62";"com v�tima";"102";"BR-393/RJ";"Norte";"Colis�o Transversal";0;0;2;0;0;0;0;0;0;0;0;2;0;0;0
"02/02/2012";"21:35:00";"65";"sem v�tima";"250,9";"BR-393/RJ";"Norte";"Colis�o Transversal";2;0;0;0;0;0;0;0;0;0;2;0;0;0;0
"02/02/2012";"22:09:00";"66";"sem v�tima";"219";"BR-393/RJ";"Norte";"Abalroamento Mesmo Sentido ";0;0;2;0;0;0;0;0;0;0;2;0;0;0;0
"03/02/2012";"05:17:00";"20";"sem v�tima";"248";"BR-393/RJ";"Norte";"Atropelamento de Animal";1;0;0;0;0;0;0;0;0;0;1;0;0;0;0
"03/02/2012";"10:13:00";"39";"com v�tima";"271";"BR-393/RJ";"Sul";"Colis�o Frontal";2;0;0;0;0;0;0;0;0;0;0;1;2;0;0
"03/02/2012";"23:07:00";"90";"com v�tima";"286";"BR-393/RJ";"Norte";"Colis�o Lateral";2;0;0;0;0;0;0;0;0;0;0;2;0;0;0
"04/02/2012";"09:44:00";"22";"com v�tima";"108,6";"BR-393/RJ";"Sul";"Colis�o Lateral";1;0;1;0;0;0;0;0;0;0;1;1;0;0;0
"04/02/2012";"11:59:00";"35";"sem v�tima";"200";"BR-393/RJ";"Norte";"Colis�o Traseira";1;0;1;0;0;0;0;0;0;0;2;0;0;0;0
"04/02/2012";"12:29:00";"36";"com v�tima";"168,8";"BR-393/RJ";"Norte";"Colis�o Lateral";1;0;1;0;0;0;0;0;0;0;0;2;0;0;0
"04/02/2012";"18:40:00";"58";"com v�tima";"282,35";"BR-393/RJ";"Sul";"Engavetamento";3;0;0;0;0;0;0;0;0;0;2;1;0;0;0
"05/02/2012";"03:40:00";"6";"com v�tima";"157,5";"BR-393/RJ";"Norte";"Queda de Moto";0;0;0;1;0;0;0;0;0;0;0;2;0;0;0
"06/02/2012";"05:17:00";"11";"com v�tima";"216,3";"BR-393/RJ";"Sul";"Queda de Moto";0;0;0;1;0;0;0;0;0;0;0;0;1;0;0
"06/02/2012";"07:32:00";"13";"sem v�tima";"286";"BR-393/RJ";"Sul";"Engavetamento";4;0;0;0;0;0;0;0;0;0;4;0;0;0;0
"06/02/2012";"10:01:00";"26";"com v�tima";"252,46";"BR-393/RJ";"Sul";"Colis�o Transversal";1;0;0;0;1;0;0;0;0;0;0;2;0;0;0
"06/02/2012";"10:35:00";"28";"sem v�tima";"252,16";"BR-393/RJ";"Norte";"Colis�o Transversal";2;0;0;0;0;0;0;0;0;0;3;0;0;0;0
"07/02/2012";"06:23:00";"15";"sem v�tima";"283,36";"BR-393/RJ";"Norte";"Colis�o Transversal";1;0;0;0;1;0;0;0;0;0;2;0;0;0;0
"07/02/2012";"15:37:00";"53";"com v�tima";"258,67";"BR-393/RJ";"Norte";"Saida de Pista";1;0;0;0;0;0;0;0;0;0;0;1;0;0;0
"07/02/2012";"16:12:00";"56";"sem v�tima";"108,35";"BR-393/RJ";"Sul";"Colis�o Traseira";2;0;0;0;0;0;0;0;0;0;2;0;0;0;0
"08/02/2012";"06:41:00";"16";"com v�tima";"281,17";"BR-393/RJ";"Sul";"Colis�o Lateral";1;0;0;1;0;0;0;0;0;0;0;2;0;0;0
"08/02/2012";"07:51:00";"21";"com v�tima";"255,68";"BR-393/RJ";"Norte";"Colis�o Lateral";2;0;0;0;0;0;0;0;0;0;3;1;0;0;0
"08/02/2012";"18:58:00";"70";"sem v�tima";"255,87";"BR-393/RJ";"Norte";"Colis�o Traseira";0;0;2;0;0;0;0;0;0;0;2;0;0;0;0
"09/02/2012";"07:10:00";"22";"com v�tima";"281,14";"BR-393/RJ";"Sul";"Colis�o Transversal";0;0;0;2;0;0;0;0;0;0;0;3;0;0;0
"11/02/2012";"00:16:00";"2";"sem v�tima";"255,5";"BR-393/RJ";"Norte";"Colis�o Frontal";1;0;1;0;0;0;0;0;0;0;2;0;0;0;0
"11/02/2012";"01:40:00";"5";"sem v�tima";"250";"BR-393/RJ";"Sul";"Colis�o Lateral";1;0;1;0;0;0;0;0;0;0;2;0;0;0;0
"11/02/2012";"14:22:00";"47";"sem v�tima";"243,8";"BR-393/RJ";"Sul";"Choque - Elemento de Drenagem";1;0;0;0;0;0;0;0;0;0;1;0;0;0;0
"11/02/2012";"19:11:00";"68";"com v�tima";"175,7";"BR-393/RJ";"Norte";"Colis�o Traseira";2;0;0;0;0;0;0;0;0;0;1;1;0;0;0
"11/02/2012";"23:49:00";"89";"com v�tima";"285";"BR-393/RJ";"Norte";"Colis�o Lateral";2;0;0;0;0;0;0;0;0;0;1;1;0;0;0
"12/02/2012";"03:14:00";"12";"com v�tima";"212,8";"BR-393/RJ";"Norte";"Queda de Moto";0;0;0;1;0;0;0;0;0;0;0;1;0;0;0
"12/02/2012";"05:29:00";"16";"com v�tima";"191,3";"BR-393/RJ";"Norte";"Saida de Pista";0;0;0;0;0;0;0;0;0;1;0;0;1;0;0
"12/02/2012";"09:35:00";"23";"com v�tima";"254";"BR-393/RJ";"Sul";"Tombamento";0;0;1;0;0;0;0;0;0;0;0;2;0;0;0
"13/02/2012";"17:43:00";"73";"com v�tima";"254,1";"BR-393/RJ";"Norte";"Choque - Elemento de Drenagem";1;0;0;0;0;0;0;0;0;0;2;1;0;0;0
"14/02/2012";"08:59:00";"13";"sem v�tima";"285";"BR-393/RJ";"Norte";"Colis�o Lateral";2;0;0;0;0;0;0;0;0;0;2;0;0;0;0
"14/02/2012";"18:14:00";"42";"com v�tima";"233";"BR-393/RJ";"Sul";"Abalroamento Mesmo Sentido ";1;0;0;1;0;0;0;0;0;0;1;1;0;0;0
"16/02/2012";"07:02:00";"24";"com v�tima";"283";"BR-393/RJ";"Norte";"Colis�o Lateral";1;0;0;1;0;0;0;0;0;0;1;1;0;0;0
"16/02/2012";"13:44:00";"50";"com v�tima";"281,9";"BR-393/RJ";"Sul";"Saida de Pista";1;0;0;0;0;0;0;0;0;0;0;1;0;0;0
"16/02/2012";"14:47:00";"52";"com v�tima";"1";"Al�a Sul";"Sul";"Colis�o Traseira";2;0;0;0;0;0;0;0;0;0;0;2;0;0;0
"16/02/2012";"21:30:00";"82";"com v�tima";"170,7";"BR-393/RJ";"Norte";"Tombamento";0;0;1;0;0;0;0;0;0;0;0;1;0;0;0
"17/02/2012";"11:02:00";"33";"com v�tima";"238,64";"BR-393/RJ";"Norte";"Colis�o Transversal";2;0;0;0;0;0;0;0;0;0;0;4;0;0;0
"17/02/2012";"12:19:00";"36";"com v�tima";"172,23";"BR-393/RJ";"Sul";"Colis�o Lateral";0;0;2;0;0;0;0;0;0;0;0;2;0;0;0
"17/02/2012";"13:19:00";"38";"com v�tima";"237,37";"BR-393/RJ";"Norte";"Outros - Sequ�ncia";2;0;1;0;0;0;0;0;0;0;0;4;2;0;1
"17/02/2012";"19:43:00";"68";"sem v�tima";"285,49";"BR-393/RJ";"Sul";"Colis�o Lateral";1;0;1;0;0;0;0;0;0;0;2;0;0;0;0
"17/02/2012";"21:35:00";"74";"sem v�tima";"282,2";"BR-393/RJ";"Sul";"Atropelamento - Ciclista";1;1;0;0;0;0;0;0;0;0;2;0;0;0;0