fdata;horario;n_da_ocorrencia;tipo_de_ocorrencia;km;trecho;sentido;tipo_de_acidente;automovel;bicicleta;caminhao;moto;onibus;outros;tracao_animal;transporte_de_cargas_especiais;trator_maquinas;utilitarios;ilesos;levemente_feridos;moderadamente_feridos;gravemente_feridos;mortos
"18/02/2012";"00:34:00";"1";"com v�tima";"172,58";"BR-393/RJ";"Norte";"Choque - Defensa, barreira ou "submarino"";1;0;0;0;0;0;0;0;0;0;0;1;0;0;0
"18/02/2012";"06:35:00";"19";"com v�tima";"177,75";"BR-393/RJ";"Sul";"Engavetamento";3;0;0;0;0;0;0;0;0;0;1;2;0;0;0
"18/02/2012";"07:54:00";"22";"com v�tima";"233";"BR-393/RJ";"Sul";"Saida de Pista";1;0;0;0;0;0;0;0;0;0;0;3;0;0;0
"18/02/2012";"17:36:00";"74";"com v�tima";"268,3";"BR-393/RJ";"Norte";"Atropelamento - Ciclista";1;1;0;0;0;0;0;0;0;0;1;1;0;0;0
"18/02/2012";"21:42:00";"89";"com v�tima";"168,43";"BR-393/RJ";"Sul";"Colis�o Transversal";1;0;0;1;0;0;0;0;0;0;1;2;1;0;0
"19/02/2012";"00:47:00";"4";"com v�tima";"177,35";"BR-393/RJ";"Norte";"Choque - Arvore";2;0;0;0;0;0;0;0;0;0;1;2;0;0;0
"19/02/2012";"17:42:00";"45";"com v�tima";"118,92";"BR-393/RJ";"Sul";"Queda de Moto";0;0;0;1;0;0;0;0;0;0;0;0;1;0;0
"19/02/2012";"21:26:00";"58";"com v�tima";"278,37";"BR-393/RJ";"Norte";"Colis�o Traseira";2;0;0;0;0;0;0;0;0;0;0;2;1;0;0
"19/02/2012";"23:29:00";"64";"com v�tima";"256,4";"BR-393/RJ";"Norte";"Colis�o Traseira";2;0;0;0;0;0;0;0;0;0;0;2;0;0;0
"21/02/2012";"01:46:00";"3";"sem v�tima";"2";"Al�a Sul";"Norte";"Atropelamento de Animal";1;0;0;0;0;0;0;0;0;0;1;0;0;0;0
"21/02/2012";"09:30:00";"21";"com v�tima";"246,25";"BR-393/RJ";"Sul";"Queda de Moto";0;0;0;1;0;0;0;0;0;0;0;1;0;0;0
"21/02/2012";"09:42:00";"22";"com v�tima";"279";"BR-393/RJ";"Sul";"Colis�o Traseira";1;0;1;0;0;0;0;0;0;0;1;1;0;0;0
"22/02/2012";"05:00:00";"3";"sem v�tima";"177,6";"BR-393/RJ";"Sul";"Choque - Elemento de Drenagem";0;0;1;0;0;0;0;0;0;0;1;0;0;0;0
"22/02/2012";"14:59:00";"37";"com v�tima";"278,88";"BR-393/RJ";"Norte";"Colis�o Traseira";2;0;0;0;0;0;0;0;0;0;0;6;0;0;0
"22/02/2012";"17:40:00";"51";"sem v�tima";"233";"BR-393/RJ";"Norte";"Atropelamento de Animal";1;0;0;0;0;0;0;0;0;0;1;0;0;0;0
"23/02/2012";"13:36:00";"41";"com v�tima";"237";"BR-393/RJ";"Norte";"Capotamento";1;0;0;0;0;0;0;0;0;0;0;1;0;0;0
"23/02/2012";"18:25:00";"55";"sem v�tima";"260,6";"BR-393/RJ";"Sul";"Atropelamento de Animal";1;0;0;0;0;0;0;0;0;0;1;0;0;0;0
"23/02/2012";"19:20:00";"61";"sem v�tima";"177,3";"BR-393/RJ";"Sul";"Choque - Elemento de Drenagem";0;0;1;0;0;0;0;0;0;0;1;0;0;0;0
"24/02/2012";"06:50:00";"21";"com v�tima";"178,56";"BR-393/RJ";"Sul";"Colis�o Traseira";1;0;0;1;0;0;0;0;0;0;1;1;0;0;0
"24/02/2012";"08:13:00";"25";"com v�tima";"128,5";"BR-393/RJ";"Sul";"Tombamento";0;0;0;0;0;0;0;0;0;1;0;3;0;0;0
"25/02/2012";"09:34:00";"19";"sem v�tima";"286";"BR-393/RJ";"Norte";"Colis�o Traseira";2;0;0;0;0;0;0;0;0;0;2;0;0;0;0
"25/02/2012";"17:15:00";"37";"com v�tima";"129,83";"BR-393/RJ";"Norte";"Choque - Arvore";1;0;0;0;0;0;0;0;0;0;0;2;0;1;2
"25/02/2012";"20:20:00";"45";"com v�tima";"192,83";"BR-393/RJ";"Sul";"Atropelamento - Andarilho";1;0;0;0;0;0;0;0;0;0;1;1;0;0;1
"26/02/2012";"14:54:00";"28";"sem v�tima";"182,12";"BR-393/RJ";"Norte";"Colis�o Traseira";2;0;0;0;0;0;0;0;0;0;7;0;0;0;0
"26/02/2012";"15:06:00";"30";"com v�tima";"286";"BR-393/RJ";"Sul";"Queda de Moto";0;0;0;1;0;0;0;0;0;0;0;1;0;0;0
"26/02/2012";"19:14:00";"41";"sem v�tima";"261";"BR-393/RJ";"Sul";"Atropelamento de Animal";1;0;0;0;0;0;0;0;0;0;1;0;0;0;0
"27/02/2012";"09:11:00";"22";"sem v�tima";"285";"BR-393/RJ";"Norte";"Abalroamento Mesmo Sentido ";1;0;1;0;0;0;0;0;0;0;2;0;0;0;0
"27/02/2012";"15:51:00";"54";"com v�tima";"114";"BR-393/RJ";"Norte";"Choque - Outros";0;0;0;0;0;0;0;0;0;1;0;1;0;0;0
"28/02/2012";"08:08:00";"24";"com v�tima";"235";"BR-393/RJ";"Sul";"Atropelamento - Usu�rio";0;0;1;0;0;0;0;0;0;0;1;0;0;1;0
"28/02/2012";"19:21:00";"66";"com v�tima";"143,45";"BR-393/RJ";"Sul";"Colis�o Lateral";2;0;0;0;0;0;0;0;0;0;0;4;2;0;0
"01/03/2012";"09:19:00";"68";"com v�tima";"163,3";"BR-393/RJ";"Norte";"Tombamento";0;0;1;0;0;0;0;0;0;0;0;1;0;0;0
"01/03/2012";"18:54:00";"99";"sem v�tima";"285,58";"BR-393/RJ";"Sul";"Abalroamento Mesmo Sentido ";2;0;0;0;0;0;0;0;0;0;2;0;0;0;0
"01/03/2012";"19:12:00";"101";"com v�tima";"285,59";"BR-393/RJ";"Sul";"Abalroamento Mesmo Sentido ";1;0;1;0;0;0;0;0;0;0;1;1;0;0;0
"01/03/2012";"19:40:00";"102";"com v�tima";"179,28";"BR-393/RJ";"Sul";"Abalroamento Mesmo Sentido ";0;0;1;1;0;0;0;0;0;0;1;1;1;0;0
"02/03/2012";"07:08:00";"14";"com v�tima";"105,9";"BR-393/RJ";"Sul";"Colis�o Traseira";2;0;0;0;0;0;0;0;0;0;0;2;0;0;0
"02/03/2012";"08:14:00";"17";"sem v�tima";"285,52";"BR-393/RJ";"Sul";"Colis�o Traseira";1;0;1;0;0;0;0;0;0;0;2;0;0;0;0
"04/03/2012";"03:46:00";"9";"com v�tima";"258,24";"BR-393/RJ";"Norte";"Choque - Arvore";1;0;0;0;0;0;0;0;0;0;0;0;0;1;0
"04/03/2012";"12:20:00";"29";"com v�tima";"254,32";"BR-393/RJ";"Sul";"Queda de Moto";0;0;0;1;0;0;0;0;0;0;0;1;1;0;0
"04/03/2012";"19:17:00";"48";"sem v�tima";"284,6";"BR-393/RJ";"Sul";"Colis�o Traseira";2;0;0;0;0;0;0;0;0;0;2;0;0;0;0
"04/03/2012";"19:55:00";"52";"sem v�tima";"181,15";"BR-393/RJ";"Sul";"Choque - Elemento de Drenagem";1;0;0;0;0;0;0;0;0;0;3;0;0;0;0
"04/03/2012";"22:15:00";"58";"sem v�tima";"253,3";"BR-393/RJ";"Norte";"Queda de Moto";0;0;0;1;0;0;0;0;0;0;1;0;0;0;0
"05/03/2012";"17:45:00";"57";"com v�tima";"252,05";"BR-393/RJ";"Norte";"Abalroamento Sentido Oposto";1;0;1;0;0;0;0;0;0;0;0;3;1;0;0
"06/03/2012";"00:00:00";"1";"com v�tima";"252,34";"BR-393/RJ";"Sul";"Capotamento";1;0;0;0;0;0;0;0;0;0;0;1;0;0;0
"07/03/2012";"10:56:00";"25";"com v�tima";"242,4";"BR-393/RJ";"Norte";"Choque - Elemento de Drenagem";1;0;0;0;0;0;0;0;0;0;0;1;0;0;0
"08/03/2012";"07:03:00";"12";"com v�tima";"248,39";"BR-393/RJ";"Norte";"Queda de Moto";0;0;0;1;0;0;0;0;0;0;0;1;0;0;0
"08/03/2012";"18:38:00";"69";"com v�tima";"252,4";"BR-393/RJ";"Norte";"Colis�o Transversal";1;0;0;1;0;0;0;0;0;0;1;1;0;0;0
"08/03/2012";"21:51:00";"82";"sem v�tima";"283,4";"BR-393/RJ";"Norte";"Colis�o Lateral";1;0;0;1;0;0;0;0;0;0;2;0;0;0;0
"09/03/2012";"00:27:00";"1";"com v�tima";"195,07";"BR-393/RJ";"Norte";"Colis�o Traseira";0;0;1;0;0;0;0;0;0;1;1;2;0;0;0
"09/03/2012";"10:08:00";"32";"sem v�tima";"282,5";"BR-393/RJ";"Sul";"Colis�o Traseira";1;0;0;0;0;0;0;0;0;1;2;0;0;0;0
"09/03/2012";"21:40:00";"70";"com v�tima";"178,36";"BR-393/RJ";"Norte";"Queda de Moto";0;0;0;1;0;0;0;0;0;0;0;1;0;0;0
"10/03/2012";"04:43:00";"11";"sem v�tima";"167";"BR-393/RJ";"Sul";"Saida de Pista";1;0;0;0;0;0;0;0;0;0;2;0;0;0;0
"10/03/2012";"11:06:00";"35";"sem v�tima";"258,66";"BR-393/RJ";"Norte";"Colis�o Lateral";2;0;0;0;0;0;0;0;0;0;2;0;0;0;0
"10/03/2012";"15:28:00";"50";"com v�tima";"143";"BR-393/RJ";"Norte";"Colis�o Lateral";0;0;1;1;0;0;0;0;0;0;1;0;2;0;0
"11/03/2012";"10:11:00";"14";"com v�tima";"233,85";"BR-393/RJ";"Sul";"Capotamento";1;0;0;0;0;0;0;0;0;0;0;3;0;1;0
"11/03/2012";"16:49:00";"31";"sem v�tima";"278,82";"BR-393/RJ";"Sul";"Engavetamento";3;0;0;0;0;0;0;0;0;0;4;0;0;0;0
"11/03/2012";"17:10:00";"33";"sem v�tima";"133,85";"BR-393/RJ";"Sul";"Colis�o Traseira";2;0;0;0;0;0;0;0;0;0;3;0;0;0;0
"11/03/2012";"17:34:00";"35";"com v�tima";"266,95";"BR-393/RJ";"Norte";"Colis�o Lateral";1;0;0;0;1;0;0;0;0;0;1;3;0;0;0
"11/03/2012";"19:02:00";"42";"sem v�tima";"1,44";"Al�a Sul";"Sul";"Choque - Elemento de Drenagem";1;0;0;0;0;0;0;0;0;0;1;0;0;0;0
"12/03/2012";"18:34:00";"63";"com v�tima";"248,33";"BR-393/RJ";"Sul";"Colis�o Lateral";1;0;0;0;0;0;0;0;0;1;2;1;0;0;0
"12/03/2012";"18:42:00";"66";"com v�tima";"256,03";"BR-393/RJ";"Norte";"Choque - Elemento de Drenagem";1;0;0;0;0;0;0;0;0;0;0;1;0;0;0
"12/03/2012";"19:02:00";"68";"com v�tima";"1";"Al�a Sul";"Sul";"Colis�o Frontal";2;0;0;0;0;0;0;0;0;0;1;1;0;0;0
"13/03/2012";"19:46:00";"69";"sem v�tima";"147";"BR-393/RJ";"Sul";"Saida de Pista";0;0;1;0;0;0;0;0;0;0;1;0;0;0;0
"14/03/2012";"08:00:00";"15";"sem v�tima";"233,68";"BR-393/RJ";"Norte";"Colis�o Lateral";1;0;1;0;0;0;0;0;0;0;3;0;0;0;0
"14/03/2012";"09:51:00";"26";"com v�tima";"103,7";"BR-393/RJ";"Norte";"Choque - Outros";0;0;0;1;0;0;0;0;0;0;0;1;0;0;0
"14/03/2012";"10:42:00";"29";"com v�tima";"274";"BR-393/RJ";"Sul";"Tombamento";0;0;1;0;0;0;0;0;0;0;0;0;1;0;0
"14/03/2012";"21:59:00";"75";"sem v�tima";"252,45";"BR-393/RJ";"Sul";"Saida de Pista";0;0;2;0;0;0;0;0;0;0;2;0;0;0;0
"15/03/2012";"10:06:00";"25";"com v�tima";"168,845";"BR-393/RJ";"Sul";"Colis�o Transversal";2;0;0;0;0;0;0;0;0;0;1;1;0;0;0
"15/03/2012";"21:09:00";"75";"com v�tima";"202,87";"BR-393/RJ";"Norte";"Colis�o Lateral";1;0;1;0;0;0;0;0;0;0;1;2;0;0;0
"15/03/2012";"21:30:00";"76";"com v�tima";"181,366";"BR-393/RJ";"Norte";"Choque - Elemento de Drenagem";1;0;0;0;0;0;0;0;0;0;0;1;0;0;0
"16/03/2012";"00:38:00";"1";"com v�tima";"250,55";"BR-393/RJ";"Norte";"Colis�o Lateral";0;0;2;0;0;0;0;0;0;0;1;1;0;0;0
"16/03/2012";"14:48:00";"36";"com v�tima";"135,72";"BR-393/RJ";"Norte";"Colis�o Traseira";1;0;1;0;0;0;0;0;0;0;1;1;0;0;0
"16/03/2012";"15:03:00";"39";"com v�tima";"178,1";"BR-393/RJ";"Norte";"Choque - Talude";1;0;0;0;0;0;0;0;0;0;0;2;0;0;0
"17/03/2012";"11:39:00";"31";"sem v�tima";"196,2";"BR-393/RJ";"Sul";"Saida de Pista";0;0;1;0;0;0;0;0;0;0;1;0;0;0;0
"17/03/2012";"16:28:00";"46";"com v�tima";"286,2";"BR-393/RJ";"Norte";"Engavetamento";5;0;0;0;0;0;0;0;0;0;1;9;0;0;0
"18/03/2012";"08:20:00";"4";"com v�tima";"187,154";"BR-393/RJ";"Norte";"Capotamento";1;0;0;0;0;0;0;0;0;0;0;0;1;0;1
"18/03/2012";"12:46:00";"17";"com v�tima";"263,65";"BR-393/RJ";"Norte";"Queda de Moto";0;0;0;1;0;0;0;0;0;0;0;0;1;0;0
"18/03/2012";"15:48:00";"24";"com v�tima";"108,98";"BR-393/RJ";"Norte";"Colis�o Frontal";1;0;0;0;1;0;0;0;0;0;9;2;1;0;1
"18/03/2012";"16:53:00";"26";"com v�tima";"266,69";"BR-393/RJ";"Sul";"Choque - Talude";1;0;0;0;0;0;0;0;0;0;0;3;2;0;0
"19/03/2012";"16:12:00";"43";"com v�tima";"136,54";"BR-393/RJ";"Sul";"Colis�o Frontal";2;0;0;0;0;0;0;0;0;0;0;3;0;0;0
"19/03/2012";"18:46:00";"52";"com v�tima";"218,81";"BR-393/RJ";"Norte";"Tombamento";0;0;1;0;0;0;0;0;0;0;0;1;0;0;0
"19/03/2012";"23:08:00";"60";"sem v�tima";"235,05";"BR-393/RJ";"Sul";"Saida de Pista";1;0;0;0;0;0;0;0;0;0;1;0;0;0;0
"20/03/2012";"04:50:00";"7";"com v�tima";"252,2";"BR-393/RJ";"Sul";"Colis�o Traseira";0;0;1;0;0;0;0;0;0;1;1;2;0;0;0
"20/03/2012";"13:59:00";"46";"sem v�tima";"194,89";"BR-393/RJ";"Norte";"Colis�o Traseira";0;0;2;0;0;0;0;0;0;0;2;0;0;0;0
"21/03/2012";"09:10:00";"22";"sem v�tima";"285,55";"BR-393/RJ";"Sul";"Colis�o Lateral";1;0;1;0;0;0;0;0;0;0;2;0;0;0;0
"21/03/2012";"11:51:00";"42";"sem v�tima";"195,07";"BR-393/RJ";"Norte";"Outros";1;0;1;0;0;0;0;0;0;0;2;0;0;0;0
"21/03/2012";"19:00:00";"68";"sem v�tima";"278,15";"BR-393/RJ";"Sul";"Colis�o Traseira";2;0;0;0;0;0;0;0;0;0;2;0;0;0;0
"22/03/2012";"13:27:00";"55";"com v�tima";"105,92";"BR-393/RJ";"Sul";"Abalroamento Mesmo Sentido ";1;0;0;1;0;0;0;0;0;0;2;1;0;0;0
"22/03/2012";"15:59:00";"69";"com v�tima";"235,25";"BR-393/RJ";"Norte";"Colis�o Traseira";1;0;0;0;0;0;0;0;0;1;2;6;2;0;0
"22/03/2012";"18:10:00";"76";"sem v�tima";"268";"BR-393/RJ";"Norte";"Choque - Outros";0;0;1;0;0;0;0;0;0;0;1;0;0;0;0
"23/03/2012";"22:08:00";"79";"com v�tima";"175,58";"BR-393/RJ";"Norte";"Colis�o Lateral";1;0;0;0;1;0;0;0;0;0;1;1;0;0;0
"23/03/2012";"22:50:00";"82";"sem v�tima";"284,35";"BR-393/RJ";"Sul";"Saida de Pista";0;0;0;0;0;0;0;0;0;1;1;0;0;0;0
"24/03/2012";"05:34:00";"6";"sem v�tima";"146,9";"BR-393/RJ";"Sul";"Capotamento";1;0;0;0;0;0;0;0;0;0;1;0;0;0;0
"24/03/2012";"10:32:00";"23";"com v�tima";"285";"BR-393/RJ";"Sul";"Colis�o Traseira";2;0;0;0;0;0;0;0;0;0;0;2;0;0;0
"24/03/2012";"21:27:00";"60";"com v�tima";"265,54";"BR-393/RJ";"Norte";"Colis�o Traseira";2;0;0;0;0;0;0;0;0;0;1;3;0;0;0
"24/03/2012";"22:06:00";"62";"com v�tima";"284,6";"BR-393/RJ";"Norte";"Colis�o Traseira";2;0;0;0;0;0;0;0;0;0;2;1;0;0;0
"25/03/2012";"01:15:00";"3";"sem v�tima";"183,46";"BR-393/RJ";"Norte";"Capotamento";1;0;0;0;0;0;0;0;0;0;2;0;0;0;0
"25/03/2012";"03:53:00";"4";"sem v�tima";"163,27";"BR-393/RJ";"Sul";"Choque - Defensa, barreira ou "submarino"";1;0;0;0;0;0;0;0;0;0;2;0;0;0;0
"25/03/2012";"09:47:00";"14";"com v�tima";"254,63";"BR-393/RJ";"Norte";"Choque - Outros";1;0;0;0;0;0;0;0;0;0;0;1;0;0;0
"25/03/2012";"18:28:00";"33";"sem v�tima";"279,8";"BR-393/RJ";"Sul";"Colis�o Lateral";2;0;0;0;0;0;0;0;0;0;2;0;0;0;0
"26/03/2012";"02:40:00";"2";"sem v�tima";"286";"BR-393/RJ";"Norte";"Colis�o Traseira";2;0;0;0;0;0;0;0;0;0;2;0;0;0;0
"26/03/2012";"17:14:00";"67";"sem v�tima";"286";"BR-393/RJ";"Norte";"Colis�o Traseira";2;0;0;0;0;0;0;0;0;0;2;0;0;0;0
"26/03/2012";"17:29:00";"68";"com v�tima";"106,3";"BR-393/RJ";"Norte";"Colis�o Lateral";2;0;0;0;0;0;0;0;0;0;3;1;0;0;0
"27/03/2012";"12:28:00";"37";"com v�tima";"284,525";"BR-393/RJ";"Sul";"Colis�o Lateral";0;0;0;2;0;0;0;0;0;0;0;1;1;0;0
"27/03/2012";"17:15:00";"54";"com v�tima";"182,35";"BR-393/RJ";"Sul";"Colis�o Lateral";1;0;0;1;0;0;0;0;0;0;1;1;0;0;0
"28/03/2012";"06:32:00";"3";"com v�tima";"195,05";"BR-393/RJ";"Norte";"Colis�o Traseira";0;0;2;0;0;0;0;0;0;0;1;1;0;0;0
"28/03/2012";"07:11:00";"4";"com v�tima";"187,6";"BR-393/RJ";"Sul";"Colis�o Lateral";1;0;2;0;0;0;0;0;0;0;2;2;0;0;0
"28/03/2012";"14:21:00";"41";"com v�tima";"284,93";"BR-393/RJ";"Norte";"Colis�o Transversal";1;0;1;0;0;0;0;0;0;0;1;1;0;0;0
"28/03/2012";"15:12:00";"43";"com v�tima";"238,68";"BR-393/RJ";"Sul";"Colis�o Lateral";2;0;0;0;0;0;0;0;0;0;0;4;0;0;0
"28/03/2012";"17:05:00";"51";"com v�tima";"235,14";"BR-393/RJ";"Norte";"Colis�o Lateral";2;0;0;0;0;0;0;0;0;0;0;3;0;0;0
"29/03/2012";"07:11:00";"12";"sem v�tima";"232,72";"BR-393/RJ";"Norte";"Outros - Sequ�ncia";2;0;0;0;0;0;0;0;0;0;2;0;0;0;0
"29/03/2012";"09:43:00";"40";"com v�tima";"251,4";"BR-393/RJ";"Sul";"Colis�o Traseira";1;0;2;0;0;0;0;0;0;0;1;2;0;0;0
"30/03/2012";"06:36:00";"12";"com v�tima";"172,345";"BR-393/RJ";"Norte";"Colis�o Frontal";1;0;1;0;0;0;0;0;0;0;0;1;0;0;1
"30/03/2012";"06:48:00";"13";"com v�tima";"1,006";"Al�a Sul";"Norte";"Queda de Moto";0;0;0;1;0;0;0;0;0;0;0;1;0;0;0
"30/03/2012";"16:24:00";"59";"com v�tima";"175,95";"BR-393/RJ";"Norte";"Engavetamento";2;0;1;0;0;0;0;0;0;0;0;3;0;0;0
"30/03/2012";"16:56:00";"61";"com v�tima";"176,623";"BR-393/RJ";"Norte";"Colis�o Traseira";2;0;0;0;0;0;0;0;0;0;3;1;0;0;0
"30/03/2012";"17:26:00";"64";"com v�tima";"233,715";"BR-393/RJ";"Norte";"Colis�o Traseira";0;0;2;0;0;0;0;0;0;0;0;1;1;0;0
"30/03/2012";"19:52:00";"73";"sem v�tima";"285,48";"BR-393/RJ";"Sul";"Colis�o Lateral";1;0;1;0;0;0;0;0;0;0;2;0;0;0;0
"31/03/2012";"06:14:00";"6";"com v�tima";"191,69";"BR-393/RJ";"Norte";"Outros - Sequ�ncia";1;0;0;0;0;0;0;0;0;1;0;2;1;1;1
"31/03/2012";"07:52:00";"11";"com v�tima";"168,76";"BR-393/RJ";"Norte";"Colis�o Lateral";1;0;0;1;0;0;0;0;0;0;3;1;0;0;0
"02/04/2012";"10:00:00";"33";"sem v�tima";"234,95";"BR-393/RJ";"Sul";"Abalroamento Sentido Oposto";1;0;0;0;1;0;0;0;0;0;2;0;0;0;0
"03/04/2012";"00:30:00";"1";"sem v�tima";"286";"BR-393/RJ";"Norte";"Colis�o Lateral";2;0;0;0;0;0;0;0;0;0;2;0;0;0;0
"03/04/2012";"08:30:00";"12";"com v�tima";"235,09";"BR-393/RJ";"Sul";"Colis�o Lateral";1;0;0;1;0;0;0;0;0;0;1;1;0;0;0
"03/04/2012";"09:13:00";"13";"com v�tima";"132,9";"BR-393/RJ";"Norte";"Colis�o Traseira";2;0;0;0;0;0;0;0;0;0;0;3;0;0;0
"03/04/2012";"17:12:00";"66";"com v�tima";"268,3";"BR-393/RJ";"Sul";"Colis�o Transversal";2;0;0;0;0;0;0;0;0;0;0;2;0;0;0
"04/04/2012";"10:27:00";"25";"sem v�tima";"252,409";"BR-393/RJ";"Norte";"Colis�o Lateral";2;0;0;0;0;0;0;0;0;0;2;0;0;0;0
"05/04/2012";"00:59:00";"1";"sem v�tima";"215,39";"BR-393/RJ";"Sul";"Choque - Elemento de Drenagem";1;0;0;0;0;0;0;0;0;0;1;0;0;0;0
"05/04/2012";"15:42:00";"38";"sem v�tima";"286";"BR-393/RJ";"Sul";"Colis�o Traseira";2;0;0;0;0;0;0;0;0;0;2;0;0;0;0
"05/04/2012";"15:47:00";"39";"com v�tima";"285,5";"BR-393/RJ";"Norte";"Colis�o Lateral";1;0;0;1;0;0;0;0;0;0;0;2;0;0;0
"05/04/2012";"16:46:00";"46";"com v�tima";"285,566";"BR-393/RJ";"Sul";"Abalroamento Mesmo Sentido ";1;0;1;0;0;0;0;0;0;0;1;1;0;0;0
"06/04/2012";"00:40:00";"3";"com v�tima";"188,1";"BR-393/RJ";"Norte";"Atropelamento de Animal";1;0;0;0;0;0;0;0;0;0;1;3;0;0;0
"06/04/2012";"06:54:00";"20";"com v�tima";"175,575";"BR-393/RJ";"Sul";"Outros - Sequ�ncia";0;0;2;0;0;0;0;0;0;0;0;0;1;0;1
"06/04/2012";"06:58:00";"21";"sem v�tima";"251,19";"BR-393/RJ";"Norte";"Saida de Pista";1;0;0;0;0;0;0;0;0;0;4;0;0;0;0
"07/04/2012";"16:34:00";"43";"sem v�tima";"266,515";"BR-393/RJ";"Norte";"Saida de Pista";1;0;0;0;0;0;0;0;0;0;1;0;0;0;0
"07/04/2012";"17:14:00";"45";"com v�tima";"239,57";"BR-393/RJ";"Sul";"Abalroamento Mesmo Sentido ";1;0;1;1;0;0;0;0;0;0;2;1;0;0;0
"07/04/2012";"18:20:00";"50";"com v�tima";"236,843";"BR-393/RJ";"Norte";"Colis�o Lateral";2;0;0;0;0;0;0;0;0;0;1;3;0;0;0
"08/04/2012";"11:39:00";"25";"com v�tima";"173,05";"BR-393/RJ";"Norte";"Colis�o Lateral";2;0;0;0;0;0;0;0;0;0;0;2;2;0;0
"08/04/2012";"12:39:00";"26";"com v�tima";"148,376";"BR-393/RJ";"Norte";"Engavetamento";4;0;0;0;0;0;0;0;0;0;0;7;0;0;0
"08/04/2012";"15:39:00";"33";"com v�tima";"265,175";"BR-393/RJ";"Sul";"Colis�o Traseira";2;0;0;0;0;0;0;0;0;0;0;2;0;0;0
"08/04/2012";"17:50:00";"47";"sem v�tima";"158,8";"BR-393/RJ";"Sul";"Colis�o Lateral";2;0;0;0;0;0;0;0;0;0;2;0;0;0;0
"08/04/2012";"19:20:00";"53";"sem v�tima";"285,5";"BR-393/RJ";"Sul";"Colis�o Transversal";1;0;1;0;0;0;0;0;0;0;2;0;0;0;0
"08/04/2012";"21:14:00";"60";"sem v�tima";"256,89";"BR-393/RJ";"Sul";"Colis�o Lateral";1;0;0;0;0;0;0;0;0;1;3;0;0;0;0
"09/04/2012";"10:57:00";"37";"com v�tima";"218,7";"BR-393/RJ";"Norte";"Colis�o Traseira";0;0;2;0;0;0;0;0;0;0;0;2;0;0;0
"10/04/2012";"07:35:00";"7";"com v�tima";"124,5";"BR-393/RJ";"Norte";"Tombamento";0;0;1;0;0;0;0;0;0;0;0;1;0;0;0
"11/04/2012";"05:43:00";"29";"com v�tima";"185,669";"BR-393/RJ";"Norte";"Colis�o Lateral";1;0;1;0;0;0;0;0;0;0;1;3;0;0;0
"11/04/2012";"05:56:00";"31";"com v�tima";"138,52";"BR-393/RJ";"Norte";"Colis�o Frontal";0;0;0;0;2;0;0;0;0;0;0;10;0;1;0
"12/04/2012";"11:09:00";"33";"com v�tima";"145";"BR-393/RJ";"Norte";"Atropelamento - Funcion�rio";1;0;0;0;0;0;0;0;0;0;1;1;0;0;0
"12/04/2012";"11:52:00";"39";"sem v�tima";"206,92";"BR-393/RJ";"Sul";"Saida de Pista";1;0;0;0;0;0;0;0;0;0;5;0;0;0;0
"12/04/2012";"15:24:00";"56";"sem v�tima";"282,365";"BR-393/RJ";"Sul";"Colis�o Lateral";1;0;1;0;0;0;0;0;0;0;2;0;0;0;0
"13/04/2012";"17:10:00";"65";"sem v�tima";"280";"BR-393/RJ";"Norte";"Colis�o Lateral";2;0;0;0;0;0;0;0;0;0;2;0;0;0;0
"14/04/2012";"07:23:00";"9";"com v�tima";"128,62";"BR-393/RJ";"Sul";"Tombamento";0;0;1;0;0;0;0;0;0;0;0;0;1;0;0
"14/04/2012";"13:04:00";"40";"com v�tima";"255,73";"BR-393/RJ";"Norte";"Colis�o Frontal";1;0;0;1;0;0;0;0;0;0;0;1;2;0;0
"15/04/2012";"14:46:00";"38";"com v�tima";"137,69";"BR-393/RJ";"Sul";"Outros";0;0;0;2;0;0;0;0;0;0;0;3;1;0;0
"15/04/2012";"15:47:00";"41";"com v�tima";"189,25";"BR-393/RJ";"Sul";"Saida de Pista";1;0;0;0;0;0;0;0;0;0;0;1;0;0;0
"15/04/2012";"18:23:00";"50";"sem v�tima";"263,864";"BR-393/RJ";"Sul";"Saida de Pista";1;0;0;0;0;0;0;0;0;0;2;0;0;0;0
"15/04/2012";"19:32:00";"54";"com v�tima";"223,296";"BR-393/RJ";"Sul";"Outros - Sequ�ncia";0;0;3;0;0;0;0;0;0;0;0;3;0;0;0
"15/04/2012";"20:10:00";"56";"sem v�tima";"244,327";"BR-393/RJ";"Sul";"Choque - Defensa, barreira ou "submarino"";1;0;0;0;0;0;0;0;0;0;1;0;0;0;0
"16/04/2012";"09:29:00";"15";"com v�tima";"238,525";"BR-393/RJ";"Sul";"Colis�o Traseira";0;0;2;0;0;0;0;0;0;0;2;3;0;0;0
"17/04/2012";"16:11:00";"44";"com v�tima";"122,13";"BR-393/RJ";"Sul";"Capotamento";1;0;0;0;0;0;0;0;0;0;0;1;0;0;0
"18/04/2012";"09:21:00";"21";"com v�tima";"182,44";"BR-393/RJ";"Norte";"Colis�o Lateral";1;0;1;0;0;0;0;0;0;0;4;1;0;0;0
"18/04/2012";"21:19:00";"86";"sem v�tima";"284,98";"BR-393/RJ";"Norte";"Engavetamento";3;0;0;0;0;0;0;0;0;0;3;0;0;0;0
"19/04/2012";"07:29:00";"17";"sem v�tima";"229,75";"BR-393/RJ";"Norte";"Colis�o Lateral";0;0;2;0;0;0;0;0;0;0;2;0;0;0;0
"19/04/2012";"08:48:00";"20";"com v�tima";"117,79";"BR-393/RJ";"Sul";"Saida de Pista";1;0;0;0;0;0;0;0;0;0;0;1;1;1;0
"19/04/2012";"18:37:00";"71";"com v�tima";"160,726";"BR-393/RJ";"Norte";"Choque - Outros";1;0;0;0;0;0;0;0;0;0;0;1;0;0;0