fdata;horario;n_da_ocorrencia;tipo_de_ocorrencia;km;trecho;sentido;tipo_de_acidente;automovel;bicicleta;caminhao;moto;onibus;outros;tracao_animal;transporte_de_cargas_especiais;trator_maquinas;utilitarios;ilesos;levemente_feridos;moderadamente_feridos;gravemente_feridos;mortos
"19/04/2012";"22:23:00";"79";"com v�tima";"286";"BR-393/RJ";"Norte";"Colis�o Traseira";1;0;1;0;0;0;0;0;0;0;1;2;0;0;0
"20/04/2012";"10:42:00";"28";"com v�tima";"157";"BR-393/RJ";"Norte";"Tombamento";0;0;1;0;0;0;0;0;0;0;0;1;0;0;0
"20/04/2012";"13:04:00";"38";"com v�tima";"239";"BR-393/RJ";"Norte";"Queda de Moto";0;0;0;1;0;0;0;0;0;0;0;1;0;0;0
"20/04/2012";"18:06:00";"55";"sem v�tima";"271";"BR-393/RJ";"Norte";"Colis�o Traseira";2;0;0;0;0;0;0;0;0;0;2;0;0;0;0
"21/04/2012";"06:15:00";"9";"com v�tima";"125";"BR-393/RJ";"Sul";"Colis�o Traseira";1;0;1;0;0;0;0;0;0;0;1;1;0;0;0
"21/04/2012";"06:43:00";"10";"com v�tima";"284,8";"BR-393/RJ";"Norte";"Choque - Defensa, barreira ou "submarino"";1;0;0;0;0;0;0;0;0;0;0;1;0;0;0
"21/04/2012";"08:43:00";"13";"sem v�tima";"229";"BR-393/RJ";"Norte";"Saida de Pista";1;0;0;0;0;0;0;0;0;0;2;0;0;0;0
"21/04/2012";"09:32:00";"17";"com v�tima";"237";"BR-393/RJ";"Norte";"Colis�o Traseira";1;0;1;0;0;0;0;0;0;0;2;1;0;0;0
"21/04/2012";"21:04:00";"46";"com v�tima";"147";"BR-393/RJ";"Norte";"Capotamento";1;0;0;0;0;0;0;0;0;0;0;1;0;0;0
"22/04/2012";"05:42:00";"3";"sem v�tima";"179";"BR-393/RJ";"Sul";"Choque - Outros";1;0;0;0;0;0;0;0;0;0;1;0;0;0;0
"22/04/2012";"20:58:00";"47";"com v�tima";"242,44";"BR-393/RJ";"Sul";"Queda de Moto";0;0;0;1;0;0;0;0;0;0;0;0;1;0;0
"23/04/2012";"09:37:00";"30";"com v�tima";"272,88";"BR-393/RJ";"Norte";"Colis�o Traseira";1;0;0;1;0;0;0;0;0;0;1;0;1;0;0
"23/04/2012";"15:50:00";"53";"com v�tima";"186,35";"BR-393/RJ";"Norte";"Colis�o Traseira";1;0;0;1;0;0;0;0;0;0;4;2;0;0;0
"23/04/2012";"18:20:00";"61";"com v�tima";"182,328";"BR-393/RJ";"Sul";"Colis�o Traseira";1;0;0;1;0;0;0;0;0;0;1;2;0;0;0
"23/04/2012";"22:47:00";"74";"sem v�tima";"160,88";"BR-393/RJ";"Sul";"Choque - Elemento de Drenagem";1;0;0;0;0;0;0;0;0;0;5;0;0;0;0
"23/04/2012";"22:57:00";"75";"com v�tima";"246,26";"BR-393/RJ";"Sul";"Choque - Talude";0;0;1;0;0;0;0;0;0;0;0;1;0;0;0
"24/04/2012";"04:48:00";"11";"sem v�tima";"265,1";"BR-393/RJ";"Norte";"Colis�o Traseira";0;0;2;0;0;0;0;0;0;0;2;0;0;0;0
"24/04/2012";"17:04:00";"53";"com v�tima";"177,62";"BR-393/RJ";"Norte";"Choque - Outros";1;0;0;0;0;0;0;0;0;0;0;2;0;0;0
"25/04/2012";"04:17:00";"10";"com v�tima";"143,5";"BR-393/RJ";"Norte";"Tombamento";0;0;1;0;0;0;0;0;0;0;0;1;0;0;0
"25/04/2012";"15:38:00";"44";"sem v�tima";"247";"BR-393/RJ";"Norte";"Colis�o Traseira";1;0;1;0;0;0;0;0;0;0;4;0;0;0;0
"25/04/2012";"16:31:00";"46";"sem v�tima";"165,7";"BR-393/RJ";"Norte";"Saida de Pista";0;0;3;0;0;0;0;0;0;0;3;0;0;0;0
"27/04/2012";"02:18:00";"6";"sem v�tima";"151,733";"BR-393/RJ";"Sul";"Abalroamento Mesmo Sentido ";1;0;1;0;0;0;0;0;0;0;4;0;0;0;0
"27/04/2012";"08:22:00";"42";"sem v�tima";"285,48";"BR-393/RJ";"Sul";"Colis�o Lateral";1;0;1;0;0;0;0;0;0;0;3;0;0;0;0
"27/04/2012";"21:34:00";"118";"com v�tima";"141,864";"BR-393/RJ";"Sul";"Atropelamento - Morador";0;0;0;1;0;0;0;0;0;0;0;1;1;0;0
"28/04/2012";"05:25:00";"7";"com v�tima";"238,626";"BR-393/RJ";"Sul";"Colis�o Lateral";1;0;1;0;0;0;0;0;0;0;2;1;0;0;0
"28/04/2012";"09:13:00";"15";"com v�tima";"254,12";"BR-393/RJ";"Norte";"Saida de Pista";1;0;0;0;0;0;0;0;0;0;0;5;0;0;0
"28/04/2012";"09:19:00";"16";"com v�tima";"219,56";"BR-393/RJ";"Norte";"Saida de Pista";1;0;0;0;0;0;0;0;0;0;0;2;0;0;0
"28/04/2012";"14:03:00";"27";"com v�tima";"130,25";"BR-393/RJ";"Norte";"Queda de Moto";0;0;0;1;0;0;0;0;0;0;0;1;0;0;0
"28/04/2012";"22:12:00";"54";"com v�tima";"248,13";"BR-393/RJ";"Sul";"Abalroamento Sentido Oposto";1;0;1;0;0;0;0;0;0;0;1;4;0;0;0
"29/04/2012";"06:50:00";"4";"com v�tima";"243";"BR-393/RJ";"Sul";"Saida de Pista";1;0;0;0;0;0;0;0;0;0;0;1;0;0;0
"01/05/2012";"00:50:00";"7";"sem v�tima";"264,95";"BR-393/RJ";"Sul";"Colis�o Traseira";1;0;0;0;1;0;0;0;0;0;2;0;0;0;0
"01/05/2012";"04:56:00";"42";"com v�tima";"104,2";"BR-393/RJ";"Sul";"Colis�o Frontal";1;0;0;1;0;0;0;0;0;0;2;0;1;0;0
"01/05/2012";"15:33:00";"83";"sem v�tima";"166,08";"BR-393/RJ";"Sul";"Colis�o Traseira";2;0;0;0;0;0;0;0;0;0;5;0;0;0;0
"01/05/2012";"19:30:00";"107";"com v�tima";"279,27";"BR-393/RJ";"Sul";"Colis�o Traseira";2;0;0;0;0;0;0;0;0;0;3;1;0;0;0
"02/05/2012";"08:07:00";"18";"sem v�tima";"218,37";"BR-393/RJ";"Norte";"Colis�o Traseira";1;0;0;0;0;0;0;0;0;1;2;0;0;0;0
"02/05/2012";"08:30:00";"19";"com v�tima";"136,08";"BR-393/RJ";"Norte";"Colis�o Traseira";2;0;0;0;0;0;0;0;0;0;0;5;0;0;0
"02/05/2012";"17:01:00";"44";"com v�tima";"116,715";"BR-393/RJ";"Norte";"Colis�o Traseira";2;0;0;0;0;0;0;0;0;0;3;3;0;0;0
"03/05/2012";"13:20:00";"39";"com v�tima";"282,12";"BR-393/RJ";"Norte";"Colis�o Transversal";2;0;0;0;0;0;0;0;0;0;1;2;0;0;0
"03/05/2012";"18:43:00";"58";"com v�tima";"286";"BR-393/RJ";"Sul";"Engavetamento";3;0;1;0;0;0;0;0;0;0;0;5;0;0;0
"04/05/2012";"05:31:00";"7";"com v�tima";"145,68";"BR-393/RJ";"Norte";"Tombamento";0;0;1;0;0;0;0;0;0;0;0;0;1;0;0
"04/05/2012";"21:48:00";"98";"sem v�tima";"181,51";"BR-393/RJ";"Norte";"Engavetamento";2;0;0;0;0;0;0;0;0;1;3;0;0;0;0
"04/05/2012";"21:48:00";"96";"com v�tima";"181,51";"BR-393/RJ";"Sul";"Queda de Moto";0;0;0;1;0;0;0;0;0;0;0;1;0;0;0
"04/05/2012";"23:40:00";"100";"sem v�tima";"286,1";"BR-393/RJ";"Sul";"Engavetamento";3;0;0;0;0;0;0;0;0;0;3;0;0;0;0
"05/05/2012";"05:38:00";"10";"sem v�tima";"125,86";"BR-393/RJ";"Norte";"Abalroamento Mesmo Sentido ";1;0;1;0;0;0;0;0;0;0;2;0;0;0;0
"05/05/2012";"10:05:00";"39";"sem v�tima";"284";"BR-393/RJ";"Sul";"Colis�o Lateral";1;0;1;0;0;0;0;0;0;0;2;0;0;0;0
"05/05/2012";"11:33:00";"51";"com v�tima";"105,4";"BR-393/RJ";"Sul";"Saida de Pista";1;0;0;0;0;0;0;0;0;0;0;2;0;0;0
"05/05/2012";"14:09:00";"54";"sem v�tima";"104,64";"BR-393/RJ";"Norte";"Colis�o Traseira";1;0;1;0;0;0;0;0;0;0;2;0;0;0;0
"06/05/2012";"02:00:00";"5";"com v�tima";"217,639";"BR-393/RJ";"Norte";"Queda de Moto";0;0;0;1;0;0;0;0;0;0;0;2;0;0;0
"06/05/2012";"03:21:00";"8";"com v�tima";"128,09";"BR-393/RJ";"Sul";"Capotamento";0;0;0;0;0;0;0;0;0;1;0;0;1;0;0
"06/05/2012";"11:53:00";"20";"com v�tima";"181,19";"BR-393/RJ";"Norte";"Saida de Pista";0;0;1;0;0;0;0;0;0;0;0;1;0;0;0
"06/05/2012";"14:23:00";"26";"com v�tima";"284,49";"BR-393/RJ";"Norte";"Atropelamento - Usu�rio";1;0;1;0;0;0;0;0;0;0;0;1;1;0;0
"06/05/2012";"14:58:00";"28";"com v�tima";"178,25";"BR-393/RJ";"Norte";"Atropelamento - Usu�rio";1;0;0;0;0;0;0;0;0;0;1;0;1;0;0
"06/05/2012";"16:58:00";"35";"sem v�tima";"283,51";"BR-393/RJ";"Sul";"Colis�o Lateral";1;0;1;0;0;0;0;0;0;0;2;0;0;0;0
"07/05/2012";"12:34:00";"47";"com v�tima";"182,42";"BR-393/RJ";"Norte";"Colis�o Transversal";1;0;0;0;0;0;0;0;0;1;2;2;0;0;0
"08/05/2012";"08:03:00";"12";"sem v�tima";"130,96";"BR-393/RJ";"Norte";"Colis�o Lateral";0;0;2;0;0;0;0;0;0;0;2;0;0;0;0
"08/05/2012";"12:56:00";"48";"com v�tima";"284,38";"BR-393/RJ";"Sul";"Colis�o Frontal";2;0;0;0;0;0;0;0;0;0;1;1;0;0;0
"08/05/2012";"15:02:00";"62";"com v�tima";"175,77";"BR-393/RJ";"Norte";"Outros - Sequ�ncia";1;0;0;1;0;0;0;0;0;0;1;1;1;0;0
"08/05/2012";"15:44:00";"65";"com v�tima";"179,187";"BR-393/RJ";"Sul";"Saida de Pista";1;0;0;0;0;0;0;0;0;0;0;2;0;0;0
"10/05/2012";"15:16:00";"52";"com v�tima";"177,75";"BR-393/RJ";"Norte";"Colis�o Traseira";1;0;1;0;0;0;0;0;0;0;2;1;0;0;0
"10/05/2012";"19:08:00";"61";"com v�tima";"285,5";"BR-393/RJ";"Sul";"Colis�o Lateral";1;0;1;0;0;0;0;0;0;0;1;1;0;0;0
"10/05/2012";"23:11:00";"65";"sem v�tima";"265,16";"BR-393/RJ";"Sul";"Colis�o Traseira";0;0;2;0;0;0;0;0;0;0;2;0;0;0;0
"11/05/2012";"05:59:00";"5";"com v�tima";"271,538";"BR-393/RJ";"Norte";"Outros - Sequ�ncia";2;0;1;0;0;0;0;0;0;0;2;5;0;0;0
"11/05/2012";"08:05:00";"9";"com v�tima";"271,538";"BR-393/RJ";"Norte";"Colis�o Traseira";1;0;0;1;0;0;0;0;0;0;1;1;0;0;0
"11/05/2012";"08:53:00";"11";"com v�tima";"132,5";"BR-393/RJ";"Norte";"Colis�o Traseira";0;0;1;0;1;0;0;0;0;0;0;2;0;0;0
"11/05/2012";"21:47:00";"67";"sem v�tima";"152";"BR-393/RJ";"Sul";"Colis�o Traseira";0;0;2;0;0;0;0;0;0;0;2;0;0;0;0
"12/05/2012";"00:58:00";"4";"sem v�tima";"1";"Al�a Sul";"Sul";"Choque - Arvore";1;0;0;0;0;0;0;0;0;0;2;0;0;0;0
"12/05/2012";"06:13:00";"11";"com v�tima";"247,113";"BR-393/RJ";"Sul";"Saida de Pista";1;0;0;0;0;0;0;0;0;0;1;3;1;0;0
"12/05/2012";"08:09:00";"21";"com v�tima";"205,9";"BR-393/RJ";"Sul";"Saida de Pista";1;0;0;0;0;0;0;0;0;0;0;1;0;0;0
"12/05/2012";"10:07:00";"45";"com v�tima";"168,315";"BR-393/RJ";"Norte";"Saida de Pista";0;0;0;1;0;0;0;0;0;0;0;0;1;0;0
"12/05/2012";"10:29:00";"49";"com v�tima";"104,828";"BR-393/RJ";"Norte";"Colis�o Frontal";1;0;0;1;0;0;0;0;0;0;0;1;0;1;0
"12/05/2012";"12:29:00";"58";"sem v�tima";"163,25";"BR-393/RJ";"Norte";"Tombamento";0;0;1;0;0;0;0;0;0;0;2;0;0;0;0
"12/05/2012";"12:32:00";"59";"sem v�tima";"102,17";"BR-393/RJ";"Norte";"Colis�o Lateral";1;0;0;1;0;0;0;0;0;0;3;0;0;0;0
"12/05/2012";"18:38:00";"90";"sem v�tima";"279,7";"BR-393/RJ";"Norte";"Choque - Outros";0;0;1;0;0;0;0;0;0;0;1;0;0;0;0
"12/05/2012";"21:52:00";"101";"com v�tima";"286";"BR-393/RJ";"Sul";"Colis�o Traseira";1;0;0;1;0;0;0;0;0;0;1;1;0;0;0
"13/05/2012";"03:19:00";"7";"sem v�tima";"265";"BR-393/RJ";"Sul";"Atropelamento de Animal";1;0;0;0;0;0;0;0;0;0;1;0;0;0;0
"14/05/2012";"05:26:00";"5";"com v�tima";"137,26";"BR-393/RJ";"Norte";"Capotamento";1;0;0;0;0;0;0;0;0;0;0;1;0;0;0
"14/05/2012";"12:41:00";"35";"com v�tima";"128,645";"BR-393/RJ";"Sul";"Saida de Pista";1;0;0;0;0;0;0;0;0;0;0;4;0;0;0
"14/05/2012";"15:22:00";"43";"com v�tima";"285,5";"BR-393/RJ";"Sul";"Colis�o Lateral";2;0;0;0;0;0;0;0;0;0;0;2;0;0;0
"15/05/2012";"10:48:00";"22";"com v�tima";"248,55";"BR-393/RJ";"Sul";"Colis�o Traseira";1;0;1;0;0;0;0;0;0;0;2;2;0;0;0
"15/05/2012";"15:09:00";"35";"com v�tima";"134";"BR-393/RJ";"Sul";"Colis�o Traseira";2;0;0;0;0;0;0;0;0;0;0;3;0;0;0
"16/05/2012";"22:06:00";"113";"sem v�tima";"243,57";"BR-393/RJ";"Norte";"Saida de Pista";0;0;1;0;0;0;0;0;0;0;1;0;0;0;0
"17/05/2012";"14:20:00";"60";"com v�tima";"133,1";"BR-393/RJ";"Norte";"Queda de Moto";0;0;0;1;0;0;0;0;0;0;0;1;0;0;0
"17/05/2012";"18:56:00";"86";"com v�tima";"139,584";"BR-393/RJ";"Norte";"Saida de Pista";1;0;0;0;0;0;0;0;0;0;1;2;0;0;0
"19/05/2012";"14:41:00";"47";"com v�tima";"252,4";"BR-393/RJ";"Sul";"Colis�o Lateral";2;0;0;0;0;0;0;0;0;0;2;1;0;0;0
"19/05/2012";"21:48:00";"59";"com v�tima";"168,77";"BR-393/RJ";"Sul";"Colis�o Lateral";1;0;0;1;0;0;0;0;0;0;1;0;0;1;0
"19/05/2012";"21:48:00";"60";"com v�tima";"283,3";"BR-393/RJ";"Norte";"Colis�o Frontal";1;0;1;0;0;0;0;0;0;0;1;1;0;0;0
"21/05/2012";"13:53:00";"75";"sem v�tima";"283,5";"BR-393/RJ";"Norte";"Colis�o Traseira";2;0;0;0;0;0;0;0;0;0;2;0;0;0;0
"21/05/2012";"14:37:00";"76";"sem v�tima";"239,8";"BR-393/RJ";"Sul";"Colis�o Lateral";2;0;0;0;0;0;0;0;0;0;5;0;0;0;0
"21/05/2012";"15:14:00";"78";"com v�tima";"106";"BR-393/RJ";"Sul";"Colis�o Traseira";2;0;0;0;0;0;0;0;0;0;3;2;0;0;0
"22/05/2012";"06:21:00";"10";"com v�tima";"152,2";"BR-393/RJ";"Norte";"Tombamento";0;0;1;0;0;0;0;0;0;0;0;2;0;0;0
"22/05/2012";"08:24:00";"17";"com v�tima";"155,51";"BR-393/RJ";"Norte";"Saida de Pista";1;0;0;0;0;0;0;0;0;0;0;1;0;0;0
"22/05/2012";"16:06:00";"47";"com v�tima";"3,11";"Al�a Sul";"Sul";"Colis�o Traseira";3;0;0;0;0;0;0;0;0;0;1;2;0;0;0
"23/05/2012";"12:19:00";"34";"com v�tima";"265";"BR-393/RJ";"Norte";"Colis�o Traseira";1;0;1;0;0;0;0;0;0;0;1;1;0;0;0
"24/05/2012";"07:08:00";"10";"com v�tima";"285,5";"BR-393/RJ";"Sul";"Colis�o Traseira";1;0;1;0;0;0;0;0;0;0;1;1;0;0;0
"24/05/2012";"07:14:00";"11";"com v�tima";"2,99";"Al�a Sul";"Sul";"Colis�o Lateral";1;0;0;1;0;0;0;0;0;0;1;1;0;0;0
"24/05/2012";"07:59:00";"20";"com v�tima";"184,49";"BR-393/RJ";"Norte";"Abalroamento Sentido Oposto";0;0;2;0;0;0;0;0;0;0;0;2;0;0;0
"25/05/2012";"02:53:00";"2";"sem v�tima";"108,13";"BR-393/RJ";"Norte";"Colis�o Traseira";0;0;1;0;1;0;0;0;0;0;2;0;0;0;0
"25/05/2012";"05:23:00";"7";"com v�tima";"254,48";"BR-393/RJ";"Sul";"Tombamento";0;0;1;0;0;0;0;0;0;0;0;1;0;0;0
"25/05/2012";"13:27:00";"58";"com v�tima";"235,98";"BR-393/RJ";"Norte";"Colis�o Lateral";0;0;0;1;0;0;0;0;0;1;1;2;0;0;0
"25/05/2012";"17:14:00";"89";"com v�tima";"213,13";"BR-393/RJ";"Norte";"Atropelamento - Morador";0;0;1;0;0;0;0;0;0;0;1;0;0;1;0
"25/05/2012";"17:56:00";"93";"sem v�tima";"173,772";"BR-393/RJ";"Sul";"Choque - Elemento de Drenagem";1;0;0;0;0;0;0;0;0;0;1;0;0;0;0
"26/05/2012";"02:36:00";"12";"com v�tima";"236,84";"BR-393/RJ";"Norte";"Colis�o Traseira";2;0;0;0;0;0;0;0;0;0;0;4;0;0;0
"26/05/2012";"03:59:00";"13";"com v�tima";"167,465";"BR-393/RJ";"Norte";"Queda de Moto";0;0;0;1;0;0;0;0;0;0;0;1;0;0;0
"26/05/2012";"11:06:00";"31";"com v�tima";"202,89";"BR-393/RJ";"Norte";"Capotamento";1;0;0;0;0;0;0;0;0;0;0;2;0;0;0
"26/05/2012";"11:54:00";"34";"sem v�tima";"212,79";"BR-393/RJ";"Sul";"Saida de Pista";1;0;0;0;0;0;0;0;0;0;1;0;0;0;0
"27/05/2012";"02:26:00";"6";"sem v�tima";"224";"BR-393/RJ";"Sul";"Saida de Pista";0;0;1;0;0;0;0;0;0;0;1;0;0;0;0
"27/05/2012";"12:21:00";"20";"sem v�tima";"283,4";"BR-393/RJ";"Norte";"Colis�o Traseira";2;0;0;0;0;0;0;0;0;0;2;0;0;0;0
"27/05/2012";"16:18:00";"31";"com v�tima";"281,5";"BR-393/RJ";"Sul";"Colis�o Lateral";2;0;0;0;0;0;0;0;0;0;1;2;0;0;0
"28/05/2012";"05:28:00";"2";"com v�tima";"1";"Al�a Sul";"Sul";"Atropelamento - Ciclista";1;3;0;0;0;0;0;0;0;0;1;0;3;0;0
"28/05/2012";"11:52:00";"56";"com v�tima";"238";"BR-393/RJ";"Norte";"Queda de Moto";0;0;0;1;0;0;0;0;0;0;0;0;1;0;0
"28/05/2012";"19:02:00";"90";"com v�tima";"282,248";"BR-393/RJ";"Norte";"Atropelamento - Ciclista";0;1;0;0;1;0;0;0;0;0;1;1;0;0;0
"29/05/2012";"09:17:00";"38";"com v�tima";"283";"BR-393/RJ";"Norte";"Engavetamento";3;0;0;0;0;0;0;0;0;0;2;3;0;0;0
"31/05/2012";"08:06:00";"6";"sem v�tima";"285,5";"BR-393/RJ";"Sul";"Abalroamento Mesmo Sentido ";1;0;1;0;0;0;0;0;0;0;2;0;0;0;0
"31/05/2012";"17:46:00";"53";"com v�tima";"283,25";"BR-393/RJ";"Sul";"Colis�o Traseira";2;0;0;0;0;0;0;0;0;0;0;2;0;0;0
"01/06/2012";"03:34:00";"5";"com v�tima";"273,85";"BR-393/RJ";"Sul";"Tombamento";0;0;1;0;0;0;0;0;0;0;0;1;0;0;0
"01/06/2012";"12:09:00";"51";"com v�tima";"276,18";"BR-393/RJ";"Norte";"Colis�o Traseira";1;0;1;0;0;0;0;0;0;0;1;1;0;0;0
"01/06/2012";"15:43:00";"78";"com v�tima";"217,32";"BR-393/RJ";"Norte";"Saida de Pista";1;0;0;0;0;0;0;0;0;0;0;1;0;0;0
"01/06/2012";"16:13:00";"80";"com v�tima";"150,85";"BR-393/RJ";"Norte";"Colis�o Traseira";1;0;1;0;0;0;0;0;0;0;2;2;0;0;0
"01/06/2012";"16:19:00";"81";"com v�tima";"153,68";"BR-393/RJ";"Norte";"Colis�o Traseira";0;0;2;0;0;0;0;0;0;0;1;1;0;0;0
"01/06/2012";"18:21:00";"95";"sem v�tima";"285,57";"BR-393/RJ";"Sul";"Colis�o Transversal";1;0;1;0;0;0;0;0;0;0;2;0;0;0;0
"01/06/2012";"22:25:00";"104";"com v�tima";"105,933";"BR-393/RJ";"Sul";"Colis�o Frontal";1;0;0;1;0;0;0;0;0;0;1;1;0;0;0
"02/06/2012";"01:44:00";"2";"com v�tima";"135,9";"BR-393/RJ";"Norte";"Colis�o Traseira";1;0;0;0;1;0;0;0;0;0;1;0;2;0;0
"02/06/2012";"12:47:00";"47";"com v�tima";"182,37";"BR-393/RJ";"Sul";"Colis�o Lateral";2;0;0;0;0;0;0;0;0;0;1;1;0;0;0
"02/06/2012";"15:06:00";"51";"com v�tima";"286,1";"BR-393/RJ";"Sul";"Colis�o Traseira";2;0;0;0;0;0;0;0;0;0;0;2;0;0;0
"02/06/2012";"15:48:00";"58";"com v�tima";"212,19";"BR-393/RJ";"Sul";"Capotamento";1;0;0;0;0;0;0;0;0;0;3;2;0;0;0
"02/06/2012";"23:27:00";"89";"sem v�tima";"283,08";"BR-393/RJ";"Sul";"Choque - Poste";1;0;0;0;0;0;0;0;0;0;1;0;0;0;0
"03/06/2012";"11:11:00";"19";"com v�tima";"285";"BR-393/RJ";"Norte";"Colis�o Traseira";2;0;0;0;0;0;0;0;0;0;0;5;0;0;0
"03/06/2012";"12:23:00";"20";"com v�tima";"284";"BR-393/RJ";"Sul";"Colis�o Frontal";2;0;1;0;0;0;0;0;0;0;0;7;2;0;0
"03/06/2012";"23:16:00";"51";"com v�tima";"259";"BR-393/RJ";"Norte";"Abalroamento Mesmo Sentido ";1;0;1;0;0;0;0;0;0;0;1;1;0;0;0
"04/06/2012";"05:11:00";"6";"com v�tima";"147,2";"BR-393/RJ";"Norte";"Choque - Talude";0;0;1;0;0;0;0;0;0;0;0;1;0;0;0
"04/06/2012";"07:14:00";"10";"com v�tima";"263,5";"BR-393/RJ";"Sul";"Colis�o Traseira";2;0;0;0;0;0;0;0;0;0;0;2;0;0;0
"04/06/2012";"11:20:00";"30";"com v�tima";"157,27";"BR-393/RJ";"Sul";"Tombamento";0;0;1;0;0;0;0;0;0;0;0;1;0;0;0
"05/06/2012";"09:25:00";"33";"com v�tima";"284,8";"BR-393/RJ";"Sul";"Colis�o Frontal";1;0;1;0;0;0;0;0;0;0;1;1;0;0;0
"05/06/2012";"10:56:00";"48";"com v�tima";"281,7";"BR-393/RJ";"Sul";"Engavetamento";3;0;0;0;0;0;0;0;0;0;3;1;0;0;0
"05/06/2012";"12:23:00";"62";"com v�tima";"252,4";"BR-393/RJ";"Norte";"Outros - Sequ�ncia";2;0;1;0;0;0;0;0;0;0;1;4;0;0;0
"06/06/2012";"10:52:00";"48";"com v�tima";"254,12";"BR-393/RJ";"Sul";"Colis�o Frontal";1;0;1;0;0;0;0;0;0;0;0;1;0;0;1
"06/06/2012";"13:04:00";"57";"sem v�tima";"177,73";"BR-393/RJ";"Norte";"Colis�o Traseira";2;0;0;0;0;0;0;0;0;0;2;0;0;0;0
"06/06/2012";"18:29:00";"79";"com v�tima";"271,9";"BR-393/RJ";"Sul";"Queda de Moto";0;0;0;1;0;0;0;0;0;0;0;1;0;0;0
"06/06/2012";"19:56:00";"83";"sem v�tima";"115";"BR-393/RJ";"Norte";"Abalroamento Mesmo Sentido ";2;0;1;0;0;0;0;0;0;0;3;0;0;0;0
"06/06/2012";"20:03:00";"84";"sem v�tima";"286";"BR-393/RJ";"Sul";"Colis�o Traseira";2;0;0;0;0;0;0;0;0;0;2;0;0;0;0
"07/06/2012";"04:20:00";"17";"com v�tima";"261";"BR-393/RJ";"Norte";"Choque - Talude";1;0;0;0;0;0;0;0;0;0;0;1;0;0;0
"07/06/2012";"04:24:00";"18";"com v�tima";"254";"BR-393/RJ";"Norte";"Colis�o Lateral";1;0;0;1;0;0;0;0;0;0;0;3;1;0;0
"07/06/2012";"11:43:00";"39";"com v�tima";"200";"BR-393/RJ";"Norte";"Choque - Outros";1;0;0;0;0;0;0;0;0;0;0;3;0;0;0
"07/06/2012";"18:56:00";"55";"sem v�tima";"283,6";"BR-393/RJ";"Sul";"Abalroamento Sentido Oposto";1;0;1;0;0;0;0;0;0;0;2;0;0;0;0
"08/06/2012";"10:56:00";"28";"com v�tima";"274";"BR-393/RJ";"Norte";"Tombamento";0;0;1;0;0;0;0;0;0;0;0;2;0;0;0
"09/06/2012";"08:07:00";"24";"com v�tima";"151,53";"BR-393/RJ";"Norte";"Colis�o Traseira";1;0;1;0;0;0;0;0;0;0;1;4;0;0;0
"09/06/2012";"17:47:00";"60";"com v�tima";"280,6";"BR-393/RJ";"Norte";"Atropelamento - Outros";0;0;1;0;0;0;0;0;0;0;1;0;0;1;0
"10/06/2012";"18:48:00";"75";"com v�tima";"284";"BR-393/RJ";"Sul";"Outros - Sequ�ncia";2;0;0;0;0;0;0;0;0;1;2;1;0;0;0
"11/06/2012";"00:10:00";"1";"com v�tima";"279";"BR-393/RJ";"Sul";"Colis�o Traseira";2;0;0;0;0;0;0;0;0;0;1;1;0;0;0
"11/06/2012";"04:58:00";"9";"com v�tima";"134,9";"BR-393/RJ";"Norte";"Saida de Pista";1;0;0;0;0;0;0;0;0;0;0;1;0;0;0
"11/06/2012";"06:43:00";"12";"com v�tima";"274";"BR-393/RJ";"Sul";"Choque - Defensa, barreira ou "submarino"";1;0;0;0;0;0;0;0;0;0;0;1;0;0;0
"11/06/2012";"14:20:00";"44";"com v�tima";"208";"BR-393/RJ";"Norte";"Saida de Pista";1;0;0;0;0;0;0;0;0;0;0;4;0;0;0
"12/06/2012";"02:54:00";"6";"com v�tima";"2";"Al�a Sul";"Norte";"Atropelamento de Animal";1;0;0;0;0;0;0;0;0;0;0;1;0;0;0
"12/06/2012";"19:20:00";"51";"sem v�tima";"238,5";"BR-393/RJ";"Sul";"Colis�o Frontal";2;0;0;0;0;0;0;0;0;0;2;0;0;0;0
"13/06/2012";"10:15:00";"35";"sem v�tima";"195,08";"BR-393/RJ";"Sul";"Colis�o Traseira";0;0;2;0;0;0;0;0;0;0;2;0;0;0;0
"13/06/2012";"12:37:00";"52";"sem v�tima";"280,5";"BR-393/RJ";"Norte";"Colis�o Lateral";2;0;0;0;0;0;0;0;0;0;2;0;0;0;0
"13/06/2012";"16:31:00";"76";"com v�tima";"177,75";"BR-393/RJ";"Sul";"Colis�o Traseira";1;0;0;0;0;0;0;0;0;1;0;5;0;0;0
"13/06/2012";"17:50:00";"81";"com v�tima";"284,7";"BR-393/RJ";"Norte";"Engavetamento";3;0;1;0;0;0;0;0;0;0;0;6;0;0;0
"14/06/2012";"08:32:00";"35";"sem v�tima";"265,1";"BR-393/RJ";"Sul";"Abalroamento Mesmo Sentido ";2;0;0;0;0;0;0;0;0;0;2;0;0;0;0
"15/06/2012";"04:34:00";"11";"sem v�tima";"254,42";"BR-393/RJ";"Sul";"Saida de Pista";0;0;1;0;0;0;0;0;0;0;1;0;0;0;0
"15/06/2012";"23:07:00";"69";"com v�tima";"175,28";"BR-393/RJ";"Sul";"Atropelamento de Animal";1;0;0;0;0;0;0;0;0;0;0;1;0;0;0
"15/06/2012";"23:35:00";"70";"com v�tima";"286";"BR-393/RJ";"Norte";"Abalroamento Mesmo Sentido ";1;0;0;0;1;0;0;0;0;0;1;1;0;0;0
"16/06/2012";"10:07:00";"16";"sem v�tima";"265";"BR-393/RJ";"Norte";"Colis�o Traseira";1;0;1;0;0;0;0;0;0;0;2;0;0;0;0
"16/06/2012";"10:37:00";"19";"sem v�tima";"285,4";"BR-393/RJ";"Norte";"Colis�o Lateral";2;0;0;0;0;0;0;0;0;0;6;0;0;0;0
"16/06/2012";"15:49:00";"37";"sem v�tima";"230,04";"BR-393/RJ";"Sul";"Choque - Defensa, barreira ou "submarino"";1;0;0;0;0;0;0;0;0;0;2;0;0;0;0