fdata;horario;n_da_ocorrencia;tipo_de_ocorrencia;km;trecho;sentido;tipo_de_acidente;automovel;bicicleta;caminhao;moto;onibus;outros;tracao_animal;transporte_de_cargas_especiais;trator_maquinas;utilitarios;ilesos;levemente_feridos;moderadamente_feridos;gravemente_feridos;mortos
"16/06/2012";"16:12:00";"39";"sem v�tima";"141,13";"BR-393/RJ";"Norte";"Colis�o Lateral";2;0;0;0;0;0;0;0;0;0;2;0;0;0;0
"16/06/2012";"20:09:00";"49";"com v�tima";"1,55";"Al�a Sul";"Sul";"Atropelamento de Animal";1;0;0;0;0;0;0;0;0;0;1;0;1;0;0
"17/06/2012";"06:56:00";"11";"com v�tima";"286,4";"BR-393/RJ";"Norte";"Colis�o Traseira";2;0;0;0;0;0;0;0;0;0;1;1;0;0;0
"17/06/2012";"13:26:00";"43";"com v�tima";"280,17";"BR-393/RJ";"Norte";"Colis�o Traseira";2;0;0;0;0;0;0;0;0;0;1;1;0;0;0
"17/06/2012";"22:58:00";"92";"sem v�tima";"201,561";"BR-393/RJ";"Norte";"Colis�o Lateral";1;0;1;0;0;0;0;0;0;0;2;0;0;0;0
"18/06/2012";"07:39:00";"14";"com v�tima";"258";"BR-393/RJ";"Norte";"Colis�o Frontal";2;0;0;0;0;0;0;0;0;0;1;3;0;0;0
"19/06/2012";"17:39:00";"81";"com v�tima";"164,66";"BR-393/RJ";"Norte";"Tombamento";0;0;1;0;0;0;0;0;0;0;0;1;0;0;0
"19/06/2012";"18:30:00";"83";"sem v�tima";"266";"BR-393/RJ";"Norte";"Outros - Sequ�ncia";1;0;1;0;0;0;0;0;0;0;2;0;0;0;0
"19/06/2012";"19:23:00";"90";"sem v�tima";"265";"BR-393/RJ";"Sul";"Colis�o Traseira";1;0;1;0;0;0;0;0;0;0;2;0;0;0;0
"20/06/2012";"03:55:00";"6";"com v�tima";"172,6";"BR-393/RJ";"Norte";"Atropelamento de Animal";0;0;1;0;0;0;0;0;0;0;0;1;0;0;0
"20/06/2012";"07:16:00";"11";"com v�tima";"285,5";"BR-393/RJ";"Norte";"Colis�o Traseira";1;0;1;0;0;0;0;0;0;0;1;1;0;0;0
"20/06/2012";"10:59:00";"33";"com v�tima";"255,6";"BR-393/RJ";"Norte";"Colis�o Lateral";1;0;0;1;0;0;0;0;0;0;1;2;0;0;0
"20/06/2012";"14:35:00";"47";"sem v�tima";"176,75";"BR-393/RJ";"Sul";"Colis�o Traseira";1;0;1;0;0;0;0;0;0;0;2;0;0;0;0
"20/06/2012";"19:43:00";"63";"com v�tima";"285,5";"BR-393/RJ";"Sul";"Colis�o Traseira";2;0;0;0;0;0;0;0;0;0;1;1;0;0;0
"20/06/2012";"23:02:00";"72";"com v�tima";"177,8";"BR-393/RJ";"Sul";"Colis�o Traseira";0;0;1;1;0;0;0;0;0;0;1;0;1;0;0
"21/06/2012";"01:44:00";"2";"com v�tima";"254,11";"BR-393/RJ";"Norte";"Saida de Pista";1;0;0;0;0;0;0;0;0;0;0;1;0;0;0
"21/06/2012";"07:10:00";"14";"sem v�tima";"264,74";"BR-393/RJ";"Sul";"Saida de Pista";1;0;0;0;0;0;0;0;0;0;3;0;0;0;0
"21/06/2012";"08:54:00";"29";"com v�tima";"122,96";"BR-393/RJ";"Norte";"Choque - Elemento de Drenagem";1;0;0;0;0;0;0;0;0;0;0;2;0;0;0
"21/06/2012";"10:44:00";"44";"com v�tima";"264,15";"BR-393/RJ";"Sul";"Tombamento";0;0;1;0;0;0;0;0;0;0;0;1;0;0;0
"21/06/2012";"11:58:00";"50";"sem v�tima";"142,13";"BR-393/RJ";"Norte";"Colis�o Traseira";2;0;0;0;0;0;0;0;0;0;4;0;0;0;0
"21/06/2012";"23:08:00";"100";"com v�tima";"176,75";"BR-393/RJ";"Sul";"Queda de Bicicleta";0;1;0;0;0;0;0;0;0;0;0;1;0;0;0
"22/06/2012";"05:44:00";"27";"sem v�tima";"277,6";"BR-393/RJ";"Sul";"Saida de Pista";0;0;1;0;0;0;0;0;0;0;1;0;0;0;0
"22/06/2012";"07:46:00";"33";"sem v�tima";"285";"BR-393/RJ";"Sul";"Colis�o Lateral";1;0;1;0;0;0;0;0;0;0;2;0;0;0;0
"22/06/2012";"07:55:00";"35";"com v�tima";"157";"BR-393/RJ";"Sul";"Tombamento";0;0;1;0;0;0;0;0;0;0;0;0;1;0;0
"22/06/2012";"17:31:00";"135";"com v�tima";"283";"BR-393/RJ";"Norte";"Colis�o Lateral";2;0;0;0;0;0;0;0;0;0;0;2;0;0;0
"22/06/2012";"18:04:00";"138";"com v�tima";"264,7";"BR-393/RJ";"Norte";"Colis�o Traseira";0;0;0;0;1;0;0;0;0;1;0;3;0;0;0
"23/06/2012";"19:58:00";"44";"com v�tima";"211,5";"BR-393/RJ";"Sul";"Abalroamento Mesmo Sentido ";1;0;1;0;0;0;0;0;0;0;1;1;0;0;0
"23/06/2012";"22:01:00";"50";"sem v�tima";"194";"BR-393/RJ";"Sul";"Colis�o Traseira";0;0;2;0;0;0;0;0;0;0;2;0;0;0;0
"24/06/2012";"01:11:00";"4";"com v�tima";"233,9";"BR-393/RJ";"Sul";"Queda de Moto";0;0;0;1;0;0;0;0;0;0;0;1;0;0;0
"25/06/2012";"15:32:00";"73";"com v�tima";"266,85";"BR-393/RJ";"Sul";"Saida de Pista";0;0;1;0;0;0;0;0;0;0;0;1;0;0;0
"25/06/2012";"16:48:00";"78";"com v�tima";"114,97";"BR-393/RJ";"Norte";"Tombamento";0;0;1;0;0;0;0;0;0;0;0;0;1;0;0
"25/06/2012";"17:37:00";"82";"com v�tima";"281,8";"BR-393/RJ";"Sul";"Atropelamento - Ciclista";1;1;0;0;0;0;0;0;0;0;1;0;1;0;0
"26/06/2012";"06:27:00";"4";"sem v�tima";"194,53";"BR-393/RJ";"Sul";"Choque - Poste";0;0;1;0;0;0;0;0;0;0;2;0;0;0;0
"26/06/2012";"17:05:00";"65";"com v�tima";"171,47";"BR-393/RJ";"Sul";"Colis�o Lateral";1;0;1;0;0;0;0;0;0;0;1;1;0;0;0
"26/06/2012";"18:17:00";"68";"com v�tima";"232,1";"BR-393/RJ";"Sul";"Abalroamento Mesmo Sentido ";1;0;1;0;0;0;0;0;0;0;3;1;0;0;0
"27/06/2012";"10:29:00";"40";"com v�tima";"258,75";"BR-393/RJ";"Norte";"Colis�o Traseira";0;0;2;0;0;0;0;0;0;0;0;3;0;0;0
"27/06/2012";"22:25:00";"85";"com v�tima";"251,38";"BR-393/RJ";"Norte";"Outros - Sequ�ncia";4;0;0;0;0;0;0;0;0;0;2;3;2;0;0
"27/06/2012";"22:48:00";"88";"sem v�tima";"251,4";"BR-393/RJ";"Norte";"Colis�o Traseira";2;0;0;0;0;0;0;0;0;0;2;0;0;0;0
"28/06/2012";"17:42:00";"58";"com v�tima";"191,16";"BR-393/RJ";"Norte";"Saida de Pista";1;0;0;0;0;0;0;0;0;0;0;1;0;0;0
"29/06/2012";"04:06:00";"10";"com v�tima";"181,5";"BR-393/RJ";"Norte";"Queda de Moto";0;0;0;1;0;0;0;0;0;0;0;0;2;0;0
"29/06/2012";"07:25:00";"21";"sem v�tima";"265,11";"BR-393/RJ";"Norte";"Colis�o Traseira";2;0;0;0;0;0;0;0;0;0;5;0;0;0;0
"29/06/2012";"07:33:00";"27";"com v�tima";"279,77";"BR-393/RJ";"Sul";"Colis�o Traseira";1;0;0;0;0;0;0;0;0;1;2;1;0;0;0
"29/06/2012";"09:53:00";"54";"sem v�tima";"254,15";"BR-393/RJ";"Sul";"Abalroamento Mesmo Sentido ";0;0;2;0;0;0;0;0;0;0;2;0;0;0;0
"29/06/2012";"14:11:00";"95";"com v�tima";"281,8";"BR-393/RJ";"Norte";"Engavetamento";3;0;0;0;0;0;0;0;0;0;3;1;0;0;0
"29/06/2012";"19:09:00";"125";"com v�tima";"255,754";"BR-393/RJ";"Norte";"Colis�o Lateral";2;0;0;0;0;0;0;0;0;0;1;2;0;0;0
"30/06/2012";"08:00:00";"19";"sem v�tima";"125,77";"BR-393/RJ";"Norte";"Colis�o Traseira";2;0;0;0;0;0;0;0;0;0;2;0;0;0;0
"30/06/2012";"09:59:00";"53";"com v�tima";"1";"Al�a Sul";"Norte";"Outros";0;0;1;0;0;0;0;0;0;0;1;2;0;0;0
"30/06/2012";"10:30:00";"54";"sem v�tima";"178,35";"BR-393/RJ";"Norte";"Colis�o Traseira";2;0;0;0;0;0;0;0;0;0;2;0;0;0;0
"30/06/2012";"15:53:00";"103";"sem v�tima";"284,2";"BR-393/RJ";"Norte";"Colis�o Traseira";2;0;0;0;0;0;0;0;0;0;2;0;0;0;0
"30/06/2012";"17:16:00";"116";"com v�tima";"268,3";"BR-393/RJ";"Sul";"Atropelamento - Morador";1;0;0;0;0;0;0;0;0;0;1;0;0;1;0
"30/06/2012";"19:28:00";"128";"com v�tima";"281,09";"BR-393/RJ";"Norte";"Colis�o Transversal";1;0;0;1;0;0;0;0;0;0;1;1;0;0;0
"30/06/2012";"19:32:00";"129";"com v�tima";"269,03";"BR-393/RJ";"Norte";"Abalroamento Sentido Oposto";2;0;0;0;0;0;0;0;0;0;0;4;0;0;0
"30/06/2012";"22:10:00";"136";"sem v�tima";"281";"BR-393/RJ";"Sul";"Abalroamento Mesmo Sentido ";1;0;1;0;0;0;0;0;0;0;2;0;0;0;0
"01/07/2012";"06:30:00";"12";"com v�tima";"281";"BR-393/RJ";"Norte";"Colis�o Traseira";2;0;0;0;0;0;0;0;0;0;1;1;0;0;0
"01/07/2012";"09:17:00";"15";"com v�tima";"125";"BR-393/RJ";"Norte";"Colis�o Traseira";1;0;1;0;0;0;0;0;0;0;1;1;0;0;0
"02/07/2012";"06:45:00";"17";"com v�tima";"205,35";"BR-393/RJ";"Sul";"Colis�o Lateral";1;0;0;0;1;0;0;0;0;0;0;1;3;3;0
"02/07/2012";"07:04:00";"20";"com v�tima";"218";"BR-393/RJ";"Norte";"Engavetamento";1;0;1;0;1;0;0;0;0;0;1;16;0;3;0
"02/07/2012";"07:17:00";"21";"sem v�tima";"220";"BR-393/RJ";"Norte";"Saida de Pista";0;0;0;0;0;0;0;0;0;1;3;0;0;0;0
"02/07/2012";"17:26:00";"59";"sem v�tima";"232";"BR-393/RJ";"Sul";"Saida de Pista";1;0;0;0;0;0;0;0;0;0;1;0;0;0;0
"02/07/2012";"21:21:00";"84";"com v�tima";"268,05";"BR-393/RJ";"Norte";"Queda de Moto";0;0;0;1;0;0;0;0;0;0;0;1;0;0;0
"03/07/2012";"12:18:00";"54";"com v�tima";"153,54";"BR-393/RJ";"Norte";"Abalroamento Mesmo Sentido ";1;0;1;0;0;0;0;0;0;0;1;5;0;0;0
"03/07/2012";"13:21:00";"56";"com v�tima";"202,15";"BR-393/RJ";"Norte";"Tombamento";0;0;1;0;0;0;0;0;0;0;0;1;0;0;0
"03/07/2012";"17:10:00";"82";"sem v�tima";"255,7";"BR-393/RJ";"Norte";"Colis�o Traseira";1;0;1;0;0;0;0;0;0;0;2;0;0;0;0
"04/07/2012";"01:28:00";"3";"sem v�tima";"257,935";"BR-393/RJ";"Sul";"Choque - Defensa, barreira ou "submarino"";1;0;0;0;0;0;0;0;0;0;1;0;0;0;0
"04/07/2012";"08:15:00";"30";"com v�tima";"204,1";"BR-393/RJ";"Norte";"Abalroamento Mesmo Sentido ";0;0;1;1;0;0;0;0;0;0;1;1;0;0;0
"04/07/2012";"16:53:00";"95";"com v�tima";"281,48";"BR-393/RJ";"Sul";"Colis�o Traseira";1;0;0;1;0;0;0;0;0;0;1;2;0;0;0
"04/07/2012";"20:03:00";"116";"com v�tima";"274,15";"BR-393/RJ";"Sul";"Tombamento";0;0;1;0;0;0;0;0;0;0;0;1;0;0;0
"05/07/2012";"03:03:00";"5";"com v�tima";"277,202";"BR-393/RJ";"Norte";"Choque - Talude";1;0;0;0;0;0;0;0;0;0;0;0;2;0;0
"05/07/2012";"06:12:00";"7";"com v�tima";"241";"BR-393/RJ";"Sul";"Queda de Moto";0;0;0;1;0;0;0;0;0;0;0;1;0;0;0
"05/07/2012";"08:47:00";"20";"sem v�tima";"252,26";"BR-393/RJ";"Sul";"Colis�o Traseira";2;0;0;0;0;0;0;0;0;0;7;0;0;0;0
"05/07/2012";"13:18:00";"43";"com v�tima";"146";"BR-393/RJ";"Sul";"Saida de Pista";1;0;0;0;0;0;0;0;0;0;0;1;0;0;0
"06/07/2012";"11:40:00";"37";"com v�tima";"147,208";"BR-393/RJ";"Norte";"Tombamento";0;0;1;0;0;0;0;0;0;0;0;2;0;0;0
"06/07/2012";"11:53:00";"38";"com v�tima";"130,5";"BR-393/RJ";"Norte";"Tombamento";0;0;1;0;0;0;0;0;0;0;0;0;3;0;0
"06/07/2012";"12:58:00";"41";"com v�tima";"280,16";"BR-393/RJ";"Norte";"Engavetamento";3;0;0;0;0;0;0;0;0;0;0;3;0;0;0
"06/07/2012";"15:04:00";"46";"sem v�tima";"284";"BR-393/RJ";"Sul";"Colis�o Traseira";2;0;0;0;0;0;0;0;0;0;2;0;0;0;0
"06/07/2012";"16:10:00";"55";"com v�tima";"236";"BR-393/RJ";"Sul";"Colis�o Transversal";1;0;0;1;0;0;0;0;0;0;1;0;1;0;0
"07/07/2012";"14:46:00";"56";"sem v�tima";"252";"BR-393/RJ";"Sul";"Colis�o Traseira";2;0;0;0;0;0;0;0;0;0;2;0;0;0;0
"07/07/2012";"14:58:00";"57";"sem v�tima";"169";"BR-393/RJ";"Sul";"Colis�o Frontal";2;0;0;0;0;0;0;0;0;0;5;0;0;0;0
"07/07/2012";"15:36:00";"60";"com v�tima";"255";"BR-393/RJ";"Sul";"Colis�o Traseira";2;0;0;0;0;0;0;0;0;0;2;2;0;0;0
"07/07/2012";"18:31:00";"69";"sem v�tima";"277,563";"BR-393/RJ";"Norte";"Colis�o Lateral";2;0;0;0;0;0;0;0;0;0;2;0;0;0;0
"07/07/2012";"22:16:00";"80";"com v�tima";"282";"BR-393/RJ";"Norte";"Colis�o Lateral";0;1;0;1;0;0;0;0;0;0;1;1;0;0;0
"08/07/2012";"03:42:00";"13";"com v�tima";"132,361";"BR-393/RJ";"Norte";"Choque - Outros";1;0;0;0;0;0;0;0;0;0;0;1;0;0;0
"08/07/2012";"17:19:00";"88";"com v�tima";"187";"BR-393/RJ";"Norte";"Abalroamento Sentido Oposto";1;0;0;1;0;0;0;0;0;0;4;1;0;0;0
"08/07/2012";"19:38:00";"95";"com v�tima";"238,524";"BR-393/RJ";"Norte";"Atropelamento - Morador";1;0;0;0;0;0;0;0;0;0;2;0;0;1;0
"09/07/2012";"08:51:00";"16";"com v�tima";"201,5";"BR-393/RJ";"Norte";"Queda de Moto";0;0;0;1;0;0;0;0;0;0;0;1;0;0;0
"09/07/2012";"09:32:00";"17";"com v�tima";"285";"BR-393/RJ";"Norte";"Colis�o Transversal";1;0;1;0;0;0;0;0;0;0;1;1;0;0;0
"09/07/2012";"16:16:00";"40";"com v�tima";"286";"BR-393/RJ";"Norte";"Colis�o Transversal";1;0;0;1;0;0;0;0;0;0;2;0;1;0;0
"09/07/2012";"20:08:00";"50";"sem v�tima";"280";"BR-393/RJ";"Norte";"Colis�o Traseira";2;0;0;0;0;0;0;0;0;0;3;0;0;0;0
"10/07/2012";"08:02:00";"12";"com v�tima";"235";"BR-393/RJ";"Norte";"Abalroamento Mesmo Sentido ";1;0;1;0;0;0;0;0;0;0;1;1;0;0;0
"10/07/2012";"11:27:00";"38";"sem v�tima";"110";"BR-393/RJ";"Sul";"Saida de Pista";1;0;0;0;0;0;0;0;0;0;1;0;0;0;0
"10/07/2012";"13:01:00";"47";"com v�tima";"265";"BR-393/RJ";"Sul";"Engavetamento";3;0;0;0;0;0;0;0;0;0;1;4;0;0;0
"10/07/2012";"16:02:00";"63";"sem v�tima";"283";"BR-393/RJ";"Norte";"Colis�o Lateral";1;0;0;0;0;0;0;0;0;1;2;0;0;0;0
"10/07/2012";"18:00:00";"72";"com v�tima";"285,2";"BR-393/RJ";"Norte";"Colis�o Lateral";0;0;1;1;0;0;0;0;0;0;1;0;2;0;0
"10/07/2012";"20:48:00";"85";"sem v�tima";"254,4";"BR-393/RJ";"Norte";"Saida de Pista";1;0;0;0;0;0;0;0;0;0;3;0;0;0;0
"11/07/2012";"09:04:00";"33";"sem v�tima";"257,12";"BR-393/RJ";"Sul";"Colis�o Traseira";2;0;0;0;0;0;0;0;0;0;2;0;0;0;0
"11/07/2012";"16:00:00";"86";"sem v�tima";"173,92";"BR-393/RJ";"Sul";"Atropelamento de Animal";1;0;0;0;0;0;0;0;0;0;1;0;0;0;0
"12/07/2012";"21:14:00";"103";"sem v�tima";"135,73";"BR-393/RJ";"Sul";"Engavetamento";3;0;0;0;0;0;0;0;0;0;12;0;0;0;0
"13/07/2012";"06:36:00";"13";"com v�tima";"236,54";"BR-393/RJ";"Sul";"Colis�o Traseira";1;0;1;0;0;0;0;0;0;0;3;3;0;0;0
"13/07/2012";"10:53:00";"49";"com v�tima";"131,2";"BR-393/RJ";"Sul";"Tombamento";0;0;1;0;0;0;0;0;0;0;0;1;0;0;0
"13/07/2012";"19:02:00";"88";"sem v�tima";"111,97";"BR-393/RJ";"Sul";"Atropelamento de Animal";1;0;0;0;0;0;0;0;0;0;1;0;0;0;0
"13/07/2012";"19:52:00";"92";"sem v�tima";"119,82";"BR-393/RJ";"Norte";"Atropelamento de Animal";1;0;0;0;0;0;0;0;0;0;1;0;0;0;0
"14/07/2012";"21:09:00";"75";"sem v�tima";"265";"BR-393/RJ";"Norte";"Colis�o Traseira";1;0;0;0;1;0;0;0;0;0;2;0;0;0;0
"15/07/2012";"18:13:00";"72";"sem v�tima";"143,5";"BR-393/RJ";"Norte";"Choque - Defensa, barreira ou "submarino"";1;0;0;0;0;0;0;0;0;0;1;0;0;0;0
"15/07/2012";"18:40:00";"74";"sem v�tima";"265,12";"BR-393/RJ";"Norte";"Colis�o Traseira";2;0;0;0;0;0;0;0;0;0;2;0;0;0;0
"15/07/2012";"22:53:00";"87";"sem v�tima";"259,939";"BR-393/RJ";"Norte";"Saida de Pista";1;0;0;0;0;0;0;0;0;0;1;0;0;0;0
"17/07/2012";"10:44:00";"27";"com v�tima";"261";"BR-393/RJ";"Norte";"Tombamento";0;0;1;0;0;0;0;0;0;0;0;1;0;0;0
"17/07/2012";"12:47:00";"38";"com v�tima";"258,8";"BR-393/RJ";"Sul";"Saida de Pista";0;0;1;0;0;0;0;0;0;0;0;1;0;0;0
"17/07/2012";"19:38:00";"62";"sem v�tima";"278";"BR-393/RJ";"Sul";"Engavetamento";4;0;0;0;0;0;0;0;0;0;5;0;0;0;0
"18/07/2012";"12:45:00";"36";"com v�tima";"204,1";"BR-393/RJ";"Norte";"Capotamento";1;0;0;0;0;0;0;0;0;0;0;1;0;0;0
"18/07/2012";"16:30:00";"42";"com v�tima";"161,1";"BR-393/RJ";"Sul";"Queda de Moto";0;0;0;1;0;0;0;0;0;0;0;1;1;0;0
"19/07/2012";"16:40:00";"79";"com v�tima";"285";"BR-393/RJ";"Sul";"Abalroamento Mesmo Sentido ";1;0;1;0;0;0;0;0;0;0;1;1;0;0;0
"19/07/2012";"18:31:00";"98";"com v�tima";"252,3";"BR-393/RJ";"Norte";"Queda de Moto";1;0;0;1;0;0;0;0;0;0;1;1;0;0;0
"19/07/2012";"19:16:00";"104";"com v�tima";"285,893";"BR-393/RJ";"Norte";"Atropelamento - Ciclista";0;1;1;0;0;0;0;0;0;0;1;0;0;1;0
"20/07/2012";"03:36:00";"5";"sem v�tima";"223,024";"BR-393/RJ";"Norte";"Atropelamento de Animal";0;0;0;0;1;0;0;0;0;0;1;0;0;0;0
"20/07/2012";"12:35:00";"59";"com v�tima";"177,5";"BR-393/RJ";"Norte";"Colis�o Traseira";2;0;0;0;0;0;0;0;0;0;0;2;0;0;0
"21/07/2012";"04:39:00";"6";"sem v�tima";"283,557";"BR-393/RJ";"Norte";"Choque - Defensa, barreira ou "submarino"";1;0;0;0;0;0;0;0;0;0;1;0;0;0;0
"21/07/2012";"05:12:00";"10";"sem v�tima";"204";"BR-393/RJ";"Sul";"Saida de Pista";1;0;0;0;0;0;0;0;0;0;2;0;0;0;0
"21/07/2012";"08:23:00";"17";"sem v�tima";"231";"BR-393/RJ";"Norte";"Colis�o Traseira";2;0;0;0;0;0;0;0;0;0;8;0;0;0;0
"21/07/2012";"09:53:00";"25";"sem v�tima";"175,8";"BR-393/RJ";"Sul";"Queda de Moto";0;0;0;1;0;0;0;0;0;0;1;0;0;0;0
"21/07/2012";"18:40:00";"51";"com v�tima";"284,3";"BR-393/RJ";"Norte";"Colis�o Lateral";2;0;0;0;0;0;0;0;0;0;0;2;0;0;0
"21/07/2012";"18:48:00";"53";"com v�tima";"218,3";"BR-393/RJ";"Norte";"Colis�o Frontal";2;0;0;0;0;0;0;0;0;0;4;5;0;0;0
"21/07/2012";"21:07:00";"58";"sem v�tima";"175,1";"BR-393/RJ";"Sul";"Queda de Moto";0;0;0;1;0;0;0;0;0;0;1;0;0;0;0
"22/07/2012";"14:23:00";"22";"com v�tima";"236";"BR-393/RJ";"Norte";"Colis�o Transversal";1;0;0;0;1;0;0;0;0;0;0;3;0;0;0
"22/07/2012";"18:01:00";"31";"com v�tima";"219";"BR-393/RJ";"Sul";"Colis�o Traseira";1;0;1;0;0;0;0;0;0;0;0;3;0;0;0
"22/07/2012";"18:53:00";"33";"com v�tima";"238";"BR-393/RJ";"Norte";"Capotamento";1;0;0;0;0;0;0;0;0;0;0;0;2;0;0
"22/07/2012";"19:18:00";"38";"com v�tima";"235,1";"BR-393/RJ";"Norte";"Colis�o Transversal";1;0;0;1;0;0;0;0;0;0;4;2;0;0;0
"22/07/2012";"20:23:00";"39";"sem v�tima";"280,2";"BR-393/RJ";"Norte";"Colis�o Transversal";2;0;0;0;0;0;0;0;0;0;2;0;0;0;0
"23/07/2012";"18:12:00";"71";"com v�tima";"283,5";"BR-393/RJ";"Sul";"Colis�o Lateral";1;0;0;1;0;0;0;0;0;0;1;0;0;1;0
"23/07/2012";"19:34:00";"76";"com v�tima";"235";"BR-393/RJ";"Norte";"Colis�o Lateral";1;0;0;1;0;0;0;0;0;0;1;3;1;0;0
"24/07/2012";"07:46:00";"13";"sem v�tima";"213";"BR-393/RJ";"Sul";"Saida de Pista";0;0;1;0;0;0;0;0;0;0;1;0;0;0;0
"24/07/2012";"09:04:00";"26";"sem v�tima";"285,5";"BR-393/RJ";"Sul";"Colis�o Traseira";1;0;1;0;0;0;0;0;0;0;2;0;0;0;0
"25/07/2012";"06:58:00";"5";"sem v�tima";"168";"BR-393/RJ";"Sul";"Colis�o Traseira";1;0;1;0;0;0;0;0;0;0;6;0;0;0;0
"25/07/2012";"13:35:00";"62";"sem v�tima";"171";"BR-393/RJ";"Sul";"Colis�o Lateral";2;0;0;0;0;0;0;0;0;0;2;0;0;0;0
"26/07/2012";"01:04:00";"3";"sem v�tima";"178";"BR-393/RJ";"Norte";"Colis�o Traseira";2;0;0;0;0;0;0;0;0;0;2;0;0;0;0
"26/07/2012";"07:54:00";"19";"sem v�tima";"154";"BR-393/RJ";"Sul";"Colis�o Lateral";1;0;1;0;0;0;0;0;0;0;2;0;0;0;0
"26/07/2012";"21:51:00";"90";"com v�tima";"146";"BR-393/RJ";"Norte";"Choque - Talude";0;0;2;0;0;0;0;0;0;0;0;1;1;0;0
"27/07/2012";"09:57:00";"38";"sem v�tima";"285,4";"BR-393/RJ";"Sul";"Colis�o Lateral";1;0;1;0;0;0;0;0;0;0;2;0;0;0;0
"27/07/2012";"12:54:00";"52";"com v�tima";"151,86";"BR-393/RJ";"Sul";"Colis�o Frontal";2;0;0;0;0;0;0;0;0;0;0;2;2;0;0
"27/07/2012";"14:43:00";"60";"sem v�tima";"286";"BR-393/RJ";"Sul";"Colis�o Traseira";1;0;0;0;1;0;0;0;0;0;2;0;0;0;0
"27/07/2012";"15:06:00";"62";"com v�tima";"121,6";"BR-393/RJ";"Norte";"Tombamento";0;0;1;0;0;0;0;0;0;0;0;2;0;0;0
"27/07/2012";"18:28:00";"83";"com v�tima";"246,913";"BR-393/RJ";"Norte";"Capotamento";1;0;0;0;0;0;0;0;0;0;0;1;0;0;0
"28/07/2012";"18:13:00";"62";"com v�tima";"175,49";"BR-393/RJ";"Norte";"Abalroamento Mesmo Sentido ";0;0;1;1;0;0;0;0;0;0;1;1;0;0;0
"28/07/2012";"18:33:00";"63";"sem v�tima";"283,466";"BR-393/RJ";"Norte";"Abalroamento Mesmo Sentido ";1;0;1;0;0;0;0;0;0;0;2;0;0;0;0
"29/07/2012";"02:55:00";"6";"com v�tima";"146,73";"BR-393/RJ";"Sul";"Tombamento";0;0;1;0;0;0;0;0;0;0;0;1;0;0;0
"29/07/2012";"11:54:00";"22";"com v�tima";"191,23";"BR-393/RJ";"Norte";"Queda de Moto";0;0;0;1;0;0;0;0;0;0;0;1;0;0;0
"30/07/2012";"11:39:00";"26";"sem v�tima";"259,98";"BR-393/RJ";"Sul";"Colis�o Traseira";1;0;1;0;0;0;0;0;0;0;2;0;0;0;0
"31/07/2012";"08:37:00";"18";"com v�tima";"171,46";"BR-393/RJ";"Norte";"Colis�o Traseira";2;0;0;0;0;0;0;0;0;0;0;3;0;0;0
"31/07/2012";"11:01:00";"40";"com v�tima";"229,82";"BR-393/RJ";"Sul";"Abalroamento Mesmo Sentido ";1;0;0;1;0;0;0;0;0;0;1;1;0;0;0
"31/07/2012";"18:20:00";"68";"sem v�tima";"180,139";"BR-393/RJ";"Sul";"Colis�o Traseira";2;0;0;0;0;0;0;0;0;0;2;0;0;0;0
"31/07/2012";"22:00:00";"82";"com v�tima";"169,362";"BR-393/RJ";"Norte";"Capotamento";1;0;0;0;0;0;0;0;0;0;0;1;0;0;0
"01/08/2012";"00:25:00";"2";"sem v�tima";"280";"BR-393/RJ";"Sul";"Colis�o Frontal";1;0;1;0;0;0;0;0;0;0;2;0;0;0;0
"01/08/2012";"18:34:00";"84";"sem v�tima";"182";"BR-393/RJ";"Norte";"Colis�o Lateral";1;0;1;0;0;0;0;0;0;0;2;0;0;0;0
"02/08/2012";"07:14:00";"16";"com v�tima";"151,87";"BR-393/RJ";"Sul";"Tombamento";0;0;1;0;0;0;0;0;0;0;0;1;0;0;0
"03/08/2012";"07:50:00";"13";"com v�tima";"246,53";"BR-393/RJ";"Norte";"Capotamento";1;0;0;0;0;0;0;0;0;0;0;4;0;0;0
"03/08/2012";"12:21:00";"46";"sem v�tima";"211,48";"BR-393/RJ";"Norte";"Outros - Sequ�ncia";1;0;2;0;0;0;0;0;0;0;4;0;0;0;0
"03/08/2012";"16:43:00";"61";"sem v�tima";"181,96";"BR-393/RJ";"Sul";"Engavetamento";1;0;2;0;0;0;0;0;0;1;4;0;0;0;0
"03/08/2012";"21:51:00";"78";"sem v�tima";"236,48";"BR-393/RJ";"Sul";"Colis�o Traseira";1;0;0;0;0;0;0;0;0;1;2;0;0;0;0
"04/08/2012";"23:51:00";"119";"sem v�tima";"258";"BR-393/RJ";"Norte";"Atropelamento de Animal";1;0;0;0;0;0;0;0;0;0;1;0;0;0;0
"05/08/2012";"00:45:00";"2";"sem v�tima";"203,26";"BR-393/RJ";"Sul";"Saida de Pista";1;0;0;0;0;0;0;0;0;0;1;0;0;0;0
"05/08/2012";"04:52:00";"12";"com v�tima";"178,226";"BR-393/RJ";"Norte";"Colis�o Traseira";2;0;0;0;0;0;0;0;0;0;0;5;0;0;0
"05/08/2012";"07:03:00";"17";"com v�tima";"181,74";"BR-393/RJ";"Sul";"Colis�o Traseira";1;0;1;0;0;0;0;0;0;0;0;1;0;1;0
"05/08/2012";"14:40:00";"67";"com v�tima";"199,77";"BR-393/RJ";"Norte";"Colis�o Lateral";2;0;0;0;0;0;0;0;0;0;3;1;0;0;0
"05/08/2012";"16:22:00";"84";"com v�tima";"146,44";"BR-393/RJ";"Sul";"Choque - Outros";1;0;0;0;0;0;0;0;0;0;1;1;1;0;0
"05/08/2012";"16:23:00";"85";"com v�tima";"268,25";"BR-393/RJ";"Sul";"Colis�o Lateral";1;0;1;0;0;0;0;0;0;0;1;1;0;0;0