fdata;horario;n_da_ocorrencia;tipo_de_ocorrencia;km;trecho;sentido;tipo_de_acidente;automovel;bicicleta;caminhao;moto;onibus;outros;tracao_animal;transporte_de_cargas_especiais;trator_maquinas;utilitarios;ilesos;levemente_feridos;moderadamente_feridos;gravemente_feridos;mortos
"05/08/2012";"16:49:00";"90";"sem v�tima";"155,42";"BR-393/RJ";"Norte";"Outros";0;0;1;0;0;0;0;0;0;0;1;0;0;0;0
"05/08/2012";"18:09:00";"94";"com v�tima";"209,1";"BR-393/RJ";"Norte";"Tombamento";0;0;1;0;0;0;0;0;0;0;0;1;0;0;0
"05/08/2012";"22:09:00";"103";"com v�tima";"147,479";"BR-393/RJ";"Norte";"Tombamento";0;0;0;0;0;0;0;0;0;1;0;0;0;1;0
"06/08/2012";"10:25:00";"44";"com v�tima";"235,95";"BR-393/RJ";"Sul";"Queda de Moto";0;0;0;1;0;0;0;0;0;0;0;1;0;0;0
"06/08/2012";"14:23:00";"73";"sem v�tima";"278,895";"BR-393/RJ";"Norte";"Abalroamento Mesmo Sentido ";1;0;0;0;1;0;0;0;0;0;3;0;0;0;0
"06/08/2012";"16:23:00";"78";"com v�tima";"242,44";"BR-393/RJ";"Sul";"Capotamento";1;0;0;0;0;0;0;0;0;0;0;1;0;0;0
"06/08/2012";"21:30:00";"92";"com v�tima";"172,75";"BR-393/RJ";"Norte";"Atropelamento de Animal";1;0;0;0;0;0;0;0;0;0;0;2;0;0;0
"07/08/2012";"11:58:00";"53";"com v�tima";"105,96";"BR-393/RJ";"Norte";"Colis�o Lateral";1;0;1;0;0;0;0;0;0;0;2;1;0;0;1
"07/08/2012";"12:22:00";"54";"com v�tima";"250,46";"BR-393/RJ";"Sul";"Colis�o Traseira";2;0;0;0;0;0;0;0;0;0;0;2;0;0;0
"07/08/2012";"13:10:00";"56";"sem v�tima";"284,54";"BR-393/RJ";"Norte";"Colis�o Traseira";0;0;1;0;1;0;0;0;0;0;2;0;0;0;0
"07/08/2012";"13:46:00";"60";"com v�tima";"284,53";"BR-393/RJ";"Norte";"Colis�o Traseira";1;0;1;0;0;0;0;0;0;0;0;2;0;0;0
"08/08/2012";"08:26:00";"28";"sem v�tima";"280";"BR-393/RJ";"Norte";"Colis�o Lateral";2;0;0;0;0;0;0;0;0;0;2;0;0;0;0
"08/08/2012";"15:19:00";"78";"com v�tima";"230";"BR-393/RJ";"Sul";"Queda de Bicicleta";0;1;0;0;0;0;0;0;0;0;0;1;0;0;0
"09/08/2012";"03:23:00";"6";"com v�tima";"178,28";"BR-393/RJ";"Norte";"Colis�o Traseira";1;0;1;0;0;0;0;0;0;0;1;1;0;0;0
"09/08/2012";"07:19:00";"12";"com v�tima";"285,5";"BR-393/RJ";"Sul";"Colis�o Lateral";1;0;1;0;0;0;0;0;0;0;1;1;0;0;0
"09/08/2012";"09:49:00";"38";"sem v�tima";"128,64";"BR-393/RJ";"Sul";"Colis�o Lateral";0;0;2;0;0;0;0;0;0;0;2;0;0;0;0
"09/08/2012";"13:26:00";"64";"sem v�tima";"259,17";"BR-393/RJ";"Sul";"Capotamento";1;0;0;0;0;0;0;0;0;0;3;0;0;0;0
"09/08/2012";"18:57:00";"93";"com v�tima";"259,73";"BR-393/RJ";"Sul";"Colis�o Traseira";0;0;2;0;0;0;0;0;0;0;0;2;0;0;0
"09/08/2012";"23:37:00";"104";"sem v�tima";"279,67";"BR-393/RJ";"Norte";"Colis�o Lateral";0;0;1;1;0;0;0;0;0;0;2;0;0;0;0
"10/08/2012";"15:46:00";"51";"sem v�tima";"278,5";"BR-393/RJ";"Sul";"Engavetamento";3;0;0;0;0;0;0;0;0;0;6;0;0;0;0
"10/08/2012";"19:07:00";"67";"com v�tima";"285,53";"BR-393/RJ";"Norte";"Colis�o Traseira";2;0;0;0;0;0;0;0;0;0;0;2;0;0;0
"10/08/2012";"19:17:00";"70";"com v�tima";"286,4";"BR-393/RJ";"Norte";"Colis�o Traseira";1;0;0;1;0;0;0;0;0;0;0;2;0;0;0
"10/08/2012";"19:18:00";"71";"com v�tima";"166,77";"BR-393/RJ";"Norte";"Queda de Moto";0;0;0;1;0;0;0;0;0;0;0;1;0;0;0
"10/08/2012";"21:17:00";"79";"com v�tima";"265,11";"BR-393/RJ";"Norte";"Abalroamento Mesmo Sentido ";1;0;1;0;0;0;0;0;0;0;1;1;0;0;0
"11/08/2012";"01:03:00";"3";"com v�tima";"205,74";"BR-393/RJ";"Norte";"Colis�o Traseira";2;0;0;0;0;0;0;0;0;0;0;2;0;0;0
"11/08/2012";"09:52:00";"27";"sem v�tima";"102";"BR-393/RJ";"Norte";"Colis�o Lateral";2;0;0;0;0;0;0;0;0;0;3;0;0;0;0
"11/08/2012";"11:58:00";"33";"com v�tima";"157,68";"BR-393/RJ";"Sul";"Engavetamento";3;0;1;0;0;0;0;0;0;0;5;0;1;0;0
"11/08/2012";"22:54:00";"68";"sem v�tima";"218,5";"BR-393/RJ";"Sul";"Saida de Pista";1;0;0;0;0;0;0;0;0;0;1;0;0;0;0
"12/08/2012";"03:22:00";"13";"com v�tima";"181,77";"BR-393/RJ";"Norte";"Colis�o Traseira";0;0;0;1;0;0;0;0;0;1;2;1;0;0;0
"12/08/2012";"18:32:00";"76";"sem v�tima";"282,434";"BR-393/RJ";"Norte";"Engavetamento";3;0;0;0;0;0;0;0;0;0;3;0;0;0;0
"12/08/2012";"21:26:00";"89";"com v�tima";"168,774";"BR-393/RJ";"Sul";"Colis�o Transversal";1;0;1;0;0;0;0;0;0;0;0;1;0;0;1
"13/08/2012";"12:54:00";"62";"sem v�tima";"262,11";"BR-393/RJ";"Sul";"Colis�o Traseira";0;0;2;0;0;0;0;0;0;0;2;0;0;0;0
"13/08/2012";"13:30:00";"64";"sem v�tima";"285,45";"BR-393/RJ";"Norte";"Saida de Pista";1;0;0;0;0;0;0;0;0;0;1;0;0;0;0
"13/08/2012";"13:59:00";"67";"sem v�tima";"285,45";"BR-393/RJ";"Sul";"Colis�o Traseira";1;0;1;0;0;0;0;0;0;0;2;0;0;0;0
"13/08/2012";"14:29:00";"69";"com v�tima";"276,22";"BR-393/RJ";"Sul";"Colis�o Traseira";2;0;0;0;0;0;0;0;0;0;1;1;0;0;0
"14/08/2012";"02:36:00";"6";"com v�tima";"110,22";"BR-393/RJ";"Norte";"Capotamento";1;0;0;0;0;0;0;0;0;0;0;2;1;0;0
"14/08/2012";"05:25:00";"13";"sem v�tima";"120,8";"BR-393/RJ";"Norte";"Saida de Pista";1;0;0;0;0;0;0;0;0;0;2;0;0;0;0
"14/08/2012";"08:01:00";"23";"sem v�tima";"281,35";"BR-393/RJ";"Norte";"Colis�o Lateral";2;0;0;0;0;0;0;0;0;0;2;0;0;0;0
"14/08/2012";"13:09:00";"55";"com v�tima";"160,69";"BR-393/RJ";"Sul";"Colis�o Frontal";1;0;1;0;0;0;0;0;0;0;1;0;1;0;0
"14/08/2012";"15:07:00";"60";"com v�tima";"181,9";"BR-393/RJ";"Sul";"Colis�o Traseira";0;0;2;0;0;0;0;0;0;0;1;1;0;0;0
"14/08/2012";"16:17:00";"62";"com v�tima";"205,77";"BR-393/RJ";"Sul";"Colis�o Traseira";0;0;2;0;0;0;0;0;0;0;1;1;0;0;0
"15/08/2012";"22:43:00";"69";"com v�tima";"250,15";"BR-393/RJ";"Norte";"Capotamento";1;0;0;0;0;0;0;0;0;0;0;1;0;0;0
"16/08/2012";"07:38:00";"21";"sem v�tima";"285,5";"BR-393/RJ";"Sul";"Colis�o Transversal";1;0;1;0;0;0;0;0;0;0;2;0;0;0;0
"16/08/2012";"08:06:00";"22";"sem v�tima";"284,9";"BR-393/RJ";"Sul";"Abalroamento Mesmo Sentido ";1;0;0;0;1;0;0;0;0;0;2;0;0;0;0
"16/08/2012";"11:00:00";"48";"com v�tima";"237,3";"BR-393/RJ";"Norte";"Colis�o Lateral";1;0;0;1;0;0;0;0;0;0;2;1;0;0;0
"17/08/2012";"16:00:00";"73";"com v�tima";"243,54";"BR-393/RJ";"Norte";"Colis�o Lateral";2;0;0;0;0;0;0;0;0;0;0;2;0;0;0
"18/08/2012";"22:53:00";"73";"sem v�tima";"286";"BR-393/RJ";"Norte";"Colis�o Traseira";2;0;0;0;0;0;0;0;0;0;5;0;0;0;0
"19/08/2012";"13:00:00";"18";"sem v�tima";"285,36";"BR-393/RJ";"Norte";"Colis�o Lateral";2;0;0;0;0;0;0;0;0;0;2;0;0;0;0
"20/08/2012";"07:12:00";"7";"sem v�tima";"146,29";"BR-393/RJ";"Sul";"Saida de Pista";1;0;0;0;0;0;0;0;0;0;1;0;0;0;0
"20/08/2012";"10:00:00";"28";"sem v�tima";"286";"BR-393/RJ";"Norte";"Engavetamento";2;0;1;0;0;0;0;0;0;0;3;0;0;0;0
"20/08/2012";"14:43:00";"57";"com v�tima";"251,63";"BR-393/RJ";"Norte";"Saida de Pista";1;0;0;0;0;0;0;0;0;0;0;3;0;0;0
"20/08/2012";"16:57:00";"75";"sem v�tima";"255,7";"BR-393/RJ";"Norte";"Colis�o Traseira";2;0;0;0;0;0;0;0;0;0;2;0;0;0;0
"20/08/2012";"19:00:00";"85";"com v�tima";"183,372";"BR-393/RJ";"Norte";"Choque - Suporte de Sinaliza��o";0;0;1;0;0;0;0;0;0;0;0;1;0;0;0
"20/08/2012";"23:58:00";"105";"com v�tima";"207,456";"BR-393/RJ";"Sul";"Atropelamento - Andarilho";0;0;1;0;0;0;0;0;0;0;1;0;0;0;1
"21/08/2012";"10:02:00";"36";"sem v�tima";"214,5";"BR-393/RJ";"Sul";"Saida de Pista";0;0;1;0;0;0;0;0;0;0;1;0;0;0;0
"21/08/2012";"10:41:00";"42";"sem v�tima";"258,9";"BR-393/RJ";"Sul";"Saida de Pista";0;0;1;0;0;0;0;0;0;0;1;0;0;0;0
"21/08/2012";"14:27:00";"61";"sem v�tima";"107,1";"BR-393/RJ";"Norte";"Colis�o Traseira";1;0;1;0;0;0;0;0;0;0;2;0;0;0;0
"21/08/2012";"17:54:00";"75";"sem v�tima";"285,6";"BR-393/RJ";"Sul";"Colis�o Lateral";1;0;1;0;0;0;0;0;0;0;3;0;0;0;0
"22/08/2012";"17:28:00";"76";"sem v�tima";"210,58";"BR-393/RJ";"Sul";"Abalroamento Sentido Oposto";0;0;1;1;0;0;0;0;0;0;1;0;0;0;0
"23/08/2012";"05:01:00";"9";"sem v�tima";"132,04";"BR-393/RJ";"Sul";"Abalroamento Mesmo Sentido ";0;0;1;0;1;0;0;0;0;0;2;0;0;0;0
"23/08/2012";"15:11:00";"73";"com v�tima";"171,475";"BR-393/RJ";"Sul";"Colis�o Lateral";1;0;1;0;0;0;0;0;0;0;1;1;0;0;0
"23/08/2012";"19:02:00";"87";"com v�tima";"254,14";"BR-393/RJ";"Norte";"Choque - Defensa, barreira ou "submarino"";1;0;0;0;0;0;0;0;0;0;0;1;0;0;0
"23/08/2012";"21:07:00";"94";"sem v�tima";"283";"BR-393/RJ";"Norte";"Colis�o Traseira";2;0;0;0;0;0;0;0;0;0;2;0;0;0;0
"23/08/2012";"23:42:00";"98";"com v�tima";"143,5";"BR-393/RJ";"Norte";"Tombamento";0;0;1;0;0;0;0;0;0;0;0;1;0;0;0
"24/08/2012";"10:23:00";"57";"com v�tima";"142,59";"BR-393/RJ";"Norte";"Colis�o Traseira";0;0;1;0;0;0;0;0;0;1;0;2;0;0;0
"24/08/2012";"13:31:00";"69";"com v�tima";"203,87";"BR-393/RJ";"Norte";"Colis�o Lateral";2;0;0;0;0;0;0;0;0;0;1;1;0;0;0
"24/08/2012";"14:37:00";"77";"com v�tima";"130,95";"BR-393/RJ";"Norte";"Colis�o Traseira";0;0;1;1;0;0;0;0;0;0;1;1;0;0;0
"24/08/2012";"14:56:00";"78";"sem v�tima";"263,35";"BR-393/RJ";"Sul";"Colis�o Traseira";1;0;1;0;0;0;0;0;0;0;2;0;0;0;0
"24/08/2012";"15:57:00";"82";"sem v�tima";"262,8";"BR-393/RJ";"Sul";"Colis�o Traseira";2;0;0;0;0;0;0;0;0;0;2;0;0;0;0
"24/08/2012";"19:42:00";"101";"com v�tima";"159,63";"BR-393/RJ";"Norte";"Abalroamento Sentido Oposto";2;0;1;0;0;0;0;0;0;0;3;2;1;0;0
"24/08/2012";"21:22:00";"110";"sem v�tima";"105,94";"BR-393/RJ";"Norte";"Objeto lan�ado contra ve�culo";1;0;1;0;0;0;0;0;0;0;4;0;0;0;0
"25/08/2012";"04:43:00";"10";"com v�tima";"237,495";"BR-393/RJ";"Norte";"Colis�o Lateral";1;0;1;0;0;0;0;0;0;0;1;3;0;0;0
"25/08/2012";"21:03:00";"92";"sem v�tima";"286";"BR-393/RJ";"Norte";"Engavetamento";3;0;0;0;0;0;0;0;0;0;3;0;0;0;0
"25/08/2012";"22:53:00";"104";"com v�tima";"178,08";"BR-393/RJ";"Norte";"Atropelamento - Morador";0;0;0;1;0;0;0;0;0;0;0;1;1;0;0
"26/08/2012";"00:49:00";"1";"com v�tima";"178,43";"BR-393/RJ";"Norte";"Colis�o Traseira";2;0;0;0;0;0;0;0;0;0;1;2;0;0;0
"26/08/2012";"01:45:00";"3";"sem v�tima";"285";"BR-393/RJ";"Norte";"Colis�o Traseira";2;0;0;0;0;0;0;0;0;0;3;0;0;0;0
"26/08/2012";"04:51:00";"8";"com v�tima";"181,03";"BR-393/RJ";"Norte";"Colis�o Traseira";2;0;0;0;0;0;0;0;0;0;4;2;0;0;0
"26/08/2012";"16:45:00";"37";"com v�tima";"282,24";"BR-393/RJ";"Norte";"Colis�o Lateral";1;0;0;1;0;0;0;0;0;0;0;3;0;0;0
"26/08/2012";"18:45:00";"46";"sem v�tima";"178";"BR-393/RJ";"Sul";"Atropelamento de Animal";1;0;0;0;0;0;0;0;0;0;1;0;0;0;0
"26/08/2012";"20:44:00";"58";"com v�tima";"143,47";"BR-393/RJ";"Norte";"Tombamento";0;0;1;0;0;0;0;0;0;0;0;1;0;0;0
"26/08/2012";"23:58:00";"70";"com v�tima";"236,15";"BR-393/RJ";"Sul";"Atropelamento de Animal";1;0;0;0;0;0;0;0;0;0;0;1;0;0;0
"27/08/2012";"07:20:00";"6";"sem v�tima";"285,48";"BR-393/RJ";"Sul";"Colis�o Lateral";1;0;1;0;0;0;0;0;0;0;2;0;0;0;0
"27/08/2012";"12:10:00";"44";"com v�tima";"257,95";"BR-393/RJ";"Sul";"Choque - Defensa, barreira ou "submarino"";1;0;0;0;0;0;0;0;0;0;0;1;0;0;0
"27/08/2012";"16:48:00";"65";"com v�tima";"231,808";"BR-393/RJ";"Sul";"Colis�o Lateral";0;0;0;1;0;0;0;0;0;1;0;1;0;1;0
"28/08/2012";"12:20:00";"56";"com v�tima";"141,85";"BR-393/RJ";"Norte";"Colis�o Traseira";2;0;0;0;0;0;0;0;0;0;1;1;0;0;0
"28/08/2012";"14:27:00";"73";"com v�tima";"282,3";"BR-393/RJ";"Norte";"Queda de Moto";0;0;0;1;0;0;0;0;0;0;0;1;0;0;0
"28/08/2012";"19:00:00";"86";"sem v�tima";"125";"BR-393/RJ";"Sul";"Queda de Moto";0;0;0;1;0;0;0;0;0;0;1;0;0;0;0
"29/08/2012";"09:23:00";"37";"com v�tima";"285,54";"BR-393/RJ";"Sul";"Colis�o Lateral";2;0;0;0;0;0;0;0;0;0;1;1;0;0;0
"29/08/2012";"10:23:00";"47";"com v�tima";"171,47";"BR-393/RJ";"Norte";"Colis�o Traseira";1;0;1;0;0;0;0;0;0;0;1;1;0;0;0
"29/08/2012";"11:31:00";"54";"com v�tima";"284,73";"BR-393/RJ";"Norte";"Engavetamento";3;0;0;0;0;0;0;0;0;0;3;1;0;0;0
"29/08/2012";"14:16:00";"75";"sem v�tima";"131,5";"BR-393/RJ";"Norte";"Colis�o Traseira";2;0;0;0;0;0;0;0;0;0;2;0;0;0;0
"29/08/2012";"21:17:00";"107";"sem v�tima";"168,72";"BR-393/RJ";"Sul";"Choque - Poste";0;0;1;0;0;0;0;0;0;0;2;0;0;0;0
"30/08/2012";"13:08:00";"53";"sem v�tima";"175,77";"BR-393/RJ";"Sul";"Colis�o Lateral";1;0;1;0;0;0;0;0;0;0;2;0;0;0;0
"30/08/2012";"21:08:00";"88";"sem v�tima";"244,5";"BR-393/RJ";"Sul";"Atropelamento de Animal";0;0;1;0;0;0;0;0;0;0;1;0;0;0;0
"31/08/2012";"06:46:00";"8";"sem v�tima";"199,2";"BR-393/RJ";"Norte";"Colis�o Traseira";0;0;2;0;0;0;0;0;0;0;2;0;0;0;0
"31/08/2012";"22:11:00";"96";"com v�tima";"243,58";"BR-393/RJ";"Norte";"Abalroamento Sentido Oposto";2;0;0;0;0;0;0;0;0;0;0;3;0;0;0
"01/09/2012";"09:47:00";"31";"sem v�tima";"166,7";"BR-393/RJ";"Sul";"Abalroamento Mesmo Sentido ";1;0;1;0;0;0;0;0;0;0;2;0;0;0;0
"01/09/2012";"11:18:00";"46";"com v�tima";"285,4";"BR-393/RJ";"Norte";"Abalroamento Mesmo Sentido ";1;0;1;0;0;0;0;0;0;0;1;2;0;0;0
"01/09/2012";"11:41:00";"50";"sem v�tima";"285,35";"BR-393/RJ";"Sul";"Abalroamento Mesmo Sentido ";1;0;1;0;0;0;0;0;0;0;2;0;0;0;0
"01/09/2012";"13:31:00";"60";"sem v�tima";"280,85";"BR-393/RJ";"Norte";"Colis�o Lateral";2;0;0;0;0;0;0;0;0;0;2;0;0;0;0
"01/09/2012";"13:59:00";"64";"com v�tima";"152,35";"BR-393/RJ";"Sul";"Colis�o Frontal";2;0;0;0;0;0;0;0;0;0;0;3;0;0;0
"02/09/2012";"16:34:00";"45";"com v�tima";"258,5";"BR-393/RJ";"Norte";"Colis�o Traseira";2;0;0;0;0;0;0;0;0;0;0;2;0;0;0
"03/09/2012";"20:35:00";"92";"com v�tima";"266";"BR-393/RJ";"Sul";"Atropelamento de Animal";1;0;0;0;0;0;0;0;0;0;0;2;0;0;0
"04/09/2012";"06:31:00";"11";"com v�tima";"131,44";"BR-393/RJ";"Norte";"Tombamento";0;0;1;0;0;0;0;0;0;0;0;1;0;0;0
"04/09/2012";"09:58:00";"28";"com v�tima";"283";"BR-393/RJ";"Sul";"Colis�o Transversal";0;0;0;1;1;0;0;0;0;0;1;0;1;0;0
"04/09/2012";"14:18:00";"53";"com v�tima";"178,76";"BR-393/RJ";"Norte";"Outros - Sequ�ncia";1;0;1;1;0;0;0;0;0;0;1;4;0;0;0
"05/09/2012";"08:43:00";"26";"sem v�tima";"285,5";"BR-393/RJ";"Sul";"Abalroamento Mesmo Sentido ";1;0;1;0;0;0;0;0;0;0;2;0;0;0;0
"05/09/2012";"12:08:00";"57";"sem v�tima";"250,4";"BR-393/RJ";"Sul";"Abalroamento Mesmo Sentido ";0;0;0;0;0;0;0;0;0;2;2;0;0;0;0
"05/09/2012";"22:32:00";"107";"sem v�tima";"255,73";"BR-393/RJ";"Norte";"Colis�o Traseira";2;0;0;0;0;0;0;0;0;0;3;0;0;0;0
"06/09/2012";"07:31:00";"11";"com v�tima";"131,44";"BR-393/RJ";"Norte";"Tombamento";0;0;1;0;0;0;0;0;0;0;0;0;1;0;0
"06/09/2012";"08:40:00";"17";"com v�tima";"281,4";"BR-393/RJ";"Sul";"Colis�o Lateral";1;0;0;1;0;0;0;0;0;0;1;0;2;0;0
"06/09/2012";"11:44:00";"44";"com v�tima";"281";"BR-393/RJ";"Norte";"Colis�o Lateral";1;0;0;1;0;0;0;0;0;0;3;0;1;0;0
"06/09/2012";"13:52:00";"56";"com v�tima";"235,41";"BR-393/RJ";"Sul";"Colis�o Lateral";2;0;0;0;0;0;0;0;0;0;1;1;0;0;0
"06/09/2012";"16:53:00";"69";"com v�tima";"214,95";"BR-393/RJ";"Norte";"Queda de Moto";0;0;0;1;0;0;0;0;0;0;0;1;0;0;0
"06/09/2012";"18:27:00";"74";"com v�tima";"104,33";"BR-393/RJ";"Norte";"Colis�o Lateral";1;0;0;1;0;0;0;0;0;0;1;2;0;0;0
"06/09/2012";"23:27:00";"89";"sem v�tima";"241,58";"BR-393/RJ";"Sul";"Colis�o Traseira";1;0;0;0;0;0;0;0;0;1;2;0;0;0;0
"07/09/2012";"04:07:00";"5";"com v�tima";"115,83";"BR-393/RJ";"Norte";"Choque - Talude";1;0;0;0;0;0;0;0;0;0;0;1;0;0;0
"07/09/2012";"06:59:00";"9";"com v�tima";"152,39";"BR-393/RJ";"Sul";"Colis�o Frontal";2;0;0;0;0;0;0;0;0;0;0;1;2;0;0
"07/09/2012";"13:22:00";"42";"sem v�tima";"238,62";"BR-393/RJ";"Norte";"Colis�o Transversal";2;0;0;0;0;0;0;0;0;0;7;0;0;0;0
"09/09/2012";"00:45:00";"3";"com v�tima";"128,63";"BR-393/RJ";"Sul";"Capotamento";1;0;0;0;0;0;0;0;0;0;0;2;1;0;0
"10/09/2012";"10:17:00";"41";"com v�tima";"255,715";"BR-393/RJ";"Norte";"Colis�o Lateral";2;0;0;0;0;0;0;0;0;0;2;1;0;0;0
"10/09/2012";"14:40:00";"77";"sem v�tima";"234,96";"BR-393/RJ";"Norte";"Colis�o Traseira";0;0;0;0;0;0;0;0;0;2;6;0;0;0;0
"10/09/2012";"14:41:00";"78";"sem v�tima";"201,85";"BR-393/RJ";"Sul";"Colis�o Traseira";0;0;2;0;0;0;0;0;0;0;2;0;0;0;0
"10/09/2012";"19:10:00";"96";"sem v�tima";"256,17";"BR-393/RJ";"Norte";"Colis�o Traseira";2;0;0;0;0;0;0;0;0;0;2;0;0;0;0
"11/09/2012";"08:29:00";"29";"com v�tima";"285,35";"BR-393/RJ";"Sul";"Abalroamento Mesmo Sentido ";1;0;1;0;0;0;0;0;0;0;1;1;0;0;0
"11/09/2012";"17:26:00";"72";"com v�tima";"236,115";"BR-393/RJ";"Sul";"Atropelamento - Ciclista";0;1;0;1;0;0;0;0;0;0;1;0;0;1;0
"11/09/2012";"18:09:00";"93";"com v�tima";"174,25";"BR-393/RJ";"Sul";"Abalroamento Mesmo Sentido ";1;0;1;0;0;0;0;0;0;0;1;1;0;0;0
"11/09/2012";"18:21:00";"95";"com v�tima";"285,5";"BR-393/RJ";"Sul";"Abalroamento Mesmo Sentido ";1;0;1;0;0;0;0;0;0;0;1;1;0;0;0
"12/09/2012";"04:43:00";"7";"com v�tima";"241,6";"BR-393/RJ";"Sul";"Engavetamento";1;0;3;0;0;0;0;0;0;0;2;2;0;1;0
"12/09/2012";"09:59:00";"29";"sem v�tima";"201,47";"BR-393/RJ";"Norte";"Outros";0;0;1;0;0;0;0;0;0;0;1;0;0;0;0
"12/09/2012";"10:34:00";"30";"com v�tima";"178,64";"BR-393/RJ";"Norte";"Engavetamento";2;0;0;0;0;0;0;0;0;1;3;1;0;0;0
"12/09/2012";"18:44:00";"79";"com v�tima";"281";"BR-393/RJ";"Norte";"Atropelamento - Usu�rio";0;0;0;0;0;0;0;0;1;0;1;0;1;0;0
"12/09/2012";"18:57:00";"81";"com v�tima";"278,13";"BR-393/RJ";"Norte";"Atropelamento - Usu�rio";1;0;0;0;0;0;0;0;0;0;1;0;1;0;0
"12/09/2012";"19:46:00";"84";"sem v�tima";"281,2";"BR-393/RJ";"Norte";"Colis�o Lateral";2;0;0;0;0;0;0;0;0;0;2;0;0;0;0
"13/09/2012";"10:11:00";"48";"sem v�tima";"104";"BR-393/RJ";"Norte";"Colis�o Lateral";1;0;0;1;0;0;0;0;0;0;2;0;0;0;0
"13/09/2012";"19:30:00";"100";"sem v�tima";"132,5";"BR-393/RJ";"Sul";"Abalroamento Mesmo Sentido ";1;0;1;0;0;0;0;0;0;0;2;0;0;0;0
"14/09/2012";"13:19:00";"54";"sem v�tima";"121,35";"BR-393/RJ";"Norte";"Outros";0;0;1;0;0;0;0;0;0;0;1;0;0;0;0
"14/09/2012";"14:28:00";"57";"com v�tima";"126,45";"BR-393/RJ";"Norte";"Atropelamento - Funcion�rio";0;0;0;1;0;0;0;0;0;0;0;2;0;0;0
"14/09/2012";"14:57:00";"59";"com v�tima";"251,5";"BR-393/RJ";"Norte";"Capotamento";1;0;0;0;0;0;0;0;0;0;0;0;1;0;0
"14/09/2012";"17:14:00";"71";"com v�tima";"105,9";"BR-393/RJ";"Norte";"Colis�o Lateral";1;0;0;1;0;0;0;0;0;0;1;1;0;0;0
"15/09/2012";"03:51:00";"2";"com v�tima";"235,5";"BR-393/RJ";"Norte";"Saida de Pista";1;0;0;0;0;0;0;0;0;0;0;1;0;0;0
"15/09/2012";"08:14:00";"8";"com v�tima";"198,6";"BR-393/RJ";"Sul";"Colis�o Traseira";2;0;0;0;0;0;0;0;0;0;2;2;0;0;0
"15/09/2012";"15:35:00";"50";"com v�tima";"282,36";"BR-393/RJ";"Sul";"Engavetamento";3;0;0;0;0;0;0;0;0;0;0;3;0;0;0
"15/09/2012";"20:09:00";"78";"com v�tima";"283,5";"BR-393/RJ";"Norte";"Colis�o Traseira";1;0;0;0;1;0;0;0;0;0;1;1;0;0;0
"16/09/2012";"18:22:00";"38";"com v�tima";"247,3";"BR-393/RJ";"Norte";"Saida de Pista";1;0;0;0;0;0;0;0;0;0;0;0;1;0;0
"16/09/2012";"23:57:00";"62";"com v�tima";"124";"BR-393/RJ";"Norte";"Queda de Moto";0;0;0;1;0;0;0;0;0;0;0;1;0;0;0
"17/09/2012";"08:15:00";"23";"com v�tima";"215,5";"BR-393/RJ";"Sul";"Colis�o Traseira";2;0;0;0;0;0;0;0;0;0;0;7;0;0;0
"17/09/2012";"11:57:00";"52";"com v�tima";"273,777";"BR-393/RJ";"Norte";"Tombamento";0;0;1;0;0;0;0;0;0;0;0;0;1;0;0
"17/09/2012";"13:12:00";"58";"sem v�tima";"265,18";"BR-393/RJ";"Norte";"Colis�o Lateral";1;0;0;0;1;0;0;0;0;0;2;0;0;0;0
"17/09/2012";"18:26:00";"90";"com v�tima";"285,5";"BR-393/RJ";"Sul";"Colis�o Lateral";1;0;1;0;0;0;0;0;0;0;1;1;0;0;0
"17/09/2012";"19:31:00";"91";"com v�tima";"200";"BR-393/RJ";"Sul";"Outros - Sequ�ncia";1;0;2;0;0;0;0;0;0;0;4;1;0;0;0
"18/09/2012";"12:05:00";"53";"com v�tima";"182,37";"BR-393/RJ";"Norte";"Colis�o Lateral";2;0;0;0;0;0;0;0;0;0;0;2;0;0;0
"19/09/2012";"03:19:00";"5";"sem v�tima";"223";"BR-393/RJ";"Norte";"Colis�o Lateral";0;0;1;0;0;0;0;0;0;1;2;0;0;0;0
"19/09/2012";"06:17:00";"9";"sem v�tima";"244,7";"BR-393/RJ";"Norte";"Choque - Veiculo parado na pista";0;0;2;0;0;0;0;0;0;0;2;0;0;0;0
"19/09/2012";"11:04:00";"37";"com v�tima";"182,45";"BR-393/RJ";"Sul";"Colis�o Lateral";0;0;0;2;0;0;0;0;0;0;1;2;0;0;0
"19/09/2012";"17:02:00";"76";"com v�tima";"277,88";"BR-393/RJ";"Norte";"Atropelamento - Usu�rio";1;0;0;0;0;0;0;0;0;0;1;0;0;1;0
"19/09/2012";"18:37:00";"88";"com v�tima";"138,54";"BR-393/RJ";"Norte";"Engavetamento";2;0;0;0;0;0;0;0;0;1;11;2;0;0;0
"21/09/2012";"15:17:00";"65";"sem v�tima";"284,57";"BR-393/RJ";"Norte";"Colis�o Traseira";2;0;0;0;0;0;0;0;0;0;2;0;0;0;0
"21/09/2012";"19:28:00";"80";"sem v�tima";"270,55";"BR-393/RJ";"Sul";"Abalroamento Sentido Oposto";1;0;1;0;0;0;0;0;0;0;2;0;0;0;0
"21/09/2012";"19:47:00";"85";"com v�tima";"285,44";"BR-393/RJ";"Sul";"Colis�o Frontal";2;0;0;0;0;0;0;0;0;0;0;2;0;0;0
"22/09/2012";"03:45:00";"6";"sem v�tima";"151,95";"BR-393/RJ";"Sul";"Tombamento";0;0;1;0;0;0;0;0;0;0;1;0;0;0;0
"22/09/2012";"04:25:00";"8";"com v�tima";"257,46";"BR-393/RJ";"Norte";"Outros - Sequ�ncia";2;0;1;0;0;0;0;0;0;0;1;0;2;0;1
"22/09/2012";"18:54:00";"78";"com v�tima";"191,44";"BR-393/RJ";"Norte";"Colis�o Lateral";1;1;0;0;0;0;0;0;0;0;1;0;0;1;0