fdata;horario;n_da_ocorrencia;tipo_de_ocorrencia;km;trecho;sentido;tipo_de_acidente;automovel;bicicleta;caminhao;moto;onibus;outros;tracao_animal;transporte_de_cargas_especiais;trator_maquinas;utilitarios;ilesos;levemente_feridos;moderadamente_feridos;gravemente_feridos;mortos
"22/09/2012";"20:26:00";"83";"sem v�tima";"275,49";"BR-393/RJ";"Sul";"Colis�o Traseira";2;0;0;0;0;0;0;0;0;0;2;0;0;0;0
"23/09/2012";"07:23:00";"16";"com v�tima";"210,95";"BR-393/RJ";"Sul";"Capotamento";1;0;0;0;0;0;0;0;0;0;0;4;0;0;0
"23/09/2012";"12:18:00";"31";"com v�tima";"178,015";"BR-393/RJ";"Norte";"Queda de Moto";0;0;0;1;0;0;0;0;0;0;0;1;0;0;0
"23/09/2012";"15:46:00";"41";"com v�tima";"134,29";"BR-393/RJ";"Norte";"Colis�o Traseira";2;0;0;0;0;0;0;0;0;0;1;1;0;0;0
"23/09/2012";"20:15:00";"59";"sem v�tima";"163,3";"BR-393/RJ";"Norte";"Atropelamento de Animal";0;0;1;0;0;0;0;0;0;0;1;0;0;0;0
"24/09/2012";"07:48:00";"16";"sem v�tima";"285,51";"BR-393/RJ";"Sul";"Abalroamento Mesmo Sentido ";1;0;1;0;0;0;0;0;0;0;2;0;0;0;0
"24/09/2012";"20:39:00";"86";"com v�tima";"220";"BR-393/RJ";"Norte";"Queda de Moto";0;0;0;1;0;0;0;0;0;0;0;2;0;0;0
"25/09/2012";"08:50:00";"26";"sem v�tima";"286";"BR-393/RJ";"Sul";"Colis�o Traseira";2;0;0;0;0;0;0;0;0;0;2;0;0;0;0
"25/09/2012";"09:17:00";"38";"com v�tima";"285,59";"BR-393/RJ";"Sul";"Choque - Veiculo parado no acostamento";1;0;1;0;0;0;0;0;0;0;1;1;0;0;0
"25/09/2012";"10:38:00";"48";"com v�tima";"284,29";"BR-393/RJ";"Norte";"Colis�o Traseira";1;0;1;0;0;0;0;0;0;0;1;1;0;0;0
"26/09/2012";"06:58:00";"12";"com v�tima";"151,9";"BR-393/RJ";"Sul";"Tombamento";0;0;1;0;0;0;0;0;0;0;0;1;0;0;0
"26/09/2012";"07:45:00";"14";"sem v�tima";"164,65";"BR-393/RJ";"Norte";"Outros";0;0;1;0;0;0;0;0;0;0;1;0;0;0;0
"26/09/2012";"14:19:00";"60";"com v�tima";"119,19";"BR-393/RJ";"Norte";"Colis�o Traseira";1;0;0;0;0;0;0;0;0;1;1;6;1;0;0
"26/09/2012";"20:20:00";"84";"sem v�tima";"103";"BR-393/RJ";"Norte";"Choque - Poste";0;0;1;0;0;0;0;0;0;0;1;0;0;0;0
"27/09/2012";"05:26:00";"6";"com v�tima";"140,07";"BR-393/RJ";"Norte";"Tombamento";0;0;1;0;0;0;0;0;0;0;0;2;0;0;0
"27/09/2012";"06:51:00";"9";"com v�tima";"278,5";"BR-393/RJ";"Sul";"Abalroamento Mesmo Sentido ";1;0;1;0;0;0;0;0;0;0;1;1;0;0;0
"27/09/2012";"08:17:00";"13";"com v�tima";"183,43";"BR-393/RJ";"Norte";"Tombamento";0;0;1;0;0;0;0;0;0;0;0;1;0;0;0
"27/09/2012";"10:23:00";"25";"sem v�tima";"245";"BR-393/RJ";"Norte";"Abalroamento Mesmo Sentido ";2;0;0;0;0;0;0;0;0;0;2;0;0;0;0
"27/09/2012";"10:25:00";"26";"sem v�tima";"178,74";"BR-393/RJ";"Sul";"Colis�o Traseira";1;0;0;0;0;0;0;0;0;1;2;0;0;0;0
"27/09/2012";"15:30:00";"53";"sem v�tima";"148,82";"BR-393/RJ";"Norte";"Saida de Pista";1;0;0;0;0;0;0;0;0;0;1;0;0;0;0
"27/09/2012";"18:17:00";"70";"com v�tima";"243,9";"BR-393/RJ";"Sul";"Atropelamento - Andarilho";1;0;0;0;0;0;0;0;0;0;1;0;0;1;0
"27/09/2012";"19:05:00";"73";"com v�tima";"285";"BR-393/RJ";"Sul";"Colis�o Lateral";1;0;1;0;0;0;0;0;0;0;1;1;0;0;0
"28/09/2012";"08:02:00";"9";"sem v�tima";"228,86";"BR-393/RJ";"Sul";"Colis�o Traseira";1;0;1;0;0;0;0;0;0;0;2;0;0;0;0
"28/09/2012";"12:17:00";"38";"com v�tima";"281,5";"BR-393/RJ";"Norte";"Colis�o Lateral";1;0;0;1;0;0;0;0;0;0;1;1;0;0;0
"28/09/2012";"13:38:00";"42";"com v�tima";"178";"BR-393/RJ";"Norte";"Colis�o Traseira";1;0;0;1;0;0;0;0;0;0;1;1;0;0;0
"28/09/2012";"15:59:00";"53";"com v�tima";"187,1";"BR-393/RJ";"Norte";"Queda de Moto";0;0;0;1;0;0;0;0;0;0;1;1;0;0;0
"28/09/2012";"18:31:00";"67";"sem v�tima";"132,75";"BR-393/RJ";"Norte";"Abalroamento Mesmo Sentido ";0;0;1;0;0;0;0;0;0;1;2;0;0;0;0
"28/09/2012";"18:55:00";"69";"com v�tima";"206,18";"BR-393/RJ";"Norte";"Abalroamento Mesmo Sentido ";1;0;1;0;0;0;0;0;0;0;1;1;0;0;0
"28/09/2012";"19:18:00";"70";"sem v�tima";"285,5";"BR-393/RJ";"Sul";"Abalroamento Mesmo Sentido ";1;0;1;0;0;0;0;0;0;0;2;0;0;0;0
"29/09/2012";"07:15:00";"7";"com v�tima";"195,112";"BR-393/RJ";"Sul";"Colis�o Traseira";0;0;2;0;0;0;0;0;0;0;1;1;0;0;0
"29/09/2012";"11:51:00";"38";"com v�tima";"280,22";"BR-393/RJ";"Sul";"Colis�o Lateral";2;0;0;0;0;0;0;0;0;0;1;1;0;0;0
"29/09/2012";"13:17:00";"45";"com v�tima";"238,62";"BR-393/RJ";"Norte";"Colis�o Lateral";2;0;0;0;0;0;0;0;0;0;1;1;0;0;0
"29/09/2012";"19:52:00";"67";"com v�tima";"255,65";"BR-393/RJ";"Sul";"Colis�o Traseira";1;0;1;0;0;0;0;0;0;0;1;4;0;0;0
"30/09/2012";"03:49:00";"7";"sem v�tima";"168,58";"BR-393/RJ";"Norte";"Colis�o Traseira";1;0;0;0;0;0;0;0;0;1;3;0;0;0;0
"30/09/2012";"10:02:00";"23";"com v�tima";"286";"BR-393/RJ";"Norte";"Engavetamento";2;0;1;0;0;0;0;0;0;0;3;3;0;0;0
"30/09/2012";"16:42:00";"49";"com v�tima";"281";"BR-393/RJ";"Sul";"Atropelamento - Ciclista";0;1;0;1;0;0;0;0;0;0;1;1;0;0;0
"30/09/2012";"17:05:00";"51";"com v�tima";"118,96";"BR-393/RJ";"Norte";"Queda de Moto";0;0;0;1;0;0;0;0;0;0;0;1;0;0;0
"30/09/2012";"18:19:00";"54";"sem v�tima";"205,27";"BR-393/RJ";"Norte";"Colis�o Traseira";2;0;0;0;0;0;0;0;0;0;6;0;0;0;0
"30/09/2012";"22:10:00";"66";"sem v�tima";"279,8";"BR-393/RJ";"Sul";"Colis�o Traseira";2;0;0;0;0;0;0;0;0;0;2;0;0;0;0
"01/10/2012";"02:43:00";"5";"sem v�tima";"276";"BR-393/RJ";"Sul";"Saida de Pista";1;0;0;0;0;0;0;0;0;0;2;0;0;0;0
"01/10/2012";"10:50:00";"34";"com v�tima";"195,02";"BR-393/RJ";"Sul";"Choque - Outros";1;0;1;0;0;0;0;0;0;0;1;1;0;0;0
"01/10/2012";"11:07:00";"35";"com v�tima";"175,18";"BR-393/RJ";"Sul";"Capotamento";1;0;0;0;0;0;0;0;0;0;0;1;0;0;0
"01/10/2012";"14:32:00";"48";"com v�tima";"219,725";"BR-393/RJ";"Norte";"Abalroamento Mesmo Sentido ";1;0;1;0;0;0;0;0;0;0;2;1;0;0;0
"01/10/2012";"15:15:00";"53";"com v�tima";"242,37";"BR-393/RJ";"Sul";"Colis�o Frontal";0;0;0;0;1;0;0;0;0;1;0;8;0;0;2
"02/10/2012";"04:54:00";"3";"com v�tima";"1,227";"Al�a Sul";"Sul";"Atropelamento de Animal";0;0;1;1;0;0;0;0;0;0;1;1;0;0;0
"02/10/2012";"06:45:00";"8";"com v�tima";"158,89";"BR-393/RJ";"Norte";"Tombamento";0;0;1;0;0;0;0;0;0;0;0;1;0;0;0
"02/10/2012";"09:39:00";"26";"sem v�tima";"280,2";"BR-393/RJ";"Sul";"Abalroamento Sentido Oposto";2;0;0;0;0;0;0;0;0;0;2;0;0;0;0
"02/10/2012";"12:48:00";"44";"com v�tima";"151,89";"BR-393/RJ";"Sul";"Tombamento";0;0;1;0;0;0;0;0;0;0;0;1;0;0;0
"02/10/2012";"14:21:00";"59";"com v�tima";"179,11";"BR-393/RJ";"Sul";"Colis�o Traseira";2;0;0;0;0;0;0;0;0;0;1;1;0;0;0
"02/10/2012";"18:17:00";"79";"com v�tima";"257,48";"BR-393/RJ";"Sul";"Capotamento";1;0;0;0;0;0;0;0;0;0;0;2;0;0;0
"03/10/2012";"10:51:00";"39";"com v�tima";"177,185";"BR-393/RJ";"Norte";"Colis�o Frontal";2;0;0;0;0;0;0;0;0;0;0;0;4;0;0
"04/10/2012";"17:59:00";"76";"com v�tima";"281,45";"BR-393/RJ";"Sul";"Colis�o Transversal";1;0;0;0;0;0;0;0;0;1;0;2;0;0;0
"05/10/2012";"19:20:00";"79";"com v�tima";"248";"BR-393/RJ";"Sul";"Capotamento";1;0;0;0;0;0;0;0;0;0;0;0;1;0;0
"06/10/2012";"13:51:00";"34";"com v�tima";"135,13";"BR-393/RJ";"Sul";"Choque - Outros";1;0;0;0;0;0;0;0;0;0;0;5;0;0;0
"06/10/2012";"16:52:00";"46";"com v�tima";"175,09";"BR-393/RJ";"Sul";"Choque - Outros";0;0;0;1;0;0;0;0;0;0;0;2;0;0;0
"06/10/2012";"19:31:00";"56";"com v�tima";"217,65";"BR-393/RJ";"Norte";"Colis�o Transversal";1;0;0;0;1;0;0;0;0;0;1;3;0;0;0
"06/10/2012";"20:32:00";"59";"sem v�tima";"243,63";"BR-393/RJ";"Sul";"Tombamento";0;0;1;0;0;0;0;0;0;0;1;0;0;0;0
"07/10/2012";"14:08:00";"31";"com v�tima";"235,15";"BR-393/RJ";"Sul";"Abalroamento Sentido Oposto";1;0;0;1;0;0;0;0;0;0;1;2;0;0;0
"07/10/2012";"21:29:00";"63";"com v�tima";"221,58";"BR-393/RJ";"Sul";"Colis�o Transversal";1;0;1;0;0;0;0;0;0;0;0;3;0;1;1
"08/10/2012";"09:59:00";"35";"com v�tima";"258";"BR-393/RJ";"Sul";"Queda de Bicicleta";0;1;0;0;0;0;0;0;0;0;0;1;0;0;0
"08/10/2012";"10:31:00";"42";"sem v�tima";"195";"BR-393/RJ";"Sul";"Colis�o Traseira";0;0;2;0;0;0;0;0;0;0;2;0;0;0;0
"08/10/2012";"21:02:00";"113";"sem v�tima";"237";"BR-393/RJ";"Sul";"Atropelamento de Animal";1;0;0;0;0;0;0;0;0;0;3;0;0;0;0
"09/10/2012";"07:51:00";"14";"sem v�tima";"265,17";"BR-393/RJ";"Sul";"Colis�o Traseira";0;0;1;0;0;0;0;0;0;1;2;0;0;0;0
"09/10/2012";"09:42:00";"31";"sem v�tima";"285,49";"BR-393/RJ";"Sul";"Colis�o Lateral";1;0;1;0;0;0;0;0;0;0;2;0;0;0;0
"09/10/2012";"10:08:00";"33";"sem v�tima";"180,2";"BR-393/RJ";"Norte";"Colis�o Traseira";1;0;1;0;0;0;0;0;0;0;2;0;0;0;0
"09/10/2012";"12:25:00";"48";"com v�tima";"243,72";"BR-393/RJ";"Sul";"Tombamento";0;0;1;0;0;0;0;0;0;0;0;1;0;0;0
"10/10/2012";"06:09:00";"6";"com v�tima";"262,56";"BR-393/RJ";"Sul";"Colis�o Frontal";0;0;1;0;0;0;0;0;0;1;0;1;0;0;1
"10/10/2012";"07:36:00";"10";"com v�tima";"285,28";"BR-393/RJ";"Sul";"Colis�o Lateral";0;0;1;1;0;0;0;0;0;0;1;1;0;0;0
"10/10/2012";"20:34:00";"74";"sem v�tima";"131,28";"BR-393/RJ";"Norte";"Choque - Talude";0;0;1;0;0;0;0;0;0;0;1;0;0;0;0
"11/10/2012";"00:49:00";"2";"com v�tima";"213,38";"BR-393/RJ";"Sul";"Colis�o Frontal";0;0;2;0;0;0;0;0;0;0;0;0;0;0;2
"11/10/2012";"08:56:00";"23";"com v�tima";"124,22";"BR-393/RJ";"Norte";"Outros - Sequ�ncia";0;0;2;0;0;0;0;0;0;0;0;2;0;0;0
"11/10/2012";"18:28:00";"96";"com v�tima";"163,28";"BR-393/RJ";"Norte";"Tombamento";0;0;1;0;0;0;0;0;0;0;0;1;0;0;0
"11/10/2012";"19:00:00";"98";"com v�tima";"285,99";"BR-393/RJ";"Norte";"Atropelamento - Sem Informa��o";1;0;0;0;1;0;0;0;0;0;3;0;0;1;0
"11/10/2012";"20:51:00";"111";"com v�tima";"215,95";"BR-393/RJ";"Norte";"Colis�o Frontal";2;0;0;0;0;0;0;0;0;0;0;2;1;0;0
"12/10/2012";"05:58:00";"6";"com v�tima";"161,15";"BR-393/RJ";"Sul";"Colis�o Lateral";0;0;2;0;0;0;0;0;0;0;0;1;0;1;0
"12/10/2012";"06:22:00";"8";"com v�tima";"214,22";"BR-393/RJ";"Norte";"Colis�o Traseira";0;0;1;0;0;0;0;0;0;1;1;2;0;0;0
"12/10/2012";"07:14:00";"15";"sem v�tima";"163,43";"BR-393/RJ";"Norte";"Colis�o Traseira";2;0;0;0;0;0;0;0;0;0;6;0;0;0;0
"12/10/2012";"09:55:00";"25";"sem v�tima";"195,02";"BR-393/RJ";"Sul";"Colis�o Traseira";0;0;2;0;0;0;0;0;0;0;2;0;0;0;0
"12/10/2012";"12:08:00";"36";"com v�tima";"281,08";"BR-393/RJ";"Norte";"Capotamento";1;0;0;0;0;0;0;0;0;0;0;2;0;0;0
"13/10/2012";"17:54:00";"44";"com v�tima";"279,05";"BR-393/RJ";"Norte";"Colis�o Frontal";1;0;0;1;0;0;0;0;0;0;0;3;1;0;0
"13/10/2012";"19:23:00";"47";"com v�tima";"283,56";"BR-393/RJ";"Norte";"Colis�o Frontal";2;0;0;0;0;0;0;0;0;0;0;5;0;0;0
"13/10/2012";"23:04:00";"58";"com v�tima";"255,8";"BR-393/RJ";"Sul";"Colis�o Lateral";2;0;0;0;0;0;0;0;0;0;0;2;0;0;0
"14/10/2012";"09:01:00";"8";"sem v�tima";"281,4";"BR-393/RJ";"Sul";"Abalroamento Sentido Oposto";2;0;0;0;0;0;0;0;0;0;2;0;0;0;0
"14/10/2012";"14:30:00";"19";"sem v�tima";"123,13";"BR-393/RJ";"Norte";"Choque - Elemento de Drenagem";1;0;0;0;0;0;0;0;0;0;2;0;0;0;0
"14/10/2012";"18:01:00";"31";"com v�tima";"195,04";"BR-393/RJ";"Sul";"Colis�o Traseira";0;0;2;0;0;0;0;0;0;0;0;2;0;0;0
"14/10/2012";"21:36:00";"42";"com v�tima";"148,7";"BR-393/RJ";"Sul";"Colis�o Lateral";2;0;0;0;0;0;0;0;0;0;0;3;0;0;0
"15/10/2012";"17:40:00";"77";"com v�tima";"270,7";"BR-393/RJ";"Norte";"Colis�o Frontal";1;0;0;0;0;0;0;0;0;1;0;3;1;0;0
"16/10/2012";"06:34:00";"8";"sem v�tima";"280,18";"BR-393/RJ";"Norte";"Colis�o Lateral";0;0;0;0;1;0;0;0;0;1;2;0;0;0;0
"16/10/2012";"12:33:00";"48";"com v�tima";"268,34";"BR-393/RJ";"Norte";"Colis�o Lateral";1;0;0;1;0;0;0;0;0;0;1;0;1;0;0
"16/10/2012";"17:09:00";"70";"com v�tima";"181,97";"BR-393/RJ";"Sul";"Engavetamento";3;0;0;0;0;0;0;0;0;0;1;4;0;0;0
"17/10/2012";"07:56:00";"17";"com v�tima";"133,3";"BR-393/RJ";"Sul";"Atropelamento - Usu�rio";0;0;1;0;0;0;0;0;0;0;0;1;0;1;0
"17/10/2012";"12:08:00";"39";"com v�tima";"279";"BR-393/RJ";"Sul";"Atropelamento - Ciclista";0;1;0;1;0;0;0;0;0;0;1;0;1;0;0
"18/10/2012";"07:44:00";"12";"com v�tima";"285";"BR-393/RJ";"Sul";"Abalroamento Mesmo Sentido ";1;0;1;0;0;0;0;0;0;0;0;2;0;0;0
"19/10/2012";"03:35:00";"5";"com v�tima";"175,8";"BR-393/RJ";"Norte";"Tombamento";0;0;1;0;0;0;0;0;0;0;0;1;0;0;0
"19/10/2012";"10:33:00";"43";"com v�tima";"147,47";"BR-393/RJ";"Norte";"Outros - Sequ�ncia";0;0;1;0;1;0;0;0;0;1;2;2;0;0;0
"19/10/2012";"14:27:00";"68";"com v�tima";"243,3";"BR-393/RJ";"Norte";"Abalroamento Mesmo Sentido ";1;0;0;1;0;0;0;0;0;0;1;1;0;0;0
"19/10/2012";"21:53:00";"101";"sem v�tima";"161,8";"BR-393/RJ";"Norte";"Saida de Pista";1;0;0;0;0;0;0;0;0;0;1;0;0;0;0
"20/10/2012";"07:19:00";"7";"com v�tima";"103,115";"BR-393/RJ";"Norte";"Outros - Sequ�ncia";0;0;2;0;0;0;0;0;0;0;0;2;0;0;0
"20/10/2012";"07:49:00";"8";"com v�tima";"215,675";"BR-393/RJ";"Norte";"Colis�o Traseira";2;0;0;0;0;0;0;0;0;0;0;2;0;0;0
"20/10/2012";"11:50:00";"30";"com v�tima";"104";"BR-393/RJ";"Norte";"Abalroamento Mesmo Sentido ";1;0;0;1;0;0;0;0;0;0;3;0;1;0;0
"20/10/2012";"14:50:00";"46";"com v�tima";"140,95";"BR-393/RJ";"Norte";"Colis�o Frontal";2;0;0;0;0;0;0;0;0;0;0;1;2;0;0
"20/10/2012";"16:49:00";"61";"sem v�tima";"265,2";"BR-393/RJ";"Sul";"Colis�o Traseira";1;0;1;0;0;0;0;0;0;0;2;0;0;0;0
"20/10/2012";"22:39:00";"86";"com v�tima";"251,88";"BR-393/RJ";"Norte";"Colis�o Traseira";2;0;0;0;0;0;0;0;0;0;0;6;0;0;0
"21/10/2012";"07:39:00";"9";"com v�tima";"154,53";"BR-393/RJ";"Norte";"Queda de Moto";0;0;0;1;0;0;0;0;0;0;0;1;0;0;0
"21/10/2012";"11:02:00";"18";"sem v�tima";"255,74";"BR-393/RJ";"Sul";"Colis�o Lateral";2;0;0;0;0;0;0;0;0;0;3;0;0;0;0
"21/10/2012";"13:25:00";"24";"com v�tima";"160,91";"BR-393/RJ";"Sul";"Capotamento";1;0;0;0;0;0;0;0;0;0;0;1;0;0;0
"21/10/2012";"17:41:00";"35";"com v�tima";"151,915";"BR-393/RJ";"Sul";"Choque - Defensa, barreira ou "submarino"";0;0;1;0;0;0;0;0;0;0;0;2;0;0;0
"21/10/2012";"22:40:00";"50";"com v�tima";"156,825";"BR-393/RJ";"Norte";"Queda de Moto";0;0;0;1;0;0;0;0;0;0;0;1;0;0;0
"22/10/2012";"11:42:00";"48";"sem v�tima";"217,87";"BR-393/RJ";"Norte";"Colis�o Traseira";2;0;0;0;0;0;0;0;0;0;2;0;0;0;0
"22/10/2012";"13:06:00";"52";"com v�tima";"175,6";"BR-393/RJ";"Norte";"Abalroamento Mesmo Sentido ";0;0;0;1;0;0;0;0;0;1;1;1;0;0;0
"22/10/2012";"14:44:00";"63";"com v�tima";"219,93";"BR-393/RJ";"Sul";"Choque - Talude";1;0;0;0;0;0;0;0;0;0;0;1;0;0;0
"22/10/2012";"17:09:00";"74";"sem v�tima";"282,38";"BR-393/RJ";"Norte";"Colis�o Traseira";2;0;0;0;0;0;0;0;0;0;2;0;0;0;0
"23/10/2012";"11:52:00";"48";"com v�tima";"164,68";"BR-393/RJ";"Norte";"Tombamento";0;0;1;0;0;0;0;0;0;0;0;1;0;0;0
"23/10/2012";"15:52:00";"63";"com v�tima";"266";"BR-393/RJ";"Norte";"Capotamento";1;0;0;0;0;0;0;0;0;0;0;1;0;0;0
"25/10/2012";"11:48:00";"58";"com v�tima";"285,6";"BR-393/RJ";"Norte";"Colis�o Lateral";1;0;1;0;0;0;0;0;0;0;1;1;0;0;0
"25/10/2012";"11:53:00";"59";"sem v�tima";"215,825";"BR-393/RJ";"Norte";"Colis�o Traseira";0;0;2;0;0;0;0;0;0;0;3;0;0;0;0
"25/10/2012";"12:23:00";"63";"com v�tima";"252,42";"BR-393/RJ";"Norte";"Colis�o Transversal";1;0;1;0;0;0;0;0;0;0;3;2;0;0;0
"25/10/2012";"17:57:00";"81";"com v�tima";"241,8";"BR-393/RJ";"Sul";"Colis�o Lateral";1;0;1;0;0;0;0;0;0;0;1;1;0;0;0
"26/10/2012";"12:11:00";"50";"com v�tima";"244,28";"BR-393/RJ";"Norte";"Colis�o Traseira";1;0;1;0;0;0;0;0;0;0;1;2;0;0;0
"26/10/2012";"15:35:00";"74";"com v�tima";"242,57";"BR-393/RJ";"Sul";"Choque - Talude";1;0;0;0;0;0;0;0;0;0;0;1;0;0;0
"27/10/2012";"02:18:00";"5";"com v�tima";"139,6";"BR-393/RJ";"Sul";"Capotamento";1;0;0;0;0;0;0;0;0;0;0;1;0;0;0
"27/10/2012";"07:37:00";"17";"com v�tima";"180,31";"BR-393/RJ";"Norte";"Colis�o Traseira";2;0;0;0;0;0;0;0;0;0;0;5;0;0;0
"27/10/2012";"13:56:00";"58";"sem v�tima";"274,08";"BR-393/RJ";"Sul";"Tombamento";0;0;1;0;0;0;0;0;0;0;1;0;0;0;0
"27/10/2012";"22:13:00";"89";"com v�tima";"175,424";"BR-393/RJ";"Sul";"Saida de Pista";1;0;0;0;0;0;0;0;0;0;0;1;0;0;0
"28/10/2012";"13:38:00";"27";"sem v�tima";"273,5";"BR-393/RJ";"Sul";"Abalroamento Sentido Oposto";1;0;1;0;0;0;0;0;0;0;3;0;0;0;0
"28/10/2012";"17:01:00";"39";"com v�tima";"217,65";"BR-393/RJ";"Sul";"Colis�o Lateral";0;0;0;0;0;0;0;0;0;2;1;3;0;0;0
"28/10/2012";"19:59:00";"48";"sem v�tima";"279,9";"BR-393/RJ";"Sul";"Colis�o Lateral";2;0;0;0;0;0;0;0;0;0;2;0;0;0;0
"29/10/2012";"15:05:00";"66";"sem v�tima";"177,875";"BR-393/RJ";"Sul";"Colis�o Traseira";2;0;0;0;0;0;0;0;0;0;2;0;0;0;0
"30/10/2012";"11:35:00";"38";"com v�tima";"1,339";"Al�a Sul";"Sul";"Colis�o Traseira";1;0;1;0;0;0;0;0;0;0;2;1;0;0;0
"30/10/2012";"18:05:00";"72";"sem v�tima";"132,8";"BR-393/RJ";"Norte";"Colis�o Traseira";1;0;1;0;0;0;0;0;0;0;2;0;0;0;0
"31/10/2012";"12:20:00";"54";"sem v�tima";"106,1";"BR-393/RJ";"Norte";"Colis�o Lateral";2;0;0;0;0;0;0;0;0;0;2;0;0;0;0
"31/10/2012";"16:02:00";"78";"sem v�tima";"187,3";"BR-393/RJ";"Norte";"Colis�o Traseira";2;0;0;0;0;0;0;0;0;0;2;0;0;0;0
"31/10/2012";"16:41:00";"82";"sem v�tima";"155,4";"BR-393/RJ";"Sul";"Colis�o Traseira";2;0;0;0;0;0;0;0;0;0;2;0;0;0;0
"31/10/2012";"17:00:00";"87";"com v�tima";"278,602";"BR-393/RJ";"Sul";"Colis�o Traseira";1;0;1;0;0;0;0;0;0;0;1;0;1;0;0
"31/10/2012";"20:20:00";"101";"sem v�tima";"267,87";"BR-393/RJ";"Sul";"Saida de Pista";1;0;0;0;0;0;0;0;0;0;1;0;0;0;0
"01/11/2012";"05:15:00";"7";"com v�tima";"217,2";"BR-393/RJ";"Norte";"Atropelamento de Animal";0;0;1;0;0;0;0;0;0;0;0;1;0;0;0
"01/11/2012";"13:57:00";"46";"com v�tima";"243,665";"BR-393/RJ";"Norte";"Colis�o Traseira";1;0;1;0;0;0;0;0;0;0;2;2;0;0;0
"01/11/2012";"15:12:00";"54";"com v�tima";"232,11";"BR-393/RJ";"Norte";"Colis�o Traseira";2;0;0;0;0;0;0;0;0;0;2;2;0;0;0
"01/11/2012";"16:14:00";"59";"com v�tima";"279,3";"BR-393/RJ";"Sul";"Colis�o Lateral";1;0;0;1;0;0;0;0;0;0;1;1;0;0;0
"01/11/2012";"17:39:00";"62";"com v�tima";"286";"BR-393/RJ";"Sul";"Colis�o Transversal";2;0;0;0;0;0;0;0;0;0;2;2;0;0;0
"01/11/2012";"18:25:00";"64";"sem v�tima";"122,97";"BR-393/RJ";"Norte";"Choque - Elemento de Drenagem";1;0;0;0;0;0;0;0;0;0;1;0;0;0;0
"01/11/2012";"18:51:00";"65";"sem v�tima";"285,6";"BR-393/RJ";"Norte";"Colis�o Traseira";2;0;0;0;0;0;0;0;0;0;2;0;0;0;0
"02/11/2012";"07:17:00";"13";"com v�tima";"238,67";"BR-393/RJ";"Sul";"Colis�o Transversal";1;0;0;1;0;0;0;0;0;0;1;1;0;0;0
"02/11/2012";"10:08:00";"23";"sem v�tima";"101,9";"BR-393/RJ";"Norte";"Colis�o Traseira";2;0;0;0;0;0;0;0;0;0;3;0;0;0;0
"02/11/2012";"15:27:00";"38";"com v�tima";"238,57";"BR-393/RJ";"Sul";"Choque - Talude";1;0;0;0;0;0;0;0;0;0;1;1;0;0;0
"02/11/2012";"19:30:00";"49";"sem v�tima";"284,65";"BR-393/RJ";"Norte";"Colis�o Traseira";2;0;0;0;0;0;0;0;0;0;2;0;0;0;0
"02/11/2012";"20:40:00";"50";"sem v�tima";"243,7";"BR-393/RJ";"Sul";"Saida de Pista";1;0;0;0;0;0;0;0;0;0;1;0;0;0;0
"03/11/2012";"00:51:00";"1";"com v�tima";"236,76";"BR-393/RJ";"Norte";"Colis�o Traseira";0;0;2;0;0;0;0;0;0;0;1;1;0;0;0
"03/11/2012";"19:58:00";"46";"com v�tima";"252,28";"BR-393/RJ";"Sul";"Atropelamento - Usu�rio";1;0;0;0;0;0;0;0;0;0;1;1;0;0;0
"04/11/2012";"04:24:00";"6";"sem v�tima";"179,3";"BR-393/RJ";"Sul";"Saida de Pista";1;0;0;0;0;0;0;0;0;0;6;0;0;0;0
"04/11/2012";"17:50:00";"56";"sem v�tima";"212";"BR-393/RJ";"Sul";"Atropelamento de Animal";0;0;0;0;1;0;0;0;0;0;1;0;0;0;0
"04/11/2012";"23:42:00";"70";"com v�tima";"235";"BR-393/RJ";"Norte";"Colis�o Transversal";1;0;0;0;1;0;0;0;0;0;1;2;0;0;0
"05/11/2012";"03:00:00";"6";"com v�tima";"186,84";"BR-393/RJ";"Sul";"Colis�o Traseira";0;0;2;0;0;0;0;0;0;0;1;3;0;0;0
"05/11/2012";"03:01:00";"7";"com v�tima";"244,95";"BR-393/RJ";"Sul";"Capotamento";1;0;0;0;0;0;0;0;0;0;0;1;0;0;0
"05/11/2012";"08:50:00";"28";"com v�tima";"199,19";"BR-393/RJ";"Sul";"Engavetamento";1;0;2;0;0;0;0;0;0;0;0;7;0;0;0
"06/11/2012";"13:02:00";"47";"sem v�tima";"265,2";"BR-393/RJ";"Sul";"Colis�o Traseira";1;0;1;0;0;0;0;0;0;0;2;0;0;0;0
"06/11/2012";"20:24:00";"80";"sem v�tima";"282,46";"BR-393/RJ";"Sul";"Colis�o Traseira";1;0;1;0;0;0;0;0;0;0;2;0;0;0;0
"07/11/2012";"11:20:00";"41";"sem v�tima";"270,49";"BR-393/RJ";"Norte";"Queda de Moto";0;0;0;1;0;0;0;0;0;0;1;0;0;0;0
"07/11/2012";"14:46:00";"50";"sem v�tima";"186,85";"BR-393/RJ";"Norte";"Colis�o Transversal";0;0;2;0;0;0;0;0;0;0;3;0;0;0;0
"07/11/2012";"19:17:00";"62";"sem v�tima";"266";"BR-393/RJ";"Norte";"Colis�o Traseira";2;0;0;0;0;0;0;0;0;0;2;0;0;0;0
"08/11/2012";"05:03:00";"4";"sem v�tima";"254,17";"BR-393/RJ";"Sul";"Saida de Pista";1;0;0;0;0;0;0;0;0;0;1;0;0;0;0
"08/11/2012";"11:49:00";"48";"com v�tima";"266,2";"BR-393/RJ";"Norte";"Colis�o Traseira";2;0;0;0;0;0;0;0;0;0;0;2;0;0;0
"08/11/2012";"12:04:00";"49";"com v�tima";"285,42";"BR-393/RJ";"Norte";"Colis�o Lateral";1;0;1;0;0;0;0;0;0;0;1;1;0;0;0