fdata;horario;n_da_ocorrencia;tipo_de_ocorrencia;km;trecho;sentido;tipo_de_acidente;automovel;bicicleta;caminhao;moto;onibus;outros;tracao_animal;transporte_de_cargas_especiais;trator_maquinas;utilitarios;ilesos;levemente_feridos;moderadamente_feridos;gravemente_feridos;mortos
"09/11/2012";"12:29:00";"38";"com v�tima";"163,34";"BR-393/RJ";"Norte";"Capotamento";1;0;0;0;0;0;0;0;0;0;0;3;1;0;0
"09/11/2012";"14:58:00";"49";"com v�tima";"179";"BR-393/RJ";"Sul";"Abalroamento Mesmo Sentido ";0;0;1;1;0;0;0;0;0;0;1;0;1;0;0
"09/11/2012";"16:19:00";"54";"com v�tima";"268,9";"BR-393/RJ";"Sul";"Choque - Arvore";1;0;0;0;0;0;0;0;0;0;0;1;0;0;0
"09/11/2012";"16:26:00";"55";"com v�tima";"157,25";"BR-393/RJ";"Norte";"Capotamento";1;0;0;0;0;0;0;0;0;0;0;2;0;0;0
"09/11/2012";"19:03:00";"61";"com v�tima";"281,944";"BR-393/RJ";"Sul";"Engavetamento";3;0;0;0;0;0;0;0;0;0;0;3;0;0;0
"09/11/2012";"19:12:00";"62";"com v�tima";"151,79";"BR-393/RJ";"Sul";"Choque - Defensa, barreira ou "submarino"";0;0;1;0;0;0;0;0;0;0;0;1;0;0;0
"09/11/2012";"21:24:00";"71";"com v�tima";"286,4";"BR-393/RJ";"Norte";"Colis�o Traseira";2;0;0;0;0;0;0;0;0;0;0;2;0;0;0
"09/11/2012";"21:24:00";"70";"com v�tima";"286,4";"BR-393/RJ";"Norte";"Engavetamento";3;0;0;0;0;0;0;0;0;0;0;3;0;0;0
"10/11/2012";"06:03:00";"4";"com v�tima";"161,24";"BR-393/RJ";"Sul";"Capotamento";1;0;0;0;0;0;0;0;0;0;0;5;0;0;0
"10/11/2012";"10:35:00";"16";"sem v�tima";"286";"BR-393/RJ";"Norte";"Colis�o Traseira";1;0;0;0;1;0;0;0;0;0;2;0;0;0;0
"10/11/2012";"10:42:00";"19";"com v�tima";"208,38";"BR-393/RJ";"Norte";"Capotamento";1;0;0;0;0;0;0;0;0;0;0;2;2;0;0
"10/11/2012";"11:54:00";"23";"sem v�tima";"268,03";"BR-393/RJ";"Norte";"Saida de Pista";0;0;1;0;0;0;0;0;0;0;2;0;0;0;0
"10/11/2012";"12:48:00";"26";"sem v�tima";"106,69";"BR-393/RJ";"Norte";"Colis�o Traseira";3;0;0;0;0;0;0;0;0;0;3;0;0;0;0
"10/11/2012";"13:33:00";"30";"com v�tima";"168,77";"BR-393/RJ";"Norte";"Colis�o Lateral";1;0;1;0;0;0;0;0;0;0;1;2;0;0;0
"10/11/2012";"17:10:00";"46";"com v�tima";"213,51";"BR-393/RJ";"Norte";"Queda de Moto";0;0;0;1;0;0;0;0;0;0;0;0;1;0;0
"10/11/2012";"19:50:00";"55";"com v�tima";"215,755";"BR-393/RJ";"Norte";"Queda de Moto";0;0;0;1;0;0;0;0;0;0;0;1;0;0;0
"11/11/2012";"00:15:00";"1";"com v�tima";"281,75";"BR-393/RJ";"Sul";"Colis�o Frontal";2;0;0;0;0;0;0;0;0;0;0;2;1;0;0
"11/11/2012";"06:28:00";"10";"com v�tima";"284,48";"BR-393/RJ";"Norte";"Engavetamento";3;0;0;0;0;0;0;0;0;0;0;3;0;0;0
"11/11/2012";"07:35:00";"11";"com v�tima";"161,702";"BR-393/RJ";"Norte";"Tombamento";0;0;1;0;0;0;0;0;0;0;0;1;0;0;0
"11/11/2012";"20:23:00";"36";"com v�tima";"128";"BR-393/RJ";"Sul";"Tombamento";0;0;1;0;0;0;0;0;0;0;0;1;0;0;0
"12/11/2012";"11:45:00";"61";"com v�tima";"281,114";"BR-393/RJ";"Sul";"Abalroamento Mesmo Sentido ";1;0;0;1;0;0;0;0;0;0;1;1;0;0;0
"12/11/2012";"16:33:00";"91";"sem v�tima";"281,25";"BR-393/RJ";"Sul";"Colis�o Traseira";2;0;0;0;0;0;0;0;0;0;2;0;0;0;0
"12/11/2012";"17:14:00";"96";"com v�tima";"168,75";"BR-393/RJ";"Sul";"Colis�o Transversal";1;0;1;0;0;0;0;0;0;0;1;2;0;0;0
"12/11/2012";"17:19:00";"97";"com v�tima";"168,33";"BR-393/RJ";"Sul";"Engavetamento";2;0;1;0;0;0;0;0;0;1;2;4;0;0;0
"13/11/2012";"01:03:00";"2";"sem v�tima";"254,1";"BR-393/RJ";"Sul";"Choque - Elemento de Drenagem";0;0;1;0;0;0;0;0;0;0;1;0;0;0;0
"13/11/2012";"11:37:00";"44";"com v�tima";"285,43";"BR-393/RJ";"Norte";"Tombamento";0;0;1;0;0;0;0;0;0;0;0;1;0;0;0
"13/11/2012";"12:54:00";"46";"com v�tima";"286,4";"BR-393/RJ";"Norte";"Atropelamento - Outros";1;0;0;0;0;0;0;0;0;0;1;0;1;0;0
"13/11/2012";"13:29:00";"49";"sem v�tima";"218,62";"BR-393/RJ";"Norte";"Tombamento";0;0;1;0;0;0;0;0;0;0;1;0;0;0;0
"13/11/2012";"14:23:00";"56";"sem v�tima";"164,72";"BR-393/RJ";"Sul";"Choque - Defensa, barreira ou "submarino"";1;0;0;0;0;0;0;0;0;0;1;0;0;0;0
"14/11/2012";"02:59:00";"6";"com v�tima";"274,15";"BR-393/RJ";"Norte";"Colis�o Frontal";0;0;2;0;0;0;0;0;0;0;0;0;2;0;0
"14/11/2012";"08:30:00";"28";"sem v�tima";"283,42";"BR-393/RJ";"Norte";"Colis�o Traseira";2;0;0;0;0;0;0;0;0;0;2;0;0;0;0
"14/11/2012";"21:25:00";"80";"com v�tima";"180,75";"BR-393/RJ";"Norte";"Atropelamento - Usu�rio";1;0;1;0;0;0;0;0;0;0;1;0;0;1;0
"15/11/2012";"04:10:00";"10";"com v�tima";"261,89";"BR-393/RJ";"Sul";"Colis�o Frontal";2;0;0;0;0;0;0;0;0;0;0;0;2;5;1
"15/11/2012";"07:07:00";"11";"sem v�tima";"272,42";"BR-393/RJ";"Sul";"Abalroamento Sentido Oposto";1;0;1;0;0;0;0;0;0;0;2;0;0;0;0
"15/11/2012";"08:17:00";"14";"com v�tima";"249,59";"BR-393/RJ";"Norte";"Colis�o Lateral";2;0;0;0;0;0;0;0;0;0;0;0;2;0;5
"15/11/2012";"09:03:00";"16";"sem v�tima";"177,71";"BR-393/RJ";"Norte";"Engavetamento";3;0;0;0;0;0;0;0;0;0;8;0;0;0;0
"16/11/2012";"09:43:00";"34";"sem v�tima";"257,59";"BR-393/RJ";"Norte";"Saida de Pista";1;0;0;0;0;0;0;0;0;0;2;0;0;0;0
"16/11/2012";"17:07:00";"70";"sem v�tima";"201,915";"BR-393/RJ";"Norte";"Choque - Elemento de Drenagem";1;0;0;0;0;0;0;0;0;0;1;0;0;0;0
"16/11/2012";"18:42:00";"73";"com v�tima";"147,09";"BR-393/RJ";"Sul";"Colis�o Frontal";1;0;1;0;0;0;0;0;0;0;0;1;1;0;0
"17/11/2012";"06:50:00";"18";"com v�tima";"157,95";"BR-393/RJ";"Norte";"Tombamento";0;0;1;0;0;0;0;0;0;0;0;1;0;0;0
"17/11/2012";"19:14:00";"75";"sem v�tima";"155,58";"BR-393/RJ";"Sul";"Outros";0;0;1;0;0;0;0;0;0;0;1;0;0;0;0
"17/11/2012";"20:15:00";"79";"sem v�tima";"251,31";"BR-393/RJ";"Norte";"Atropelamento de Animal";1;0;0;0;0;0;0;0;0;0;2;0;0;0;0
"19/11/2012";"09:04:00";"29";"sem v�tima";"173,87";"BR-393/RJ";"Sul";"Colis�o Traseira";2;0;0;0;0;0;0;0;0;0;2;0;0;0;0
"19/11/2012";"12:36:00";"48";"com v�tima";"171,5";"BR-393/RJ";"Sul";"Colis�o Lateral";1;0;1;1;0;0;0;0;0;0;1;1;1;0;0
"19/11/2012";"16:42:00";"62";"com v�tima";"285,39";"BR-393/RJ";"Norte";"Choque - Defensa, barreira ou "submarino"";1;0;0;0;0;0;0;0;0;0;0;1;0;0;0
"19/11/2012";"22:15:00";"84";"com v�tima";"280,23";"BR-393/RJ";"Sul";"Colis�o Lateral";2;0;0;0;0;0;0;0;0;0;1;4;0;0;0
"20/11/2012";"08:48:00";"24";"sem v�tima";"266,69";"BR-393/RJ";"Norte";"Saida de Pista";1;0;0;0;0;0;0;0;0;0;1;0;0;0;0
"20/11/2012";"09:34:00";"29";"sem v�tima";"246";"BR-393/RJ";"Norte";"Choque - Defensa, barreira ou "submarino"";0;0;1;0;0;0;0;0;0;0;1;0;0;0;0
"20/11/2012";"10:35:00";"33";"com v�tima";"151,752";"BR-393/RJ";"Sul";"Tombamento";0;0;1;0;0;0;0;0;0;0;0;2;0;0;0
"21/11/2012";"08:53:00";"27";"sem v�tima";"278,31";"BR-393/RJ";"Sul";"Colis�o Traseira";2;0;0;0;0;0;0;0;0;0;2;0;0;0;0
"22/11/2012";"00:07:00";"1";"com v�tima";"157,47";"BR-393/RJ";"Norte";"Queda de Moto";0;0;0;1;0;0;0;0;0;0;1;1;0;0;0
"22/11/2012";"11:11:00";"44";"com v�tima";"280,65";"BR-393/RJ";"Sul";"Tombamento";0;0;1;0;0;0;0;0;0;0;0;2;0;0;0
"22/11/2012";"22:40:00";"84";"sem v�tima";"197,82";"BR-393/RJ";"Norte";"Atropelamento de Animal";1;0;0;0;0;0;0;0;0;0;1;0;0;0;0
"23/11/2012";"00:34:00";"11";"sem v�tima";"144,5";"BR-393/RJ";"Norte";"Atropelamento de Animal";0;0;1;0;0;0;0;0;0;0;1;0;0;0;0
"23/11/2012";"10:19:00";"43";"sem v�tima";"242,7";"BR-393/RJ";"Norte";"Colis�o Traseira";1;0;1;0;0;0;0;0;0;0;2;0;0;0;0
"23/11/2012";"15:01:00";"65";"sem v�tima";"229,77";"BR-393/RJ";"Norte";"Colis�o Traseira";1;0;1;0;0;0;0;0;0;0;2;0;0;0;0
"23/11/2012";"16:50:00";"71";"sem v�tima";"283,23";"BR-393/RJ";"Sul";"Colis�o Traseira";2;0;0;0;0;0;0;0;0;0;2;0;0;0;0
"23/11/2012";"16:54:00";"73";"sem v�tima";"195";"BR-393/RJ";"Norte";"Colis�o Traseira";1;0;1;0;0;0;0;0;0;0;2;0;0;0;0
"23/11/2012";"18:49:00";"81";"com v�tima";"268,34";"BR-393/RJ";"Norte";"Queda de Moto";0;0;0;1;0;0;0;0;0;0;0;1;0;0;0
"23/11/2012";"20:09:00";"88";"com v�tima";"281,4";"BR-393/RJ";"Sul";"Colis�o Lateral";1;0;0;1;0;0;0;0;0;0;0;2;0;0;0
"24/11/2012";"08:22:00";"29";"com v�tima";"231,311";"BR-393/RJ";"Sul";"Capotamento";1;0;0;0;0;0;0;0;0;0;0;1;0;0;0
"24/11/2012";"17:40:00";"79";"sem v�tima";"286";"BR-393/RJ";"Norte";"Colis�o Traseira";2;0;0;0;0;0;0;0;0;0;2;0;0;0;0
"24/11/2012";"17:46:00";"80";"sem v�tima";"286,4";"BR-393/RJ";"Norte";"Engavetamento";3;0;0;0;0;0;0;0;0;0;3;0;0;0;0
"24/11/2012";"21:12:00";"91";"sem v�tima";"160,73";"BR-393/RJ";"Sul";"Outros";0;0;1;0;0;0;0;0;0;0;1;0;0;0;0
"24/11/2012";"21:42:00";"93";"com v�tima";"169";"BR-393/RJ";"Sul";"Atropelamento - Usu�rio";1;0;0;0;0;0;0;0;0;0;1;0;1;0;0
"24/11/2012";"21:57:00";"95";"sem v�tima";"284,3";"BR-393/RJ";"Sul";"Saida de Pista";1;0;0;0;0;0;0;0;0;0;1;0;0;0;0
"24/11/2012";"22:23:00";"97";"sem v�tima";"284,91";"BR-393/RJ";"Norte";"Colis�o Traseira";2;0;0;0;0;0;0;0;0;0;3;0;0;0;0
"25/11/2012";"09:52:00";"32";"sem v�tima";"125,68";"BR-393/RJ";"Norte";"Colis�o Traseira";0;0;2;0;0;0;0;0;0;0;2;0;0;0;0
"25/11/2012";"15:38:00";"47";"sem v�tima";"218";"BR-393/RJ";"Norte";"Saida de Pista";0;0;0;0;0;0;0;0;0;1;1;0;0;0;0
"25/11/2012";"21:29:00";"64";"com v�tima";"236,79";"BR-393/RJ";"Sul";"Colis�o Transversal";2;0;0;0;0;0;0;0;0;0;3;8;0;0;0
"26/11/2012";"15:55:00";"64";"sem v�tima";"169,59";"BR-393/RJ";"Norte";"Colis�o Traseira";0;0;0;1;1;0;0;0;0;0;2;0;0;0;0
"27/11/2012";"08:51:00";"23";"sem v�tima";"103,66";"BR-393/RJ";"Norte";"Colis�o Traseira";0;0;2;0;0;0;0;0;0;0;2;0;0;0;0
"27/11/2012";"12:16:00";"42";"com v�tima";"124,45";"BR-393/RJ";"Norte";"Tombamento";0;0;1;0;0;0;0;0;0;0;0;0;2;1;0
"28/11/2012";"11:37:00";"50";"com v�tima";"236,55";"BR-393/RJ";"Norte";"Abalroamento Mesmo Sentido ";2;0;0;0;0;0;0;0;0;0;2;1;0;0;0
"28/11/2012";"14:27:00";"68";"com v�tima";"248";"BR-393/RJ";"Norte";"Queda de Moto";0;0;0;1;0;0;0;0;0;0;0;1;0;0;0
"28/11/2012";"20:50:00";"88";"sem v�tima";"179";"BR-393/RJ";"Sul";"Queda de Moto";0;0;0;1;0;0;0;0;0;0;1;0;0;0;0
"29/11/2012";"06:34:00";"19";"com v�tima";"225,69";"BR-393/RJ";"Norte";"Tombamento";0;0;1;0;0;0;0;0;0;0;0;1;0;0;1
"29/11/2012";"11:59:00";"48";"sem v�tima";"128,17";"BR-393/RJ";"Norte";"Engavetamento";3;0;0;0;0;0;0;0;0;0;6;0;0;0;0
"30/11/2012";"05:27:00";"10";"sem v�tima";"244,85";"BR-393/RJ";"Sul";"Atropelamento de Animal";1;0;0;0;0;0;0;0;0;0;1;0;0;0;0
"30/11/2012";"11:21:00";"44";"com v�tima";"243,98";"BR-393/RJ";"Sul";"Colis�o Traseira";1;0;1;0;0;0;0;0;0;0;1;1;0;0;0
"30/11/2012";"17:04:00";"70";"com v�tima";"274,12";"BR-393/RJ";"Sul";"Tombamento";0;0;1;0;0;0;0;0;0;0;0;1;0;0;0
"30/11/2012";"22:01:00";"90";"com v�tima";"280,05";"BR-393/RJ";"Norte";"Colis�o Frontal";2;0;0;1;0;0;0;0;0;0;1;1;1;0;0
"01/12/2012";"11:46:00";"40";"sem v�tima";"285,5";"BR-393/RJ";"Norte";"Abalroamento Mesmo Sentido ";1;0;1;0;0;0;0;0;0;0;2;0;0;0;0
"01/12/2012";"19:06:00";"50";"com v�tima";"178,65";"BR-393/RJ";"Norte";"Queda de Moto";0;0;0;1;0;0;0;0;0;0;0;1;0;0;0
"02/12/2012";"02:14:00";"14";"sem v�tima";"104,72";"BR-393/RJ";"Norte";"Saida de Pista";1;0;0;0;0;0;0;0;0;0;2;0;0;0;0
"02/12/2012";"08:38:00";"27";"com v�tima";"140,87";"BR-393/RJ";"Norte";"Capotamento";1;0;0;0;0;0;0;0;0;0;0;2;0;0;0
"02/12/2012";"20:20:00";"69";"com v�tima";"281,45";"BR-393/RJ";"Sul";"Colis�o Frontal";1;0;0;1;0;0;0;0;0;0;1;2;0;0;0
"03/12/2012";"07:20:00";"19";"com v�tima";"206,128";"BR-393/RJ";"Sul";"Colis�o Traseira";1;0;0;1;0;0;0;0;0;0;1;1;0;0;0
"03/12/2012";"07:50:00";"18";"com v�tima";"218,168";"BR-393/RJ";"Norte";"Abalroamento Sentido Oposto";0;0;1;0;0;0;0;0;0;1;0;1;1;0;0
"03/12/2012";"12:46:00";"54";"com v�tima";"260,15";"BR-393/RJ";"Norte";"Saida de Pista";0;0;0;0;0;0;0;0;0;1;0;1;0;0;0
"04/12/2012";"15:32:00";"58";"com v�tima";"155,46";"BR-393/RJ";"Norte";"Tombamento";0;0;1;0;0;0;0;0;0;0;0;1;0;0;0
"05/12/2012";"12:53:00";"44";"com v�tima";"266,38";"BR-393/RJ";"Sul";"Colis�o Lateral";2;0;0;0;0;0;0;0;0;0;0;2;0;0;1
"06/12/2012";"14:24:00";"52";"sem v�tima";"133,906";"BR-393/RJ";"Norte";"Engavetamento";1;0;1;0;1;0;0;0;0;0;3;0;0;0;0
"06/12/2012";"17:06:00";"64";"com v�tima";"177,67";"BR-393/RJ";"Norte";"Colis�o Lateral";0;0;0;1;1;0;0;0;0;0;3;1;0;0;0
"06/12/2012";"21:05:00";"85";"com v�tima";"278,6";"BR-393/RJ";"Sul";"Engavetamento";3;0;0;0;0;0;0;0;0;0;2;2;0;0;0
"07/12/2012";"08:00:00";"20";"com v�tima";"284";"BR-393/RJ";"Norte";"Colis�o Traseira";1;0;1;0;0;0;0;0;0;0;1;1;0;0;0
"07/12/2012";"13:25:00";"52";"com v�tima";"179,78";"BR-393/RJ";"Norte";"Colis�o Lateral";0;0;1;1;0;0;0;0;0;0;1;0;0;0;1
"07/12/2012";"16:48:00";"66";"com v�tima";"283,39";"BR-393/RJ";"Norte";"Abalroamento Sentido Oposto";0;0;2;0;0;0;0;0;0;0;0;2;0;0;0
"07/12/2012";"17:22:00";"71";"com v�tima";"284,22";"BR-393/RJ";"Sul";"Colis�o Traseira";1;0;0;0;0;0;0;0;0;1;0;2;0;0;0
"07/12/2012";"19:46:00";"80";"com v�tima";"217,11";"BR-393/RJ";"Norte";"Colis�o Lateral";0;0;0;2;0;0;0;0;0;0;0;1;1;0;0
"08/12/2012";"10:14:00";"24";"sem v�tima";"249,81";"BR-393/RJ";"Norte";"Colis�o Traseira";2;0;0;0;0;0;0;0;0;0;4;0;0;0;0
"08/12/2012";"16:17:00";"45";"sem v�tima";"105,78";"BR-393/RJ";"Norte";"Colis�o Lateral";0;0;0;0;1;0;0;0;0;1;3;0;0;0;0
"08/12/2012";"17:40:00";"50";"com v�tima";"279,25";"BR-393/RJ";"Sul";"Abalroamento Sentido Oposto";1;0;0;1;0;0;0;0;0;0;0;2;1;0;0
"08/12/2012";"18:28:00";"53";"com v�tima";"196,77";"BR-393/RJ";"Sul";"Choque - Defensa, barreira ou "submarino"";1;0;0;0;0;0;0;0;0;0;0;3;0;0;0
"08/12/2012";"22:02:00";"68";"com v�tima";"181,1";"BR-393/RJ";"Sul";"Queda de Moto";0;0;0;1;0;0;0;0;0;0;0;0;1;0;1
"08/12/2012";"23:39:00";"70";"com v�tima";"284,2";"BR-393/RJ";"Sul";"Abalroamento Sentido Oposto";2;0;0;0;0;0;0;0;0;0;0;2;0;0;0
"09/12/2012";"11:24:00";"32";"com v�tima";"198,747";"BR-393/RJ";"Sul";"Colis�o Lateral";1;0;1;0;0;0;0;0;0;0;0;1;0;0;1
"09/12/2012";"17:41:00";"45";"com v�tima";"165,2";"BR-393/RJ";"Sul";"Choque - Suporte de Sinaliza��o";1;0;0;0;0;0;0;0;0;0;0;1;0;0;0
"09/12/2012";"20:04:00";"49";"sem v�tima";"178,8";"BR-393/RJ";"Norte";"Colis�o Lateral";2;0;0;0;0;0;0;0;0;0;3;0;0;0;0
"09/12/2012";"20:26:00";"51";"sem v�tima";"284,2";"BR-393/RJ";"Norte";"Saida de Pista";1;0;0;0;0;0;0;0;0;0;1;0;0;0;0
"10/12/2012";"07:28:00";"24";"com v�tima";"243,789";"BR-393/RJ";"Sul";"Colis�o Traseira";0;0;2;0;0;0;0;0;0;0;1;0;0;1;0
"10/12/2012";"19:21:00";"84";"com v�tima";"171,47";"BR-393/RJ";"Norte";"Tombamento";0;0;1;0;0;0;0;0;0;0;0;1;0;0;0
"10/12/2012";"21:19:00";"91";"com v�tima";"169,46";"BR-393/RJ";"Sul";"Atropelamento de Animal";1;0;0;0;0;0;0;0;0;0;0;1;0;0;0
"10/12/2012";"23:00:00";"94";"sem v�tima";"279,87";"BR-393/RJ";"Norte";"Engavetamento";1;0;1;0;1;0;0;0;0;0;3;0;0;0;0
"11/12/2012";"00:39:00";"3";"com v�tima";"1,558";"Al�a Sul";"Norte";"Atropelamento de Animal";0;0;0;1;0;0;0;0;0;0;0;0;1;0;0
"11/12/2012";"04:58:00";"11";"com v�tima";"254,12";"BR-393/RJ";"Sul";"Saida de Pista";0;0;1;0;0;0;0;0;0;0;0;1;0;0;0
"11/12/2012";"05:49:00";"21";"com v�tima";"143,45";"BR-393/RJ";"Norte";"Capotamento";0;0;1;0;0;0;0;0;0;0;0;1;0;0;0
"11/12/2012";"11:32:00";"46";"sem v�tima";"156,47";"BR-393/RJ";"Norte";"Colis�o Lateral";1;0;0;0;0;0;0;0;0;1;2;0;0;0;0
"11/12/2012";"18:24:00";"87";"com v�tima";"246,1";"BR-393/RJ";"Norte";"Saida de Pista";1;0;0;0;0;0;0;0;0;0;0;1;0;0;0
"11/12/2012";"19:18:00";"91";"com v�tima";"283,4";"BR-393/RJ";"Norte";"Engavetamento";3;0;0;0;0;0;0;0;0;0;2;1;0;0;0
"11/12/2012";"19:27:00";"92";"com v�tima";"178,58";"BR-393/RJ";"Sul";"Choque - Elemento de Drenagem";1;0;0;0;0;0;0;0;0;0;0;2;0;0;0
"11/12/2012";"19:46:00";"94";"com v�tima";"132,6";"BR-393/RJ";"Sul";"Atropelamento - Usu�rio";0;0;0;1;0;0;0;0;0;0;1;1;0;0;0
"11/12/2012";"21:05:00";"97";"sem v�tima";"285,5";"BR-393/RJ";"Sul";"Colis�o Transversal";1;0;1;0;0;0;0;0;0;0;2;0;0;0;0
"11/12/2012";"21:23:00";"98";"sem v�tima";"170,09";"BR-393/RJ";"Norte";"Atropelamento de Animal";0;0;1;0;0;0;0;0;0;0;1;0;0;0;0
"12/12/2012";"21:36:00";"82";"com v�tima";"114,45";"BR-393/RJ";"Norte";"Saida de Pista";1;0;0;0;0;0;0;0;0;0;0;2;0;0;0
"13/12/2012";"12:21:00";"40";"com v�tima";"286";"BR-393/RJ";"Sul";"Engavetamento";3;0;0;0;0;0;0;0;0;0;2;1;0;0;0
"13/12/2012";"13:00:00";"42";"com v�tima";"285,5";"BR-393/RJ";"Sul";"Colis�o Traseira";1;0;1;0;0;0;0;0;0;0;2;1;0;0;0
"13/12/2012";"22:51:00";"73";"com v�tima";"169,77";"BR-393/RJ";"Norte";"Abalroamento Mesmo Sentido ";1;0;0;1;0;0;0;0;0;0;2;1;0;0;0
"14/12/2012";"07:44:00";"25";"sem v�tima";"128,89";"BR-393/RJ";"Sul";"Choque - Talude";0;0;1;0;0;0;0;0;0;0;1;0;0;0;0
"14/12/2012";"16:00:00";"73";"com v�tima";"220,79";"BR-393/RJ";"Norte";"Outros - Sequ�ncia";0;0;1;1;0;0;0;0;0;0;0;1;0;0;2
"15/12/2012";"00:53:00";"6";"com v�tima";"131,3";"BR-393/RJ";"Sul";"Abalroamento Sentido Oposto";0;0;2;0;0;0;0;0;0;0;0;4;0;0;0
"15/12/2012";"05:32:00";"10";"sem v�tima";"285,2";"BR-393/RJ";"Sul";"Saida de Pista";1;0;0;0;0;0;0;0;0;0;1;0;0;0;0
"15/12/2012";"08:15:00";"26";"com v�tima";"143,47";"BR-393/RJ";"Norte";"Tombamento";0;0;1;0;0;0;0;0;0;0;0;1;0;0;0
"15/12/2012";"10:56:00";"39";"sem v�tima";"219,4";"BR-393/RJ";"Sul";"Colis�o Lateral";1;0;1;0;0;0;0;0;0;0;2;0;0;0;0
"15/12/2012";"11:30:00";"42";"sem v�tima";"106,8";"BR-393/RJ";"Norte";"Colis�o Lateral";1;0;1;0;0;0;0;0;0;0;2;0;0;0;0
"15/12/2012";"12:49:00";"46";"sem v�tima";"242,6";"BR-393/RJ";"Norte";"Colis�o Traseira";0;0;2;0;0;0;0;0;0;0;2;0;0;0;0
"15/12/2012";"18:41:00";"70";"com v�tima";"265,5";"BR-393/RJ";"Norte";"Colis�o Traseira";1;0;0;0;0;0;0;0;0;1;0;2;0;0;0
"15/12/2012";"19:51:00";"73";"com v�tima";"264,5";"BR-393/RJ";"Norte";"Queda de Bicicleta";0;1;0;0;0;0;0;0;0;0;0;1;0;0;0
"16/12/2012";"11:09:00";"25";"com v�tima";"257,95";"BR-393/RJ";"Sul";"Outros - Sequ�ncia";0;0;1;0;1;0;0;0;0;0;0;4;4;0;0
"16/12/2012";"13:02:00";"28";"com v�tima";"220,47";"BR-393/RJ";"Norte";"Saida de Pista";1;0;0;0;0;0;0;0;0;0;0;1;0;0;0
"16/12/2012";"18:05:00";"42";"sem v�tima";"252";"BR-393/RJ";"Sul";"Colis�o Traseira";2;0;0;0;0;0;0;0;0;0;2;0;0;0;0
"16/12/2012";"20:35:00";"52";"com v�tima";"265,18";"BR-393/RJ";"Sul";"Colis�o Traseira";1;0;0;0;1;0;0;0;0;0;0;2;0;0;0
"17/12/2012";"17:18:00";"69";"com v�tima";"157,67";"BR-393/RJ";"Norte";"Colis�o Frontal";2;0;0;0;0;0;0;0;0;0;0;4;1;0;0
"18/12/2012";"11:12:00";"60";"com v�tima";"200,1";"BR-393/RJ";"Sul";"Colis�o Traseira";1;0;1;0;0;0;0;0;0;0;1;1;0;0;0
"18/12/2012";"20:00:00";"111";"sem v�tima";"285,5";"BR-393/RJ";"Sul";"Abalroamento Mesmo Sentido ";1;0;1;0;0;0;0;0;0;0;2;0;0;0;0
"18/12/2012";"20:28:00";"113";"com v�tima";"235,53";"BR-393/RJ";"Norte";"Colis�o Transversal";1;0;0;1;0;0;0;0;0;0;1;1;0;0;0
"18/12/2012";"21:35:00";"122";"sem v�tima";"242,2";"BR-393/RJ";"Norte";"Atropelamento de Animal";1;0;0;0;0;0;0;0;0;0;1;0;0;0;0
"19/12/2012";"15:16:00";"72";"com v�tima";"125,2";"BR-393/RJ";"Norte";"Queda de Moto";0;0;0;1;0;0;0;0;0;0;0;1;0;0;0
"19/12/2012";"16:35:00";"77";"com v�tima";"168,77";"BR-393/RJ";"Sul";"Colis�o Transversal";0;0;0;1;1;0;0;0;0;0;29;0;1;0;0
"19/12/2012";"18:27:00";"85";"sem v�tima";"282,1";"BR-393/RJ";"Sul";"Colis�o Traseira";1;0;1;0;0;0;0;0;0;0;2;0;0;0;0
"19/12/2012";"19:38:00";"89";"com v�tima";"195,05";"BR-393/RJ";"Sul";"Choque - Defensa, barreira ou "submarino"";1;0;0;0;0;0;0;0;0;0;0;1;0;0;0
"20/12/2012";"07:58:00";"18";"com v�tima";"285,14";"BR-393/RJ";"Norte";"Colis�o Lateral";1;0;1;0;0;0;0;0;0;0;1;2;0;0;0
"20/12/2012";"08:07:00";"20";"com v�tima";"189,84";"BR-393/RJ";"Norte";"Colis�o Lateral";2;0;0;0;0;0;0;0;0;0;0;5;0;0;0
"20/12/2012";"10:02:00";"29";"sem v�tima";"266,79";"BR-393/RJ";"Norte";"Colis�o Lateral";0;0;2;0;0;0;0;0;0;0;4;0;0;0;0
"20/12/2012";"11:35:00";"37";"com v�tima";"155,55";"BR-393/RJ";"Norte";"Tombamento";0;0;1;0;0;0;0;0;0;0;0;1;0;0;0
"20/12/2012";"16:00:00";"50";"com v�tima";"168,53";"BR-393/RJ";"Sul";"Colis�o Lateral";1;0;0;1;0;0;0;0;0;0;1;1;0;0;0
"21/12/2012";"08:15:00";"28";"com v�tima";"103,68";"BR-393/RJ";"Norte";"Colis�o Traseira";2;0;0;0;0;0;0;0;0;0;0;5;0;0;0
"21/12/2012";"11:44:00";"41";"com v�tima";"278,43";"BR-393/RJ";"Sul";"Colis�o Traseira";2;0;0;0;0;0;0;0;0;0;2;1;0;0;0
"21/12/2012";"12:08:00";"43";"com v�tima";"177,31";"BR-393/RJ";"Norte";"Engavetamento";3;0;0;0;0;0;0;0;0;0;1;2;0;0;0
"21/12/2012";"15:22:00";"58";"com v�tima";"168,81";"BR-393/RJ";"Sul";"Colis�o Lateral";0;0;1;1;0;0;0;0;0;0;1;0;1;0;0
"21/12/2012";"15:50:00";"60";"sem v�tima";"212,36";"BR-393/RJ";"Norte";"Colis�o Traseira";2;0;0;0;0;0;0;0;0;0;2;0;0;0;0
"21/12/2012";"16:02:00";"62";"sem v�tima";"265,26";"BR-393/RJ";"Norte";"Colis�o Traseira";1;0;1;0;0;0;0;0;0;0;4;0;0;0;0
"22/12/2012";"02:08:00";"11";"com v�tima";"143";"BR-393/RJ";"Norte";"Queda de Moto";0;0;0;1;0;0;0;0;0;0;0;0;1;0;0