fdata;horario;n_da_ocorrencia;tipo_de_ocorrencia;km;trecho;sentido;tipo_de_acidente;automovel;bicicleta;caminhao;moto;onibus;outros;tracao_animal;transporte_de_cargas_especiais;trator_maquinas;utilitarios;ilesos;levemente_feridos;moderadamente_feridos;gravemente_feridos;mortos
"18/05/2013";"12:37:00";"27";"sem v�tima";"286,2";"BR-393/RJ";"Norte";"Colis�o Traseira";2;0;0;0;0;0;0;0;0;0;2;0;0;0;0
"19/05/2013";"00:13:00";"9";"com v�tima";"160,79";"BR-393/RJ";"Norte";"Outros - Sequ�ncia";2;0;0;0;0;0;0;0;0;2;3;3;1;0;0
"19/05/2013";"04:58:00";"15";"com v�tima";"139,54";"BR-393/RJ";"Norte";"Choque - Arvore";1;0;0;0;0;0;0;0;0;0;0;2;0;0;0
"19/05/2013";"19:54:00";"56";"sem v�tima";"171,53";"BR-393/RJ";"Sul";"Saida de Pista";0;0;1;0;0;0;0;0;0;0;1;0;0;0;0
"20/05/2013";"11:09:00";"40";"sem v�tima";"242,84";"BR-393/RJ";"Sul";"Saida de Pista";0;0;1;0;0;0;0;0;0;0;1;0;0;0;0
"21/05/2013";"03:07:00";"4";"com v�tima";"193,29";"BR-393/RJ";"Norte";"Queda de Moto";0;0;0;1;0;0;0;0;0;0;0;1;0;0;0
"21/05/2013";"09:18:00";"18";"com v�tima";"250,2";"BR-393/RJ";"Norte";"Colis�o Traseira";2;0;0;0;0;0;0;0;0;0;0;2;0;0;0
"21/05/2013";"12:55:00";"41";"com v�tima";"3,0015";"Al�a Sul";"Norte";"Choque - Veiculo parado no acostamento";1;1;0;0;0;0;0;0;0;0;1;1;0;0;0
"21/05/2013";"13:01:00";"42";"com v�tima";"135,84";"BR-393/RJ";"Norte";"Colis�o Traseira";1;0;1;0;0;0;0;0;0;0;1;1;0;0;0
"21/05/2013";"18:06:00";"58";"com v�tima";"281,07";"BR-393/RJ";"Norte";"Colis�o Transversal";1;0;0;1;0;0;0;0;0;0;1;1;0;0;0
"21/05/2013";"21:05:00";"67";"com v�tima";"244,43";"BR-393/RJ";"Norte";"Atropelamento de Animal";1;0;0;0;0;0;0;0;0;0;0;1;0;0;0
"22/05/2013";"07:18:00";"22";"com v�tima";"285,52";"BR-393/RJ";"Sul";"Abalroamento Mesmo Sentido ";1;0;1;0;0;0;0;0;0;0;0;2;0;0;0
"22/05/2013";"09:05:00";"27";"com v�tima";"205,77";"BR-393/RJ";"Sul";"Colis�o Traseira";0;0;1;0;1;0;0;0;0;0;1;1;0;0;0
"22/05/2013";"13:25:00";"44";"sem v�tima";"217,62";"BR-393/RJ";"Sul";"Queda de Moto";0;0;0;1;0;0;0;0;0;0;1;0;0;0;0
"22/05/2013";"17:26:00";"57";"com v�tima";"253,67";"BR-393/RJ";"Norte";"Colis�o Traseira";0;0;2;0;0;0;0;0;0;0;1;0;2;0;0
"23/05/2013";"08:02:00";"14";"com v�tima";"180,78";"BR-393/RJ";"Norte";"Colis�o Frontal";2;0;1;0;0;0;0;0;0;1;0;5;0;0;1
"23/05/2013";"11:10:00";"20";"sem v�tima";"241";"BR-393/RJ";"Sul";"Engavetamento";2;0;1;0;0;0;0;0;0;0;5;0;0;0;0
"23/05/2013";"23:29:00";"79";"com v�tima";"286";"BR-393/RJ";"Norte";"Colis�o Traseira";2;0;0;0;0;0;0;0;0;0;1;1;0;0;0
"24/05/2013";"18:19:00";"72";"sem v�tima";"254,122";"BR-393/RJ";"Sul";"Saida de Pista";1;0;0;0;0;0;0;0;0;0;1;0;0;0;0
"24/05/2013";"18:44:00";"75";"sem v�tima";"285,8";"BR-393/RJ";"Norte";"Colis�o Traseira";3;0;0;0;0;0;0;0;0;0;3;0;0;0;0
"25/05/2013";"23:48:00";"46";"com v�tima";"286,3";"BR-393/RJ";"Sul";"Engavetamento";2;0;0;0;0;0;0;0;0;1;0;4;0;0;0
"26/05/2013";"06:31:00";"18";"sem v�tima";"172,23";"BR-393/RJ";"Sul";"Capotamento";1;0;0;0;0;0;0;0;0;0;2;0;0;0;0
"26/05/2013";"12:34:00";"32";"sem v�tima";"103,13";"BR-393/RJ";"Norte";"Colis�o Traseira";2;0;0;0;0;0;0;0;0;0;2;0;0;0;0
"26/05/2013";"13:11:00";"34";"com v�tima";"274";"BR-393/RJ";"Sul";"Abalroamento Mesmo Sentido ";1;0;1;0;0;0;0;0;0;0;3;1;0;0;0
"26/05/2013";"20:03:00";"59";"com v�tima";"229,81";"BR-393/RJ";"Sul";"Choque - Talude";1;0;0;0;0;0;0;0;0;0;0;2;0;0;0
"26/05/2013";"22:38:00";"63";"sem v�tima";"261,388";"BR-393/RJ";"Sul";"Atropelamento de Animal";1;0;0;0;0;0;0;0;0;0;1;0;0;0;0
"27/05/2013";"12:25:00";"48";"sem v�tima";"106,49";"BR-393/RJ";"Norte";"Colis�o Traseira";2;0;0;0;0;0;0;0;0;0;2;0;0;0;0
"27/05/2013";"21:35:00";"95";"sem v�tima";"115,05";"BR-393/RJ";"Norte";"Tombamento";0;0;1;0;0;0;0;0;0;0;1;0;0;0;0
"28/05/2013";"16:57:00";"79";"sem v�tima";"282";"BR-393/RJ";"Sul";"Atropelamento - Ciclista";1;1;0;0;0;0;0;0;0;0;2;0;0;0;0
"28/05/2013";"19:41:00";"86";"sem v�tima";"216,462";"BR-393/RJ";"Sul";"Saida de Pista";0;0;1;0;0;0;0;0;0;0;1;0;0;0;0
"28/05/2013";"20:53:00";"91";"com v�tima";"128,498";"BR-393/RJ";"Sul";"Colis�o Lateral";0;0;3;0;0;0;0;0;0;0;0;3;0;0;0
"29/05/2013";"19:01:00";"62";"com v�tima";"175,98";"BR-393/RJ";"Sul";"Queda de Moto";0;0;0;1;0;0;0;0;0;0;0;2;0;0;0
"29/05/2013";"20:01:00";"65";"com v�tima";"285,5";"BR-393/RJ";"Norte";"Colis�o Traseira";1;0;0;0;1;0;0;0;0;0;1;2;0;0;0
"29/05/2013";"20:57:00";"72";"sem v�tima";"122,07";"BR-393/RJ";"Norte";"Atropelamento de Animal";1;0;0;0;0;0;0;0;0;0;4;0;0;0;0
"30/05/2013";"04:14:00";"16";"com v�tima";"134,6";"BR-393/RJ";"Norte";"Choque - Outros";1;0;0;0;0;0;0;0;0;0;0;0;1;0;0
"30/05/2013";"05:59:00";"17";"com v�tima";"204,09";"BR-393/RJ";"Sul";"Colis�o Transversal";2;0;0;0;0;0;0;0;0;0;0;7;0;0;0
"30/05/2013";"06:53:00";"18";"sem v�tima";"207,77";"BR-393/RJ";"Sul";"Abalroamento Sentido Oposto";1;0;1;0;0;0;0;0;0;0;2;0;0;0;0
"30/05/2013";"07:42:00";"19";"com v�tima";"195,05";"BR-393/RJ";"Norte";"Colis�o Traseira";1;0;1;0;0;0;0;0;0;0;4;1;0;0;0
"31/05/2013";"01:39:00";"9";"sem v�tima";"234,97";"BR-393/RJ";"Norte";"Saida de Pista";1;0;0;0;0;0;0;0;0;0;1;0;0;0;0
"31/05/2013";"10:27:00";"29";"com v�tima";"183,54";"BR-393/RJ";"Norte";"Colis�o Transversal";2;0;0;0;0;0;0;0;0;0;4;1;0;0;0
"31/05/2013";"11:09:00";"30";"sem v�tima";"279,45";"BR-393/RJ";"Norte";"Objeto lan�ado contra ve�culo";2;0;0;0;0;0;0;0;0;0;2;0;0;0;0
"31/05/2013";"17:05:00";"54";"sem v�tima";"286";"BR-393/RJ";"Sul";"Abalroamento Mesmo Sentido ";1;0;1;0;0;0;0;0;0;0;2;0;0;0;0
"31/05/2013";"18:02:00";"56";"com v�tima";"182,37";"BR-393/RJ";"Sul";"Colis�o Transversal";0;0;0;1;0;0;0;0;0;1;0;2;1;0;0
"31/05/2013";"22:27:00";"71";"sem v�tima";"248,42";"BR-393/RJ";"Norte";"Saida de Pista";0;0;1;0;0;0;0;0;0;0;1;0;0;0;0
"01/06/2013";"09:45:00";"27";"com v�tima";"128,61";"BR-393/RJ";"Sul";"Tombamento";0;0;1;0;0;0;0;0;0;0;0;0;1;0;0
"02/06/2013";"00:29:00";"10";"com v�tima";"284";"BR-393/RJ";"Norte";"Abalroamento Sentido Oposto";1;0;0;1;0;0;0;0;0;0;1;1;0;0;0
"02/06/2013";"11:42:00";"27";"com v�tima";"284,48";"BR-393/RJ";"Sul";"Colis�o Traseira";2;0;0;0;0;0;0;0;0;0;2;0;1;0;0
"02/06/2013";"14:04:00";"34";"com v�tima";"268,35";"BR-393/RJ";"Sul";"Colis�o Transversal";2;0;0;0;0;0;0;0;0;0;1;0;1;1;0
"02/06/2013";"18:38:00";"56";"com v�tima";"218,26";"BR-393/RJ";"Norte";"Colis�o Frontal";1;0;1;0;0;0;0;0;0;0;0;5;1;0;0
"02/06/2013";"19:09:00";"60";"sem v�tima";"280";"BR-393/RJ";"Sul";"Colis�o Traseira";2;0;0;0;0;0;0;0;0;0;2;0;0;0;0
"02/06/2013";"20:45:00";"63";"sem v�tima";"171,41";"BR-393/RJ";"Sul";"Tombamento";0;0;1;0;0;0;0;0;0;0;1;0;0;0;0
"03/06/2013";"06:33:00";"17";"com v�tima";"104,08";"BR-393/RJ";"Sul";"Colis�o Traseira";0;0;0;1;1;0;0;0;0;0;1;1;0;0;0
"03/06/2013";"07:45:00";"21";"com v�tima";"161,04";"BR-393/RJ";"Norte";"Abalroamento Sentido Oposto";1;0;0;0;1;0;0;0;0;0;1;1;0;0;0
"03/06/2013";"14:02:00";"43";"com v�tima";"222,93";"BR-393/RJ";"Sul";"Saida de Pista";1;0;0;0;0;0;0;0;0;0;0;2;0;0;0
"03/06/2013";"18:13:00";"52";"sem v�tima";"242,49";"BR-393/RJ";"Norte";"Saida de Pista";0;0;1;0;0;0;0;0;0;0;2;0;0;0;0
"03/06/2013";"19:39:00";"58";"sem v�tima";"161,48";"BR-393/RJ";"Norte";"Saida de Pista";1;0;0;0;0;0;0;0;0;0;4;0;0;0;0
"03/06/2013";"22:57:00";"71";"sem v�tima";"284";"BR-393/RJ";"Norte";"Colis�o Traseira";1;0;1;0;0;0;0;0;0;0;2;0;0;0;0
"04/06/2013";"07:22:00";"16";"sem v�tima";"106,963";"BR-393/RJ";"Norte";"Colis�o Lateral";2;0;0;0;0;0;0;0;0;0;2;0;0;0;0
"05/06/2013";"03:36:00";"11";"sem v�tima";"274,8";"BR-393/RJ";"Sul";"Choque - Arvore";1;0;0;0;0;0;0;0;0;0;1;0;0;0;0
"05/06/2013";"09:13:00";"24";"sem v�tima";"195";"BR-393/RJ";"Norte";"Colis�o Traseira";0;0;1;0;0;0;0;0;0;1;2;0;0;0;0
"05/06/2013";"17:59:00";"68";"com v�tima";"281,324";"BR-393/RJ";"Norte";"Atropelamento - Ciclista";0;1;0;1;0;0;0;0;0;0;1;1;0;0;0
"06/06/2013";"07:28:00";"13";"sem v�tima";"285";"BR-393/RJ";"Sul";"Colis�o Traseira";1;0;1;0;0;0;0;0;0;0;2;0;0;0;0
"06/06/2013";"07:37:00";"14";"sem v�tima";"285,4";"BR-393/RJ";"Norte";"Colis�o Lateral";1;0;1;0;0;0;0;0;0;0;2;0;0;0;0
"07/06/2013";"13:27:00";"42";"sem v�tima";"235";"BR-393/RJ";"Norte";"Abalroamento Mesmo Sentido ";2;0;0;0;0;0;0;0;0;0;2;0;0;0;0
"07/06/2013";"13:54:00";"43";"sem v�tima";"280,2";"BR-393/RJ";"Sul";"Colis�o Traseira";2;0;0;0;0;0;0;0;0;0;2;0;0;0;0
"08/06/2013";"15:19:00";"54";"com v�tima";"235";"BR-393/RJ";"Sul";"Outros - Sequ�ncia";1;0;1;0;0;0;0;0;0;0;2;1;0;0;0
"09/06/2013";"06:58:00";"18";"sem v�tima";"178,232";"BR-393/RJ";"Norte";"Colis�o Traseira";2;0;0;0;0;0;0;0;0;0;8;0;0;0;0
"09/06/2013";"15:01:00";"41";"com v�tima";"171,5";"BR-393/RJ";"Sul";"Saida de Pista";1;0;0;0;0;0;0;0;0;0;0;1;0;0;0
"09/06/2013";"18:42:00";"52";"com v�tima";"140,039";"BR-393/RJ";"Sul";"Atropelamento - Morador";1;1;0;0;0;0;0;0;0;0;1;0;0;0;1
"10/06/2013";"07:32:00";"22";"com v�tima";"285";"BR-393/RJ";"Sul";"Colis�o Lateral";1;0;1;0;0;0;0;0;0;0;0;2;0;0;0
"10/06/2013";"17:08:00";"70";"sem v�tima";"281";"BR-393/RJ";"Norte";"Colis�o Transversal";1;0;0;1;0;0;0;0;0;0;2;0;0;0;0
"10/06/2013";"18:47:00";"73";"com v�tima";"154,5";"BR-393/RJ";"Norte";"Queda de Moto";0;0;0;1;0;0;0;0;0;0;0;0;1;0;0
"11/06/2013";"12:53:00";"51";"com v�tima";"139,2";"BR-393/RJ";"Sul";"Abalroamento Mesmo Sentido ";1;0;2;0;0;0;0;0;0;0;0;6;0;0;0
"11/06/2013";"17:46:00";"62";"sem v�tima";"283";"BR-393/RJ";"Norte";"Colis�o Traseira";1;0;1;0;0;0;0;0;0;0;2;0;0;0;0
"12/06/2013";"13:45:00";"49";"com v�tima";"147,1";"BR-393/RJ";"Norte";"Outros - Sequ�ncia";0;0;2;0;0;0;0;0;0;0;1;1;0;0;0
"12/06/2013";"17:57:00";"58";"com v�tima";"238,747";"BR-393/RJ";"Norte";"Colis�o Transversal";1;0;1;0;0;0;0;0;0;0;0;2;0;0;0
"13/06/2013";"18:59:00";"62";"com v�tima";"265,523";"BR-393/RJ";"Sul";"Atropelamento de Animal";1;0;0;0;0;0;0;0;0;0;0;1;0;0;0
"14/06/2013";"10:15:00";"35";"com v�tima";"184,5";"BR-393/RJ";"Sul";"Saida de Pista";1;0;0;0;0;0;0;0;0;0;0;1;0;0;0
"14/06/2013";"15:22:00";"53";"com v�tima";"252,4";"BR-393/RJ";"Sul";"Colis�o Lateral";1;0;0;0;0;0;0;0;0;1;0;4;0;0;0
"14/06/2013";"18:21:00";"64";"com v�tima";"241";"BR-393/RJ";"Norte";"Outros - Sequ�ncia";4;0;0;0;0;0;0;0;0;0;2;5;0;0;0
"14/06/2013";"20:09:00";"72";"sem v�tima";"279";"BR-393/RJ";"Norte";"Colis�o Traseira";2;0;0;0;0;0;0;0;0;0;2;0;0;0;0
"15/06/2013";"10:43:00";"28";"com v�tima";"176,2";"BR-393/RJ";"Sul";"Colis�o Traseira";1;0;0;1;0;0;0;0;0;0;0;2;0;0;0
"15/06/2013";"17:49:00";"53";"com v�tima";"242";"BR-393/RJ";"Sul";"Atropelamento - Usu�rio";1;0;1;0;0;0;0;0;0;0;3;1;0;0;0
"15/06/2013";"19:24:00";"61";"sem v�tima";"187,2";"BR-393/RJ";"Norte";"Choque - Outros";1;0;0;0;0;0;0;0;0;0;3;0;0;0;0
"17/06/2013";"00:52:00";"10";"com v�tima";"280,23";"BR-393/RJ";"Norte";"Colis�o Frontal";2;0;0;0;0;0;0;0;0;0;1;1;0;0;0
"17/06/2013";"07:42:00";"19";"sem v�tima";"227,689";"BR-393/RJ";"Norte";"Saida de Pista";1;0;0;0;0;0;0;0;0;0;1;0;0;0;0
"17/06/2013";"11:01:00";"28";"com v�tima";"168,764";"BR-393/RJ";"Sul";"Colis�o Transversal";2;0;0;0;0;0;0;0;0;0;0;6;0;0;0
"17/06/2013";"14:39:00";"55";"com v�tima";"172,6";"BR-393/RJ";"Norte";"Capotamento";1;0;0;0;0;0;0;0;0;0;0;1;0;0;0
"17/06/2013";"17:15:00";"71";"com v�tima";"156,5";"BR-393/RJ";"Norte";"Queda de Moto";0;0;0;1;0;0;0;0;0;0;0;0;2;0;0
"17/06/2013";"20:28:00";"83";"sem v�tima";"285,5";"BR-393/RJ";"Sul";"Engavetamento";3;0;0;0;0;0;0;0;0;0;3;0;0;0;0
"18/06/2013";"19:19:00";"75";"com v�tima";"236";"BR-393/RJ";"Sul";"Colis�o Transversal";2;0;0;0;0;0;0;0;0;0;2;2;0;0;0
"18/06/2013";"19:50:00";"77";"com v�tima";"280";"BR-393/RJ";"Sul";"Atropelamento - Ciclista";1;1;0;0;0;0;0;0;0;0;0;2;0;0;0
"19/06/2013";"11:36:00";"45";"com v�tima";"142,5";"BR-393/RJ";"Norte";"Colis�o Traseira";1;0;1;0;0;0;0;0;0;0;1;1;0;0;0
"19/06/2013";"23:41:00";"75";"com v�tima";"248,885";"BR-393/RJ";"Norte";"Capotamento";1;0;0;0;0;0;0;0;0;0;1;1;0;0;0
"20/06/2013";"18:29:00";"72";"com v�tima";"280,39";"BR-393/RJ";"Norte";"Atropelamento - Morador";1;0;0;0;0;0;0;0;0;0;2;1;0;0;0
"21/06/2013";"00:16:00";"2";"com v�tima";"201,698";"BR-393/RJ";"Sul";"Atropelamento de Animal";0;0;0;0;1;0;0;0;0;0;30;2;0;0;0
"21/06/2013";"09:45:00";"25";"sem v�tima";"185,64";"BR-393/RJ";"Norte";"Saida de Pista";0;0;1;0;0;0;0;0;0;0;2;0;0;0;0
"21/06/2013";"11:50:00";"32";"com v�tima";"282,37";"BR-393/RJ";"Norte";"Colis�o Transversal";1;0;0;1;0;0;0;0;0;0;1;1;0;0;0
"21/06/2013";"13:51:00";"37";"sem v�tima";"195";"BR-393/RJ";"Norte";"Colis�o Traseira";0;0;2;0;0;0;0;0;0;0;2;0;0;0;0
"21/06/2013";"15:05:00";"43";"com v�tima";"175,5";"BR-393/RJ";"Norte";"Atropelamento - Andarilho";0;0;1;0;0;0;0;0;0;0;1;0;0;1;0
"21/06/2013";"18:23:00";"50";"sem v�tima";"254,19";"BR-393/RJ";"Sul";"Saida de Pista";1;0;0;0;0;0;0;0;0;0;1;0;0;0;0
"21/06/2013";"20:35:00";"61";"sem v�tima";"285,1";"BR-393/RJ";"Norte";"Abalroamento Mesmo Sentido ";2;0;0;0;0;0;0;0;0;0;2;0;0;0;0
"22/06/2013";"02:13:00";"13";"sem v�tima";"286";"BR-393/RJ";"Norte";"Colis�o Traseira";2;0;0;0;0;0;0;0;0;0;2;0;0;0;0
"22/06/2013";"05:11:00";"17";"com v�tima";"136,514";"BR-393/RJ";"Norte";"Tombamento";0;0;1;0;0;0;0;0;0;0;0;0;2;0;0
"22/06/2013";"16:39:00";"49";"sem v�tima";"104,03";"BR-393/RJ";"Norte";"Colis�o Traseira";2;0;0;0;0;0;0;0;0;0;2;0;0;0;0
"22/06/2013";"19:40:00";"57";"com v�tima";"236,78";"BR-393/RJ";"Sul";"Atropelamento - Usu�rio";1;0;0;0;0;0;0;0;0;0;0;2;0;1;0
"23/06/2013";"21:48:00";"57";"sem v�tima";"274,8";"BR-393/RJ";"Sul";"Saida de Pista";1;0;0;0;0;0;0;0;0;0;1;0;0;0;0
"24/06/2013";"07:30:00";"13";"com v�tima";"257,95";"BR-393/RJ";"Sul";"Colis�o Lateral";2;0;0;0;0;0;0;0;0;0;0;4;0;0;0
"25/06/2013";"07:54:00";"17";"sem v�tima";"252,45";"BR-393/RJ";"Norte";"Colis�o Traseira";2;0;0;0;0;0;0;0;0;0;2;0;0;0;0
"25/06/2013";"08:05:00";"18";"sem v�tima";"265";"BR-393/RJ";"Sul";"Abalroamento Mesmo Sentido ";0;0;2;0;0;0;0;0;0;0;2;0;0;0;0
"25/06/2013";"17:28:00";"55";"com v�tima";"143,6";"BR-393/RJ";"Norte";"Tombamento";0;0;1;0;0;0;0;0;0;0;1;1;0;0;0
"25/06/2013";"19:05:00";"59";"com v�tima";"1";"Al�a Sul";"Norte";"Queda de Moto";0;0;0;1;0;0;0;0;0;0;0;1;0;0;0
"25/06/2013";"22:46:00";"63";"com v�tima";"114,4";"BR-393/RJ";"Norte";"Tombamento";0;0;1;0;0;0;0;0;0;0;0;0;2;0;0
"26/06/2013";"07:44:00";"21";"com v�tima";"285,5";"BR-393/RJ";"Sul";"Abalroamento Mesmo Sentido ";1;0;0;1;0;0;0;0;0;0;1;1;0;0;0
"26/06/2013";"18:39:00";"66";"com v�tima";"236,57";"BR-393/RJ";"Sul";"Colis�o Lateral";1;0;0;1;0;0;0;0;0;0;1;1;0;0;0
"26/06/2013";"21:44:00";"77";"sem v�tima";"285,9";"BR-393/RJ";"Norte";"Colis�o Transversal";2;0;0;0;0;0;0;0;0;0;2;0;0;0;0
"27/06/2013";"13:07:00";"48";"com v�tima";"255,79";"BR-393/RJ";"Norte";"Colis�o Lateral";2;0;0;0;0;0;0;0;0;0;1;2;1;0;0
"27/06/2013";"17:52:00";"70";"com v�tima";"284,92";"BR-393/RJ";"Norte";"Colis�o Traseira";1;0;1;0;0;0;0;0;0;0;1;2;0;0;0
"27/06/2013";"22:30:00";"88";"com v�tima";"171,21";"BR-393/RJ";"Sul";"Saida de Pista";1;0;0;0;0;0;0;0;0;0;0;3;0;0;0
"28/06/2013";"06:25:00";"14";"sem v�tima";"172,43";"BR-393/RJ";"Sul";"Choque - Defensa, barreira ou "submarino"";1;0;0;0;0;0;0;0;0;0;5;0;0;0;0
"28/06/2013";"20:49:00";"54";"com v�tima";"281";"BR-393/RJ";"Sul";"Colis�o Transversal";1;0;0;1;0;0;0;0;0;0;1;1;0;0;0
"28/06/2013";"22:33:00";"58";"sem v�tima";"203,5";"BR-393/RJ";"Sul";"Atropelamento de Animal";2;0;0;0;0;0;0;0;0;0;5;0;0;0;0
"29/06/2013";"05:55:00";"18";"sem v�tima";"255,78";"BR-393/RJ";"Norte";"Colis�o Transversal";1;0;0;0;1;0;0;0;0;0;2;0;0;0;0
"29/06/2013";"18:55:00";"52";"com v�tima";"189,6";"BR-393/RJ";"Norte";"Saida de Pista";1;0;0;0;0;0;0;0;0;0;0;2;2;0;0
"29/06/2013";"20:30:00";"54";"sem v�tima";"284";"BR-393/RJ";"Norte";"Colis�o Traseira";2;0;0;0;0;0;0;0;0;0;2;0;0;0;0
"30/06/2013";"00:14:00";"10";"sem v�tima";"268,5";"BR-393/RJ";"Sul";"Saida de Pista";1;0;0;0;0;0;0;0;0;0;1;0;0;0;0
"30/06/2013";"07:52:00";"20";"com v�tima";"178";"BR-393/RJ";"Norte";"Engavetamento";0;0;3;0;0;0;0;0;0;0;2;1;0;0;0
"30/06/2013";"18:23:00";"37";"com v�tima";"243";"BR-393/RJ";"Sul";"Queda de Moto";0;0;0;1;0;0;0;0;0;0;0;1;0;0;0
"01/07/2013";"08:24:00";"20";"com v�tima";"157,29";"BR-393/RJ";"Sul";"Tombamento";0;0;2;0;0;0;0;0;0;0;0;2;0;0;0
"01/07/2013";"19:24:00";"64";"com v�tima";"160,8";"BR-393/RJ";"Norte";"Saida de Pista";0;0;1;0;0;0;0;0;0;0;3;1;0;0;0
"01/07/2013";"22:21:00";"67";"com v�tima";"256,21";"BR-393/RJ";"Norte";"Colis�o Transversal";1;0;1;0;0;0;0;0;0;0;1;4;0;0;0
"02/07/2013";"18:31:00";"71";"com v�tima";"171,49";"BR-393/RJ";"Norte";"Colis�o Traseira";1;0;1;1;0;0;0;0;0;0;2;1;0;0;0
"02/07/2013";"18:52:00";"74";"com v�tima";"264,855";"BR-393/RJ";"Norte";"Atropelamento - Andarilho";1;0;0;0;0;0;0;0;0;0;1;0;0;1;0
"02/07/2013";"19:41:00";"76";"com v�tima";"220,07";"BR-393/RJ";"Sul";"Colis�o Traseira";2;0;0;0;0;0;0;0;0;0;1;3;0;0;0
"03/07/2013";"17:45:00";"59";"sem v�tima";"269,397";"BR-393/RJ";"Norte";"Colis�o Traseira";2;0;0;0;0;0;0;0;0;0;4;0;0;0;0
"03/07/2013";"18:59:00";"63";"sem v�tima";"240,128";"BR-393/RJ";"Norte";"Saida de Pista";1;0;0;0;0;0;0;0;0;0;1;0;0;0;0
"04/07/2013";"01:47:00";"11";"com v�tima";"172,241";"BR-393/RJ";"Sul";"Tombamento";0;0;1;0;0;0;0;0;0;0;0;1;0;0;0
"04/07/2013";"03:46:00";"15";"com v�tima";"103,794";"BR-393/RJ";"Sul";"Capotamento";0;0;1;0;0;0;0;0;0;0;0;0;2;0;0
"05/07/2013";"05:08:00";"14";"com v�tima";"217,57";"BR-393/RJ";"Sul";"Tombamento";0;0;1;0;0;0;0;0;0;0;0;1;0;0;0
"05/07/2013";"14:38:00";"43";"com v�tima";"283,37";"BR-393/RJ";"Norte";"Colis�o Traseira";2;0;0;0;0;0;0;0;0;0;0;2;0;0;0
"05/07/2013";"17:23:00";"47";"sem v�tima";"182,38";"BR-393/RJ";"Sul";"Colis�o Traseira";2;0;0;0;0;0;0;0;0;0;2;0;0;0;0
"05/07/2013";"18:27:00";"52";"com v�tima";"103,085";"BR-393/RJ";"Norte";"Outros - Sequ�ncia";0;0;1;1;0;0;0;0;0;0;1;1;1;1;0
"05/07/2013";"20:25:00";"55";"com v�tima";"286,4";"BR-393/RJ";"Norte";"Colis�o Traseira";2;0;0;0;0;0;0;0;0;0;1;1;0;0;0
"05/07/2013";"21:09:00";"58";"com v�tima";"284,52";"BR-393/RJ";"Norte";"Engavetamento";3;0;0;0;0;0;0;0;0;0;1;2;0;0;0
"06/07/2013";"07:34:00";"18";"sem v�tima";"119,205";"BR-393/RJ";"Sul";"Colis�o Traseira";1;0;1;0;0;0;0;0;0;0;3;0;0;0;0
"06/07/2013";"08:51:00";"22";"sem v�tima";"178,28";"BR-393/RJ";"Norte";"Colis�o Traseira";2;0;0;0;0;0;0;0;0;0;6;0;0;0;0
"06/07/2013";"11:58:00";"32";"sem v�tima";"274,1";"BR-393/RJ";"Norte";"Choque - Defensa, barreira ou "submarino"";1;0;0;0;0;0;0;0;0;0;1;0;0;0;0
"06/07/2013";"19:39:00";"48";"sem v�tima";"250,53";"BR-393/RJ";"Norte";"Abalroamento Sentido Oposto";2;0;0;1;0;0;0;0;0;0;5;0;0;0;0
"06/07/2013";"20:47:00";"50";"com v�tima";"171,79";"BR-393/RJ";"Norte";"Atropelamento - Morador";1;0;0;0;0;0;0;0;0;0;1;1;0;1;0
"06/07/2013";"21:13:00";"52";"sem v�tima";"250,56";"BR-393/RJ";"Norte";"Abalroamento Mesmo Sentido ";1;0;1;0;0;0;0;0;0;0;3;0;0;0;0
"07/07/2013";"01:37:00";"11";"com v�tima";"175,12";"BR-393/RJ";"Sul";"Colis�o Lateral";1;0;0;0;1;0;0;0;0;0;49;0;0;1;2
"07/07/2013";"13:38:00";"39";"sem v�tima";"102,7";"BR-393/RJ";"Sul";"Colis�o Lateral";2;0;0;0;0;0;0;0;0;0;3;0;0;0;0
"07/07/2013";"15:24:00";"45";"com v�tima";"157,95";"BR-393/RJ";"Norte";"Capotamento";1;0;0;0;0;0;0;0;0;0;0;2;0;0;0
"08/07/2013";"12:17:00";"41";"com v�tima";"281,14";"BR-393/RJ";"Norte";"Colis�o Traseira";1;0;0;1;0;0;0;0;0;0;1;1;0;0;0
"08/07/2013";"13:32:00";"45";"com v�tima";"268,28";"BR-393/RJ";"Norte";"Colis�o Lateral";2;0;0;0;0;0;0;0;0;0;1;0;1;0;0
"09/07/2013";"05:07:00";"14";"com v�tima";"143,53";"BR-393/RJ";"Norte";"Capotamento";1;0;0;0;0;0;0;0;0;0;2;2;1;0;0
"09/07/2013";"12:37:00";"40";"sem v�tima";"285,48";"BR-393/RJ";"Sul";"Abalroamento Mesmo Sentido ";1;0;1;0;0;0;0;0;0;0;2;0;0;0;0
"09/07/2013";"16:27:00";"52";"com v�tima";"181,92";"BR-393/RJ";"Sul";"Abalroamento Sentido Oposto";1;0;1;0;0;0;0;0;0;0;1;2;0;0;0
"09/07/2013";"20:42:00";"61";"sem v�tima";"254,97";"BR-393/RJ";"Norte";"Colis�o Lateral";0;0;2;0;0;0;0;0;0;0;2;0;0;0;0
"10/07/2013";"01:11:00";"10";"sem v�tima";"202,67";"BR-393/RJ";"Sul";"Atropelamento de Animal";0;0;1;0;0;0;0;0;0;0;1;0;0;0;0
"10/07/2013";"03:03:00";"12";"sem v�tima";"219,53";"BR-393/RJ";"Sul";"Choque - Arvore";0;0;0;0;1;0;0;0;0;0;1;0;0;0;0
"10/07/2013";"14:02:00";"46";"sem v�tima";"219";"BR-393/RJ";"Norte";"Colis�o Traseira";1;0;1;0;0;0;0;0;0;0;5;0;0;0;0