fdata;horario;n_da_ocorrencia;tipo_de_ocorrencia;km;trecho;sentido;tipo_de_acidente;automovel;bicicleta;caminhao;moto;onibus;outros;tracao_animal;transporte_de_cargas_especiais;trator_maquinas;utilitarios;ilesos;levemente_feridos;moderadamente_feridos;gravemente_feridos;mortos
"10/07/2013";"14:21:00";"47";"com v�tima";"262,82";"BR-393/RJ";"Sul";"Colis�o Traseira";0;0;2;0;0;0;0;0;0;0;2;1;0;0;0
"11/07/2013";"16:04:00";"73";"com v�tima";"251";"BR-393/RJ";"Norte";"Colis�o Traseira";1;0;0;1;0;0;0;0;0;0;1;0;1;0;0
"11/07/2013";"16:32:00";"76";"sem v�tima";"135";"BR-393/RJ";"Norte";"Colis�o Lateral";2;0;0;0;0;0;0;0;0;0;2;0;0;0;0
"11/07/2013";"22:09:00";"98";"sem v�tima";"171";"BR-393/RJ";"Norte";"Saida de Pista";1;0;0;0;0;0;0;0;0;0;1;0;0;0;0
"12/07/2013";"09:47:00";"29";"com v�tima";"191,12";"BR-393/RJ";"Sul";"Saida de Pista";2;0;0;0;0;0;0;0;0;0;1;2;0;0;0
"12/07/2013";"21:21:00";"69";"sem v�tima";"264,255";"BR-393/RJ";"Sul";"Capotamento";1;0;0;0;0;0;0;0;0;0;1;0;0;0;0
"13/07/2013";"01:47:00";"11";"com v�tima";"172,16";"BR-393/RJ";"Sul";"Tombamento";0;0;1;0;0;0;0;0;0;0;0;1;1;0;0
"13/07/2013";"02:28:00";"13";"com v�tima";"168,46";"BR-393/RJ";"Norte";"Choque - Outros";1;0;0;0;0;0;0;0;0;0;0;3;0;0;0
"13/07/2013";"08:16:00";"25";"com v�tima";"186,75";"BR-393/RJ";"Norte";"Colis�o Traseira";0;0;0;1;0;0;0;0;0;1;1;0;1;0;0
"13/07/2013";"13:41:00";"46";"com v�tima";"142,2";"BR-393/RJ";"Sul";"Colis�o Traseira";1;0;1;0;0;0;0;0;0;0;1;1;0;0;0
"13/07/2013";"19:23:00";"68";"sem v�tima";"202";"BR-393/RJ";"Norte";"Atropelamento de Animal";1;0;0;0;0;0;0;0;0;0;1;0;0;0;0
"14/07/2013";"05:58:00";"18";"com v�tima";"281,151";"BR-393/RJ";"Norte";"Atropelamento - Ciclista";1;1;0;0;1;0;0;0;0;0;2;1;0;0;0
"14/07/2013";"06:25:00";"21";"sem v�tima";"158,227";"BR-393/RJ";"Norte";"Atropelamento de Animal";1;0;0;0;0;0;0;0;0;0;3;0;0;0;0
"14/07/2013";"14:35:00";"37";"com v�tima";"206";"BR-393/RJ";"Norte";"Queda de Moto";0;0;0;1;0;0;0;0;0;0;0;1;0;0;0
"14/07/2013";"16:34:00";"42";"com v�tima";"277,333";"BR-393/RJ";"Norte";"Outros - Sequ�ncia";3;0;0;0;0;0;1;0;0;0;3;1;0;1;0
"15/07/2013";"09:22:00";"23";"sem v�tima";"285,55";"BR-393/RJ";"Sul";"Colis�o Traseira";1;0;1;0;0;0;0;0;0;0;2;0;0;0;0
"15/07/2013";"16:15:00";"59";"sem v�tima";"266,471";"BR-393/RJ";"Sul";"Engavetamento";2;0;1;0;1;0;0;0;0;0;4;0;0;0;0
"16/07/2013";"17:59:00";"60";"com v�tima";"168,76";"BR-393/RJ";"Sul";"Colis�o Lateral";2;0;0;0;0;0;0;0;0;0;1;2;0;0;0
"17/07/2013";"07:17:00";"18";"com v�tima";"238,624";"BR-393/RJ";"Norte";"Colis�o Frontal";2;0;0;0;0;0;0;0;0;1;2;1;1;0;0
"17/07/2013";"18:33:00";"67";"com v�tima";"168,773";"BR-393/RJ";"Sul";"Colis�o Lateral";1;0;1;0;0;0;0;0;0;0;1;1;0;0;0
"17/07/2013";"21:20:00";"70";"com v�tima";"237,488";"BR-393/RJ";"Norte";"Colis�o Transversal";0;0;0;1;1;0;0;0;0;0;1;1;0;0;0
"18/07/2013";"07:53:00";"23";"sem v�tima";"269,167";"BR-393/RJ";"Norte";"Colis�o Traseira";1;0;1;0;0;0;0;0;0;0;2;0;0;0;0
"19/07/2013";"15:34:00";"66";"sem v�tima";"280,1";"BR-393/RJ";"Norte";"Colis�o Traseira";2;0;0;0;0;0;0;0;0;0;2;0;0;0;0
"19/07/2013";"15:41:00";"67";"com v�tima";"274,11";"BR-393/RJ";"Sul";"Tombamento";0;0;1;0;0;0;0;0;0;0;0;1;0;0;0
"19/07/2013";"16:18:00";"71";"sem v�tima";"107,19";"BR-393/RJ";"Norte";"Colis�o Traseira";2;0;0;0;0;0;0;0;0;0;2;0;0;0;0
"19/07/2013";"21:21:00";"83";"sem v�tima";"218";"BR-393/RJ";"Norte";"Saida de Pista";1;0;0;0;0;0;0;0;0;0;2;0;0;0;0
"19/07/2013";"23:51:00";"88";"sem v�tima";"128,55";"BR-393/RJ";"Sul";"Saida de Pista";0;0;1;0;0;0;0;0;0;0;1;0;0;0;0
"20/07/2013";"09:47:00";"26";"com v�tima";"155,45";"BR-393/RJ";"Norte";"Tombamento";0;0;1;0;0;0;0;0;0;0;0;1;0;0;0
"21/07/2013";"13:48:00";"49";"com v�tima";"102,3";"BR-393/RJ";"Norte";"Colis�o Lateral";2;0;0;0;0;0;0;0;0;0;3;2;0;0;0
"21/07/2013";"16:30:00";"61";"com v�tima";"265,12";"BR-393/RJ";"Sul";"Colis�o Traseira";1;0;1;0;0;0;0;0;0;0;1;2;0;0;0
"21/07/2013";"17:58:00";"69";"com v�tima";"282,6";"BR-393/RJ";"Sul";"Colis�o Traseira";2;0;0;0;0;0;0;0;0;0;1;2;0;0;0
"22/07/2013";"08:52:00";"20";"sem v�tima";"285,996";"BR-393/RJ";"Sul";"Colis�o Traseira";2;0;0;0;0;0;0;0;0;0;2;0;0;0;0
"22/07/2013";"10:38:00";"27";"sem v�tima";"132,311";"BR-393/RJ";"Sul";"Colis�o Traseira";2;0;0;0;1;0;0;0;0;0;40;0;0;0;0
"22/07/2013";"15:39:00";"53";"com v�tima";"170,43";"BR-393/RJ";"Sul";"Atropelamento - Ciclista";1;1;0;0;0;0;0;0;0;0;1;1;0;0;0
"22/07/2013";"15:42:00";"54";"com v�tima";"250,35";"BR-393/RJ";"Sul";"Capotamento";1;0;0;0;0;0;0;0;0;0;0;1;0;0;0
"24/07/2013";"00:51:00";"9";"com v�tima";"284,35";"BR-393/RJ";"Norte";"Abalroamento Mesmo Sentido ";1;0;0;0;1;0;0;0;0;0;1;3;0;0;0
"24/07/2013";"09:42:00";"27";"sem v�tima";"265,1";"BR-393/RJ";"Norte";"Colis�o Traseira";1;0;1;0;0;0;0;0;0;0;2;0;0;0;0
"24/07/2013";"14:55:00";"55";"sem v�tima";"268,04";"BR-393/RJ";"Norte";"Colis�o Traseira";0;0;2;0;0;0;0;0;0;0;2;0;0;0;0
"24/07/2013";"15:20:00";"57";"com v�tima";"284,53";"BR-393/RJ";"Norte";"Colis�o Traseira";0;0;2;0;0;0;0;0;0;0;2;0;0;0;1
"24/07/2013";"16:31:00";"60";"com v�tima";"103,73";"BR-393/RJ";"Sul";"Saida de Pista";0;0;1;0;0;0;0;0;0;0;0;3;0;0;0
"24/07/2013";"16:55:00";"61";"com v�tima";"171,37";"BR-393/RJ";"Norte";"Saida de Pista";0;0;1;0;0;0;0;0;0;0;0;1;0;0;0
"24/07/2013";"19:03:00";"68";"com v�tima";"242,44";"BR-393/RJ";"Norte";"Colis�o Lateral";0;0;1;0;0;0;0;0;0;1;1;2;0;0;0
"24/07/2013";"19:38:00";"72";"sem v�tima";"265,1";"BR-393/RJ";"Norte";"Colis�o Traseira";0;0;2;0;0;0;0;0;0;0;2;0;0;0;0
"24/07/2013";"23:09:00";"81";"sem v�tima";"218,25";"BR-393/RJ";"Sul";"Saida de Pista";1;0;0;0;0;0;0;0;0;0;1;0;0;0;0
"25/07/2013";"06:28:00";"17";"com v�tima";"157,34";"BR-393/RJ";"Norte";"Tombamento";0;0;1;0;0;0;0;0;0;0;0;0;1;0;0
"25/07/2013";"13:16:00";"36";"sem v�tima";"118";"BR-393/RJ";"Norte";"Colis�o Traseira";2;0;0;0;0;0;0;0;0;0;5;0;0;0;0
"26/07/2013";"07:14:00";"21";"sem v�tima";"180,54";"BR-393/RJ";"Norte";"Colis�o Lateral";2;0;0;0;0;0;0;0;0;0;3;0;0;0;0
"26/07/2013";"10:31:00";"30";"com v�tima";"284,8";"BR-393/RJ";"Norte";"Colis�o Traseira";1;0;0;1;0;0;0;0;0;0;2;2;0;0;0
"26/07/2013";"11:06:00";"32";"sem v�tima";"285,2";"BR-393/RJ";"Sul";"Abalroamento Mesmo Sentido ";1;0;0;0;0;0;0;0;0;1;4;0;0;0;0
"26/07/2013";"16:32:00";"60";"com v�tima";"263,78";"BR-393/RJ";"Norte";"Abalroamento Sentido Oposto";0;0;2;0;0;0;0;0;0;0;2;2;0;0;0
"26/07/2013";"19:41:00";"71";"com v�tima";"251,59";"BR-393/RJ";"Sul";"Colis�o Lateral";1;0;1;0;1;0;0;0;0;0;15;3;0;0;1
"26/07/2013";"20:35:00";"73";"com v�tima";"274,11";"BR-393/RJ";"Sul";"Colis�o Lateral";2;0;0;0;0;0;0;0;0;0;0;3;0;0;0
"26/07/2013";"21:34:00";"75";"sem v�tima";"178,29";"BR-393/RJ";"Norte";"Saida de Pista";0;0;1;0;0;0;0;0;0;0;1;0;0;0;0
"27/07/2013";"05:26:00";"13";"sem v�tima";"104,77";"BR-393/RJ";"Norte";"Choque - Arvore";1;0;0;0;0;0;0;0;0;0;3;0;0;0;0
"27/07/2013";"06:04:00";"14";"com v�tima";"215,28";"BR-393/RJ";"Sul";"Outros";0;0;1;0;0;0;0;0;0;0;2;1;0;0;0
"27/07/2013";"06:35:00";"16";"com v�tima";"120,59";"BR-393/RJ";"Norte";"Abalroamento Mesmo Sentido ";0;0;0;2;0;0;0;0;0;0;1;0;2;0;0
"27/07/2013";"10:36:00";"32";"com v�tima";"132,67";"BR-393/RJ";"Norte";"Colis�o Traseira";2;0;0;0;0;0;0;0;0;0;3;1;0;0;0
"27/07/2013";"14:16:00";"42";"com v�tima";"286";"BR-393/RJ";"Norte";"Colis�o Transversal";1;0;0;1;0;0;0;0;0;0;1;1;0;0;0
"27/07/2013";"18:27:00";"49";"com v�tima";"229";"BR-393/RJ";"Sul";"Queda de Moto";0;0;0;1;0;0;0;0;0;0;0;1;0;0;0
"27/07/2013";"20:40:00";"53";"sem v�tima";"283,37";"BR-393/RJ";"Norte";"Colis�o Traseira";2;0;0;0;0;0;0;0;0;0;2;0;0;0;0
"28/07/2013";"19:00:00";"40";"com v�tima";"175,525";"BR-393/RJ";"Norte";"Colis�o Lateral";2;0;0;0;0;0;0;0;0;0;0;2;0;0;0
"28/07/2013";"19:19:00";"42";"com v�tima";"230,076";"BR-393/RJ";"Sul";"Capotamento";1;0;0;0;0;0;0;0;0;0;0;2;0;0;0
"28/07/2013";"20:41:00";"44";"com v�tima";"238";"BR-393/RJ";"Norte";"Queda de Moto";0;0;0;1;0;0;0;0;0;0;0;2;0;0;0
"28/07/2013";"21:09:00";"47";"com v�tima";"247";"BR-393/RJ";"Sul";"Colis�o Lateral";1;0;0;1;0;0;0;0;0;0;1;0;0;1;0
"28/07/2013";"22:12:00";"48";"sem v�tima";"284";"BR-393/RJ";"Norte";"Colis�o Transversal";1;0;0;1;0;0;0;0;0;0;2;0;0;0;0
"29/07/2013";"07:34:00";"21";"sem v�tima";"168,78";"BR-393/RJ";"Norte";"Colis�o Transversal";1;0;0;0;0;0;0;0;0;1;3;0;0;0;0
"29/07/2013";"08:02:00";"22";"com v�tima";"281,57";"BR-393/RJ";"Sul";"Abalroamento Mesmo Sentido ";1;0;0;0;1;0;0;0;0;0;1;1;0;0;0
"29/07/2013";"19:05:00";"74";"sem v�tima";"285,51";"BR-393/RJ";"Sul";"Colis�o Lateral";1;0;1;0;0;0;0;0;0;0;2;0;0;0;0
"29/07/2013";"19:26:00";"75";"com v�tima";"157,85";"BR-393/RJ";"Sul";"Saida de Pista";1;0;0;0;0;0;0;0;0;0;0;0;1;0;0
"30/07/2013";"09:47:00";"30";"sem v�tima";"233,92";"BR-393/RJ";"Sul";"Colis�o Lateral";1;0;0;0;1;0;0;0;0;0;40;0;0;0;0
"30/07/2013";"09:51:00";"31";"sem v�tima";"193,05";"BR-393/RJ";"Norte";"Colis�o Lateral";2;0;0;0;0;0;0;0;0;0;6;0;0;0;0
"30/07/2013";"15:05:00";"66";"com v�tima";"220,82";"BR-393/RJ";"Norte";"Capotamento";1;0;0;0;0;0;0;0;0;0;1;3;2;0;0
"30/07/2013";"16:11:00";"75";"sem v�tima";"196,74";"BR-393/RJ";"Sul";"Saida de Pista";1;0;0;0;0;0;0;0;0;0;1;0;0;0;0
"30/07/2013";"16:14:00";"77";"com v�tima";"255,75";"BR-393/RJ";"Norte";"Colis�o Transversal";0;0;1;0;0;0;0;0;0;1;2;1;0;0;0
"30/07/2013";"23:37:00";"90";"sem v�tima";"282,94";"BR-393/RJ";"Sul";"Choque - Defensa, barreira ou "submarino"";1;0;0;0;1;0;0;0;0;0;12;0;0;0;0
"31/07/2013";"00:02:00";"1";"com v�tima";"246,048";"BR-393/RJ";"Norte";"Tombamento";0;0;3;0;0;0;0;0;0;0;0;3;0;0;0
"31/07/2013";"17:39:00";"59";"sem v�tima";"285";"BR-393/RJ";"Sul";"Abalroamento Mesmo Sentido ";1;0;1;0;0;0;0;0;0;0;2;0;0;0;0
"01/08/2013";"07:03:00";"13";"com v�tima";"136,36";"BR-393/RJ";"Sul";"Choque - Arvore";0;0;0;0;0;0;0;0;0;1;0;1;0;0;0
"01/08/2013";"10:03:00";"22";"com v�tima";"281,49";"BR-393/RJ";"Norte";"Colis�o Lateral";2;0;0;0;0;0;0;0;0;0;1;1;1;0;0
"01/08/2013";"23:20:00";"75";"com v�tima";"179,375";"BR-393/RJ";"Sul";"Colis�o Traseira";0;0;1;0;1;0;0;0;0;0;37;1;0;0;0
"02/08/2013";"05:44:00";"18";"com v�tima";"158,16";"BR-393/RJ";"Sul";"Colis�o Traseira";1;0;1;0;0;0;0;0;0;0;1;3;0;0;0
"02/08/2013";"13:11:00";"47";"sem v�tima";"117,21";"BR-393/RJ";"Norte";"Colis�o Traseira";0;0;1;0;0;0;0;0;0;1;2;0;0;0;0
"02/08/2013";"18:44:00";"75";"sem v�tima";"285,5";"BR-393/RJ";"Sul";"Colis�o Lateral";1;0;1;0;0;0;0;0;0;0;2;0;0;0;0
"03/08/2013";"11:52:00";"45";"sem v�tima";"167,29";"BR-393/RJ";"Norte";"Saida de Pista";1;0;0;0;0;0;0;0;0;0;2;0;0;0;0
"03/08/2013";"15:21:00";"57";"com v�tima";"168,745";"BR-393/RJ";"Norte";"Outros - Sequ�ncia";0;1;0;1;0;0;0;0;0;0;1;2;0;0;0
"03/08/2013";"20:13:00";"71";"com v�tima";"281,122";"BR-393/RJ";"Sul";"Abalroamento Mesmo Sentido ";0;1;0;1;0;0;0;0;0;0;0;1;1;0;0
"03/08/2013";"22:33:00";"79";"sem v�tima";"201,09";"BR-393/RJ";"Sul";"Atropelamento de Animal";1;0;0;0;0;0;0;0;0;0;1;0;0;0;0
"04/08/2013";"10:16:00";"25";"sem v�tima";"285,3";"BR-393/RJ";"Sul";"Abalroamento Mesmo Sentido ";2;0;0;0;0;0;0;0;0;0;2;0;0;0;0
"04/08/2013";"22:48:00";"51";"sem v�tima";"105,944";"BR-393/RJ";"Norte";"Abalroamento Sentido Oposto";2;0;0;0;0;0;0;0;0;0;2;0;0;0;0
"05/08/2013";"07:49:00";"20";"com v�tima";"239,18";"BR-393/RJ";"Norte";"Queda de Moto";0;0;0;1;0;0;0;0;0;0;0;2;0;0;0
"05/08/2013";"13:35:00";"45";"com v�tima";"209,17";"BR-393/RJ";"Sul";"Capotamento";1;0;0;0;0;0;0;0;0;0;0;1;0;0;0
"05/08/2013";"17:34:00";"52";"com v�tima";"285,5";"BR-393/RJ";"Sul";"Abalroamento Mesmo Sentido ";1;0;1;0;0;0;0;0;0;0;1;1;0;0;0
"05/08/2013";"18:41:00";"57";"sem v�tima";"105,94";"BR-393/RJ";"Sul";"Colis�o Traseira";1;0;0;0;0;0;0;0;0;1;2;0;0;0;0
"06/08/2013";"02:55:00";"11";"com v�tima";"215,227";"BR-393/RJ";"Sul";"Tombamento";0;0;1;0;0;0;0;0;0;0;0;3;0;0;0
"06/08/2013";"10:23:00";"26";"com v�tima";"272,141";"BR-393/RJ";"Norte";"Saida de Pista";1;0;0;0;0;0;0;0;0;0;0;0;0;1;0
"06/08/2013";"15:41:00";"43";"com v�tima";"172,21";"BR-393/RJ";"Norte";"Tombamento";0;0;1;0;0;0;0;0;0;0;0;1;0;0;0
"06/08/2013";"16:47:00";"51";"sem v�tima";"235,4";"BR-393/RJ";"Sul";"Colis�o Traseira";1;0;0;0;0;0;0;0;0;1;2;0;0;0;0
"07/08/2013";"02:40:00";"12";"com v�tima";"0,774";"Al�a Sul";"Sul";"Queda de Moto";0;0;0;1;0;0;0;0;0;0;0;1;0;0;0
"07/08/2013";"13:00:00";"51";"sem v�tima";"192,21";"BR-393/RJ";"Norte";"Abalroamento Mesmo Sentido ";2;0;0;0;0;0;0;0;0;0;2;0;0;0;0
"07/08/2013";"13:08:00";"52";"com v�tima";"276,96";"BR-393/RJ";"Norte";"Abalroamento Mesmo Sentido ";0;0;1;0;0;0;0;0;1;0;2;1;0;0;0
"08/08/2013";"10:30:00";"32";"sem v�tima";"286";"BR-393/RJ";"Norte";"Colis�o Traseira";1;0;1;0;0;0;0;0;0;0;2;0;0;0;0
"08/08/2013";"10:43:00";"34";"com v�tima";"102";"BR-393/RJ";"Norte";"Atropelamento - Morador";1;0;0;0;0;0;0;0;0;0;2;1;0;0;0
"08/08/2013";"17:46:00";"59";"com v�tima";"218,486";"BR-393/RJ";"Sul";"Capotamento";1;0;0;0;0;0;0;0;0;0;0;1;0;0;1
"08/08/2013";"22:40:00";"74";"com v�tima";"184,64";"BR-393/RJ";"Norte";"Saida de Pista";1;0;0;0;0;0;0;0;0;0;1;3;0;0;0
"09/08/2013";"04:45:00";"12";"com v�tima";"229,87";"BR-393/RJ";"Norte";"Capotamento";1;0;0;0;0;0;0;0;0;0;0;1;0;0;0
"09/08/2013";"07:08:00";"14";"com v�tima";"284,38";"BR-393/RJ";"Sul";"Abalroamento Mesmo Sentido ";1;0;0;1;0;0;0;0;0;0;1;1;0;0;0
"09/08/2013";"07:08:00";"15";"sem v�tima";"284,4";"BR-393/RJ";"Norte";"Colis�o Traseira";1;0;1;0;0;0;0;0;0;0;2;0;0;0;0
"09/08/2013";"15:09:00";"51";"sem v�tima";"139,6";"BR-393/RJ";"Sul";"Saida de Pista";1;0;0;0;0;0;0;0;0;0;1;0;0;0;0
"09/08/2013";"15:21:00";"52";"com v�tima";"232,08";"BR-393/RJ";"Norte";"Colis�o Lateral";1;0;0;0;0;0;0;0;0;1;1;3;0;0;0
"09/08/2013";"20:25:00";"78";"sem v�tima";"217,96";"BR-393/RJ";"Norte";"Tombamento";0;0;1;0;0;0;0;0;0;0;1;0;0;0;0
"09/08/2013";"21:31:00";"80";"sem v�tima";"195,11";"BR-393/RJ";"Norte";"Colis�o Traseira";2;0;0;0;0;0;0;0;0;0;9;0;0;0;0
"09/08/2013";"23:18:00";"87";"com v�tima";"123,5";"BR-393/RJ";"Sul";"Capotamento";1;0;0;0;0;0;0;0;0;0;0;1;0;0;0
"10/08/2013";"06:33:00";"15";"sem v�tima";"285,45";"BR-393/RJ";"Sul";"Abalroamento Mesmo Sentido ";1;0;0;0;1;0;0;0;0;0;2;0;0;0;0
"11/08/2013";"04:37:00";"19";"com v�tima";"274,57";"BR-393/RJ";"Sul";"Colis�o Frontal";1;0;0;0;1;0;0;0;0;0;53;0;1;0;0
"11/08/2013";"17:51:00";"50";"com v�tima";"155,58";"BR-393/RJ";"Sul";"Queda de Moto";0;0;0;1;0;0;0;0;0;0;0;0;1;0;0
"11/08/2013";"23:06:00";"68";"sem v�tima";"133,925";"BR-393/RJ";"Norte";"Saida de Pista";1;0;0;0;0;0;0;0;0;0;1;0;0;0;0
"12/08/2013";"02:02:00";"11";"com v�tima";"128,45";"BR-393/RJ";"Sul";"Choque - Arvore";0;0;0;0;1;0;0;0;0;0;34;8;0;1;0
"12/08/2013";"06:10:00";"20";"sem v�tima";"217,49";"BR-393/RJ";"Norte";"Saida de Pista";0;0;1;0;0;0;0;0;0;0;1;0;0;0;0
"12/08/2013";"10:18:00";"33";"sem v�tima";"114";"BR-393/RJ";"Sul";"Colis�o Traseira";2;0;0;0;0;0;0;0;0;0;5;0;0;0;0
"12/08/2013";"11:35:00";"47";"sem v�tima";"285,475";"BR-393/RJ";"Norte";"Colis�o Transversal";1;0;1;0;0;0;0;0;0;0;2;0;0;0;0
"12/08/2013";"16:06:00";"75";"sem v�tima";"286,4";"BR-393/RJ";"Norte";"Queda de Moto";0;0;0;1;0;0;0;0;0;0;1;0;0;0;0
"13/08/2013";"17:39:00";"74";"com v�tima";"175,74";"BR-393/RJ";"Norte";"Colis�o Traseira";2;0;0;0;0;0;0;0;0;0;2;1;0;0;0
"13/08/2013";"17:47:00";"75";"sem v�tima";"285,49";"BR-393/RJ";"Sul";"Abalroamento Mesmo Sentido ";1;0;1;0;0;0;0;0;0;0;2;0;0;0;0
"13/08/2013";"19:59:00";"84";"com v�tima";"285,45";"BR-393/RJ";"Sul";"Abalroamento Mesmo Sentido ";1;0;1;0;0;0;0;0;0;0;1;1;0;0;0
"14/08/2013";"08:06:00";"25";"com v�tima";"227,975";"BR-393/RJ";"Norte";"Tombamento";0;0;1;0;0;0;0;0;0;0;0;1;0;0;0
"14/08/2013";"12:40:00";"45";"com v�tima";"285,595";"BR-393/RJ";"Norte";"Abalroamento Mesmo Sentido ";1;0;0;0;1;0;0;0;0;0;1;1;0;0;0
"14/08/2013";"15:17:00";"63";"com v�tima";"259,86";"BR-393/RJ";"Norte";"Capotamento";1;0;0;0;0;0;0;0;0;0;0;1;0;0;0
"14/08/2013";"23:22:00";"77";"sem v�tima";"215,9";"BR-393/RJ";"Sul";"Saida de Pista";1;0;0;0;0;0;0;0;0;0;1;0;0;0;0
"15/08/2013";"08:40:00";"24";"sem v�tima";"285,4";"BR-393/RJ";"Norte";"Colis�o Traseira";1;0;1;0;0;0;0;0;0;0;2;0;0;0;0
"15/08/2013";"20:18:00";"79";"sem v�tima";"285,74";"BR-393/RJ";"Norte";"Colis�o Transversal";2;0;0;0;0;0;0;0;0;0;2;0;0;0;0
"16/08/2013";"07:07:00";"16";"com v�tima";"217,6";"BR-393/RJ";"Sul";"Colis�o Transversal";1;0;0;1;0;0;0;0;0;0;4;0;0;1;0
"16/08/2013";"17:44:00";"60";"com v�tima";"255,76";"BR-393/RJ";"Norte";"Colis�o Transversal";0;0;1;1;0;0;0;0;0;0;1;0;1;0;0
"16/08/2013";"21:51:00";"72";"com v�tima";"285,99";"BR-393/RJ";"Norte";"Colis�o Lateral";1;0;1;0;0;0;0;0;0;0;1;1;0;0;0
"16/08/2013";"22:58:00";"74";"sem v�tima";"181,45";"BR-393/RJ";"Sul";"Capotamento";1;0;0;0;0;0;0;0;0;0;1;0;0;0;0
"17/08/2013";"09:44:00";"22";"sem v�tima";"107,638";"BR-393/RJ";"Norte";"Colis�o Traseira";0;0;2;0;0;0;0;0;0;0;2;0;0;0;0
"17/08/2013";"11:12:00";"29";"com v�tima";"280,233";"BR-393/RJ";"Norte";"Colis�o Frontal";2;0;0;0;0;0;0;0;0;0;0;2;0;0;0
"17/08/2013";"16:40:00";"47";"com v�tima";"157,19";"BR-393/RJ";"Sul";"Tombamento";0;0;1;0;0;0;0;0;0;0;0;1;0;0;0
"17/08/2013";"16:43:00";"48";"sem v�tima";"133,56";"BR-393/RJ";"Sul";"Colis�o Traseira";0;0;1;0;1;0;0;0;0;0;2;0;0;0;0
"18/08/2013";"02:32:00";"13";"com v�tima";"240,35";"BR-393/RJ";"Norte";"Capotamento";1;0;0;0;0;0;0;0;0;0;0;4;0;0;0
"18/08/2013";"16:59:00";"37";"com v�tima";"269,776";"BR-393/RJ";"Norte";"Colis�o Frontal";2;0;0;0;0;0;0;0;0;0;0;0;0;1;3
"18/08/2013";"19:45:00";"47";"sem v�tima";"279,68";"BR-393/RJ";"Sul";"Colis�o Traseira";2;0;0;0;0;0;0;0;0;0;2;0;0;0;0
"19/08/2013";"06:47:00";"18";"sem v�tima";"155,44";"BR-393/RJ";"Sul";"Saida de Pista";1;0;0;0;0;0;0;0;0;0;1;0;0;0;0
"20/08/2013";"03:50:00";"14";"com v�tima";"201,356";"BR-393/RJ";"Norte";"Saida de Pista";0;0;1;0;0;0;0;0;0;0;0;0;0;0;1
"20/08/2013";"07:00:00";"20";"com v�tima";"102";"BR-393/RJ";"Norte";"Atropelamento - Usu�rio";1;0;0;0;0;0;0;0;0;0;1;0;1;0;0
"20/08/2013";"13:39:00";"49";"com v�tima";"266,298";"BR-393/RJ";"Norte";"Choque - Defensa, barreira ou "submarino"";0;0;1;0;0;0;0;0;0;0;0;1;0;0;0
"21/08/2013";"08:12:00";"18";"com v�tima";"165,8";"BR-393/RJ";"Sul";"Queda de Moto";0;0;0;1;0;0;0;0;0;0;0;1;0;0;0
"21/08/2013";"16:22:00";"58";"com v�tima";"215,228";"BR-393/RJ";"Sul";"Saida de Pista";0;0;1;0;0;0;0;0;0;0;0;1;0;0;0
"21/08/2013";"16:46:00";"60";"sem v�tima";"214,69";"BR-393/RJ";"Sul";"Colis�o Traseira";2;0;0;0;0;0;0;0;0;0;4;0;0;0;0
"21/08/2013";"17:01:00";"61";"sem v�tima";"285,5";"BR-393/RJ";"Sul";"Abalroamento Mesmo Sentido ";1;0;1;0;0;0;0;0;0;0;2;0;0;0;0
"23/08/2013";"07:39:00";"17";"com v�tima";"102,614";"BR-393/RJ";"Norte";"Colis�o Traseira";0;0;1;1;0;0;0;0;0;0;2;2;0;0;0
"23/08/2013";"08:42:00";"23";"sem v�tima";"285,597";"BR-393/RJ";"Sul";"Colis�o Traseira";1;0;1;0;0;0;0;0;0;0;3;0;0;0;0
"23/08/2013";"11:51:00";"45";"com v�tima";"274,14";"BR-393/RJ";"Sul";"Tombamento";0;0;1;0;0;0;0;0;0;0;0;1;0;0;0
"23/08/2013";"18:01:00";"74";"sem v�tima";"282,5";"BR-393/RJ";"Norte";"Colis�o Traseira";2;0;0;0;0;0;0;0;0;0;2;0;0;0;0
"23/08/2013";"19:03:00";"81";"com v�tima";"176,848";"BR-393/RJ";"Norte";"Colis�o Lateral";2;0;0;0;0;0;0;0;0;0;0;0;2;0;0
"23/08/2013";"20:12:00";"83";"sem v�tima";"101,9";"BR-393/RJ";"Norte";"Colis�o Traseira";2;0;0;0;0;0;0;0;0;0;5;0;0;0;0
"24/08/2013";"04:47:00";"14";"com v�tima";"281,87";"BR-393/RJ";"Sul";"Saida de Pista";0;0;1;0;0;0;0;0;0;0;0;0;0;1;0
"24/08/2013";"12:21:00";"30";"com v�tima";"282,38";"BR-393/RJ";"Norte";"Colis�o Lateral";1;0;0;1;0;0;0;0;0;0;1;1;0;0;0
"24/08/2013";"14:46:00";"42";"com v�tima";"182,365";"BR-393/RJ";"Sul";"Colis�o Transversal";1;0;0;1;0;0;0;0;0;0;1;1;1;0;0
"24/08/2013";"21:13:00";"62";"sem v�tima";"103,69";"BR-393/RJ";"Sul";"Colis�o Traseira";1;0;1;0;0;0;0;0;0;0;3;0;0;0;0
"24/08/2013";"23:31:00";"68";"com v�tima";"167,727";"BR-393/RJ";"Norte";"Engavetamento";2;0;0;0;0;1;0;0;0;1;21;2;0;0;0
"25/08/2013";"04:29:00";"15";"com v�tima";"286";"BR-393/RJ";"Norte";"Colis�o Traseira";2;0;0;0;0;0;0;0;0;0;1;0;1;0;0
"25/08/2013";"06:06:00";"17";"com v�tima";"239,52";"BR-393/RJ";"Norte";"Choque - Defensa, barreira ou "submarino"";1;0;0;0;0;0;0;0;0;0;0;1;0;0;0
"25/08/2013";"09:58:00";"27";"sem v�tima";"135,47";"BR-393/RJ";"Norte";"Colis�o Traseira";1;0;1;0;0;0;0;0;0;0;3;0;0;0;0