fdata;horario;n_da_ocorrencia;tipo_de_ocorrencia;km;trecho;sentido;tipo_de_acidente;automovel;bicicleta;caminhao;moto;onibus;outros;tracao_animal;transporte_de_cargas_especiais;trator_maquinas;utilitarios;ilesos;levemente_feridos;moderadamente_feridos;gravemente_feridos;mortos
"26/08/2013";"08:26:00";"19";"sem v�tima";"285,545";"BR-393/RJ";"Sul";"Colis�o Traseira";1;0;1;0;0;0;0;0;0;0;2;0;0;0;0
"26/08/2013";"10:18:00";"29";"sem v�tima";"258,272";"BR-393/RJ";"Sul";"Colis�o Traseira";2;0;0;0;0;0;0;0;0;0;2;0;0;0;0
"26/08/2013";"18:50:00";"63";"sem v�tima";"171,287";"BR-393/RJ";"Sul";"Colis�o Transversal";1;0;0;0;0;0;1;0;0;0;2;0;0;0;0
"27/08/2013";"09:35:00";"27";"sem v�tima";"168,802";"BR-393/RJ";"Norte";"Colis�o Traseira";2;0;0;0;0;0;0;0;0;0;2;0;0;0;0
"27/08/2013";"11:32:00";"35";"com v�tima";"137,7";"BR-393/RJ";"Sul";"Colis�o Traseira";1;0;0;1;0;0;0;0;0;0;1;0;1;0;0
"27/08/2013";"18:29:00";"64";"sem v�tima";"127,855";"BR-393/RJ";"Sul";"Atropelamento de Animal";0;0;0;0;0;0;0;0;0;1;1;0;0;0;0
"28/08/2013";"15:04:00";"47";"sem v�tima";"282,38";"BR-393/RJ";"Norte";"Engavetamento";4;0;0;0;0;0;0;0;0;0;4;0;0;0;0
"28/08/2013";"19:14:00";"59";"com v�tima";"279,705";"BR-393/RJ";"Sul";"Colis�o Frontal";1;0;0;1;0;0;0;0;0;0;1;2;0;0;0
"29/08/2013";"16:54:00";"60";"com v�tima";"186,78";"BR-393/RJ";"Norte";"Colis�o Traseira";1;0;1;0;0;0;0;0;0;0;1;1;0;0;0
"30/08/2013";"08:38:00";"20";"com v�tima";"266";"BR-393/RJ";"Sul";"Tombamento";0;0;1;0;0;0;0;0;0;0;1;1;0;0;0
"30/08/2013";"16:07:00";"52";"sem v�tima";"284,1";"BR-393/RJ";"Norte";"Colis�o Traseira";2;0;0;0;0;0;0;0;0;0;2;0;0;0;0
"30/08/2013";"17:12:00";"56";"sem v�tima";"285";"BR-393/RJ";"Norte";"Colis�o Traseira";2;0;0;0;0;0;0;0;0;0;2;0;0;0;0
"30/08/2013";"18:37:00";"65";"sem v�tima";"279,6";"BR-393/RJ";"Sul";"Colis�o Transversal";2;0;0;0;0;0;0;0;0;0;2;0;0;0;0
"30/08/2013";"19:16:00";"67";"sem v�tima";"285,7";"BR-393/RJ";"Norte";"Colis�o Traseira";2;0;0;0;0;0;0;0;0;0;2;0;0;0;0
"31/08/2013";"08:34:00";"26";"sem v�tima";"211,29";"BR-393/RJ";"Norte";"Colis�o Traseira";2;0;0;0;0;0;0;0;0;0;10;0;0;0;0
"31/08/2013";"19:47:00";"58";"sem v�tima";"285,5";"BR-393/RJ";"Norte";"Colis�o Lateral";1;0;1;0;0;0;0;0;0;0;2;0;0;0;0
"31/08/2013";"23:30:00";"72";"com v�tima";"157,252";"BR-393/RJ";"Norte";"Capotamento";0;0;1;0;0;0;0;0;0;0;0;0;1;0;0
"01/09/2013";"00:12:00";"1";"sem v�tima";"238,436";"BR-393/RJ";"Sul";"Saida de Pista";1;0;0;0;0;0;0;0;0;0;1;0;0;0;0
"01/09/2013";"18:36:00";"43";"sem v�tima";"283,863";"BR-393/RJ";"Sul";"Engavetamento";3;0;0;0;0;0;0;0;0;0;3;0;0;0;0
"01/09/2013";"18:38:00";"44";"com v�tima";"267";"BR-393/RJ";"Norte";"Colis�o Lateral";1;0;1;0;0;0;0;0;0;0;1;2;0;0;0
"01/09/2013";"19:32:00";"49";"sem v�tima";"285,497";"BR-393/RJ";"Sul";"Colis�o Lateral";1;0;1;0;0;0;0;0;0;0;2;0;0;0;0
"03/09/2013";"10:10:00";"36";"com v�tima";"285,6";"BR-393/RJ";"Sul";"Colis�o Traseira";2;0;0;0;0;0;0;0;0;0;1;1;0;0;0
"04/09/2013";"07:43:00";"24";"sem v�tima";"257,95";"BR-393/RJ";"Sul";"Choque - Defensa, barreira ou "submarino"";0;0;0;0;0;0;0;0;0;1;1;0;0;0;0
"04/09/2013";"10:38:00";"32";"com v�tima";"181,39";"BR-393/RJ";"Sul";"Outros - Sequ�ncia";1;0;1;0;0;0;0;0;0;0;0;4;1;0;0
"04/09/2013";"17:24:00";"44";"com v�tima";"267,245";"BR-393/RJ";"Sul";"Colis�o Lateral";2;0;0;0;0;0;0;0;0;0;7;1;0;0;0
"04/09/2013";"20:20:00";"58";"com v�tima";"175,598";"BR-393/RJ";"Norte";"Colis�o Traseira";2;0;0;0;0;0;0;0;0;0;1;1;0;0;0
"04/09/2013";"21:19:00";"62";"com v�tima";"127,4";"BR-393/RJ";"Norte";"Colis�o Lateral";1;0;1;0;0;0;0;0;0;0;1;1;0;0;0
"05/09/2013";"07:24:00";"18";"sem v�tima";"147,193";"BR-393/RJ";"Sul";"Colis�o Traseira";0;0;2;0;0;0;0;0;0;0;5;0;0;0;0
"05/09/2013";"15:00:00";"40";"sem v�tima";"285,602";"BR-393/RJ";"Sul";"Abalroamento Mesmo Sentido ";1;0;1;0;0;0;0;0;0;0;2;0;0;0;0
"05/09/2013";"18:43:00";"59";"sem v�tima";"285,11";"BR-393/RJ";"Sul";"Colis�o Traseira";2;0;0;0;0;0;0;0;0;0;2;0;0;0;0
"05/09/2013";"19:47:00";"67";"sem v�tima";"215,8";"BR-393/RJ";"Sul";"Saida de Pista";0;0;1;0;0;0;0;0;0;0;1;0;0;0;0
"06/09/2013";"00:46:00";"5";"com v�tima";"218,34";"BR-393/RJ";"Norte";"Saida de Pista";1;0;0;0;0;0;0;0;0;0;0;2;0;0;0
"06/09/2013";"13:39:00";"50";"com v�tima";"182,215";"BR-393/RJ";"Sul";"Colis�o Transversal";0;0;0;1;1;0;0;0;0;0;1;0;1;0;0
"06/09/2013";"14:26:00";"54";"com v�tima";"285,51";"BR-393/RJ";"Sul";"Abalroamento Mesmo Sentido ";1;0;1;0;0;0;0;0;0;0;1;1;0;0;0
"06/09/2013";"16:45:00";"60";"com v�tima";"118,96";"BR-393/RJ";"Norte";"Tombamento";0;0;1;0;0;0;0;0;0;0;0;1;0;0;0
"07/09/2013";"00:24:00";"9";"com v�tima";"102,56";"BR-393/RJ";"Norte";"Colis�o Transversal";1;0;0;1;0;0;0;0;0;0;1;1;0;0;0
"07/09/2013";"05:07:00";"15";"sem v�tima";"108,2";"BR-393/RJ";"Norte";"Colis�o Traseira";2;0;0;0;0;0;0;0;0;0;2;0;0;0;0
"07/09/2013";"07:37:00";"21";"sem v�tima";"212,63";"BR-393/RJ";"Norte";"Outros";1;0;0;0;0;0;0;0;0;0;1;0;0;0;0
"07/09/2013";"12:30:00";"28";"com v�tima";"269,274";"BR-393/RJ";"Norte";"Colis�o Transversal";1;0;1;0;0;0;0;0;0;0;1;0;1;0;0
"07/09/2013";"12:57:00";"30";"com v�tima";"102";"BR-393/RJ";"Sul";"Colis�o Traseira";1;0;1;0;0;0;0;0;0;0;2;1;0;0;0
"07/09/2013";"18:53:00";"49";"sem v�tima";"270,5";"BR-393/RJ";"Norte";"Atropelamento de Animal";1;0;0;0;0;0;0;0;0;0;1;0;0;0;0
"07/09/2013";"22:23:00";"55";"sem v�tima";"249,18";"BR-393/RJ";"Sul";"Outros - Sequ�ncia";1;0;0;1;0;0;0;0;0;0;2;0;0;0;0
"08/09/2013";"12:17:00";"23";"com v�tima";"224,316";"BR-393/RJ";"Norte";"Capotamento";1;0;0;0;0;0;0;0;0;0;2;3;0;0;0
"09/09/2013";"07:54:00";"20";"sem v�tima";"284,507";"BR-393/RJ";"Sul";"Colis�o Traseira";1;0;1;0;0;0;0;0;0;0;2;0;0;0;0
"09/09/2013";"12:58:00";"41";"sem v�tima";"283,455";"BR-393/RJ";"Sul";"Colis�o Traseira";2;0;0;0;0;0;0;0;0;0;2;0;0;0;0
"09/09/2013";"17:27:00";"74";"com v�tima";"123,365";"BR-393/RJ";"Sul";"Colis�o Traseira";1;0;1;0;0;0;0;0;0;0;6;1;0;0;0
"09/09/2013";"17:52:00";"77";"com v�tima";"250,507";"BR-393/RJ";"Norte";"Colis�o Frontal";2;0;0;0;0;0;0;0;0;0;0;2;0;0;0
"09/09/2013";"18:37:00";"81";"sem v�tima";"175";"BR-393/RJ";"Norte";"Colis�o Lateral";1;0;1;0;0;0;0;0;0;0;2;0;0;0;0
"10/09/2013";"08:10:00";"18";"com v�tima";"124,425";"BR-393/RJ";"Norte";"Tombamento";0;0;1;0;0;0;0;0;0;0;0;0;1;0;0
"11/09/2013";"14:45:00";"54";"com v�tima";"274,12";"BR-393/RJ";"Sul";"Tombamento";0;0;1;0;0;0;0;0;0;0;0;1;0;0;0
"12/09/2013";"10:33:00";"36";"sem v�tima";"258,043";"BR-393/RJ";"Sul";"Colis�o Frontal";2;0;0;0;0;0;0;0;0;0;3;0;0;0;0
"13/09/2013";"10:35:00";"36";"com v�tima";"162,88";"BR-393/RJ";"Norte";"Colis�o Traseira";0;0;1;0;1;0;0;0;0;0;2;1;0;0;0
"13/09/2013";"10:57:00";"39";"com v�tima";"134,57";"BR-393/RJ";"Sul";"Queda de Moto";0;0;0;1;0;0;0;0;0;0;0;1;1;0;0
"13/09/2013";"11:33:00";"41";"sem v�tima";"236,8";"BR-393/RJ";"Norte";"Colis�o Lateral";1;0;1;0;0;0;0;0;0;0;2;0;0;0;0
"13/09/2013";"14:20:00";"56";"sem v�tima";"284,9";"BR-393/RJ";"Norte";"Colis�o Traseira";2;0;0;0;0;0;0;0;0;0;2;0;0;0;0
"13/09/2013";"18:29:00";"74";"sem v�tima";"264,64";"BR-393/RJ";"Norte";"Choque - Defensa, barreira ou "submarino"";1;0;0;0;0;0;0;0;0;0;2;0;0;0;0
"13/09/2013";"19:34:00";"81";"com v�tima";"141,9";"BR-393/RJ";"Sul";"Queda de Moto";0;0;0;1;0;0;0;0;0;0;0;1;0;0;0
"14/09/2013";"01:39:00";"13";"sem v�tima";"255,72";"BR-393/RJ";"Norte";"Colis�o Lateral";1;0;1;0;0;0;0;0;0;0;3;0;0;0;0
"14/09/2013";"11:18:00";"31";"com v�tima";"178,28";"BR-393/RJ";"Norte";"Colis�o Lateral";0;0;0;1;0;0;0;0;0;1;1;0;1;0;0
"14/09/2013";"15:21:00";"45";"com v�tima";"155,67";"BR-393/RJ";"Norte";"Queda de Moto";0;0;0;1;0;0;0;0;0;0;0;0;1;0;0
"15/09/2013";"15:26:00";"49";"com v�tima";"248,06";"BR-393/RJ";"Norte";"Colis�o Traseira";1;0;0;1;0;0;0;0;0;0;1;1;0;0;0
"16/09/2013";"09:51:00";"31";"com v�tima";"170,65";"BR-393/RJ";"Norte";"Outros - Sequ�ncia";2;1;1;0;0;0;0;0;0;0;1;1;3;1;0
"16/09/2013";"11:35:00";"34";"sem v�tima";"281,415";"BR-393/RJ";"Sul";"Colis�o Traseira";2;0;0;0;0;0;0;0;0;0;2;0;0;0;0
"16/09/2013";"15:26:00";"54";"com v�tima";"250,277";"BR-393/RJ";"Sul";"Colis�o Frontal";1;0;0;0;0;0;0;0;0;0;0;1;0;0;0
"17/09/2013";"14:49:00";"56";"com v�tima";"175,89";"BR-393/RJ";"Norte";"Colis�o Traseira";1;0;0;1;0;0;0;0;0;0;1;0;1;0;0
"17/09/2013";"19:13:00";"75";"com v�tima";"263,38";"BR-393/RJ";"Sul";"Choque - Suporte de Sinaliza��o";1;0;0;0;0;0;0;0;0;0;0;1;0;0;0
"18/09/2013";"16:34:00";"57";"com v�tima";"121,357";"BR-393/RJ";"Norte";"Tombamento";0;0;1;0;0;0;0;0;0;0;0;1;0;0;0
"19/09/2013";"04:11:00";"13";"com v�tima";"105,9";"BR-393/RJ";"Sul";"Colis�o Traseira";0;0;2;0;0;0;0;0;0;0;1;1;0;0;0
"19/09/2013";"18:58:00";"67";"sem v�tima";"171,685";"BR-393/RJ";"Sul";"Colis�o Transversal";0;0;2;0;0;0;0;0;0;0;3;0;0;0;0
"19/09/2013";"22:13:00";"76";"sem v�tima";"175,93";"BR-393/RJ";"Norte";"Colis�o Traseira";1;0;1;0;0;0;0;0;0;0;2;0;0;0;0
"20/09/2013";"05:18:00";"15";"com v�tima";"259,16";"BR-393/RJ";"Sul";"Capotamento";0;0;0;0;0;0;0;0;0;1;0;0;0;0;1
"22/09/2013";"08:09:00";"24";"sem v�tima";"125,85";"BR-393/RJ";"Norte";"Colis�o Traseira";0;0;2;0;0;0;0;0;0;0;2;0;0;0;0
"22/09/2013";"10:44:00";"33";"com v�tima";"274,373";"BR-393/RJ";"Norte";"Saida de Pista";1;0;0;0;0;0;0;0;0;0;0;1;0;0;0
"23/09/2013";"05:47:00";"14";"com v�tima";"246,498";"BR-393/RJ";"Norte";"Saida de Pista";1;0;0;0;0;0;0;0;0;0;0;3;0;0;0
"23/09/2013";"16:01:00";"67";"com v�tima";"254,05";"BR-393/RJ";"Norte";"Saida de Pista";1;0;0;0;0;0;0;0;0;0;0;1;0;0;0
"23/09/2013";"17:33:00";"74";"com v�tima";"266,5";"BR-393/RJ";"Norte";"Outros - Sequ�ncia";1;0;3;0;1;0;0;0;0;0;0;5;1;0;0
"23/09/2013";"18:22:00";"76";"com v�tima";"265";"BR-393/RJ";"Sul";"Colis�o Traseira";0;0;1;0;0;0;0;0;0;1;2;1;0;0;0
"23/09/2013";"22:40:00";"84";"sem v�tima";"155,5";"BR-393/RJ";"Norte";"Outros";0;0;1;0;0;0;0;0;0;0;2;0;0;0;0
"24/09/2013";"15:43:00";"62";"sem v�tima";"139,69";"BR-393/RJ";"Norte";"Choque - Outros";1;0;0;0;0;0;0;0;0;0;2;0;0;0;0
"24/09/2013";"17:01:00";"67";"com v�tima";"199,68";"BR-393/RJ";"Norte";"Saida de Pista";1;0;0;0;0;0;0;0;0;0;0;1;0;0;0
"24/09/2013";"17:35:00";"69";"com v�tima";"218,54";"BR-393/RJ";"Sul";"Saida de Pista";1;0;0;0;0;0;0;0;0;0;0;2;0;0;0
"25/09/2013";"12:19:00";"42";"sem v�tima";"268,463";"BR-393/RJ";"Norte";"Colis�o Traseira";1;0;1;0;0;0;0;0;0;0;2;0;0;0;0
"25/09/2013";"19:58:00";"78";"com v�tima";"267,528";"BR-393/RJ";"Sul";"Colis�o Lateral";1;0;1;0;0;0;0;0;0;0;1;0;0;1;0
"26/09/2013";"05:47:00";"15";"com v�tima";"261,424";"BR-393/RJ";"Sul";"Colis�o Lateral";0;0;2;0;0;0;0;0;0;0;0;3;0;0;0
"26/09/2013";"11:08:00";"31";"com v�tima";"285,2";"BR-393/RJ";"Norte";"Colis�o Transversal";0;0;1;0;0;0;0;0;0;1;1;1;0;0;0
"26/09/2013";"11:14:00";"32";"com v�tima";"202,9";"BR-393/RJ";"Sul";"Saida de Pista";1;0;0;0;0;0;0;0;0;0;0;1;0;0;0
"27/09/2013";"03:27:00";"12";"sem v�tima";"230,79";"BR-393/RJ";"Norte";"Colis�o Traseira";0;0;2;0;0;0;0;0;0;0;2;0;0;0;0
"27/09/2013";"07:42:00";"21";"sem v�tima";"168,836";"BR-393/RJ";"Sul";"Colis�o Lateral";2;0;0;0;0;0;0;0;0;0;2;0;0;0;0
"27/09/2013";"16:47:00";"68";"com v�tima";"110,35";"BR-393/RJ";"Sul";"Engavetamento";2;0;1;0;0;0;0;0;0;0;4;1;0;0;0
"27/09/2013";"18:21:00";"78";"sem v�tima";"236,74";"BR-393/RJ";"Sul";"Colis�o Transversal";1;0;0;1;0;0;0;0;0;0;2;0;0;0;0
"27/09/2013";"22:05:00";"97";"com v�tima";"143,46";"BR-393/RJ";"Norte";"Tombamento";0;0;1;0;0;0;0;0;0;0;0;1;0;0;0
"27/09/2013";"22:34:00";"100";"com v�tima";"163,32";"BR-393/RJ";"Sul";"Choque - Talude";1;0;0;0;0;0;0;0;0;0;0;1;0;0;0
"28/09/2013";"03:30:00";"18";"sem v�tima";"283,5";"BR-393/RJ";"Sul";"Choque - Suporte de Sinaliza��o";1;0;0;0;0;0;0;0;0;0;1;0;0;0;0
"28/09/2013";"07:06:00";"23";"sem v�tima";"235,16";"BR-393/RJ";"Sul";"Colis�o Transversal";2;0;0;0;0;0;0;0;0;0;2;0;0;0;0
"28/09/2013";"10:06:00";"34";"sem v�tima";"283,22";"BR-393/RJ";"Norte";"Engavetamento";3;0;0;0;0;0;0;0;0;0;3;0;0;0;0
"28/09/2013";"10:40:00";"40";"com v�tima";"281,499";"BR-393/RJ";"Sul";"Colis�o Frontal";1;0;0;1;0;0;0;0;0;0;1;0;1;1;0
"28/09/2013";"12:27:00";"43";"com v�tima";"286";"BR-393/RJ";"Norte";"Colis�o Traseira";2;0;1;0;0;0;0;0;0;0;2;1;0;0;0
"28/09/2013";"15:12:00";"54";"com v�tima";"268,32";"BR-393/RJ";"Norte";"Colis�o Lateral";2;0;0;0;0;0;0;0;0;0;5;1;0;0;0
"28/09/2013";"16:35:00";"62";"sem v�tima";"283,19";"BR-393/RJ";"Norte";"Colis�o Traseira";1;0;0;1;0;0;0;0;0;0;2;0;0;0;0
"29/09/2013";"13:57:00";"41";"com v�tima";"246,071";"BR-393/RJ";"Norte";"Tombamento";1;0;1;0;0;0;0;0;0;0;0;1;0;1;0
"29/09/2013";"18:25:00";"51";"com v�tima";"278,287";"BR-393/RJ";"Norte";"Colis�o Lateral";0;1;0;1;0;0;0;0;0;0;0;1;2;0;0
"30/09/2013";"02:26:00";"7";"sem v�tima";"169,07";"BR-393/RJ";"Norte";"Atropelamento de Animal";0;0;0;0;0;0;0;0;0;1;1;0;0;0;0
"30/09/2013";"15:37:00";"65";"com v�tima";"200,88";"BR-393/RJ";"Norte";"Abalroamento Mesmo Sentido ";1;0;1;0;0;0;0;0;0;0;0;1;0;2;0
"30/09/2013";"18:44:00";"80";"com v�tima";"2,66";"Al�a Sul";"Sul";"Atropelamento de Animal";0;0;1;0;0;0;0;0;0;0;0;1;0;0;0
"30/09/2013";"21:47:00";"88";"sem v�tima";"279,267";"BR-393/RJ";"Sul";"Colis�o Traseira";2;0;0;0;0;0;0;0;0;0;2;0;0;0;0
"01/10/2013";"07:39:00";"16";"com v�tima";"285,445";"BR-393/RJ";"Sul";"Colis�o Traseira";2;0;0;0;0;0;0;0;0;0;0;2;0;0;0
"01/10/2013";"09:44:00";"22";"com v�tima";"252,29";"BR-393/RJ";"Norte";"Engavetamento";3;0;0;0;0;0;0;0;0;0;2;1;0;0;0
"01/10/2013";"13:42:00";"48";"com v�tima";"176,53";"BR-393/RJ";"Norte";"Colis�o Traseira";0;0;2;0;0;0;0;0;0;0;2;2;0;0;0
"01/10/2013";"15:41:00";"56";"sem v�tima";"284,29";"BR-393/RJ";"Sul";"Colis�o Traseira";1;0;1;0;0;0;0;0;0;0;2;0;0;0;0
"01/10/2013";"21:20:00";"66";"com v�tima";"181,65";"BR-393/RJ";"Norte";"Saida de Pista";0;0;0;0;0;0;0;0;0;1;0;1;0;0;0
"02/10/2013";"10:58:00";"39";"com v�tima";"220,622";"BR-393/RJ";"Norte";"Capotamento";0;0;0;0;0;0;0;0;0;1;0;2;0;0;0
"02/10/2013";"14:09:00";"53";"sem v�tima";"128,115";"BR-393/RJ";"Sul";"Choque - Talude";0;0;1;0;0;0;0;0;0;0;2;0;0;0;0
"03/10/2013";"07:21:00";"17";"com v�tima";"214,952";"BR-393/RJ";"Sul";"Colis�o Lateral";1;0;1;0;0;0;0;0;0;0;0;2;0;0;0
"03/10/2013";"12:21:00";"38";"com v�tima";"272";"BR-393/RJ";"Sul";"Outros";1;0;0;1;0;0;0;0;0;0;1;0;1;0;0
"03/10/2013";"15:36:00";"55";"sem v�tima";"212,423";"BR-393/RJ";"Norte";"Colis�o Lateral";1;0;1;0;0;0;0;0;0;0;6;0;0;0;0
"03/10/2013";"20:33:00";"81";"sem v�tima";"262,906";"BR-393/RJ";"Sul";"Capotamento";1;0;1;0;0;0;0;0;0;0;2;0;0;0;0
"03/10/2013";"21:04:00";"84";"sem v�tima";"240,15";"BR-393/RJ";"Sul";"Saida de Pista";1;0;0;0;0;0;0;0;0;0;2;0;0;0;0
"04/10/2013";"09:40:00";"31";"sem v�tima";"274,63";"BR-393/RJ";"Sul";"Outros - Sequ�ncia";0;0;2;0;0;0;0;0;0;0;3;0;0;0;0
"04/10/2013";"10:29:00";"32";"sem v�tima";"265";"BR-393/RJ";"Norte";"Colis�o Traseira";2;0;0;0;0;0;0;0;0;0;3;0;0;0;0
"04/10/2013";"14:34:00";"50";"com v�tima";"172,17";"BR-393/RJ";"Norte";"Saida de Pista";1;0;0;0;0;0;0;0;0;0;0;2;0;1;0
"04/10/2013";"18:49:00";"61";"com v�tima";"180,5";"BR-393/RJ";"Sul";"Atropelamento de Animal";1;0;0;0;0;0;0;0;0;0;0;1;0;0;0
"04/10/2013";"20:21:00";"65";"com v�tima";"190,2";"BR-393/RJ";"Sul";"Colis�o Frontal";2;0;0;1;0;0;0;0;0;0;0;1;0;1;1
"04/10/2013";"23:45:00";"71";"com v�tima";"233,9";"BR-393/RJ";"Sul";"Colis�o Traseira";2;0;0;0;0;0;0;0;0;0;2;1;0;0;0
"05/10/2013";"06:05:00";"20";"sem v�tima";"114,519";"BR-393/RJ";"Sul";"Choque - Outros";1;0;0;0;0;0;0;0;0;0;1;0;0;0;0
"05/10/2013";"16:11:00";"53";"com v�tima";"115,028";"BR-393/RJ";"Norte";"Tombamento";0;0;1;0;0;0;0;0;0;0;0;0;1;0;0
"06/10/2013";"03:21:00";"11";"sem v�tima";"227,097";"BR-393/RJ";"Norte";"Saida de Pista";1;0;0;0;0;0;0;0;0;0;4;0;0;0;0
"06/10/2013";"20:50:00";"43";"sem v�tima";"157,38";"BR-393/RJ";"Sul";"Colis�o Lateral";1;0;1;0;0;0;0;0;0;0;3;0;0;0;0
"06/10/2013";"21:56:00";"44";"sem v�tima";"282,95";"BR-393/RJ";"Sul";"Engavetamento";3;0;0;0;0;0;0;0;0;0;5;0;0;0;0
"07/10/2013";"09:46:00";"39";"sem v�tima";"285,504";"BR-393/RJ";"Sul";"Abalroamento Mesmo Sentido ";1;0;1;0;0;0;0;0;0;0;2;0;0;0;0
"07/10/2013";"15:20:00";"50";"sem v�tima";"252,435";"BR-393/RJ";"Norte";"Colis�o Traseira";2;0;0;0;0;0;0;0;0;0;2;0;0;0;0
"09/10/2013";"21:00:00";"79";"sem v�tima";"240,044";"BR-393/RJ";"Sul";"Abalroamento Mesmo Sentido ";0;0;1;0;1;0;0;0;0;0;2;0;0;0;0
"10/10/2013";"12:19:00";"38";"com v�tima";"281,519";"BR-393/RJ";"Sul";"Colis�o Traseira";0;0;0;2;0;0;0;0;0;0;0;2;0;0;0
"10/10/2013";"13:26:00";"51";"com v�tima";"172,178";"BR-393/RJ";"Norte";"Tombamento";0;0;1;0;0;0;0;0;0;0;0;1;0;0;0
"10/10/2013";"13:29:00";"52";"com v�tima";"236,65";"BR-393/RJ";"Sul";"Colis�o Lateral";1;0;1;0;0;0;0;0;0;0;1;1;0;0;0
"10/10/2013";"13:38:00";"53";"sem v�tima";"235,38";"BR-393/RJ";"Sul";"Colis�o Traseira";1;0;1;0;0;0;0;0;0;0;2;0;0;0;0
"10/10/2013";"16:02:00";"59";"com v�tima";"235,054";"BR-393/RJ";"Norte";"Engavetamento";3;0;0;0;0;0;0;0;0;0;6;2;0;0;0
"10/10/2013";"19:29:00";"72";"sem v�tima";"178,258";"BR-393/RJ";"Sul";"Colis�o Lateral";1;0;0;0;0;0;0;0;0;1;2;0;0;0;0
"11/10/2013";"02:03:00";"10";"sem v�tima";"216,396";"BR-393/RJ";"Norte";"Colis�o Lateral";1;0;0;0;1;0;0;0;0;0;2;0;0;0;0
"11/10/2013";"17:20:00";"54";"sem v�tima";"195,05";"BR-393/RJ";"Sul";"Colis�o Traseira";1;0;1;0;0;0;0;0;0;0;2;0;0;0;0
"11/10/2013";"20:21:00";"66";"sem v�tima";"105,96";"BR-393/RJ";"Norte";"Colis�o Transversal";1;0;0;1;0;0;0;0;0;0;4;0;0;0;0
"11/10/2013";"22:45:00";"73";"sem v�tima";"101,9";"BR-393/RJ";"Norte";"Colis�o Lateral";2;0;0;0;0;0;0;0;0;0;3;0;0;0;0
"12/10/2013";"15:04:00";"53";"com v�tima";"141,485";"BR-393/RJ";"Sul";"Choque - Defensa, barreira ou "submarino"";1;0;0;0;0;0;0;0;0;0;0;1;0;0;0
"13/10/2013";"01:08:00";"3";"com v�tima";"102,734";"BR-393/RJ";"Norte";"Capotamento";1;0;0;0;0;0;0;0;0;0;0;0;1;0;0
"13/10/2013";"14:28:00";"37";"com v�tima";"235,162";"BR-393/RJ";"Norte";"Colis�o Lateral";1;0;0;1;0;0;0;0;0;0;1;1;0;0;0
"14/10/2013";"06:58:00";"5";"com v�tima";"134,615";"BR-393/RJ";"Sul";"Colis�o Frontal";2;0;0;0;0;0;0;0;0;0;0;5;0;0;0
"14/10/2013";"07:28:00";"8";"sem v�tima";"238,95";"BR-393/RJ";"Sul";"Colis�o Traseira";1;0;1;0;0;0;0;0;0;0;2;0;0;0;0
"14/10/2013";"14:34:00";"32";"sem v�tima";"103,866";"BR-393/RJ";"Norte";"Engavetamento";3;0;0;0;0;0;0;0;0;0;7;0;0;0;0
"15/10/2013";"11:07:00";"35";"com v�tima";"191,833";"BR-393/RJ";"Sul";"Outros - Sequ�ncia";1;0;1;0;0;0;0;0;0;0;3;1;0;0;0
"15/10/2013";"18:25:00";"67";"sem v�tima";"128,528";"BR-393/RJ";"Sul";"Colis�o Lateral";0;0;2;0;0;0;0;0;0;0;2;0;0;0;0
"15/10/2013";"19:22:00";"71";"sem v�tima";"115,068";"BR-393/RJ";"Norte";"Saida de Pista";0;0;1;0;0;0;0;0;0;0;1;0;0;0;0
"16/10/2013";"05:47:00";"13";"com v�tima";"274,107";"BR-393/RJ";"Norte";"Colis�o Traseira";1;0;1;0;0;0;0;0;0;0;1;1;0;0;0
"16/10/2013";"16:09:00";"57";"com v�tima";"218,35";"BR-393/RJ";"Norte";"Colis�o Frontal";0;0;2;0;0;0;0;0;0;0;0;0;0;1;1
"16/10/2013";"19:48:00";"64";"sem v�tima";"283,6";"BR-393/RJ";"Sul";"Outros - Sequ�ncia";3;0;0;0;0;0;0;0;0;0;4;0;0;0;0
"16/10/2013";"19:51:00";"65";"com v�tima";"177,7";"BR-393/RJ";"Sul";"Colis�o Traseira";2;0;0;0;0;0;0;0;0;0;0;3;0;0;0
"16/10/2013";"21:53:00";"72";"com v�tima";"136,8";"BR-393/RJ";"Norte";"Capotamento";1;0;0;0;0;0;0;0;0;0;0;1;0;0;0
"17/10/2013";"15:12:00";"45";"sem v�tima";"285,6";"BR-393/RJ";"Sul";"Colis�o Traseira";2;0;0;0;0;0;0;0;0;0;2;0;0;0;0
"17/10/2013";"19:06:00";"64";"com v�tima";"280,07";"BR-393/RJ";"Norte";"Atropelamento - Usu�rio";1;0;0;0;0;0;0;0;0;0;1;1;0;0;0
"17/10/2013";"20:37:00";"68";"com v�tima";"260,075";"BR-393/RJ";"Norte";"Tombamento";0;0;1;0;0;0;0;0;0;0;0;1;0;0;0
"18/10/2013";"10:05:00";"16";"com v�tima";"187,44";"BR-393/RJ";"Sul";"Queda de Moto";0;0;0;1;0;0;0;0;0;0;0;1;0;0;0
"18/10/2013";"12:34:00";"22";"sem v�tima";"283,236";"BR-393/RJ";"Norte";"Colis�o Traseira";2;0;0;0;0;0;0;0;0;0;2;0;0;0;0
"18/10/2013";"18:29:00";"51";"com v�tima";"238,622";"BR-393/RJ";"Norte";"Colis�o Transversal";1;0;0;1;0;0;0;0;0;0;1;2;0;0;0
"19/10/2013";"03:36:00";"14";"sem v�tima";"177,355";"BR-393/RJ";"Sul";"Saida de Pista";1;0;0;0;0;0;0;0;0;0;2;0;0;0;0
"19/10/2013";"11:15:00";"26";"sem v�tima";"281,317";"BR-393/RJ";"Sul";"Colis�o Traseira";2;0;0;0;0;0;0;0;0;0;2;0;0;0;0
"19/10/2013";"14:16:00";"37";"com v�tima";"1,9939";"Al�a Sul";"Sul";"Colis�o Transversal";2;0;0;0;0;0;0;0;0;0;1;0;1;0;0