fdata;horario;n_da_ocorrencia;tipo_de_ocorrencia;km;trecho;sentido;tipo_de_acidente;automovel;bicicleta;caminhao;moto;onibus;outros;tracao_animal;transporte_de_cargas_especiais;trator_maquinas;utilitarios;ilesos;levemente_feridos;moderadamente_feridos;gravemente_feridos;mortos
"07/12/2013";"13:32:00";"48";"sem v�tima";"195";"BR-393/RJ";"Norte";"Engavetamento";2;0;1;0;0;0;0;0;0;0;5;0;0;0;0
"07/12/2013";"23:09:00";"80";"sem v�tima";"285,5";"BR-393/RJ";"Sul";"Colis�o Traseira";2;0;0;0;0;0;0;0;0;0;2;0;0;0;0
"08/12/2013";"00:40:00";"3";"com v�tima";"168,8";"BR-393/RJ";"Sul";"Abalroamento Mesmo Sentido ";1;0;0;0;1;0;0;0;0;0;0;3;0;0;0
"09/12/2013";"12:25:00";"26";"sem v�tima";"258,413";"BR-393/RJ";"Norte";"Colis�o Lateral";0;0;1;0;0;0;0;0;0;1;8;0;0;0;0
"09/12/2013";"16:04:00";"41";"com v�tima";"277,65";"BR-393/RJ";"Sul";"Choque - Arvore";1;0;0;0;0;0;0;0;0;0;0;0;0;2;2
"09/12/2013";"17:56:00";"49";"com v�tima";"285,416";"BR-393/RJ";"Norte";"Colis�o Lateral";0;0;1;1;0;0;0;0;0;0;0;2;0;0;0
"10/12/2013";"06:56:00";"19";"com v�tima";"268,486";"BR-393/RJ";"Sul";"Colis�o Transversal";1;0;1;0;0;0;0;0;0;0;2;0;1;0;0
"10/12/2013";"09:27:00";"28";"sem v�tima";"285,465";"BR-393/RJ";"Norte";"Abalroamento Mesmo Sentido ";1;0;1;0;0;0;0;0;0;0;2;0;0;0;0
"10/12/2013";"15:28:00";"51";"com v�tima";"285,405";"BR-393/RJ";"Norte";"Colis�o Transversal";1;0;0;1;0;0;0;0;0;0;1;1;0;0;0
"10/12/2013";"15:47:00";"53";"com v�tima";"177,736";"BR-393/RJ";"Norte";"Outros";1;0;0;0;0;0;0;0;0;0;0;2;0;1;0
"11/12/2013";"09:39:00";"23";"com v�tima";"147,218";"BR-393/RJ";"Norte";"Tombamento";0;0;1;0;0;0;0;0;0;0;0;1;0;0;0
"11/12/2013";"12:34:00";"43";"sem v�tima";"283,271";"BR-393/RJ";"Norte";"Colis�o Frontal";1;0;1;0;0;0;0;0;0;0;2;0;0;0;0
"11/12/2013";"19:00:00";"59";"com v�tima";"286";"BR-393/RJ";"Norte";"Colis�o Traseira";1;0;0;0;1;0;0;0;0;0;0;2;0;0;0
"12/12/2013";"18:13:00";"49";"sem v�tima";"284";"BR-393/RJ";"Sul";"Colis�o Lateral";2;0;0;0;0;0;0;0;0;0;2;0;0;0;0
"13/12/2013";"02:40:00";"12";"com v�tima";"161,7";"BR-393/RJ";"Sul";"Saida de Pista";1;0;0;0;0;0;0;0;0;0;0;1;0;0;0
"13/12/2013";"10:43:00";"30";"sem v�tima";"176,61";"BR-393/RJ";"Norte";"Outros";0;0;1;0;0;0;0;0;0;0;1;0;0;0;0
"13/12/2013";"20:17:00";"65";"sem v�tima";"157,228";"BR-393/RJ";"Norte";"Tombamento";0;0;1;0;0;0;0;0;0;0;1;0;0;0;0
"14/12/2013";"00:54:00";"2";"sem v�tima";"270,659";"BR-393/RJ";"Norte";"Saida de Pista";1;0;0;0;0;0;0;0;0;0;1;0;0;0;0
"14/12/2013";"03:11:00";"13";"com v�tima";"102,474";"BR-393/RJ";"Norte";"Colis�o Frontal";1;0;0;0;0;0;0;0;0;1;2;2;0;0;0
"14/12/2013";"06:55:00";"21";"com v�tima";"114,884";"BR-393/RJ";"Sul";"Tombamento";0;0;1;0;0;0;0;0;0;0;0;1;0;0;0
"14/12/2013";"12:35:00";"40";"sem v�tima";"246,506";"BR-393/RJ";"Norte";"Colis�o Traseira";1;0;1;0;0;0;0;0;0;0;2;0;0;0;0
"14/12/2013";"20:35:00";"77";"com v�tima";"102,592";"BR-393/RJ";"Sul";"Colis�o Lateral";1;0;0;1;0;0;0;0;0;0;2;0;1;0;0
"14/12/2013";"21:52:00";"81";"com v�tima";"213,896";"BR-393/RJ";"Norte";"Capotamento";1;0;0;0;0;0;0;0;0;0;0;0;0;1;0
"14/12/2013";"22:05:00";"83";"com v�tima";"168,569";"BR-393/RJ";"Sul";"Atropelamento - Morador";0;0;0;1;0;0;0;0;0;0;0;2;0;0;0
"14/12/2013";"23:40:00";"89";"com v�tima";"168,728";"BR-393/RJ";"Sul";"Colis�o Lateral";1;0;0;1;0;0;0;0;0;0;5;2;0;0;0
"15/12/2013";"02:53:00";"7";"com v�tima";"246,33";"BR-393/RJ";"Norte";"Queda de Moto";0;0;0;1;0;0;0;0;0;0;0;0;0;1;0
"15/12/2013";"05:54:00";"11";"com v�tima";"187,136";"BR-393/RJ";"Norte";"Colis�o Frontal";0;0;1;0;0;0;0;0;0;1;0;3;0;0;0
"15/12/2013";"16:52:00";"47";"com v�tima";"146";"BR-393/RJ";"Norte";"Colis�o Traseira";2;0;0;0;0;0;0;0;0;0;6;1;0;0;0
"16/12/2013";"06:58:00";"16";"com v�tima";"155,469";"BR-393/RJ";"Sul";"Tombamento";0;0;1;0;0;0;0;0;0;0;0;1;0;0;0
"16/12/2013";"08:30:00";"23";"sem v�tima";"247,56";"BR-393/RJ";"Sul";"Colis�o Traseira";2;0;0;0;0;0;0;0;0;0;2;0;0;0;0
"16/12/2013";"09:56:00";"35";"sem v�tima";"245,6";"BR-393/RJ";"Sul";"Colis�o Traseira";2;0;0;0;0;0;0;0;0;0;4;0;0;0;0
"16/12/2013";"11:39:00";"44";"com v�tima";"167,4";"BR-393/RJ";"Norte";"Colis�o Lateral";2;0;0;0;0;0;0;0;0;0;0;3;0;0;0
"16/12/2013";"14:11:00";"52";"com v�tima";"279,685";"BR-393/RJ";"Sul";"Colis�o Frontal";1;0;0;1;0;0;0;0;0;0;1;1;0;0;0
"16/12/2013";"17:45:00";"68";"sem v�tima";"110,1";"BR-393/RJ";"Sul";"Saida de Pista";0;0;1;0;0;0;0;0;0;0;1;0;0;0;0
"18/12/2013";"06:47:00";"18";"com v�tima";"114,5";"BR-393/RJ";"Norte";"Tombamento";0;0;1;0;0;0;0;0;0;0;0;0;1;0;0
"18/12/2013";"11:45:00";"38";"sem v�tima";"285";"BR-393/RJ";"Sul";"Colis�o Lateral";1;0;1;0;0;0;0;0;0;0;2;0;0;0;0
"18/12/2013";"11:47:00";"30";"com v�tima";"129,66";"BR-393/RJ";"Norte";"Queda de Moto";0;0;0;1;0;0;0;0;0;0;0;1;0;0;0
"18/12/2013";"17:41:00";"52";"com v�tima";"286";"BR-393/RJ";"Sul";"Queda de Bicicleta";0;1;0;0;0;0;0;0;0;0;0;1;0;0;0
"19/12/2013";"16:18:00";"60";"sem v�tima";"182,117";"BR-393/RJ";"Norte";"Colis�o Lateral";1;0;1;0;0;0;0;0;0;0;2;0;0;0;0
"19/12/2013";"18:50:00";"65";"sem v�tima";"285,5";"BR-393/RJ";"Sul";"Colis�o Lateral";1;0;1;0;0;0;0;0;0;0;2;0;0;0;0
"19/12/2013";"19:18:00";"66";"sem v�tima";"285,7";"BR-393/RJ";"Sul";"Colis�o Lateral";1;0;1;0;0;0;0;0;0;0;2;0;0;0;0
"19/12/2013";"20:18:00";"78";"sem v�tima";"285";"BR-393/RJ";"Norte";"Colis�o Traseira";2;0;0;0;0;0;0;0;0;0;2;0;0;0;0
"19/12/2013";"20:22:00";"79";"com v�tima";"286";"BR-393/RJ";"Norte";"Outros - Sequ�ncia";2;0;0;1;0;0;0;0;0;0;3;1;0;0;0
"19/12/2013";"22:35:00";"87";"sem v�tima";"233,956";"BR-393/RJ";"Norte";"Abalroamento Mesmo Sentido ";1;0;1;0;0;0;0;0;0;0;2;0;0;0;0
"20/12/2013";"00:26:00";"9";"com v�tima";"178";"BR-393/RJ";"Norte";"Abalroamento Mesmo Sentido ";1;0;1;0;0;0;0;0;0;0;1;1;0;0;0
"20/12/2013";"13:06:00";"46";"com v�tima";"285";"BR-393/RJ";"Sul";"Colis�o Traseira";1;0;1;0;0;0;0;0;0;0;0;2;0;0;0
"20/12/2013";"13:46:00";"51";"com v�tima";"125,822";"BR-393/RJ";"Norte";"Colis�o Traseira";2;0;0;0;0;0;0;0;0;0;0;4;0;0;0
"20/12/2013";"17:00:00";"65";"com v�tima";"184,963";"BR-393/RJ";"Norte";"Capotamento";1;0;0;0;0;0;0;0;0;0;0;1;0;0;0
"20/12/2013";"17:50:00";"68";"com v�tima";"202";"BR-393/RJ";"Norte";"Outros - Sequ�ncia";2;0;1;0;0;0;0;0;0;0;3;1;0;0;0
"20/12/2013";"19:59:00";"79";"sem v�tima";"164";"BR-393/RJ";"Norte";"Abalroamento Mesmo Sentido ";1;0;1;0;0;0;0;0;0;0;4;0;0;0;0
"20/12/2013";"21:59:00";"88";"com v�tima";"102";"BR-393/RJ";"Sul";"Colis�o Lateral";2;0;0;0;0;0;0;0;0;0;0;2;0;0;0
"21/12/2013";"08:00:00";"24";"sem v�tima";"274";"BR-393/RJ";"Norte";"Choque - Defensa, barreira ou "submarino"";1;0;0;0;0;0;0;0;0;0;1;0;0;0;0
"21/12/2013";"11:19:00";"39";"sem v�tima";"251,3";"BR-393/RJ";"Sul";"Colis�o Lateral";2;0;0;0;0;0;0;0;0;0;2;0;0;0;0
"21/12/2013";"11:47:00";"45";"sem v�tima";"279,6";"BR-393/RJ";"Norte";"Colis�o Traseira";2;0;0;0;0;0;0;0;0;0;2;0;0;0;0
"21/12/2013";"13:25:00";"48";"com v�tima";"249,6";"BR-393/RJ";"Norte";"Colis�o Transversal";1;0;1;0;0;0;0;0;0;0;1;0;1;0;0
"21/12/2013";"14:07:00";"52";"sem v�tima";"285";"BR-393/RJ";"Sul";"Colis�o Lateral";1;0;1;0;0;0;0;0;0;0;3;0;0;0;0
"21/12/2013";"14:59:00";"55";"sem v�tima";"131,28";"BR-393/RJ";"Norte";"Abalroamento Mesmo Sentido ";1;0;0;0;1;0;0;0;0;0;4;0;0;0;0
"21/12/2013";"16:48:00";"62";"sem v�tima";"1";"Al�a Sul";"Sul";"Colis�o Traseira";1;0;1;0;0;0;0;0;0;0;3;0;0;0;0
"21/12/2013";"19:18:00";"71";"sem v�tima";"285";"BR-393/RJ";"Norte";"Colis�o Traseira";1;0;1;0;0;0;0;0;0;0;2;0;0;0;0
"21/12/2013";"20:00:00";"73";"sem v�tima";"125,822";"BR-393/RJ";"Norte";"Colis�o Traseira";0;0;1;0;1;0;0;0;0;0;2;0;0;0;0
"21/12/2013";"20:13:00";"77";"com v�tima";"105,062";"BR-393/RJ";"Norte";"Outros - Sequ�ncia";4;0;0;0;0;0;0;0;0;0;6;3;0;0;0
"21/12/2013";"22:31:00";"83";"com v�tima";"167";"BR-393/RJ";"Norte";"Atropelamento - Ciclista";0;1;1;0;0;0;0;0;0;0;1;0;1;0;0
"21/12/2013";"22:56:00";"86";"com v�tima";"114,375";"BR-393/RJ";"Norte";"Tombamento";0;0;1;0;0;0;0;0;0;0;0;1;0;0;0
"22/12/2013";"06:57:00";"13";"sem v�tima";"196,961";"BR-393/RJ";"Norte";"Colis�o Lateral";1;0;0;0;1;0;0;0;0;0;51;0;0;0;0
"22/12/2013";"07:46:00";"14";"sem v�tima";"172";"BR-393/RJ";"Norte";"Saida de Pista";1;0;0;0;0;0;0;0;0;0;1;0;0;0;0
"22/12/2013";"10:46:00";"22";"com v�tima";"197,551";"BR-393/RJ";"Sul";"Colis�o Frontal";1;0;1;0;0;0;0;0;0;0;1;0;0;0;2
"22/12/2013";"16:31:00";"42";"com v�tima";"258";"BR-393/RJ";"Norte";"Queda de Moto";0;0;0;1;0;0;0;0;0;0;0;2;0;0;0
"22/12/2013";"17:09:00";"44";"sem v�tima";"240,063";"BR-393/RJ";"Sul";"Saida de Pista";1;0;0;0;0;0;0;0;0;0;2;0;0;0;0
"22/12/2013";"17:40:00";"46";"com v�tima";"177,397";"BR-393/RJ";"Sul";"Queda de Moto";0;0;0;1;0;0;0;0;0;0;0;1;0;0;0
"22/12/2013";"19:57:00";"51";"com v�tima";"250,5";"BR-393/RJ";"Norte";"Colis�o Lateral";1;0;1;0;0;0;0;0;0;0;0;3;0;2;0
"23/12/2013";"01:36:00";"12";"com v�tima";"123,637";"BR-393/RJ";"Norte";"Saida de Pista";1;0;0;0;0;0;0;0;0;0;1;1;0;0;0
"23/12/2013";"08:01:00";"19";"com v�tima";"137,937";"BR-393/RJ";"Norte";"Capotamento";1;0;0;0;0;0;0;0;0;0;0;0;1;0;0
"23/12/2013";"08:51:00";"23";"com v�tima";"217,48";"BR-393/RJ";"Norte";"Colis�o Frontal";1;0;0;0;0;0;0;0;0;1;0;1;1;3;0
"23/12/2013";"12:31:00";"31";"com v�tima";"130,233";"BR-393/RJ";"Norte";"Saida de Pista";1;0;0;0;0;0;0;0;0;0;0;1;0;0;0
"23/12/2013";"12:31:00";"32";"com v�tima";"113,416";"BR-393/RJ";"Sul";"Capotamento";1;0;0;0;0;0;0;0;0;0;0;2;0;0;0
"23/12/2013";"16:59:00";"46";"sem v�tima";"262,509";"BR-393/RJ";"Sul";"Tombamento";0;0;1;0;0;0;0;0;0;0;2;0;0;0;0
"24/12/2013";"01:00:00";"11";"sem v�tima";"253";"BR-393/RJ";"Norte";"Saida de Pista";1;0;0;0;0;0;0;0;0;0;1;0;0;0;0
"24/12/2013";"07:29:00";"17";"sem v�tima";"243,688";"BR-393/RJ";"Sul";"Capotamento";1;0;0;0;0;0;0;0;0;0;3;0;0;0;0
"24/12/2013";"16:28:00";"42";"com v�tima";"286";"BR-393/RJ";"Norte";"Colis�o Lateral";1;0;1;0;0;0;0;0;0;0;1;3;0;0;0
"25/12/2013";"11:36:00";"16";"com v�tima";"227,544";"BR-393/RJ";"Norte";"Queda de Moto";0;0;0;1;0;0;0;0;0;0;0;0;1;0;0
"25/12/2013";"13:25:00";"23";"com v�tima";"168,747";"BR-393/RJ";"Sul";"Colis�o Lateral";2;0;0;0;0;0;0;0;0;0;0;8;0;0;0
"26/12/2013";"08:09:00";"18";"com v�tima";"216,162";"BR-393/RJ";"Sul";"Queda de Moto";0;0;0;1;0;0;0;0;0;0;0;1;0;0;0
"26/12/2013";"10:31:00";"29";"com v�tima";"226,074";"BR-393/RJ";"Norte";"Colis�o Lateral";1;0;0;0;1;0;0;0;0;0;27;3;0;2;0
"27/12/2013";"07:59:00";"23";"com v�tima";"208,621";"BR-393/RJ";"Norte";"Colis�o Traseira";1;0;1;0;0;0;0;0;0;0;1;1;0;0;0
"27/12/2013";"13:21:00";"42";"com v�tima";"127,6";"BR-393/RJ";"Sul";"Colis�o Frontal";1;0;1;0;0;0;0;0;0;0;1;3;0;0;0
"28/12/2013";"06:46:00";"17";"com v�tima";"193,53";"BR-393/RJ";"Sul";"Colis�o Lateral";1;0;1;0;0;0;0;0;0;0;1;1;0;0;0
"28/12/2013";"17:21:00";"62";"sem v�tima";"129,981";"BR-393/RJ";"Sul";"Saida de Pista";1;0;0;0;0;0;0;0;0;0;4;0;0;0;0
"29/12/2013";"11:54:00";"25";"com v�tima";"268,493";"BR-393/RJ";"Norte";"Colis�o Transversal";2;0;0;0;0;0;0;0;0;0;2;3;1;0;0
"29/12/2013";"14:05:00";"37";"sem v�tima";"171,505";"BR-393/RJ";"Sul";"Colis�o Traseira";2;0;0;0;0;0;0;0;0;0;5;0;0;0;0
"29/12/2013";"14:25:00";"39";"sem v�tima";"106,236";"BR-393/RJ";"Sul";"Colis�o Traseira";1;0;1;0;0;0;0;0;0;0;2;0;0;0;0
"29/12/2013";"21:14:00";"64";"com v�tima";"225,376";"BR-393/RJ";"Norte";"Choque - Talude";1;0;0;0;0;0;0;0;0;0;0;0;1;0;0
"31/12/2013";"03:22:00";"12";"sem v�tima";"168";"BR-393/RJ";"Sul";"Queda de moto";0;0;0;1;0;0;0;0;0;0;1;0;0;0;0
"31/12/2013";"23:46:00";"57";"sem v�tima";"254,5";"BR-393/RJ";"Sul";"Abalroamento Sentido Oposto";2;0;0;0;0;0;0;0;0;0;4;0;0;0;0
"02/01/2014";"09:07:00";"20";"sem v�tima";"253,425";"BR-393/RJ";"Norte";"Colis�o Lateral";2;0;0;0;0;0;0;0;0;0;9;0;0;0;0
"02/01/2014";"12:52:00";"29";"com v�tima";"163,851";"BR-393/RJ";"Sul";"Tombamento";0;0;1;0;0;0;0;0;0;0;0;1;0;0;0
"03/01/2014";"06:57:00";"14";"sem v�tima";"284,482";"BR-393/RJ";"Sul";"Colis�o Lateral";1;0;1;0;0;0;0;0;0;0;2;0;0;0;0
"03/01/2014";"15:30:00";"47";"com v�tima";"272";"BR-393/RJ";"Sul";"Saida de Pista";1;0;0;0;0;0;0;0;0;0;0;4;0;0;0
"03/01/2014";"16:11:00";"55";"com v�tima";"285";"BR-393/RJ";"Norte";"Colis�o Transversal";1;0;0;1;0;0;0;0;0;0;1;1;0;0;0
"04/01/2014";"01:14:00";"12";"com v�tima";"286,001";"BR-393/RJ";"Norte";"Colis�o Lateral";1;0;0;1;0;0;0;0;0;0;1;1;0;0;0
"04/01/2014";"14:19:00";"47";"com v�tima";"280,145";"BR-393/RJ";"Norte";"Colis�o Frontal";2;0;0;0;0;0;0;0;0;0;0;3;0;0;0
"04/01/2014";"16:33:00";"59";"com v�tima";"163";"BR-393/RJ";"Norte";"Engavetamento";2;0;1;0;0;0;0;0;0;0;2;3;0;0;0
"04/01/2014";"19:58:00";"67";"com v�tima";"235,9";"BR-393/RJ";"Norte";"Colis�o Lateral";2;0;0;0;0;0;0;0;0;0;1;1;0;0;0
"05/01/2014";"06:50:00";"16";"sem v�tima";"280,165";"BR-393/RJ";"Sul";"Colis�o Traseira";2;0;0;0;0;0;0;0;0;0;5;0;0;0;0
"06/01/2014";"15:59:00";"47";"com v�tima";"181,038";"BR-393/RJ";"Sul";"Colis�o Traseira";2;0;0;0;0;0;0;0;0;0;0;6;0;0;0
"06/01/2014";"17:23:00";"51";"sem v�tima";"285,438";"BR-393/RJ";"Sul";"Colis�o Traseira";1;0;0;0;1;0;0;0;0;0;2;0;0;0;0
"06/01/2014";"18:41:00";"55";"sem v�tima";"285,469";"BR-393/RJ";"Sul";"Colis�o Traseira";1;0;1;0;0;0;0;0;0;0;2;0;0;0;0
"07/01/2014";"22:55:00";"50";"com v�tima";"236,791";"BR-393/RJ";"Sul";"Colis�o Lateral";1;0;0;1;0;0;0;0;0;0;1;0;0;1;0
"08/01/2014";"08:14:00";"17";"com v�tima";"159,602";"BR-393/RJ";"Norte";"Colis�o Lateral";1;0;1;0;0;0;0;0;0;0;0;3;2;0;0
"08/01/2014";"10:02:00";"23";"sem v�tima";"255,702";"BR-393/RJ";"Norte";"Colis�o Traseira";1;0;1;0;0;0;0;0;0;0;2;0;0;0;0
"08/01/2014";"15:35:00";"45";"com v�tima";"223,307";"BR-393/RJ";"Norte";"Outros - Sequ�ncia";2;0;0;0;0;0;0;0;0;0;5;1;0;0;0
"09/01/2014";"15:34:00";"51";"com v�tima";"198,832";"BR-393/RJ";"Sul";"Queda de Moto";0;0;0;1;0;0;0;0;0;0;0;1;0;0;0
"10/01/2014";"05:59:00";"17";"sem v�tima";"246";"BR-393/RJ";"Norte";"Colis�o Traseira";2;0;0;0;0;0;0;0;0;0;5;0;0;0;0
"10/01/2014";"07:22:00";"19";"com v�tima";"281,9";"BR-393/RJ";"Norte";"Colis�o Transversal";1;0;0;1;0;0;0;0;0;0;1;1;0;0;0
"11/01/2014";"10:40:00";"20";"sem v�tima";"124";"BR-393/RJ";"Norte";"Choque - Talude";1;0;0;0;0;0;0;0;0;0;2;0;0;0;0
"11/01/2014";"11:15:00";"23";"sem v�tima";"200,546";"BR-393/RJ";"Sul";"Colis�o Traseira";0;0;2;0;0;0;0;0;0;0;3;0;0;0;0
"11/01/2014";"13:13:00";"28";"com v�tima";"177,1";"BR-393/RJ";"Norte";"Choque - Talude";1;0;0;0;0;0;0;0;0;0;0;2;0;0;0
"11/01/2014";"13:43:00";"33";"com v�tima";"143";"BR-393/RJ";"Norte";"Colis�o Transversal";2;0;0;0;0;0;0;0;0;0;3;1;0;0;0
"12/01/2014";"02:53:00";"13";"com v�tima";"172,318";"BR-393/RJ";"Sul";"Choque - Defensa, barreira ou "submarino"";1;0;0;0;0;0;0;0;0;0;2;1;0;0;0
"12/01/2014";"09:19:00";"25";"com v�tima";"181";"BR-393/RJ";"Sul";"Outros - Sequ�ncia";1;0;0;0;0;0;0;0;0;0;0;4;1;0;0
"13/01/2014";"12:55:00";"51";"sem v�tima";"107,6";"BR-393/RJ";"Norte";"Choque - Outros";1;0;0;0;0;0;0;0;0;0;1;0;0;0;0
"13/01/2014";"15:47:00";"67";"com v�tima";"284,228";"BR-393/RJ";"Norte";"Engavetamento";1;0;2;0;0;0;0;0;0;0;3;1;0;0;0
"13/01/2014";"17:10:00";"71";"sem v�tima";"281";"BR-393/RJ";"Norte";"Colis�o Lateral";0;0;1;0;1;0;0;0;0;0;2;0;0;0;0
"14/01/2014";"06:28:00";"11";"sem v�tima";"143,316";"BR-393/RJ";"Norte";"Colis�o Lateral";3;0;0;0;0;0;0;0;0;0;5;0;0;0;0
"15/01/2014";"05:10:00";"14";"sem v�tima";"284,412";"BR-393/RJ";"Norte";"Choque - Outros";1;0;0;0;0;0;0;0;0;0;1;0;0;0;0
"15/01/2014";"06:51:00";"16";"com v�tima";"212,835";"BR-393/RJ";"Norte";"Saida de Pista";0;0;1;0;0;0;0;0;0;0;0;1;1;0;0
"15/01/2014";"18:37:00";"54";"sem v�tima";"280,174";"BR-393/RJ";"Norte";"Colis�o Lateral";2;0;0;0;0;0;0;0;0;0;4;0;0;0;0
"16/01/2014";"03:35:00";"14";"sem v�tima";"122,573";"BR-393/RJ";"Sul";"Atropelamento de Animal";0;0;1;0;0;0;0;0;0;0;1;0;0;0;0
"16/01/2014";"14:51:00";"61";"sem v�tima";"286";"BR-393/RJ";"Sul";"Colis�o Traseira";2;0;0;0;0;0;0;0;0;0;2;0;0;0;0
"16/01/2014";"16:51:00";"77";"com v�tima";"235";"BR-393/RJ";"Sul";"Colis�o Lateral";2;0;0;0;0;0;0;0;0;0;5;1;0;0;0
"17/01/2014";"06:37:00";"16";"sem v�tima";"125";"BR-393/RJ";"Norte";"Colis�o Traseira";1;0;1;0;0;0;0;0;0;0;3;0;0;0;0
"17/01/2014";"17:25:00";"40";"com v�tima";"136,4";"BR-393/RJ";"Norte";"Queda de Moto";0;0;0;1;0;0;0;0;0;0;0;0;1;0;0
"17/01/2014";"18:26:00";"46";"sem v�tima";"225,7";"BR-393/RJ";"Sul";"Saida de Pista";1;0;0;0;0;0;0;0;0;0;2;0;0;0;0
"18/01/2014";"10:38:00";"26";"sem v�tima";"141,2";"BR-393/RJ";"Sul";"Choque - Defensa, barreira ou "submarino"";1;0;0;0;0;0;0;0;0;0;4;0;0;0;0
"18/01/2014";"18:43:00";"55";"sem v�tima";"277,516";"BR-393/RJ";"Sul";"Colis�o Lateral";1;0;1;0;0;0;0;0;0;0;2;0;0;0;0
"19/01/2014";"05:47:00";"15";"sem v�tima";"283";"BR-393/RJ";"Norte";"Colis�o Lateral";2;0;0;0;0;0;0;0;0;0;2;0;0;0;0
"19/01/2014";"10:44:00";"25";"sem v�tima";"154";"BR-393/RJ";"Norte";"Colis�o Lateral";0;0;2;0;0;0;0;0;0;0;2;0;0;0;0
"19/01/2014";"16:19:00";"40";"sem v�tima";"252,2";"BR-393/RJ";"Sul";"Colis�o Lateral";1;0;1;0;0;0;0;0;0;0;2;0;0;0;0
"19/01/2014";"20:32:00";"60";"com v�tima";"274,667";"BR-393/RJ";"Sul";"Capotamento";2;0;0;0;0;0;0;0;0;0;1;1;0;0;0
"20/01/2014";"17:47:00";"67";"com v�tima";"201,7";"BR-393/RJ";"Norte";"Colis�o Transversal";2;0;0;0;0;0;0;0;0;0;2;1;0;0;0
"20/01/2014";"18:28:00";"69";"sem v�tima";"281,5";"BR-393/RJ";"Sul";"Abalroamento Mesmo Sentido ";1;0;1;0;0;0;0;0;0;0;2;0;0;0;0
"21/01/2014";"05:24:00";"15";"com v�tima";"273,5";"BR-393/RJ";"Sul";"Tombamento";0;0;1;0;0;0;0;0;0;0;0;1;0;0;0
"21/01/2014";"08:31:00";"24";"com v�tima";"279,859";"BR-393/RJ";"Sul";"Colis�o Lateral";1;0;0;1;0;0;0;0;0;0;1;0;1;0;0
"21/01/2014";"08:51:00";"25";"com v�tima";"210,727";"BR-393/RJ";"Norte";"Colis�o Traseira";1;0;1;0;0;0;0;0;0;0;1;1;0;0;0
"21/01/2014";"09:11:00";"26";"com v�tima";"165,5";"BR-393/RJ";"Norte";"Colis�o Traseira";2;0;0;0;0;0;0;0;0;0;0;2;0;0;0
"21/01/2014";"17:11:00";"60";"com v�tima";"238,932";"BR-393/RJ";"Norte";"Colis�o Lateral";1;0;0;1;0;0;0;0;0;0;1;0;1;0;0
"22/01/2014";"03:11:00";"11";"com v�tima";"270,622";"BR-393/RJ";"Norte";"Tombamento";0;0;1;0;0;0;0;0;0;0;0;1;0;0;0
"22/01/2014";"08:31:00";"14";"sem v�tima";"285,454";"BR-393/RJ";"Sul";"Colis�o Lateral";1;0;1;0;0;0;0;0;0;0;2;0;0;0;0
"22/01/2014";"11:07:00";"21";"sem v�tima";"199,84";"BR-393/RJ";"Sul";"Colis�o Traseira";2;0;0;0;1;0;0;0;0;0;8;0;0;0;0
"22/01/2014";"12:00:00";"26";"sem v�tima";"228";"BR-393/RJ";"Sul";"Colis�o Lateral";1;0;2;0;0;0;0;0;0;0;3;0;0;0;0
"22/01/2014";"18:53:00";"55";"sem v�tima";"168,123";"BR-393/RJ";"Sul";"Colis�o Lateral";0;0;2;0;0;0;0;0;0;0;2;0;0;0;0
"23/01/2014";"17:00:00";"50";"sem v�tima";"282";"BR-393/RJ";"Norte";"Engavetamento";2;0;1;0;0;0;0;0;0;0;3;0;0;0;0
"23/01/2014";"17:07:00";"52";"sem v�tima";"242,551";"BR-393/RJ";"Sul";"Capotamento";1;0;0;0;0;0;0;0;0;0;1;0;0;0;0
"23/01/2014";"17:40:00";"56";"sem v�tima";"285,439";"BR-393/RJ";"Norte";"Colis�o Lateral";1;0;1;0;0;0;0;0;0;0;2;0;0;0;0
"24/01/2014";"06:07:00";"15";"com v�tima";"170,875";"BR-393/RJ";"Norte";"Capotamento";1;0;0;0;0;0;0;0;0;0;0;1;0;0;0
"24/01/2014";"07:20:00";"20";"com v�tima";"285,616";"BR-393/RJ";"Sul";"Atropelamento - Ciclista";0;1;0;1;0;0;0;0;0;0;1;1;0;0;0
"24/01/2014";"17:11:00";"54";"com v�tima";"222,91";"BR-393/RJ";"Norte";"Tombamento";0;0;2;0;0;0;0;0;0;0;2;0;1;0;0
"24/01/2014";"18:20:00";"63";"sem v�tima";"185,8";"BR-393/RJ";"Norte";"Abalroamento Mesmo Sentido ";0;0;1;0;1;0;0;0;0;0;2;0;0;0;0
"24/01/2014";"22:38:00";"77";"com v�tima";"235,18";"BR-393/RJ";"Sul";"Colis�o Lateral";1;0;1;0;0;0;0;0;0;0;1;3;0;0;0
"25/01/2014";"12:15:00";"37";"com v�tima";"157,9";"BR-393/RJ";"Norte";"Outros - Sequ�ncia";1;0;1;0;0;0;0;0;0;0;2;1;0;0;0
"25/01/2014";"17:48:00";"58";"sem v�tima";"185";"BR-393/RJ";"Norte";"Queda de Moto";0;0;0;1;0;0;0;0;0;0;1;0;0;0;0
"26/01/2014";"21:48:00";"53";"com v�tima";"281,25";"BR-393/RJ";"Norte";"Atropelamento - Ambulante";1;0;0;0;0;0;0;0;0;0;1;0;1;0;0
"27/01/2014";"10:08:00";"25";"com v�tima";"281,735";"BR-393/RJ";"Norte";"Outros - Sequ�ncia";3;0;0;0;0;0;0;0;0;0;2;1;0;0;0
"27/01/2014";"12:56:00";"33";"sem v�tima";"279";"BR-393/RJ";"Norte";"Colis�o Traseira";2;0;0;0;0;0;0;0;0;0;2;0;0;0;0
"28/01/2014";"15:22:00";"58";"com v�tima";"256";"BR-393/RJ";"Norte";"Colis�o Traseira";1;0;1;0;0;0;0;0;0;0;1;2;0;0;0