fdata;horario;n_da_ocorrencia;tipo_de_ocorrencia;km;trecho;sentido;tipo_de_acidente;automovel;bicicleta;caminhao;moto;onibus;outros;tracao_animal;transporte_de_cargas_especiais;trator_maquinas;utilitarios;ilesos;levemente_feridos;moderadamente_feridos;gravemente_feridos;mortos
"28/01/2014";"15:38:00";"64";"sem v�tima";"256";"BR-393/RJ";"Norte";"Colis�o Traseira";0;0;0;0;1;0;0;0;0;1;2;0;0;0;0
"28/01/2014";"18:15:00";"73";"com v�tima";"274";"BR-393/RJ";"Norte";"Tombamento";0;0;1;0;0;0;0;0;0;0;0;1;0;0;0
"29/01/2014";"08:16:00";"17";"com v�tima";"258";"BR-393/RJ";"Sul";"Outros";1;0;1;0;0;0;0;0;0;0;1;1;0;0;0
"29/01/2014";"11:50:00";"28";"sem v�tima";"246";"BR-393/RJ";"Norte";"Colis�o Lateral";1;0;1;0;0;0;0;0;0;0;3;0;0;0;0
"29/01/2014";"12:34:00";"30";"sem v�tima";"281";"BR-393/RJ";"Norte";"Colis�o Traseira";1;0;1;0;0;0;0;0;0;0;2;0;0;0;0
"29/01/2014";"12:48:00";"31";"com v�tima";"185,5";"BR-393/RJ";"Norte";"Colis�o Traseira";1;0;1;0;0;0;0;0;0;0;0;2;0;0;0
"31/01/2014";"08:33:00";"28";"sem v�tima";"175";"BR-393/RJ";"Norte";"Colis�o Traseira";1;0;1;0;0;0;0;0;0;0;2;0;0;0;0
"31/01/2014";"16:33:00";"54";"sem v�tima";"193";"BR-393/RJ";"Norte";"Outros";0;0;1;0;0;0;0;0;0;0;1;0;0;0;0
"01/02/2014";"04:52:00";"14";"sem v�tima";"239,369";"BR-393/RJ";"Sul";"Choque - Defensa, barreira ou "submarino"";1;0;0;0;0;0;0;0;0;0;1;0;0;0;0
"01/02/2014";"12:05:00";"23";"com v�tima";"233";"BR-393/RJ";"Norte";"Colis�o Transversal";0;0;2;0;0;0;0;0;0;0;0;2;0;0;0
"01/02/2014";"13:52:00";"25";"com v�tima";"165";"BR-393/RJ";"Norte";"Queda de Bicicleta";0;1;0;0;0;0;0;0;0;0;0;1;0;1;0
"01/02/2014";"18:14:00";"35";"sem v�tima";"285";"BR-393/RJ";"Norte";"Colis�o Traseira";2;0;0;0;0;0;0;0;0;0;2;0;0;0;0
"01/02/2014";"20:58:00";"49";"com v�tima";"280";"BR-393/RJ";"Norte";"Atropelamento - Morador";1;0;0;0;0;0;0;0;0;0;1;2;0;0;0
"02/02/2014";"10:57:00";"26";"com v�tima";"162,8";"BR-393/RJ";"Sul";"Engavetamento";3;0;0;0;0;0;0;0;0;0;6;1;1;0;0
"03/02/2014";"07:07:00";"18";"sem v�tima";"250,595";"BR-393/RJ";"Sul";"Colis�o Lateral";1;0;0;0;1;0;0;0;0;0;2;0;0;0;0
"03/02/2014";"08:21:00";"20";"com v�tima";"285,39";"BR-393/RJ";"Norte";"Colis�o Transversal";2;0;0;0;0;0;0;0;0;0;1;2;0;0;0
"03/02/2014";"11:27:00";"40";"sem v�tima";"175";"BR-393/RJ";"Sul";"Colis�o Traseira";3;0;0;0;0;0;0;0;0;0;3;0;0;0;0
"03/02/2014";"11:56:00";"46";"com v�tima";"104";"BR-393/RJ";"Norte";"Engavetamento";2;0;0;1;0;0;0;0;0;0;3;1;0;0;0
"03/02/2014";"17:05:00";"67";"sem v�tima";"285";"BR-393/RJ";"Norte";"Colis�o Traseira";2;0;0;0;0;0;0;0;0;0;2;0;0;0;0
"03/02/2014";"21:46:00";"77";"com v�tima";"241,111";"BR-393/RJ";"Norte";"Colis�o Traseira";3;0;0;0;0;0;0;0;0;0;4;1;0;0;0
"04/02/2014";"19:28:00";"69";"sem v�tima";"105,581";"BR-393/RJ";"Norte";"Colis�o Lateral";1;0;1;0;0;0;0;0;0;0;2;0;0;0;0
"05/02/2014";"05:46:00";"17";"com v�tima";"262,083";"BR-393/RJ";"Sul";"Tombamento";0;0;1;0;0;0;0;0;0;0;1;2;0;0;0
"05/02/2014";"20:20:00";"66";"com v�tima";"162,8";"BR-393/RJ";"Norte";"Colis�o Traseira";1;0;1;0;0;0;0;0;0;0;2;1;0;0;0
"07/02/2014";"10:58:00";"31";"com v�tima";"283,342";"BR-393/RJ";"Norte";"Engavetamento";3;0;0;0;0;0;0;0;0;0;3;0;1;0;0
"08/02/2014";"03:08:00";"11";"com v�tima";"104,647";"BR-393/RJ";"Norte";"Colis�o Lateral";1;0;1;0;0;0;0;0;0;0;1;0;0;0;1
"08/02/2014";"05:15:00";"16";"sem v�tima";"236,758";"BR-393/RJ";"Sul";"Colis�o Transversal";2;0;0;0;0;0;0;0;0;0;3;0;0;0;0
"08/02/2014";"07:59:00";"24";"sem v�tima";"271,627";"BR-393/RJ";"Norte";"Objeto lan�ado contra ve�culo";2;0;0;0;0;0;0;0;0;0;9;0;0;0;0
"09/02/2014";"23:27:00";"56";"com v�tima";"175,7";"BR-393/RJ";"Sul";"Capotamento";1;0;0;0;0;0;0;0;0;0;0;1;0;0;0
"10/02/2014";"08:50:00";"22";"com v�tima";"268,092";"BR-393/RJ";"Norte";"Colis�o Lateral";1;0;0;0;0;0;0;0;0;1;0;2;0;0;0
"10/02/2014";"14:54:00";"39";"com v�tima";"201,47";"BR-393/RJ";"Norte";"Colis�o Traseira";2;0;0;0;0;0;0;0;0;0;1;4;0;0;0
"11/02/2014";"07:00:00";"14";"com v�tima";"259,975";"BR-393/RJ";"Norte";"Outros - Sequ�ncia";1;0;2;0;0;0;0;0;0;0;0;3;0;0;0
"11/02/2014";"09:54:00";"23";"com v�tima";"147,222";"BR-393/RJ";"Sul";"Tombamento";0;0;1;0;0;0;0;0;0;0;0;0;1;0;0
"11/02/2014";"13:34:00";"36";"com v�tima";"285,268";"BR-393/RJ";"Norte";"Choque - Outros";1;0;0;0;0;0;0;0;0;0;3;2;0;0;0
"11/02/2014";"17:31:00";"65";"sem v�tima";"110,8";"BR-393/RJ";"Sul";"Choque - Suporte de Sinaliza��o";1;0;1;0;0;0;0;0;0;0;2;0;0;0;0
"11/02/2014";"18:00:00";"69";"com v�tima";"124,467";"BR-393/RJ";"Norte";"Tombamento";0;0;2;0;0;0;0;0;0;0;1;1;0;0;0
"12/02/2014";"18:41:00";"65";"sem v�tima";"285,8";"BR-393/RJ";"Sul";"Colis�o Transversal";1;0;1;0;0;0;0;0;0;0;3;0;0;0;0
"12/02/2014";"22:42:00";"76";"com v�tima";"188,406";"BR-393/RJ";"Norte";"Atropelamento de Animal";1;0;0;0;0;0;0;0;0;0;0;2;0;0;0
"13/02/2014";"07:45:00";"13";"com v�tima";"285,547";"BR-393/RJ";"Sul";"Colis�o Lateral";1;0;1;0;0;0;0;0;0;0;0;2;0;0;0
"13/02/2014";"19:07:00";"61";"sem v�tima";"238,7";"BR-393/RJ";"Sul";"Colis�o Lateral";2;0;0;0;0;0;0;0;0;0;4;0;0;0;0
"14/02/2014";"07:39:00";"17";"sem v�tima";"279,313";"BR-393/RJ";"Norte";"Colis�o Traseira";2;0;0;0;0;0;0;0;0;0;4;0;0;0;0
"14/02/2014";"16:58:00";"58";"com v�tima";"274";"BR-393/RJ";"Norte";"Saida de Pista";0;0;0;0;0;0;0;0;0;1;0;1;0;0;0
"15/02/2014";"00:49:00";"10";"sem v�tima";"273,8";"BR-393/RJ";"Sul";"Tombamento";0;0;1;0;0;0;0;0;0;0;1;0;0;0;0
"15/02/2014";"04:49:00";"12";"com v�tima";"238,341";"BR-393/RJ";"Norte";"Colis�o Frontal";2;0;0;0;1;0;0;0;0;0;2;1;0;1;1
"15/02/2014";"09:30:00";"25";"sem v�tima";"264,907";"BR-393/RJ";"Norte";"Colis�o Traseira";0;0;1;0;0;0;0;0;0;1;2;0;0;0;0
"15/02/2014";"12:04:00";"31";"com v�tima";"169,62";"BR-393/RJ";"Sul";"Colis�o Transversal";0;0;0;2;0;0;0;0;0;0;1;1;0;0;0
"15/02/2014";"20:30:00";"50";"com v�tima";"172,186";"BR-393/RJ";"Sul";"Choque - Talude";1;0;0;0;0;0;0;0;0;0;0;1;0;0;0
"16/02/2014";"03:37:00";"16";"sem v�tima";"136,041";"BR-393/RJ";"Norte";"Choque - Outros";1;0;0;0;0;0;0;0;0;0;1;0;0;0;0
"16/02/2014";"07:15:00";"20";"sem v�tima";"263";"BR-393/RJ";"Sul";"Saida de Pista";1;0;0;0;0;0;0;0;0;0;1;0;0;0;0
"16/02/2014";"09:53:00";"26";"sem v�tima";"285";"BR-393/RJ";"Norte";"Colis�o Lateral";2;0;0;0;0;0;0;0;0;0;2;0;0;0;0
"16/02/2014";"09:59:00";"28";"sem v�tima";"157";"BR-393/RJ";"Norte";"Colis�o Traseira";1;0;1;0;0;0;0;0;0;0;2;0;0;0;0
"16/02/2014";"16:05:00";"40";"sem v�tima";"254";"BR-393/RJ";"Norte";"Colis�o Traseira";1;0;0;0;0;0;0;0;0;0;1;0;0;0;0
"17/02/2014";"17:27:00";"48";"sem v�tima";"158,413";"BR-393/RJ";"Norte";"Colis�o Traseira";2;0;0;0;0;0;0;0;0;0;2;0;0;0;0
"18/02/2014";"08:01:00";"18";"sem v�tima";"283,072";"BR-393/RJ";"Sul";"Engavetamento";2;0;0;1;0;0;0;0;0;0;3;0;0;0;0
"18/02/2014";"09:41:00";"22";"sem v�tima";"236,097";"BR-393/RJ";"Norte";"Colis�o Traseira";2;0;0;0;0;0;0;0;0;0;5;0;0;0;0
"18/02/2014";"11:40:00";"29";"com v�tima";"123,646";"BR-393/RJ";"Sul";"Choque - Suporte de Sinaliza��o";1;0;0;0;0;0;0;0;0;0;0;4;0;0;0
"18/02/2014";"14:58:00";"43";"sem v�tima";"124,431";"BR-393/RJ";"Norte";"Colis�o Lateral";0;0;2;0;0;0;0;0;0;0;2;0;0;0;0
"19/02/2014";"23:25:00";"84";"com v�tima";"251,696";"BR-393/RJ";"Norte";"Atropelamento - Morador";0;0;0;1;0;0;0;0;0;0;1;0;1;0;0
"20/02/2014";"11:37:00";"40";"sem v�tima";"286";"BR-393/RJ";"Sul";"Colis�o Traseira";2;0;0;0;0;0;0;0;0;0;3;0;0;0;0
"20/02/2014";"17:30:00";"63";"com v�tima";"237";"BR-393/RJ";"Sul";"Colis�o Lateral";2;0;0;0;0;0;0;0;0;0;0;3;0;0;0
"20/02/2014";"19:11:00";"71";"sem v�tima";"247,18";"BR-393/RJ";"Norte";"Colis�o Traseira";0;0;2;0;0;0;0;0;0;0;2;0;0;0;0
"20/02/2014";"20:04:00";"70";"sem v�tima";"245,486";"BR-393/RJ";"Sul";"Engavetamento";2;0;1;0;0;0;0;0;0;0;3;0;0;0;0
"21/02/2014";"14:01:00";"45";"com v�tima";"268,498";"BR-393/RJ";"Norte";"Colis�o Transversal";2;0;0;0;0;0;0;0;0;0;3;1;0;0;0
"21/02/2014";"17:51:00";"58";"sem v�tima";"285,5";"BR-393/RJ";"Sul";"Colis�o Lateral";1;0;1;0;0;0;0;0;0;0;2;0;0;0;0
"22/02/2014";"20:53:00";"57";"sem v�tima";"285,5";"BR-393/RJ";"Norte";"Colis�o Traseira";2;0;0;0;0;0;0;0;0;0;2;0;0;0;0
"23/02/2014";"14:55:00";"34";"sem v�tima";"258,276";"BR-393/RJ";"Norte";"Colis�o Traseira";1;0;1;0;0;0;0;0;0;0;2;0;0;0;0
"23/02/2014";"20:03:00";"54";"sem v�tima";"286,002";"BR-393/RJ";"Sul";"Colis�o Lateral";1;0;1;0;0;0;0;0;0;0;7;0;0;0;0
"23/02/2014";"22:01:00";"59";"sem v�tima";"195,551";"BR-393/RJ";"Sul";"Saida de Pista";1;0;0;0;0;0;0;0;0;0;1;0;0;0;0
"24/02/2014";"06:57:00";"17";"sem v�tima";"140";"BR-393/RJ";"Norte";"Saida de Pista";1;0;0;0;0;0;0;0;0;0;1;0;0;0;0
"24/02/2014";"09:36:00";"30";"com v�tima";"150";"BR-393/RJ";"Sul";"Outros - Sequ�ncia";1;0;1;0;0;0;0;0;0;0;2;1;0;0;0
"24/02/2014";"11:31:00";"40";"sem v�tima";"103,734";"BR-393/RJ";"Norte";"Outros";0;0;1;0;0;0;0;0;0;0;1;0;0;0;0
"24/02/2014";"20:56:00";"79";"sem v�tima";"268,723";"BR-393/RJ";"Sul";"Atropelamento de Animal";1;0;0;0;0;0;0;0;0;0;1;0;0;0;0
"26/02/2014";"07:33:00";"15";"sem v�tima";"255,774";"BR-393/RJ";"Sul";"Abalroamento Mesmo Sentido ";1;0;1;0;0;0;0;0;0;0;2;0;0;0;0
"26/02/2014";"11:37:00";"39";"com v�tima";"140,074";"BR-393/RJ";"Sul";"Queda de Moto";0;0;0;1;0;0;0;0;0;0;0;1;0;0;0
"26/02/2014";"19:17:00";"70";"com v�tima";"163,7";"BR-393/RJ";"Norte";"Engavetamento";3;0;0;0;0;0;0;0;0;0;0;3;0;0;0
"27/02/2014";"03:51:00";"19";"sem v�tima";"186,6";"BR-393/RJ";"Norte";"Atropelamento de Animal";1;0;1;0;0;0;0;0;0;0;2;0;0;0;0
"27/02/2014";"06:44:00";"24";"com v�tima";"265";"BR-393/RJ";"Sul";"Colis�o Traseira";0;0;1;0;1;0;0;0;0;0;2;1;0;0;0
"27/02/2014";"13:12:00";"68";"com v�tima";"281";"BR-393/RJ";"Sul";"Colis�o Transversal";2;0;0;0;0;0;0;0;0;0;4;2;0;0;0
"27/02/2014";"14:40:00";"80";"com v�tima";"273,7";"BR-393/RJ";"Sul";"Tombamento";0;0;1;0;0;0;0;0;0;0;0;0;1;0;0
"27/02/2014";"14:47:00";"82";"sem v�tima";"245,7";"BR-393/RJ";"Norte";"Colis�o Traseira";2;0;0;0;0;0;0;0;0;0;2;0;0;0;0
"27/02/2014";"17:09:00";"91";"com v�tima";"175";"BR-393/RJ";"Norte";"Colis�o Lateral";1;0;0;1;0;0;0;0;0;0;1;2;0;0;0
"28/02/2014";"07:30:00";"14";"sem v�tima";"201,8";"BR-393/RJ";"Norte";"Colis�o Traseira";0;0;2;0;0;0;0;0;0;0;2;0;0;0;0
"28/02/2014";"08:03:00";"17";"com v�tima";"235,234";"BR-393/RJ";"Norte";"Atropelamento - Morador";0;0;1;0;0;0;0;0;0;0;1;1;0;0;0
"28/02/2014";"10:32:00";"30";"sem v�tima";"279";"BR-393/RJ";"Sul";"Colis�o Traseira";2;0;0;0;0;0;0;0;0;0;2;0;0;0;0
"28/02/2014";"15:50:00";"52";"sem v�tima";"102";"BR-393/RJ";"Norte";"Colis�o Frontal";2;0;0;0;0;0;0;0;0;0;4;0;0;0;0
"28/02/2014";"18:24:00";"67";"sem v�tima";"285,996";"BR-393/RJ";"Norte";"Colis�o Traseira";1;0;0;0;1;0;0;0;0;0;2;0;0;0;0
"28/02/2014";"19:38:00";"74";"sem v�tima";"281,48";"BR-393/RJ";"Sul";"Colis�o Lateral";2;0;0;0;0;0;0;0;0;0;2;0;0;0;0
"28/02/2014";"20:19:00";"78";"com v�tima";"216,1";"BR-393/RJ";"Sul";"Choque - Elemento de Drenagem";1;0;0;0;0;0;0;0;0;0;0;2;0;0;0
"28/02/2014";"22:03:00";"87";"com v�tima";"177,799";"BR-393/RJ";"Norte";"Colis�o Traseira";2;0;0;0;0;0;0;0;0;0;5;5;0;0;0
"01/03/2014";"01:21:00";"11";"com v�tima";"229,842";"BR-393/RJ";"Norte";"Saida de Pista";1;0;0;0;0;0;0;0;0;0;2;2;0;0;0
"01/03/2014";"05:03:00";"18";"com v�tima";"179,619";"BR-393/RJ";"Norte";"Choque - Talude";1;0;0;0;0;0;0;0;0;0;0;1;0;0;0
"01/03/2014";"06:46:00";"21";"com v�tima";"182,357";"BR-393/RJ";"Norte";"Colis�o Lateral";1;0;1;0;0;0;0;0;0;0;0;2;1;0;0
"01/03/2014";"11:22:00";"41";"com v�tima";"277,704";"BR-393/RJ";"Sul";"Choque - Arvore";1;0;0;0;0;0;0;0;0;0;0;1;0;0;0
"02/03/2014";"20:16:00";"57";"sem v�tima";"153,628";"BR-393/RJ";"Norte";"Colis�o Transversal";2;0;0;0;0;0;0;0;0;0;2;0;0;0;0
"02/03/2014";"21:21:00";"60";"sem v�tima";"238";"BR-393/RJ";"Norte";"Colis�o Lateral";2;0;0;0;0;0;0;0;0;0;2;0;0;0;0
"04/03/2014";"06:49:00";"11";"sem v�tima";"177,768";"BR-393/RJ";"Norte";"Choque - Outros";1;0;0;0;0;0;0;0;0;0;2;0;0;0;0
"04/03/2014";"12:42:00";"25";"sem v�tima";"201,942";"BR-393/RJ";"Norte";"Colis�o Traseira";2;0;0;0;0;0;0;0;0;0;2;0;0;0;0
"05/03/2014";"15:24:00";"44";"com v�tima";"195";"BR-393/RJ";"Sul";"Abalroamento Mesmo Sentido ";1;0;1;0;0;0;0;0;0;0;4;1;0;0;0
"05/03/2014";"21:46:00";"60";"sem v�tima";"284,2";"BR-393/RJ";"Norte";"Choque - Outros";1;0;0;0;0;0;0;0;0;0;1;0;0;0;0
"06/03/2014";"01:45:00";"13";"sem v�tima";"246,331";"BR-393/RJ";"Sul";"Colis�o Traseira";1;0;1;0;0;0;0;0;0;0;2;0;0;0;0
"06/03/2014";"19:17:00";"51";"com v�tima";"223";"BR-393/RJ";"Norte";"Colis�o Traseira";0;0;0;1;0;0;0;0;0;1;1;1;0;0;0
"06/03/2014";"20:56:00";"56";"com v�tima";"203,6";"BR-393/RJ";"Norte";"Outros - Sequ�ncia";2;0;1;0;0;0;0;0;0;0;0;3;0;0;0
"07/03/2014";"00:25:00";"10";"sem v�tima";"283,3";"BR-393/RJ";"Norte";"Choque - Outros";1;0;0;0;0;0;0;0;0;0;1;0;0;0;0
"07/03/2014";"09:51:00";"30";"sem v�tima";"142";"BR-393/RJ";"Sul";"Colis�o Traseira";2;0;0;0;0;0;0;0;0;0;9;0;0;0;0
"07/03/2014";"21:58:00";"69";"sem v�tima";"220,031";"BR-393/RJ";"Sul";"Saida de Pista";1;0;0;0;0;0;0;0;0;0;5;0;0;0;0
"07/03/2014";"22:26:00";"71";"com v�tima";"127,658";"BR-393/RJ";"Sul";"Saida de Pista";1;0;0;0;0;0;0;0;0;0;0;0;1;0;0
"08/03/2014";"20:16:00";"47";"sem v�tima";"201,001";"BR-393/RJ";"Sul";"Colis�o Traseira";2;0;0;0;0;0;0;0;0;0;7;0;0;0;0
"10/03/2014";"13:16:00";"35";"com v�tima";"243,594";"BR-393/RJ";"Norte";"Colis�o Frontal";2;0;0;0;0;0;0;0;0;0;1;3;0;0;0
"10/03/2014";"14:16:00";"37";"sem v�tima";"285,588";"BR-393/RJ";"Sul";"Colis�o Lateral";1;0;1;0;0;0;0;0;0;0;2;0;0;0;0
"11/03/2014";"14:41:00";"50";"com v�tima";"243,7";"BR-393/RJ";"Sul";"Queda de Moto";0;0;0;1;0;0;0;0;0;0;0;1;0;0;0
"11/03/2014";"21:38:00";"75";"sem v�tima";"285,3";"BR-393/RJ";"Sul";"Colis�o Traseira";1;0;0;1;0;0;0;0;0;0;3;0;0;0;0
"12/03/2014";"06:59:00";"16";"sem v�tima";"285,545";"BR-393/RJ";"Norte";"Colis�o Lateral";1;0;1;0;0;0;0;0;0;0;2;0;0;0;0
"12/03/2014";"15:21:00";"63";"com v�tima";"171,5";"BR-393/RJ";"Norte";"Choque - Talude";1;0;0;0;0;0;0;0;0;0;3;0;1;0;0
"14/03/2014";"06:55:00";"14";"sem v�tima";"246,838";"BR-393/RJ";"Sul";"Colis�o Traseira";1;0;1;0;0;0;0;0;0;0;2;0;0;0;0
"14/03/2014";"09:10:00";"22";"com v�tima";"285,5";"BR-393/RJ";"Sul";"Outros - Sequ�ncia";2;0;1;0;0;0;0;0;0;0;0;3;0;0;0
"14/03/2014";"15:15:00";"44";"sem v�tima";"268,324";"BR-393/RJ";"Sul";"Colis�o Traseira";1;0;1;0;0;0;0;0;0;0;2;0;0;0;0
"15/03/2014";"01:43:00";"9";"com v�tima";"127,1";"BR-393/RJ";"Norte";"Colis�o Frontal";1;0;1;0;0;0;0;0;0;0;1;0;0;0;1
"15/03/2014";"04:19:00";"11";"com v�tima";"139,469";"BR-393/RJ";"Norte";"Tombamento";0;0;1;0;0;0;0;0;0;0;0;0;2;0;0
"15/03/2014";"15:11:00";"33";"com v�tima";"124,451";"BR-393/RJ";"Norte";"Tombamento";0;0;1;0;0;0;0;0;0;0;0;0;1;0;0
"16/03/2014";"15:59:00";"38";"com v�tima";"286";"BR-393/RJ";"Norte";"Colis�o Traseira";1;0;0;1;0;0;0;0;0;0;1;1;0;0;0
"16/03/2014";"16:37:00";"41";"com v�tima";"245,177";"BR-393/RJ";"Sul";"Colis�o Lateral";0;0;0;2;0;0;0;0;0;0;1;1;0;0;0
"16/03/2014";"18:50:00";"48";"sem v�tima";"281,5";"BR-393/RJ";"Sul";"Colis�o Traseira";2;0;0;0;0;0;0;0;0;0;2;0;0;0;0
"17/03/2014";"05:07:00";"13";"com v�tima";"277,819";"BR-393/RJ";"Norte";"Colis�o Lateral";1;0;0;0;0;0;0;0;0;1;0;2;0;0;0
"17/03/2014";"07:38:00";"17";"com v�tima";"181,453";"BR-393/RJ";"Sul";"Colis�o Frontal";1;0;1;0;0;0;0;0;0;0;0;1;0;0;1
"17/03/2014";"12:00:00";"41";"com v�tima";"170";"BR-393/RJ";"Sul";"Outros - Sequ�ncia";3;0;0;0;0;0;0;0;0;0;5;1;0;0;0
"17/03/2014";"15:26:00";"52";"com v�tima";"265,45";"BR-393/RJ";"Norte";"Colis�o Frontal";2;0;0;0;0;0;0;0;0;0;1;5;0;0;0
"18/03/2014";"12:53:00";"41";"com v�tima";"236,555";"BR-393/RJ";"Norte";"Colis�o Lateral";1;0;0;1;0;0;0;0;0;0;1;0;1;0;0
"19/03/2014";"15:41:00";"40";"sem v�tima";"265,456";"BR-393/RJ";"Sul";"Colis�o Traseira";1;0;1;0;0;0;0;0;0;0;3;0;0;0;0
"19/03/2014";"20:19:00";"50";"sem v�tima";"286";"BR-393/RJ";"Sul";"Engavetamento";3;0;0;0;0;0;0;0;0;0;3;0;0;0;0
"20/03/2014";"01:38:00";"3";"com v�tima";"220,496";"BR-393/RJ";"Norte";"Tombamento";0;0;1;0;0;0;0;0;0;0;0;1;0;0;0
"20/03/2014";"07:17:00";"18";"sem v�tima";"265";"BR-393/RJ";"Norte";"Colis�o Traseira";1;0;1;0;0;0;0;0;0;0;2;0;0;0;0
"21/03/2014";"17:33:00";"57";"sem v�tima";"155";"BR-393/RJ";"Norte";"Outros";0;0;1;0;0;0;0;0;0;0;1;0;0;0;0
"21/03/2014";"22:15:00";"66";"com v�tima";"195,1";"BR-393/RJ";"Sul";"Colis�o Traseira";1;0;1;0;0;0;0;0;0;0;0;2;1;0;0
"22/03/2014";"11:07:00";"36";"sem v�tima";"201,698";"BR-393/RJ";"Norte";"Colis�o Traseira";0;0;2;0;0;0;0;0;0;0;2;0;0;0;0
"22/03/2014";"20:41:00";"66";"com v�tima";"262,048";"BR-393/RJ";"Norte";"Colis�o Lateral";1;0;1;0;0;0;0;0;0;0;1;1;0;0;0
"23/03/2014";"03:25:00";"13";"sem v�tima";"242,43";"BR-393/RJ";"Sul";"Capotamento";1;0;0;0;0;0;0;0;0;0;1;0;0;0;0
"23/03/2014";"03:39:00";"14";"com v�tima";"239,409";"BR-393/RJ";"Norte";"Capotamento";1;0;0;0;0;0;0;0;0;0;0;1;0;0;0
"23/03/2014";"19:23:00";"46";"com v�tima";"2,99";"Al�a Sul";"Norte";"Atropelamento - Morador";1;0;0;0;0;0;0;0;0;0;1;1;0;0;0
"24/03/2014";"00:08:00";"1";"sem v�tima";"227,246";"BR-393/RJ";"Sul";"Saida de Pista";1;0;0;0;0;0;0;0;0;0;1;0;0;0;0
"24/03/2014";"03:42:00";"13";"sem v�tima";"254,9";"BR-393/RJ";"Norte";"Atropelamento de Animal";2;0;0;0;0;0;0;0;0;0;5;0;0;0;0
"24/03/2014";"12:51:00";"32";"sem v�tima";"281";"BR-393/RJ";"Sul";"Colis�o Lateral";1;0;0;0;1;0;0;0;0;0;2;0;0;0;0
"24/03/2014";"17:55:00";"49";"com v�tima";"286";"BR-393/RJ";"Sul";"Colis�o Transversal";1;0;0;1;0;0;0;0;0;0;1;1;0;0;0
"24/03/2014";"18:43:00";"50";"sem v�tima";"285,8";"BR-393/RJ";"Sul";"Colis�o Lateral";1;0;1;0;0;0;0;0;0;0;2;0;0;0;0
"26/03/2014";"10:00:00";"30";"com v�tima";"285,404";"BR-393/RJ";"Sul";"Colis�o Traseira";2;0;0;0;0;0;0;0;0;0;1;1;0;0;0
"26/03/2014";"13:06:00";"44";"com v�tima";"220,635";"BR-393/RJ";"Norte";"Saida de Pista";0;0;1;0;0;0;0;0;0;0;0;1;1;0;0
"26/03/2014";"16:07:00";"49";"sem v�tima";"162,1";"BR-393/RJ";"Sul";"Saida de Pista";0;0;0;0;0;0;0;0;0;1;1;0;0;0;0
"26/03/2014";"16:12:00";"50";"com v�tima";"284,5";"BR-393/RJ";"Norte";"Colis�o Traseira";2;0;0;0;0;0;0;0;0;0;1;1;0;0;0
"26/03/2014";"22:56:00";"62";"com v�tima";"274";"BR-393/RJ";"Sul";"Tombamento";0;0;1;0;0;0;0;0;0;0;0;1;0;0;0
"27/03/2014";"05:07:00";"12";"com v�tima";"189,259";"BR-393/RJ";"Norte";"Choque - Arvore";0;0;0;0;0;0;0;0;0;1;0;0;1;0;0
"27/03/2014";"07:19:00";"14";"com v�tima";"157,923";"BR-393/RJ";"Sul";"Colis�o Frontal";0;0;2;0;0;0;0;0;0;0;1;1;0;0;0
"27/03/2014";"08:01:00";"16";"com v�tima";"203,968";"BR-393/RJ";"Sul";"Capotamento";1;0;1;0;0;0;0;0;0;0;1;0;1;0;0
"27/03/2014";"18:50:00";"55";"com v�tima";"0,55";"Al�a Sul";"Norte";"Atropelamento - Ciclista";0;1;0;0;0;0;0;0;0;1;1;1;0;0;0
"27/03/2014";"23:55:00";"62";"com v�tima";"238,66";"BR-393/RJ";"Norte";"Colis�o Transversal";0;0;1;1;0;0;0;0;0;0;0;1;0;0;1
"28/03/2014";"02:41:00";"10";"sem v�tima";"265";"BR-393/RJ";"Sul";"Choque - Defensa, barreira ou "submarino"";1;0;0;0;0;0;0;0;0;0;1;0;0;0;0
"28/03/2014";"09:31:00";"21";"sem v�tima";"177,6";"BR-393/RJ";"Norte";"Engavetamento";3;0;0;0;0;0;0;0;0;0;4;0;0;0;0
"28/03/2014";"12:08:00";"32";"sem v�tima";"105,9";"BR-393/RJ";"Norte";"Colis�o Transversal";2;0;0;0;0;0;0;0;0;0;3;0;0;0;0
"28/03/2014";"18:27:00";"47";"sem v�tima";"135,5";"BR-393/RJ";"Norte";"Colis�o Frontal";2;0;0;0;0;0;0;0;0;0;3;0;0;0;0
"29/03/2014";"01:38:00";"10";"sem v�tima";"285";"BR-393/RJ";"Norte";"Choque - Outros";1;0;0;0;0;0;0;0;0;0;1;0;0;0;0
"29/03/2014";"10:42:00";"35";"sem v�tima";"246,584";"BR-393/RJ";"Sul";"Colis�o Lateral";1;0;1;0;0;0;0;0;0;0;2;0;0;0;0
"29/03/2014";"15:25:00";"49";"com v�tima";"182,208";"BR-393/RJ";"Sul";"Colis�o Frontal";0;0;1;1;0;0;0;0;0;0;0;1;0;0;1
"29/03/2014";"21:07:00";"65";"sem v�tima";"263,1";"BR-393/RJ";"Sul";"Capotamento";1;0;0;0;0;0;0;0;0;0;1;0;0;0;0
"30/03/2014";"02:59:00";"12";"sem v�tima";"285,9";"BR-393/RJ";"Norte";"Colis�o Lateral";2;0;0;0;0;0;0;0;0;0;2;0;0;0;0
"30/03/2014";"05:28:00";"15";"com v�tima";"270,791";"BR-393/RJ";"Norte";"Colis�o Frontal";2;0;0;0;0;0;0;0;0;0;0;1;1;1;0
"30/03/2014";"10:43:00";"24";"com v�tima";"255,774";"BR-393/RJ";"Sul";"Colis�o Transversal";2;0;0;0;0;0;0;0;0;0;1;2;1;0;0
"30/03/2014";"10:49:00";"25";"com v�tima";"210,831";"BR-393/RJ";"Norte";"Queda de Moto";0;0;0;1;0;0;0;0;0;0;0;1;0;0;0