fdata;horario;n_da_ocorrencia;tipo_de_ocorrencia;km;trecho;sentido;tipo_de_acidente;automovel;bicicleta;caminhao;moto;onibus;outros;tracao_animal;transporte_de_cargas_especiais;trator_maquinas;utilitarios;ilesos;levemente_feridos;moderadamente_feridos;gravemente_feridos;mortos
"04/06/2014";"14:10:00";"32";"sem v�tima";"235,234";"BR-393/RJ";"Norte";"Colis�o Traseira";2;0;0;0;0;0;0;0;0;0;4;0;0;0;0
"04/06/2014";"16:25:00";"39";"com v�tima";"286,1";"BR-393/RJ";"Norte";"Colis�o Traseira";1;0;0;1;0;0;0;0;0;0;1;1;1;0;0
"05/06/2014";"05:09:00";"11";"sem v�tima";"129,153";"BR-393/RJ";"Sul";"Tombamento";0;0;1;0;0;0;0;0;0;0;1;0;0;0;0
"05/06/2014";"06:35:00";"12";"sem v�tima";"263,05";"BR-393/RJ";"Sul";"Colis�o Frontal";2;0;0;0;0;0;0;0;0;0;3;0;0;0;0
"06/06/2014";"18:36:00";"46";"sem v�tima";"286,1";"BR-393/RJ";"Sul";"Colis�o Traseira";2;0;0;0;0;0;0;0;0;0;2;0;0;0;0
"06/06/2014";"18:44:00";"50";"com v�tima";"230,7";"BR-393/RJ";"Sul";"Colis�o Lateral";1;0;0;1;0;0;0;0;0;0;4;1;1;0;0
"06/06/2014";"19:05:00";"53";"sem v�tima";"285,5";"BR-393/RJ";"Sul";"Colis�o Lateral";1;0;1;0;0;0;0;0;0;0;2;0;0;0;0
"06/06/2014";"19:32:00";"54";"sem v�tima";"285,5";"BR-393/RJ";"Sul";"Colis�o Traseira";2;0;0;0;0;0;0;0;0;0;2;0;0;0;0
"06/06/2014";"21:22:00";"65";"com v�tima";"110";"BR-393/RJ";"Norte";"Saida de Pista";1;0;0;0;0;0;0;0;0;0;0;1;1;0;0
"07/06/2014";"01:19:00";"10";"com v�tima";"232,4";"BR-393/RJ";"Sul";"Choque - Defensa, barreira ou "submarino"";1;0;0;0;0;0;0;0;0;0;0;1;0;0;0
"07/06/2014";"05:03:00";"14";"com v�tima";"155,449";"BR-393/RJ";"Norte";"Outros - Sequ�ncia";0;0;1;0;1;0;0;0;0;0;36;3;0;0;0
"07/06/2014";"11:40:00";"25";"com v�tima";"137";"BR-393/RJ";"Norte";"Choque - Talude";1;0;0;0;0;0;0;0;0;0;0;4;0;0;0
"07/06/2014";"12:11:00";"28";"com v�tima";"280,122";"BR-393/RJ";"Sul";"Colis�o Transversal";1;0;0;1;0;0;0;0;0;0;1;1;0;0;0
"07/06/2014";"15:05:00";"36";"com v�tima";"173,352";"BR-393/RJ";"Sul";"Outros - Sequ�ncia";4;0;0;0;0;0;0;0;0;0;0;4;3;0;1
"07/06/2014";"21:00:00";"55";"com v�tima";"102,523";"BR-393/RJ";"Norte";"Colis�o Traseira";2;0;0;0;0;0;0;0;0;0;0;2;0;0;0
"08/06/2014";"01:41:00";"2";"com v�tima";"246,18";"BR-393/RJ";"Norte";"Colis�o Frontal";2;0;0;0;0;0;0;0;0;0;1;2;0;1;0
"08/06/2014";"05:06:00";"9";"sem v�tima";"285,465";"BR-393/RJ";"Sul";"Choque - Defensa, barreira ou "submarino"";1;0;0;0;0;0;0;0;0;0;1;0;0;0;0
"08/06/2014";"05:30:00";"10";"com v�tima";"280";"BR-393/RJ";"Norte";"Colis�o Traseira";1;0;0;0;1;0;0;0;0;0;1;1;0;0;0
"08/06/2014";"13:32:00";"23";"com v�tima";"247";"BR-393/RJ";"Norte";"Saida de Pista";1;0;0;0;0;0;0;0;0;0;0;1;1;0;0
"08/06/2014";"16:03:00";"33";"sem v�tima";"281";"BR-393/RJ";"Norte";"Colis�o Lateral";1;0;0;1;0;0;0;0;0;0;2;0;0;0;0
"10/06/2014";"18:30:00";"50";"sem v�tima";"196";"BR-393/RJ";"Sul";"Abalroamento Mesmo Sentido ";1;0;0;0;0;0;0;0;0;1;2;0;0;0;0
"11/06/2014";"04:43:00";"13";"com v�tima";"143,433";"BR-393/RJ";"Norte";"Tombamento";0;0;1;0;0;0;0;0;0;0;0;1;0;0;0
"12/06/2014";"07:24:00";"15";"com v�tima";"286,003";"BR-393/RJ";"Norte";"Engavetamento";4;0;0;0;0;0;0;0;0;0;3;1;0;0;0
"12/06/2014";"08:52:00";"17";"sem v�tima";"286";"BR-393/RJ";"Norte";"Colis�o Traseira";2;0;0;0;0;0;0;0;0;0;2;0;0;0;0
"12/06/2014";"13:09:00";"34";"sem v�tima";"279,8";"BR-393/RJ";"Sul";"Engavetamento";3;0;0;0;0;0;0;0;0;0;3;0;0;0;0
"13/06/2014";"00:28:00";"9";"sem v�tima";"141,969";"BR-393/RJ";"Norte";"Colis�o Traseira";2;0;0;0;0;0;0;0;0;0;4;0;0;0;0
"13/06/2014";"09:04:00";"22";"com v�tima";"104,339";"BR-393/RJ";"Norte";"Engavetamento";4;0;0;0;0;0;0;0;0;0;1;11;0;0;0
"13/06/2014";"11:49:00";"32";"sem v�tima";"233,731";"BR-393/RJ";"Sul";"Colis�o Traseira";2;0;0;0;0;0;0;0;0;0;9;0;0;0;0
"13/06/2014";"19:49:00";"59";"sem v�tima";"234";"BR-393/RJ";"Sul";"Colis�o Traseira";0;0;2;0;0;0;0;0;0;0;2;0;0;0;0
"13/06/2014";"22:58:00";"67";"sem v�tima";"242,2";"BR-393/RJ";"Sul";"Choque - Defensa, barreira ou "submarino"";1;0;0;0;0;0;0;0;0;0;2;0;0;0;0
"14/06/2014";"02:34:00";"11";"sem v�tima";"103";"BR-393/RJ";"Norte";"Outros - Sequ�ncia";1;0;1;0;0;0;0;0;0;0;2;0;0;0;0
"14/06/2014";"08:14:00";"20";"com v�tima";"234,036";"BR-393/RJ";"Norte";"Engavetamento";3;0;0;0;0;0;0;0;0;0;2;2;0;0;0
"14/06/2014";"13:53:00";"40";"com v�tima";"115,626";"BR-393/RJ";"Norte";"Colis�o Lateral";0;0;1;0;0;0;0;0;0;1;0;1;1;0;0
"14/06/2014";"20:47:00";"63";"com v�tima";"286";"BR-393/RJ";"Norte";"Colis�o Lateral";1;0;0;1;0;0;0;0;0;0;1;1;0;0;0
"14/06/2014";"22:05:00";"66";"sem v�tima";"283,3";"BR-393/RJ";"Norte";"Choque - Poste";1;0;0;0;0;0;0;0;0;0;1;0;0;0;0
"15/06/2014";"06:26:00";"16";"sem v�tima";"138,171";"BR-393/RJ";"Sul";"Capotamento";1;0;0;0;0;0;0;0;0;0;1;0;0;0;0
"16/06/2014";"12:35:00";"26";"sem v�tima";"104";"BR-393/RJ";"Norte";"Colis�o Traseira";2;0;0;0;0;0;0;0;0;0;2;0;0;0;0
"16/06/2014";"17:56:00";"43";"com v�tima";"283,3";"BR-393/RJ";"Norte";"Engavetamento";3;0;1;0;0;0;0;0;0;0;3;1;0;0;0
"17/06/2014";"06:51:00";"20";"com v�tima";"273,22";"BR-393/RJ";"Norte";"Tombamento";0;0;1;0;0;0;0;0;0;0;0;0;1;0;0
"17/06/2014";"18:25:00";"64";"com v�tima";"177,8";"BR-393/RJ";"Norte";"Colis�o Traseira";2;0;0;0;0;0;0;0;0;0;1;2;2;0;0
"18/06/2014";"09:45:00";"29";"com v�tima";"220,429";"BR-393/RJ";"Norte";"Colis�o Traseira";1;0;1;0;0;0;0;0;0;0;0;3;0;0;0
"18/06/2014";"18:57:00";"47";"com v�tima";"269";"BR-393/RJ";"Norte";"Saida de Pista";0;0;0;0;0;0;0;0;0;1;0;2;0;0;0
"18/06/2014";"19:18:00";"49";"sem v�tima";"175,5";"BR-393/RJ";"Sul";"Saida de Pista";1;0;0;0;0;0;0;0;0;0;2;0;0;0;0
"18/06/2014";"23:16:00";"57";"sem v�tima";"172,5";"BR-393/RJ";"Sul";"Saida de Pista";1;0;0;0;0;0;0;0;0;0;5;0;0;0;0
"20/06/2014";"08:13:00";"16";"sem v�tima";"155";"BR-393/RJ";"Norte";"Capotamento";1;0;0;0;0;0;0;0;0;0;3;0;0;0;0
"21/06/2014";"05:23:00";"16";"com v�tima";"236,067";"BR-393/RJ";"Norte";"Colis�o Frontal";1;0;1;0;0;0;0;0;0;0;3;1;1;0;1
"21/06/2014";"22:03:00";"56";"com v�tima";"175";"BR-393/RJ";"Norte";"Colis�o Lateral";1;0;1;0;0;0;0;0;0;0;1;2;0;0;0
"21/06/2014";"23:16:00";"60";"com v�tima";"281,8";"BR-393/RJ";"Norte";"Colis�o Transversal";1;0;0;1;0;0;0;0;0;0;1;0;2;0;0
"22/06/2014";"05:37:00";"6";"com v�tima";"215,071";"BR-393/RJ";"Norte";"Queda de Moto";0;0;0;1;0;0;0;0;0;0;0;1;0;0;0
"23/06/2014";"06:44:00";"15";"sem v�tima";"285,411";"BR-393/RJ";"Norte";"Colis�o Traseira";2;0;0;0;0;0;0;0;0;0;3;0;0;0;0
"23/06/2014";"14:22:00";"39";"sem v�tima";"233,6";"BR-393/RJ";"Sul";"Colis�o Lateral";1;0;1;0;0;0;0;0;0;0;2;0;0;0;0
"24/06/2014";"08:32:00";"17";"sem v�tima";"191,746";"BR-393/RJ";"Norte";"Outros - Sequ�ncia";0;0;1;0;0;0;0;0;0;0;1;0;0;0;0
"26/06/2014";"04:25:00";"11";"sem v�tima";"244,96";"BR-393/RJ";"Sul";"Saida de Pista";0;0;1;0;0;0;0;0;0;0;1;0;0;0;0
"26/06/2014";"07:16:00";"14";"sem v�tima";"182";"BR-393/RJ";"Sul";"Colis�o Traseira";2;0;0;0;0;0;0;0;0;0;2;0;0;0;0
"26/06/2014";"08:24:00";"16";"com v�tima";"235,238";"BR-393/RJ";"Sul";"Abalroamento Mesmo Sentido ";0;0;1;1;0;0;0;0;0;0;2;1;0;0;0
"26/06/2014";"18:19:00";"47";"sem v�tima";"281,5";"BR-393/RJ";"Norte";"Colis�o Transversal";2;0;0;0;0;0;0;0;0;0;2;0;0;0;0
"27/06/2014";"09:33:00";"15";"com v�tima";"279";"BR-393/RJ";"Norte";"Colis�o Traseira";1;0;0;1;0;0;0;0;0;0;1;1;0;0;0
"27/06/2014";"09:52:00";"16";"com v�tima";"285";"BR-393/RJ";"Norte";"Colis�o Lateral";1;0;1;0;0;0;0;0;0;0;1;1;0;0;0
"28/06/2014";"07:08:00";"14";"sem v�tima";"285,209";"BR-393/RJ";"Sul";"Colis�o Lateral";2;0;0;0;0;0;0;0;0;0;2;0;0;0;0
"28/06/2014";"08:08:00";"15";"com v�tima";"161,206";"BR-393/RJ";"Norte";"Tombamento";0;0;1;0;0;0;0;0;0;0;0;1;0;0;0
"28/06/2014";"15:59:00";"28";"com v�tima";"271";"BR-393/RJ";"Norte";"Choque - Outros";1;0;0;0;0;0;0;0;0;0;0;1;0;0;0
"28/06/2014";"19:23:00";"34";"com v�tima";"280,2";"BR-393/RJ";"Norte";"Colis�o Lateral";2;0;0;0;0;0;0;0;0;0;3;1;0;0;0
"28/06/2014";"20:02:00";"38";"sem v�tima";"252";"BR-393/RJ";"Sul";"Colis�o Transversal";2;0;0;0;0;0;0;0;0;0;2;0;0;0;0
"29/06/2014";"16:39:00";"43";"com v�tima";"284,7";"BR-393/RJ";"Sul";"Engavetamento";4;0;0;0;0;0;0;0;0;0;9;1;0;0;0
"30/06/2014";"10:56:00";"32";"com v�tima";"281,462";"BR-393/RJ";"Sul";"Colis�o Transversal";2;0;0;0;0;0;0;0;0;0;0;2;0;0;0
"01/07/2014";"07:47:00";"17";"sem v�tima";"266,712";"BR-393/RJ";"Norte";"Saida de Pista";1;0;0;0;0;0;0;0;0;0;1;0;0;0;0
"01/07/2014";"18:02:00";"46";"sem v�tima";"278,87";"BR-393/RJ";"Sul";"Outros";1;0;1;0;0;0;0;0;0;0;3;0;0;0;0
"02/07/2014";"07:00:00";"17";"sem v�tima";"282";"BR-393/RJ";"Norte";"Colis�o Traseira";2;0;0;0;0;0;0;0;0;0;2;0;0;0;0
"02/07/2014";"16:31:00";"54";"com v�tima";"206";"BR-393/RJ";"Norte";"Capotamento";1;0;0;0;0;0;0;0;0;0;0;5;0;0;0
"02/07/2014";"22:33:00";"68";"com v�tima";"175,56";"BR-393/RJ";"Sul";"Saida de Pista";1;0;0;0;0;0;0;0;0;0;0;1;0;0;0
"03/07/2014";"10:34:00";"31";"sem v�tima";"285,392";"BR-393/RJ";"Norte";"Colis�o Traseira";2;0;0;0;0;0;0;0;0;0;2;0;0;0;0
"03/07/2014";"14:40:00";"39";"sem v�tima";"267,171";"BR-393/RJ";"Sul";"Colis�o Traseira";2;0;0;0;0;0;0;0;0;0;2;0;0;0;0
"03/07/2014";"18:08:00";"51";"com v�tima";"284";"BR-393/RJ";"Norte";"Engavetamento";1;0;2;0;0;0;0;0;0;0;3;1;0;0;0
"04/07/2014";"15:10:00";"40";"sem v�tima";"142,282";"BR-393/RJ";"Sul";"Colis�o Lateral";1;0;1;0;0;0;0;0;0;0;2;0;0;0;0
"05/07/2014";"05:04:00";"14";"sem v�tima";"178,1";"BR-393/RJ";"Sul";"Saida de Pista";1;0;0;0;0;0;0;0;0;0;1;0;0;0;0
"05/07/2014";"10:01:00";"26";"com v�tima";"138,407";"BR-393/RJ";"Sul";"Colis�o Traseira";0;0;0;0;2;0;0;0;0;0;81;2;0;0;0
"05/07/2014";"16:11:00";"44";"sem v�tima";"168,804";"BR-393/RJ";"Sul";"Colis�o Transversal";1;0;0;0;1;0;0;0;0;0;3;0;0;0;0
"05/07/2014";"17:27:00";"49";"com v�tima";"114,893";"BR-393/RJ";"Norte";"Tombamento";0;0;1;0;0;0;0;0;0;0;0;1;0;0;0
"05/07/2014";"17:59:00";"52";"sem v�tima";"284,7";"BR-393/RJ";"Norte";"Colis�o Traseira";1;0;1;0;0;0;0;0;0;0;3;0;0;0;0
"05/07/2014";"18:41:00";"56";"sem v�tima";"284,5";"BR-393/RJ";"Norte";"Engavetamento";3;0;0;0;0;0;0;0;0;0;3;0;0;0;0
"05/07/2014";"20:00:00";"67";"sem v�tima";"284,6";"BR-393/RJ";"Sul";"Colis�o Lateral";1;0;1;0;0;0;0;0;0;0;2;0;0;0;0
"05/07/2014";"21:56:00";"70";"com v�tima";"240,872";"BR-393/RJ";"Norte";"Outros - Sequ�ncia";1;0;2;0;0;0;0;0;0;0;2;2;0;0;0
"06/07/2014";"08:26:00";"11";"com v�tima";"141,425";"BR-393/RJ";"Norte";"Queda de Moto";0;0;0;1;0;0;0;0;0;0;0;1;0;0;0
"06/07/2014";"15:22:00";"28";"sem v�tima";"285";"BR-393/RJ";"Sul";"Engavetamento";4;0;0;1;0;0;0;0;0;0;5;0;0;0;0
"06/07/2014";"17:51:00";"37";"com v�tima";"1,55";"Al�a Sul";"Sul";"Queda de Bicicleta";0;1;0;0;0;0;0;0;0;0;0;1;0;0;0
"07/07/2014";"15:30:00";"36";"com v�tima";"281,355";"BR-393/RJ";"Sul";"Colis�o Traseira";2;0;0;0;0;0;0;0;0;0;2;1;0;0;0
"07/07/2014";"16:25:00";"37";"com v�tima";"251,3";"BR-393/RJ";"Sul";"Queda de Moto";0;0;0;1;0;0;0;0;0;0;0;1;0;0;0
"08/07/2014";"03:30:00";"15";"sem v�tima";"243,7";"BR-393/RJ";"Norte";"Abalroamento Mesmo Sentido ";1;0;1;0;0;0;0;0;0;0;2;0;0;0;0
"08/07/2014";"06:23:00";"17";"com v�tima";"171,72";"BR-393/RJ";"Sul";"Atropelamento de Animal";1;0;0;0;0;0;0;0;0;0;0;1;0;0;0
"08/07/2014";"19:05:00";"46";"sem v�tima";"274,5";"BR-393/RJ";"Sul";"Saida de Pista";1;0;0;0;0;0;0;0;0;0;1;0;0;0;0
"08/07/2014";"20:38:00";"49";"sem v�tima";"285,5";"BR-393/RJ";"Norte";"Colis�o Traseira";2;0;0;0;0;0;0;0;0;0;2;0;0;0;0
"08/07/2014";"20:59:00";"52";"com v�tima";"2,11";"Al�a Sul";"Norte";"Outros - Sequ�ncia";2;0;0;1;0;0;0;0;0;0;1;1;0;1;0
"08/07/2014";"23:12:00";"56";"com v�tima";"286";"BR-393/RJ";"Norte";"Queda de Moto";0;0;0;1;0;0;0;0;0;0;0;1;0;0;0
"09/07/2014";"07:07:00";"13";"sem v�tima";"245";"BR-393/RJ";"Sul";"Colis�o Lateral";2;0;0;0;0;0;0;0;0;0;2;0;0;0;0
"09/07/2014";"21:27:00";"45";"com v�tima";"284,2";"BR-393/RJ";"Norte";"Outros - Sequ�ncia";3;0;0;0;0;0;0;0;0;0;0;5;0;0;0
"10/07/2014";"02:59:00";"12";"sem v�tima";"173,424";"BR-393/RJ";"Norte";"Atropelamento de Animal";0;0;0;0;1;0;0;0;0;0;54;0;0;0;0
"10/07/2014";"08:58:00";"23";"sem v�tima";"151,817";"BR-393/RJ";"Sul";"Saida de Pista";1;0;0;0;0;0;0;0;0;0;2;0;0;0;0
"10/07/2014";"12:24:00";"37";"sem v�tima";"220";"BR-393/RJ";"Norte";"Colis�o Traseira";0;0;2;0;0;0;0;0;0;0;2;0;0;0;0
"10/07/2014";"12:31:00";"40";"com v�tima";"274";"BR-393/RJ";"Sul";"Choque - Arvore";1;0;0;0;0;0;0;0;0;0;1;1;0;0;0
"11/07/2014";"11:00:00";"26";"sem v�tima";"279,893";"BR-393/RJ";"Sul";"Engavetamento";3;0;0;0;0;0;0;0;0;0;3;0;0;0;0
"11/07/2014";"16:57:00";"41";"sem v�tima";"236,596";"BR-393/RJ";"Sul";"Colis�o Transversal";2;0;0;0;0;0;0;0;0;0;2;0;0;0;0
"11/07/2014";"18:52:00";"47";"sem v�tima";"283";"BR-393/RJ";"Sul";"Colis�o Lateral";2;0;0;0;0;0;0;0;0;0;2;0;0;0;0
"11/07/2014";"20:12:00";"51";"sem v�tima";"103";"BR-393/RJ";"Norte";"Abalroamento Sentido Oposto";1;0;1;0;0;0;0;0;0;0;3;0;0;0;0
"12/07/2014";"15:27:00";"34";"sem v�tima";"285,516";"BR-393/RJ";"Norte";"Colis�o Traseira";2;0;0;0;0;0;0;0;0;0;2;0;0;0;0
"12/07/2014";"15:46:00";"36";"com v�tima";"236,568";"BR-393/RJ";"Norte";"Colis�o Lateral";1;0;0;1;0;0;0;0;0;0;0;1;1;0;0
"12/07/2014";"17:21:00";"37";"com v�tima";"155,425";"BR-393/RJ";"Sul";"Saida de Pista";1;0;0;0;0;0;0;0;0;0;0;1;0;0;0
"12/07/2014";"19:02:00";"41";"sem v�tima";"181,3";"BR-393/RJ";"Norte";"Saida de Pista";1;0;0;0;0;0;0;0;0;0;2;0;0;0;0
"12/07/2014";"20:46:00";"45";"com v�tima";"1";"Al�a Sul";"Norte";"Queda de Moto";0;0;0;1;0;0;0;0;0;0;0;2;0;0;0
"13/07/2014";"00:46:00";"9";"com v�tima";"229,6";"BR-393/RJ";"Norte";"Queda de Moto";0;0;0;1;0;0;0;0;0;0;0;1;0;0;0
"13/07/2014";"06:41:00";"18";"com v�tima";"141,432";"BR-393/RJ";"Norte";"Choque - Outros";1;0;0;0;0;0;0;0;0;0;0;0;0;1;0
"13/07/2014";"07:43:00";"20";"com v�tima";"281,172";"BR-393/RJ";"Norte";"Atropelamento - Morador";0;0;0;0;0;0;0;0;0;1;1;0;1;0;0
"13/07/2014";"21:39:00";"56";"sem v�tima";"279,65";"BR-393/RJ";"Norte";"Colis�o Transversal";1;0;0;1;0;0;0;0;0;0;2;0;0;0;0
"13/07/2014";"23:11:00";"59";"com v�tima";"220,9";"BR-393/RJ";"Sul";"Colis�o Frontal";2;0;0;0;0;0;0;0;0;0;1;3;1;0;1
"13/07/2014";"23:12:00";"60";"com v�tima";"181,948";"BR-393/RJ";"Norte";"Colis�o Frontal";1;0;1;0;0;0;0;0;0;0;1;1;0;0;0
"14/07/2014";"06:36:00";"12";"sem v�tima";"155,557";"BR-393/RJ";"Norte";"Tombamento";0;0;1;0;0;0;0;0;0;0;2;0;0;0;0
"14/07/2014";"17:05:00";"43";"sem v�tima";"236";"BR-393/RJ";"Sul";"Colis�o Lateral";1;0;1;0;0;0;0;0;0;0;2;0;0;0;0
"16/07/2014";"02:12:00";"10";"com v�tima";"238";"BR-393/RJ";"Norte";"Atropelamento de Animal";1;0;0;0;0;0;0;0;0;0;0;1;0;0;0
"16/07/2014";"18:04:00";"53";"com v�tima";"193,9";"BR-393/RJ";"Norte";"Queda de Moto";0;0;0;1;0;0;0;0;0;0;0;1;0;0;0
"16/07/2014";"22:20:00";"62";"sem v�tima";"259";"BR-393/RJ";"Sul";"Saida de Pista";1;0;0;0;0;0;0;0;0;0;2;0;0;0;0
"16/07/2014";"22:38:00";"64";"com v�tima";"286";"BR-393/RJ";"Norte";"Atropelamento - Ciclista";1;1;0;0;0;0;0;0;0;0;1;1;0;0;0
"17/07/2014";"07:34:00";"19";"sem v�tima";"190";"BR-393/RJ";"Sul";"Colis�o Traseira";2;0;0;0;0;0;0;0;0;0;4;0;0;0;0
"18/07/2014";"00:03:00";"1";"sem v�tima";"155,443";"BR-393/RJ";"Norte";"Tombamento";0;0;1;0;0;0;0;0;0;0;1;0;0;0;0
"18/07/2014";"12:34:00";"33";"com v�tima";"138,399";"BR-393/RJ";"Sul";"Tombamento";0;0;1;0;0;0;0;0;0;0;0;1;0;0;0
"18/07/2014";"15:57:00";"46";"sem v�tima";"278";"BR-393/RJ";"Norte";"Colis�o Traseira";1;0;1;0;0;0;0;0;0;0;2;0;0;0;0
"18/07/2014";"20:31:00";"66";"sem v�tima";"262,905";"BR-393/RJ";"Sul";"Saida de Pista";1;0;0;0;0;0;0;0;0;0;4;0;0;0;0
"19/07/2014";"07:34:00";"16";"com v�tima";"162,524";"BR-393/RJ";"Norte";"Colis�o Lateral";0;0;0;0;2;0;0;0;0;0;44;1;0;0;0
"19/07/2014";"12:21:00";"28";"sem v�tima";"283,3";"BR-393/RJ";"Norte";"Colis�o Traseira";2;0;0;0;0;0;0;0;0;0;2;0;0;0;0
"19/07/2014";"22:31:00";"49";"com v�tima";"250,6";"BR-393/RJ";"Norte";"Queda de Moto";0;0;0;1;0;0;0;0;0;0;0;2;0;0;0
"20/07/2014";"01:14:00";"2";"com v�tima";"239";"BR-393/RJ";"Norte";"Atropelamento - Ciclista";1;2;0;0;0;0;0;0;0;0;1;2;0;1;0
"20/07/2014";"02:12:00";"6";"sem v�tima";"251";"BR-393/RJ";"Norte";;0;0;0;0;0;0;0;0;0;0;0;0;0;0;0
"20/07/2014";"02:12:00";"5";"com v�tima";"248,4";"BR-393/RJ";"Norte";"Capotamento";1;0;0;0;0;0;0;0;0;0;0;1;0;0;0
"20/07/2014";"18:46:00";"54";"com v�tima";"284";"BR-393/RJ";"Norte";"Engavetamento";4;0;0;0;0;0;0;0;0;0;3;1;0;0;0
"21/07/2014";"11:27:00";"28";"com v�tima";"113,742";"BR-393/RJ";"Norte";"Capotamento";1;0;0;0;0;0;0;0;0;0;0;1;0;0;0
"22/07/2014";"16:16:00";"37";"sem v�tima";"103,11";"BR-393/RJ";"Norte";"Colis�o Transversal";2;0;0;0;0;0;0;0;0;0;2;0;0;0;0
"22/07/2014";"19:31:00";"59";"sem v�tima";"281";"BR-393/RJ";"Norte";"Colis�o Traseira";2;0;0;0;0;0;0;0;0;0;2;0;0;0;0
"23/07/2014";"14:34:00";"39";"sem v�tima";"235,237";"BR-393/RJ";"Norte";"Colis�o Lateral";1;0;1;0;0;0;0;0;0;0;2;0;0;0;0
"24/07/2014";"01:27:00";"12";"com v�tima";"140,3";"BR-393/RJ";"Norte";"Queda de Moto";0;0;0;1;0;0;0;0;0;0;0;0;0;1;0
"24/07/2014";"06:12:00";"15";"com v�tima";"172,25";"BR-393/RJ";"Norte";"Choque - Defensa, barreira ou "submarino"";1;0;0;0;0;0;0;0;0;0;0;1;0;0;0
"24/07/2014";"06:39:00";"16";"sem v�tima";"286";"BR-393/RJ";"Norte";"Colis�o Traseira";2;0;0;0;0;0;0;0;0;0;2;0;0;0;0
"24/07/2014";"12:25:00";"39";"com v�tima";"251,83";"BR-393/RJ";"Norte";"Choque - Defensa, barreira ou "submarino"";1;0;0;0;0;0;0;0;0;0;0;0;2;0;0
"24/07/2014";"14:06:00";"44";"com v�tima";"239,567";"BR-393/RJ";"Norte";"Choque - Defensa, barreira ou "submarino"";1;0;0;0;0;0;0;0;0;0;0;1;0;0;0
"24/07/2014";"17:59:00";"55";"com v�tima";"155";"BR-393/RJ";"Norte";"Tombamento";0;0;1;0;0;0;0;0;0;0;0;2;0;0;0
"24/07/2014";"22:04:00";"69";"sem v�tima";"122,335";"BR-393/RJ";"Sul";"Saida de Pista";0;0;1;0;0;0;0;0;0;0;1;0;0;0;0
"24/07/2014";"22:07:00";"70";"com v�tima";"143";"BR-393/RJ";"Norte";"Atropelamento - Outros";0;0;1;0;0;0;0;0;0;0;1;0;0;0;1
"25/07/2014";"05:37:00";"11";"com v�tima";"140,821";"BR-393/RJ";"Norte";"Colis�o Lateral";1;0;0;0;1;0;0;0;0;0;1;0;1;0;0
"25/07/2014";"13:27:00";"35";"sem v�tima";"281";"BR-393/RJ";"Norte";"Colis�o Traseira";1;0;1;0;0;0;0;0;0;0;2;0;0;0;0
"25/07/2014";"18:35:00";"61";"com v�tima";"281,85";"BR-393/RJ";"Norte";"Queda de Moto";0;0;0;1;0;0;0;0;0;0;0;1;0;0;0
"25/07/2014";"22:21:00";"76";"com v�tima";"151,826";"BR-393/RJ";"Sul";"Tombamento";0;0;1;0;0;0;0;0;0;0;0;1;0;0;0
"26/07/2014";"04:34:00";"19";"sem v�tima";"172,068";"BR-393/RJ";"Norte";"Saida de Pista";1;0;0;0;0;0;0;0;0;0;1;0;0;0;0
"26/07/2014";"07:21:00";"23";"sem v�tima";"279,099";"BR-393/RJ";"Norte";"Colis�o Lateral";0;0;0;0;1;0;0;0;0;1;4;0;0;0;0
"26/07/2014";"12:56:00";"32";"com v�tima";"189";"BR-393/RJ";"Sul";"Queda de Moto";0;0;0;1;0;0;0;0;0;0;0;1;0;0;0
"26/07/2014";"15:43:00";"37";"com v�tima";"251,137";"BR-393/RJ";"Norte";"Outros - Sequ�ncia";0;0;0;0;0;0;0;0;0;2;0;2;0;0;0
"29/07/2014";"12:13:00";"35";"com v�tima";"125";"BR-393/RJ";"Norte";"Queda de Moto";0;0;0;1;0;0;0;0;0;0;0;0;1;0;0
"29/07/2014";"16:44:00";"53";"sem v�tima";"238";"BR-393/RJ";"Norte";"Colis�o Transversal";2;0;0;0;0;0;0;0;0;0;4;0;0;0;0
"29/07/2014";"19:56:00";"66";"com v�tima";"281,149";"BR-393/RJ";"Norte";"Atropelamento - Ciclista";1;1;0;0;0;0;0;0;0;0;1;0;1;0;0
"30/07/2014";"17:24:00";"51";"sem v�tima";"283";"BR-393/RJ";"Sul";"Abalroamento Mesmo Sentido ";1;0;0;0;1;0;0;0;0;0;10;0;0;0;0
"31/07/2014";"17:29:00";"45";"com v�tima";"177,558";"BR-393/RJ";"Norte";"Engavetamento";3;0;0;0;0;0;0;0;0;0;4;1;0;0;0
"31/07/2014";"18:39:00";"48";"com v�tima";"102";"BR-393/RJ";"Norte";"Colis�o Lateral";2;0;0;0;0;0;0;0;0;0;1;2;0;0;0
"31/07/2014";"22:21:00";"65";"com v�tima";"282";"BR-393/RJ";"Norte";"Colis�o Traseira";0;0;2;0;0;0;0;0;0;0;1;1;0;0;0
"01/08/2014";"07:23:00";"16";"com v�tima";"1,793";"Al�a Sul";"Sul";"Colis�o Frontal";1;0;0;1;0;0;0;0;0;0;2;2;0;0;0
"01/08/2014";"09:07:00";"24";"com v�tima";"245,433";"BR-393/RJ";"Norte";"Colis�o Traseira";2;0;0;0;0;0;0;0;0;0;0;2;0;0;0
"01/08/2014";"16:57:00";"45";"sem v�tima";"281";"BR-393/RJ";"Norte";"Colis�o Transversal";2;0;0;0;0;0;0;0;0;0;2;0;0;0;0
"02/08/2014";"09:35:00";"24";"sem v�tima";"236,572";"BR-393/RJ";"Sul";"Colis�o Traseira";1;0;1;0;0;0;0;0;0;0;4;0;0;0;0
"02/08/2014";"21:39:00";"62";"sem v�tima";"241";"BR-393/RJ";"Sul";"Outros - Sequ�ncia";1;0;0;0;0;0;0;0;0;0;2;0;0;0;0
"03/08/2014";"14:08:00";"32";"sem v�tima";"218,396";"BR-393/RJ";"Sul";"Saida de Pista";1;0;0;0;0;0;0;0;0;0;1;0;0;0;0