fdata;horario;n_da_ocorrencia;tipo_de_ocorrencia;km;trecho;sentido;tipo_de_acidente;automovel;bicicleta;caminhao;moto;onibus;outros;tracao_animal;transporte_de_cargas_especiais;trator_maquinas;utilitarios;ilesos;levemente_feridos;moderadamente_feridos;gravemente_feridos;mortos
"04/08/2014";"15:51:00";"54";"com v�tima";"226";"BR-393/RJ";"Norte";"Colis�o Lateral";2;0;0;0;0;0;0;0;0;0;1;2;0;0;0
"04/08/2014";"17:14:00";"58";"sem v�tima";"270,27";"BR-393/RJ";"Sul";"Choque - Outros";1;0;0;0;0;0;0;0;0;0;1;0;0;0;0
"05/08/2014";"06:27:00";"15";"com v�tima";"1,424";"Al�a Sul";"Norte";"Saida de Pista";1;0;0;0;0;0;0;0;0;0;0;1;0;0;0
"05/08/2014";"13:01:00";"31";"com v�tima";"206,088";"BR-393/RJ";"Norte";"Atropelamento de Animal";0;0;0;1;0;0;0;0;0;0;0;1;0;0;0
"05/08/2014";"17:10:00";"44";"sem v�tima";"182";"BR-393/RJ";"Norte";"Colis�o Lateral";1;0;0;1;0;0;0;0;0;0;2;0;0;0;0
"05/08/2014";"19:51:00";"52";"sem v�tima";"281,3";"BR-393/RJ";"Norte";"Colis�o Traseira";2;0;0;0;0;0;0;0;0;0;2;0;0;0;0
"05/08/2014";"19:53:00";"53";"sem v�tima";"181";"BR-393/RJ";"Norte";"Saida de Pista";1;0;0;0;0;0;0;0;0;0;1;0;0;0;0
"05/08/2014";"22:23:00";"61";"sem v�tima";"192";"BR-393/RJ";"Sul";"Outros";0;0;2;0;0;0;0;0;0;0;2;0;0;0;0
"06/08/2014";"06:56:00";"15";"com v�tima";"229";"BR-393/RJ";"Norte";"Colis�o Traseira";0;0;2;0;0;0;0;0;0;0;0;1;1;0;0
"07/08/2014";"06:43:00";"19";"com v�tima";"165";"BR-393/RJ";"Sul";"Tombamento";0;0;1;0;0;0;0;0;0;0;0;1;0;0;0
"07/08/2014";"15:17:00";"48";"com v�tima";"169,9";"BR-393/RJ";"Norte";"Tombamento";1;0;0;0;0;0;0;0;0;0;1;1;0;0;0
"07/08/2014";"15:43:00";"51";"com v�tima";"227";"BR-393/RJ";"Sul";"Saida de Pista";1;0;0;0;0;0;0;0;0;0;0;0;1;0;0
"07/08/2014";"19:08:00";"63";"sem v�tima";"284,553";"BR-393/RJ";"Sul";"Colis�o Traseira";2;0;0;0;0;0;0;0;0;0;2;0;0;0;0
"07/08/2014";"22:55:00";"73";"sem v�tima";"256";"BR-393/RJ";"Norte";"Choque - Defensa, barreira ou "submarino"";1;0;1;0;0;0;0;0;0;0;2;0;0;0;0
"08/08/2014";"04:58:00";"17";"sem v�tima";"168,8";"BR-393/RJ";"Norte";"Queda de Moto";0;0;0;1;0;0;0;0;0;0;1;0;0;0;0
"08/08/2014";"17:36:00";"65";"com v�tima";"285,9";"BR-393/RJ";"Norte";"Colis�o Lateral";0;0;1;1;0;0;0;0;0;0;1;1;0;0;0
"09/08/2014";"03:44:00";"4";"com v�tima";"283,262";"BR-393/RJ";"Sul";"Colis�o Frontal";2;0;0;0;0;0;0;0;0;0;1;0;2;0;0
"09/08/2014";"22:10:00";"64";"sem v�tima";"195";"BR-393/RJ";"Norte";"Colis�o Traseira";0;0;1;1;0;0;0;0;0;0;2;0;0;0;0
"11/08/2014";"03:27:00";"12";"sem v�tima";"167,325";"BR-393/RJ";"Norte";"Saida de Pista";1;0;0;0;0;0;0;0;0;0;6;0;0;0;0
"11/08/2014";"09:48:00";"27";"com v�tima";"187";"BR-393/RJ";"Norte";"Colis�o Lateral";1;0;1;0;0;0;0;0;0;0;1;4;1;0;0
"12/08/2014";"11:34:00";"25";"sem v�tima";"259,398";"BR-393/RJ";"Norte";"Choque - Defensa, barreira ou "submarino"";1;0;0;0;0;0;0;0;0;0;1;0;0;0;0
"12/08/2014";"18:33:00";"64";"sem v�tima";"215,25";"BR-393/RJ";"Sul";"Tombamento";0;0;1;0;0;0;0;0;0;0;1;0;0;0;0
"13/08/2014";"09:21:00";"32";"sem v�tima";"286,002";"BR-393/RJ";"Norte";"Colis�o Lateral";1;0;0;0;1;0;0;0;0;0;2;0;0;0;0
"13/08/2014";"18:22:00";"55";"com v�tima";"246,895";"BR-393/RJ";"Sul";"Colis�o Frontal";0;0;1;1;0;0;0;0;0;0;1;1;1;0;0
"15/08/2014";"22:41:00";"48";"com v�tima";"279,649";"BR-393/RJ";"Norte";"Colis�o Lateral";1;0;0;1;0;0;0;0;0;0;2;1;0;0;0
"16/08/2014";"15:31:00";"35";"com v�tima";"236,822";"BR-393/RJ";"Sul";"Atropelamento - Usu�rio";1;0;0;0;0;0;0;0;0;0;1;1;0;0;0
"16/08/2014";"18:34:00";"45";"com v�tima";"235,95";"BR-393/RJ";"Norte";"Colis�o Lateral";1;0;0;1;0;0;0;0;0;0;1;1;0;0;0
"16/08/2014";"21:42:00";"50";"sem v�tima";"224";"BR-393/RJ";"Norte";"Saida de Pista";1;0;0;0;0;0;0;0;0;0;1;0;0;0;0
"17/08/2014";"01:20:00";"1";"com v�tima";"176,6";"BR-393/RJ";"Norte";"Colis�o Frontal";1;0;1;0;0;0;0;0;0;0;0;1;0;1;0
"17/08/2014";"07:20:00";"17";"com v�tima";"237,839";"BR-393/RJ";"Norte";"Queda de Moto";0;0;0;1;0;0;0;0;0;0;0;2;0;0;0
"17/08/2014";"15:46:00";"33";"sem v�tima";"255,74";"BR-393/RJ";"Norte";"Colis�o Transversal";2;0;0;0;0;0;0;0;0;0;2;0;0;0;0
"17/08/2014";"16:40:00";"39";"com v�tima";"262,955";"BR-393/RJ";"Norte";"Outros - Sequ�ncia";1;0;1;0;0;0;0;0;0;0;1;1;0;0;0
"18/08/2014";"11:47:00";"28";"com v�tima";"212,796";"BR-393/RJ";"Norte";"Capotamento";1;0;0;0;0;0;0;0;0;0;0;0;1;1;0
"19/08/2014";"11:00:00";"22";"com v�tima";"279";"BR-393/RJ";"Sul";"Capotamento";1;0;0;0;0;0;0;0;0;0;0;0;0;1;0
"20/08/2014";"10:37:00";"22";"sem v�tima";"233,6";"BR-393/RJ";"Sul";"Colis�o Lateral";0;0;2;0;0;0;0;0;0;0;2;0;0;0;0
"20/08/2014";"18:50:00";"51";"com v�tima";"235,6";"BR-393/RJ";"Norte";"Outros - Sequ�ncia";0;0;2;0;0;0;0;0;0;1;0;0;3;0;1
"21/08/2014";"07:37:00";"24";"com v�tima";"284,611";"BR-393/RJ";"Sul";"Colis�o Traseira";2;0;0;0;0;0;0;0;0;0;1;1;0;0;0
"21/08/2014";"08:25:00";"27";"sem v�tima";"285,254";"BR-393/RJ";"Norte";"Colis�o Traseira";2;0;0;0;0;0;0;0;0;0;2;0;0;0;0
"21/08/2014";"19:04:00";"62";"sem v�tima";"285,5";"BR-393/RJ";"Sul";"Colis�o Traseira";2;0;0;0;0;0;0;0;0;0;2;0;0;0;0
"21/08/2014";"20:36:00";"65";"com v�tima";"262";"BR-393/RJ";"Norte";"Abalroamento Sentido Oposto";1;0;1;0;0;0;0;0;0;0;1;1;0;0;0
"22/08/2014";"04:16:00";"12";"sem v�tima";"201,176";"BR-393/RJ";"Norte";"Colis�o Traseira";0;0;2;0;0;0;0;0;0;0;2;0;0;0;0
"22/08/2014";"14:12:00";"38";"sem v�tima";"281,124";"BR-393/RJ";"Sul";"Colis�o Traseira";2;0;0;0;0;0;0;0;0;0;2;0;0;0;0
"22/08/2014";"16:10:00";"52";"sem v�tima";"277,8";"BR-393/RJ";"Norte";"Colis�o Traseira";2;0;0;0;0;0;0;0;0;0;4;0;0;0;0
"22/08/2014";"23:49:00";"76";"com v�tima";"284";"BR-393/RJ";"Norte";"Colis�o Traseira";2;0;0;0;0;0;0;0;0;0;2;2;0;0;0
"23/08/2014";"10:56:00";"22";"sem v�tima";"283,222";"BR-393/RJ";"Sul";"Colis�o Traseira";2;0;0;0;0;0;0;0;0;0;2;0;0;0;0
"23/08/2014";"12:43:00";"25";"sem v�tima";"127,4";"BR-393/RJ";"Norte";"Colis�o Traseira";1;0;0;0;0;0;0;0;0;1;2;0;0;0;0
"23/08/2014";"13:13:00";"28";"sem v�tima";"238,504";"BR-393/RJ";"Norte";"Choque - Defensa, barreira ou "submarino"";1;0;0;0;0;0;0;0;0;0;1;0;0;0;0
"23/08/2014";"20:54:00";"49";"sem v�tima";"234";"BR-393/RJ";"Norte";"Colis�o Transversal";0;0;1;0;0;0;0;0;0;1;3;0;0;0;0
"25/08/2014";"09:27:00";"22";"sem v�tima";"285";"BR-393/RJ";"Norte";"Colis�o Lateral";1;0;1;0;0;0;0;0;0;0;2;0;0;0;0
"25/08/2014";"16:19:00";"58";"com v�tima";"168,812";"BR-393/RJ";"Norte";"Colis�o Lateral";1;0;1;0;0;0;0;0;0;0;0;0;0;1;3
"27/08/2014";"18:30:00";"55";"sem v�tima";"131,132";"BR-393/RJ";"Sul";"Colis�o Traseira";2;0;0;0;0;0;0;0;0;0;4;0;0;0;0
"28/08/2014";"07:57:00";"14";"com v�tima";"151,895";"BR-393/RJ";"Sul";"Choque - Defensa, barreira ou "submarino"";1;0;0;0;0;0;0;0;0;0;0;2;0;0;0
"28/08/2014";"15:10:00";"37";"sem v�tima";"284,599";"BR-393/RJ";"Norte";"Colis�o Traseira";2;0;0;0;0;0;0;0;0;0;2;0;0;0;0
"28/08/2014";"16:25:00";"45";"com v�tima";"235,27";"BR-393/RJ";"Sul";"Queda de Moto";0;0;0;1;0;0;0;0;0;0;0;1;0;0;0
"28/08/2014";"17:24:00";"49";"sem v�tima";"265,1";"BR-393/RJ";"Sul";"Colis�o Traseira";2;0;0;0;0;0;0;0;0;0;2;0;0;0;0
"28/08/2014";"18:31:00";"51";"com v�tima";"240,5";"BR-393/RJ";"Sul";"Queda de Moto";0;0;0;1;0;0;0;0;0;0;0;0;1;0;0
"29/08/2014";"18:40:00";"53";"sem v�tima";"285,5";"BR-393/RJ";"Sul";"Abalroamento Mesmo Sentido ";1;0;1;0;0;0;0;0;0;0;2;0;0;0;0
"30/08/2014";"15:18:00";"33";"sem v�tima";"284,082";"BR-393/RJ";"Norte";"Colis�o Lateral";1;0;1;0;0;0;0;0;0;0;2;0;0;0;0
"30/08/2014";"17:55:00";"45";"com v�tima";"237";"BR-393/RJ";"Norte";"Colis�o Transversal";2;0;0;0;0;0;0;0;0;0;0;4;0;0;0
"30/08/2014";"19:43:00";"47";"com v�tima";"235,506";"BR-393/RJ";"Sul";"Outros - Sequ�ncia";2;0;0;1;0;0;0;0;0;0;2;1;0;0;0
"31/08/2014";"10:28:00";"26";"com v�tima";"195";"BR-393/RJ";"Sul";"Colis�o Traseira";0;0;2;0;0;0;0;0;0;0;1;1;1;1;0
"31/08/2014";"16:22:00";"50";"sem v�tima";"228,722";"BR-393/RJ";"Sul";"Queda de Moto";0;0;0;1;0;0;0;0;0;0;1;0;0;0;0
"31/08/2014";"16:45:00";"53";"com v�tima";"206";"BR-393/RJ";"Sul";"Colis�o Lateral";1;0;0;1;0;0;0;0;0;0;1;2;0;0;0
"01/09/2014";"07:14:00";"20";"com v�tima";"136,483";"BR-393/RJ";"Sul";"Choque - Defensa, barreira ou "submarino"";1;0;0;0;0;0;0;0;0;0;1;1;0;0;0
"01/09/2014";"16:29:00";"46";"sem v�tima";"285,584";"BR-393/RJ";"Sul";"Colis�o Lateral";1;0;1;0;0;0;0;0;0;0;2;0;0;0;0
"01/09/2014";"16:57:00";"48";"sem v�tima";"285,584";"BR-393/RJ";"Sul";"Colis�o Lateral";0;0;1;0;0;0;0;0;0;1;4;0;0;0;0
"02/09/2014";"17:00:00";"49";"com v�tima";"125,5";"BR-393/RJ";"Sul";"Colis�o Traseira";0;0;1;1;0;0;0;0;0;0;1;0;1;0;0
"03/09/2014";"07:24:00";"16";"com v�tima";"272,141";"BR-393/RJ";"Norte";"Choque - Arvore";1;0;0;0;0;0;0;0;0;0;0;1;0;0;0
"03/09/2014";"07:26:00";"17";"sem v�tima";"169";"BR-393/RJ";"Norte";"Saida de Pista";1;0;0;0;0;0;0;0;0;0;1;0;0;0;0
"03/09/2014";"09:26:00";"21";"sem v�tima";"236";"BR-393/RJ";"Norte";"Colis�o Transversal";1;0;0;0;1;0;0;0;0;0;2;0;0;0;0
"03/09/2014";"17:39:00";"52";"com v�tima";"243,6";"BR-393/RJ";"Sul";"Choque - Suporte de Sinaliza��o";1;0;0;0;0;0;0;0;0;0;0;1;0;0;0
"03/09/2014";"22:58:00";"60";"com v�tima";"175";"BR-393/RJ";"Norte";"Saida de Pista";1;0;0;0;0;0;0;0;0;0;0;1;0;0;0
"04/09/2014";"02:49:00";"5";"com v�tima";"155,559";"BR-393/RJ";"Norte";"Saida de Pista";2;0;1;0;0;0;0;0;0;0;2;1;0;0;0
"04/09/2014";"12:24:00";"23";"com v�tima";"235,51";"BR-393/RJ";"Norte";"Colis�o Transversal";1;0;0;1;0;0;0;0;0;0;1;0;1;0;0
"05/09/2014";"11:06:00";"37";"com v�tima";"203,632";"BR-393/RJ";"Norte";"Outros - Sequ�ncia";1;0;4;0;0;0;0;0;0;0;1;5;1;0;0
"05/09/2014";"14:48:00";"50";"com v�tima";"256,927";"BR-393/RJ";"Sul";"Choque - Talude";1;0;0;0;0;0;0;0;0;0;0;1;0;0;0
"06/09/2014";"06:49:00";"14";"com v�tima";"124,438";"BR-393/RJ";"Norte";"Tombamento";0;0;1;0;0;0;0;0;0;0;0;1;0;0;0
"06/09/2014";"07:27:00";"16";"com v�tima";"177";"BR-393/RJ";"Sul";"Colis�o Lateral";2;0;0;0;0;0;0;0;0;0;0;2;0;0;0
"06/09/2014";"10:25:00";"24";"sem v�tima";"143,5";"BR-393/RJ";"Norte";"Tombamento";0;0;1;0;0;0;0;0;0;0;1;0;0;0;0
"07/09/2014";"00:22:00";"1";"com v�tima";"172,1";"BR-393/RJ";"Norte";"Atropelamento de Animal";1;0;0;0;0;0;0;0;0;0;0;1;0;0;0
"07/09/2014";"04:29:00";"10";"com v�tima";"255";"BR-393/RJ";"Norte";"Atropelamento - Usu�rio";1;0;0;0;0;0;0;0;0;0;1;2;0;0;0
"07/09/2014";"17:42:00";"52";"com v�tima";"151,8";"BR-393/RJ";"Sul";"Tombamento";0;0;1;0;0;0;0;0;0;0;0;1;0;0;0
"07/09/2014";"20:59:00";"62";"sem v�tima";"281,3";"BR-393/RJ";"Sul";"Colis�o Traseira";2;0;0;0;0;0;0;0;0;0;2;0;0;0;0
"08/09/2014";"01:00:00";"3";"sem v�tima";"241,549";"BR-393/RJ";"Norte";"Saida de Pista";1;0;0;0;0;0;0;0;0;0;1;0;0;0;0
"08/09/2014";"09:30:00";"22";"sem v�tima";"251,583";"BR-393/RJ";"Sul";"Choque - Defensa, barreira ou "submarino"";0;0;1;0;0;0;0;0;0;0;1;0;0;0;0
"08/09/2014";"16:18:00";"53";"sem v�tima";"218,731";"BR-393/RJ";"Sul";"Capotamento";1;0;0;0;0;0;0;0;0;0;2;0;0;0;0
"08/09/2014";"17:55:00";"59";"com v�tima";"168,8";"BR-393/RJ";"Norte";"Colis�o Traseira";1;1;0;0;0;0;0;0;0;0;1;2;0;0;0
"09/09/2014";"06:57:00";"21";"sem v�tima";"281,067";"BR-393/RJ";"Sul";"Colis�o Transversal";2;0;0;0;0;0;0;0;0;0;2;0;0;0;0
"09/09/2014";"09:46:00";"26";"sem v�tima";"283";"BR-393/RJ";"Sul";"Colis�o Lateral";2;0;0;0;0;0;0;0;0;0;2;0;0;0;0
"09/09/2014";"16:50:00";"41";"sem v�tima";"283";"BR-393/RJ";"Norte";"Colis�o Traseira";3;0;0;0;0;0;0;0;0;0;3;0;0;0;0
"09/09/2014";"19:01:00";"51";"sem v�tima";"105";"BR-393/RJ";"Norte";"Saida de Pista";1;0;0;0;0;0;0;0;0;0;1;0;0;0;0
"09/09/2014";"19:07:00";"52";"com v�tima";"174";"BR-393/RJ";"Norte";"Abalroamento Mesmo Sentido ";0;0;2;0;0;0;0;0;0;0;1;1;0;0;0
"09/09/2014";"19:28:00";"54";"sem v�tima";"279";"BR-393/RJ";"Sul";"Colis�o Lateral";1;0;1;0;0;0;0;0;0;0;3;0;0;0;0
"09/09/2014";"21:46:00";"61";"com v�tima";"236";"BR-393/RJ";"Sul";"Engavetamento";3;0;0;0;0;0;0;0;0;0;2;1;0;0;0
"10/09/2014";"18:00:00";"51";"sem v�tima";"119";"BR-393/RJ";"Sul";"Saida de Pista";1;0;0;0;0;0;0;0;0;0;1;0;0;0;0
"11/09/2014";"00:26:00";"2";"sem v�tima";"175";"BR-393/RJ";"Norte";"Atropelamento de Animal";0;0;2;0;0;0;0;0;0;0;2;0;0;0;0
"11/09/2014";"01:36:00";"4";"com v�tima";"139,5";"BR-393/RJ";"Sul";"Atropelamento - Ciclista";0;0;0;0;0;0;0;0;0;0;0;0;1;0;0
"11/09/2014";"08:51:00";"21";"sem v�tima";"103,252";"BR-393/RJ";"Norte";"Colis�o Traseira";2;0;0;0;0;0;0;0;0;0;2;0;0;0;0
"11/09/2014";"18:47:00";"65";"com v�tima";"140,3";"BR-393/RJ";"Norte";"Colis�o Lateral";1;0;0;1;0;0;0;0;0;0;1;0;1;0;0
"12/09/2014";"00:53:00";"10";"com v�tima";"274,116";"BR-393/RJ";"Sul";"Tombamento";0;0;1;0;0;0;0;0;0;0;0;1;0;0;0
"12/09/2014";"11:39:00";"32";"sem v�tima";"228,146";"BR-393/RJ";"Norte";"Colis�o Traseira";1;0;0;0;0;0;0;0;0;0;1;0;0;0;0
"12/09/2014";"18:44:00";"60";"sem v�tima";"285,3";"BR-393/RJ";"Norte";"Colis�o Lateral";1;0;1;0;0;0;0;0;0;0;2;0;0;0;0
"12/09/2014";"22:09:00";"70";"sem v�tima";"281,49";"BR-393/RJ";"Sul";"Colis�o Transversal";2;0;0;0;0;0;0;0;0;0;2;0;0;0;0
"12/09/2014";"22:39:00";"72";"com v�tima";"172,382";"BR-393/RJ";"Norte";"Choque - Defensa, barreira ou "submarino"";1;0;0;0;0;0;0;0;0;0;0;0;1;0;0
"13/09/2014";"04:10:00";"15";"sem v�tima";"281,511";"BR-393/RJ";"Norte";"Colis�o Transversal";2;0;0;0;0;0;0;0;0;0;6;0;0;0;0
"13/09/2014";"10:12:00";"28";"sem v�tima";"256";"BR-393/RJ";"Sul";"Colis�o Traseira";2;0;0;0;0;0;0;0;0;0;6;0;0;0;0
"13/09/2014";"20:46:00";"53";"com v�tima";"175,5";"BR-393/RJ";"Sul";"Capotamento";1;0;0;0;0;0;0;0;0;0;0;0;1;0;0
"14/09/2014";"05:52:00";"22";"com v�tima";"221,518";"BR-393/RJ";"Norte";"Queda de Moto";1;0;0;0;0;0;0;0;0;0;0;0;1;0;0
"14/09/2014";"22:25:00";"53";"com v�tima";"157,973";"BR-393/RJ";"Norte";"Colis�o Frontal";1;0;0;0;1;0;0;0;0;0;18;1;0;0;1
"15/09/2014";"11:34:00";"26";"com v�tima";"103,384";"BR-393/RJ";"Norte";"Colis�o Transversal";1;0;0;1;0;0;0;0;0;0;1;0;1;0;0
"15/09/2014";"12:44:00";"31";"com v�tima";"144";"BR-393/RJ";"Norte";"Capotamento";1;0;0;0;0;0;0;0;0;0;0;1;0;0;0
"15/09/2014";"13:41:00";"34";"com v�tima";"160";"BR-393/RJ";"Sul";"Colis�o Traseira";0;0;2;0;0;0;0;0;0;0;1;1;0;0;0
"15/09/2014";"20:03:00";"55";"com v�tima";"172";"BR-393/RJ";"Sul";"Capotamento";1;0;0;0;0;0;0;0;0;0;2;1;0;0;0
"16/09/2014";"11:07:00";"31";"com v�tima";"168,8";"BR-393/RJ";"Sul";"Colis�o Transversal";1;0;0;1;0;0;0;0;0;0;1;1;0;0;0
"16/09/2014";"13:53:00";"38";"sem v�tima";"285";"BR-393/RJ";"Norte";"Colis�o Traseira";2;0;0;0;0;0;0;0;0;0;2;0;0;0;0
"16/09/2014";"15:32:00";"45";"com v�tima";"178,23";"BR-393/RJ";"Norte";"Colis�o Lateral";1;0;0;1;0;0;0;0;0;0;2;0;1;0;0
"16/09/2014";"15:39:00";"46";"sem v�tima";"125,669";"BR-393/RJ";"Sul";"Colis�o Traseira";1;0;1;0;0;0;0;0;0;0;4;0;0;0;0
"17/09/2014";"00:22:00";"9";"com v�tima";"169";"BR-393/RJ";"Sul";"Outros - Sequ�ncia";1;0;1;0;0;0;0;0;0;0;0;3;0;0;0
"17/09/2014";"07:22:00";"16";"com v�tima";"175,518";"BR-393/RJ";"Norte";"Queda de Moto";0;0;0;1;0;0;0;0;0;0;0;1;0;0;0
"17/09/2014";"17:16:00";"50";"sem v�tima";"265,1";"BR-393/RJ";"Norte";"Colis�o Traseira";1;0;1;0;0;0;0;0;0;0;2;0;0;0;0
"19/09/2014";"07:59:00";"22";"sem v�tima";"285";"BR-393/RJ";"Norte";"Colis�o Traseira";1;0;1;0;0;0;0;0;0;0;2;0;0;0;0
"19/09/2014";"18:03:00";"66";"sem v�tima";"176,2";"BR-393/RJ";"Norte";"Colis�o Lateral";2;0;0;0;0;0;0;0;0;0;4;0;0;0;0
"19/09/2014";"22:27:00";"83";"com v�tima";"285,05";"BR-393/RJ";"Norte";"Choque - Outros";1;0;0;0;0;0;0;0;0;0;0;1;0;0;0
"19/09/2014";"23:01:00";"84";"com v�tima";"279,7";"BR-393/RJ";"Sul";"Colis�o Traseira";2;0;0;0;0;0;0;0;0;0;2;4;0;0;0
"20/09/2014";"00:37:00";"2";"sem v�tima";"281,486";"BR-393/RJ";"Sul";"Colis�o Traseira";2;0;0;0;0;0;0;0;0;0;2;0;0;0;0
"20/09/2014";"04:31:00";"14";"sem v�tima";"215,254";"BR-393/RJ";"Sul";"Tombamento";0;0;1;0;0;0;0;0;0;0;1;0;0;0;0
"20/09/2014";"09:48:00";"26";"sem v�tima";"106,945";"BR-393/RJ";"Sul";"Colis�o Lateral";1;0;0;1;0;0;0;0;0;0;2;0;0;0;0
"20/09/2014";"10:43:00";"29";"com v�tima";"114";"BR-393/RJ";"Norte";"Tombamento";0;0;0;0;0;0;0;0;0;1;0;0;1;0;0
"20/09/2014";"13:58:00";"44";"sem v�tima";"242,3";"BR-393/RJ";"Norte";"Outros - Sequ�ncia";2;0;0;0;0;0;0;0;0;0;8;0;0;0;0
"20/09/2014";"19:03:00";"58";"com v�tima";"178,494";"BR-393/RJ";"Norte";"Colis�o Traseira";2;0;0;0;0;0;0;0;0;0;5;1;0;0;0
"21/09/2014";"02:00:00";"13";"com v�tima";"246,124";"BR-393/RJ";"Norte";"Capotamento";1;0;0;0;0;0;0;0;0;0;0;0;1;0;0
"21/09/2014";"07:54:00";"15";"sem v�tima";"161,688";"BR-393/RJ";"Sul";"Choque - Veiculo parado na pista";1;0;0;0;0;0;0;0;0;0;1;0;0;0;0
"21/09/2014";"08:23:00";"17";"com v�tima";"175,6";"BR-393/RJ";"Norte";"Choque - Veiculo parado no acostamento";1;0;0;0;0;0;0;0;0;0;0;1;0;0;0
"21/09/2014";"19:32:00";"59";"com v�tima";"217,8";"BR-393/RJ";"Norte";"Colis�o Lateral";1;0;0;1;0;0;0;0;0;0;1;0;2;0;0
"21/09/2014";"22:57:00";"69";"sem v�tima";"177,8";"BR-393/RJ";"Sul";"Colis�o Traseira";2;0;0;0;0;0;0;0;0;0;2;0;0;0;0
"22/09/2014";"07:17:00";"20";"sem v�tima";"215,398";"BR-393/RJ";"Sul";"Colis�o Lateral";0;0;1;0;1;0;0;0;0;0;20;0;0;0;0
"22/09/2014";"15:34:00";"53";"com v�tima";"102";"BR-393/RJ";"Norte";"Colis�o Transversal";1;0;0;1;0;0;0;0;0;0;0;4;0;0;0
"23/09/2014";"08:53:00";"29";"com v�tima";"133,3";"BR-393/RJ";"Sul";"Colis�o Traseira";1;0;0;1;0;0;0;0;0;0;1;0;1;0;0
"23/09/2014";"12:18:00";"39";"sem v�tima";"286";"BR-393/RJ";"Sul";"Colis�o Traseira";2;0;0;0;0;0;0;0;0;0;2;0;0;0;0
"23/09/2014";"12:43:00";"40";"sem v�tima";"186,784";"BR-393/RJ";"Norte";"Outros - Sequ�ncia";0;0;3;0;0;0;0;0;0;0;3;0;0;0;0
"23/09/2014";"19:52:00";"66";"com v�tima";"204,43";"BR-393/RJ";"Sul";"Atropelamento de Animal";1;0;1;0;0;0;0;0;0;0;1;2;0;0;0
"24/09/2014";"07:08:00";"22";"sem v�tima";"155,461";"BR-393/RJ";"Norte";"Tombamento";0;0;1;0;0;0;0;0;0;0;3;0;0;0;0
"24/09/2014";"09:31:00";"29";"com v�tima";"283";"BR-393/RJ";"Norte";"Colis�o Traseira";1;0;0;1;0;0;0;0;0;0;1;0;1;0;0
"24/09/2014";"17:17:00";"55";"sem v�tima";"235";"BR-393/RJ";"Norte";"Colis�o Traseira";1;0;0;0;0;0;0;0;0;1;2;0;0;0;0
"24/09/2014";"19:53:00";"63";"sem v�tima";"283,555";"BR-393/RJ";"Norte";"Colis�o Lateral";1;0;1;0;0;0;0;0;0;0;4;0;0;0;0
"25/09/2014";"09:59:00";"26";"com v�tima";"241,885";"BR-393/RJ";"Sul";"Queda de Moto";0;0;0;1;0;0;0;0;0;0;0;0;1;0;0
"25/09/2014";"12:26:00";"45";"com v�tima";"147,547";"BR-393/RJ";"Sul";"Saida de Pista";1;0;0;0;0;0;0;0;0;0;0;1;0;0;1
"26/09/2014";"08:44:00";"21";"com v�tima";"164,941";"BR-393/RJ";"Sul";"Choque - Defensa, barreira ou "submarino"";1;0;0;0;0;0;0;0;0;0;0;0;1;0;0
"26/09/2014";"18:35:00";"57";"sem v�tima";"282,3";"BR-393/RJ";"Norte";"Colis�o Traseira";2;0;0;0;0;0;0;0;0;0;2;0;0;0;0
"27/09/2014";"04:08:00";"11";"sem v�tima";"242,456";"BR-393/RJ";"Sul";"Saida de Pista";1;0;0;0;0;0;0;0;0;0;1;0;0;0;0
"27/09/2014";"17:25:00";"43";"com v�tima";"103,9";"BR-393/RJ";"Norte";"Tombamento";0;0;1;0;0;0;0;0;0;0;0;1;0;0;0
"28/09/2014";"08:58:00";"24";"com v�tima";"257,751";"BR-393/RJ";"Sul";"Colis�o Frontal";3;0;0;0;0;0;0;0;0;0;0;2;0;2;0
"28/09/2014";"10:53:00";"27";"sem v�tima";"286,002";"BR-393/RJ";"Norte";"Colis�o Traseira";1;0;1;0;0;0;0;0;0;0;2;0;0;0;0
"28/09/2014";"16:30:00";"37";"com v�tima";"228,569";"BR-393/RJ";"Sul";"Colis�o Lateral";2;0;0;0;0;0;0;0;0;0;0;3;0;0;0
"29/09/2014";"21:29:00";"58";"com v�tima";"262,915";"BR-393/RJ";"Sul";"Queda de Moto";0;0;0;1;0;0;0;0;0;0;0;1;0;0;0
"30/09/2014";"12:26:00";"40";"com v�tima";"238,671";"BR-393/RJ";"Norte";"Colis�o Lateral";2;0;0;0;0;0;0;0;0;0;0;2;0;0;0
"30/09/2014";"14:46:00";"47";"com v�tima";"184,657";"BR-393/RJ";"Sul";"Tombamento";0;0;1;0;0;0;0;0;0;0;0;1;0;0;0
"30/09/2014";"15:59:00";"53";"com v�tima";"243,503";"BR-393/RJ";"Sul";"Saida de Pista";0;0;1;0;0;0;0;0;0;0;0;1;0;0;0
"01/10/2014";"10:59:00";"31";"com v�tima";"162";"BR-393/RJ";"Sul";"Queda de Moto";0;0;0;1;0;0;0;0;0;0;0;2;0;0;0
"01/10/2014";"22:08:00";"61";"com v�tima";"256,031";"BR-393/RJ";"Sul";"Atropelamento - Morador";1;0;0;0;0;0;0;0;0;1;2;0;1;0;0
"01/10/2014";"23:06:00";"64";"com v�tima";"278,9";"BR-393/RJ";"Sul";"Colis�o Traseira";0;0;2;0;0;0;0;0;0;0;1;0;1;0;0
"02/10/2014";"07:59:00";"21";"sem v�tima";"282,108";"BR-393/RJ";"Sul";"Engavetamento";3;0;0;0;0;0;0;0;0;0;3;0;0;0;0
"03/10/2014";"02:16:00";"5";"sem v�tima";"174,647";"BR-393/RJ";"Sul";"Atropelamento de Animal";0;0;1;0;0;0;0;0;0;0;1;0;0;0;0