fdata;horario;n_da_ocorrencia;tipo_de_ocorrencia;km;trecho;sentido;tipo_de_acidente;automovel;bicicleta;caminhao;moto;onibus;outros;tracao_animal;transporte_de_cargas_especiais;trator_maquinas;utilitarios;ilesos;levemente_feridos;moderadamente_feridos;gravemente_feridos;mortos
"03/10/2014";"23:54:00";"72";"com v�tima";"178";"BR-393/RJ";"Sul";"Colis�o Traseira";1;0;0;0;1;0;0;0;0;0;1;2;0;0;0
"04/10/2014";"02:31:00";"11";"sem v�tima";"210,11";"BR-393/RJ";"Norte";"Atropelamento de Animal";0;0;2;0;0;0;0;0;0;0;2;0;0;0;0
"04/10/2014";"10:53:00";"32";"com v�tima";"285,403";"BR-393/RJ";"Sul";"Colis�o Transversal";1;0;0;1;0;0;0;0;0;0;2;1;0;0;0
"04/10/2014";"20:39:00";"60";"sem v�tima";"242,5";"BR-393/RJ";"Sul";"Saida de Pista";1;0;0;0;0;0;0;0;0;0;2;0;0;0;0
"04/10/2014";"23:22:00";"66";"sem v�tima";"279";"BR-393/RJ";"Norte";"Colis�o Traseira";1;0;0;1;0;0;0;0;0;0;2;0;0;0;0
"05/10/2014";"04:11:00";"6";"com v�tima";"125";"BR-393/RJ";"Sul";"Colis�o Lateral";0;0;0;1;1;0;0;0;0;0;1;1;0;1;0
"05/10/2014";"06:40:00";"15";"com v�tima";"2,425";"Al�a Sul";"Norte";"Capotamento";2;0;0;0;0;0;0;0;0;0;0;1;1;0;0
"05/10/2014";"11:42:00";"25";"sem v�tima";"142,353";"BR-393/RJ";"Norte";"Colis�o Traseira";1;0;1;0;0;0;0;0;0;0;2;0;0;0;0
"06/10/2014";"02:52:00";"4";"sem v�tima";"242,492";"BR-393/RJ";"Sul";"Saida de Pista";1;0;0;0;0;0;0;0;0;0;1;0;0;0;0
"07/10/2014";"17:00:00";"45";"com v�tima";"0,743";"Al�a Sul";"Norte";"Colis�o Lateral";1;0;0;1;0;0;0;0;0;0;1;1;0;0;0
"07/10/2014";"18:37:00";"52";"com v�tima";"228,949";"BR-393/RJ";"Sul";"Colis�o Lateral";2;0;0;0;0;0;0;0;0;0;2;0;1;0;0
"08/10/2014";"00:35:00";"1";"com v�tima";"124,1";"BR-393/RJ";"Norte";"Outros";0;1;0;1;0;0;0;0;0;0;0;0;1;1;0
"08/10/2014";"08:49:00";"27";"sem v�tima";"106,807";"BR-393/RJ";"Norte";"Colis�o Traseira";2;0;0;0;0;0;0;0;0;0;7;0;0;0;0
"08/10/2014";"13:27:00";"38";"sem v�tima";"286,003";"BR-393/RJ";"Sul";"Engavetamento";3;0;0;0;0;0;0;0;0;0;3;0;0;0;0
"08/10/2014";"19:46:00";"59";"com v�tima";"284,7";"BR-393/RJ";"Norte";"Abalroamento Mesmo Sentido ";1;0;0;1;0;0;0;0;0;0;1;1;1;0;0
"09/10/2014";"08:28:00";"20";"sem v�tima";"281,454";"BR-393/RJ";"Sul";"Colis�o Lateral";1;0;0;1;0;0;0;0;0;0;3;0;0;0;0
"09/10/2014";"14:37:00";"42";"com v�tima";"235,499";"BR-393/RJ";"Sul";"Colis�o Traseira";2;0;0;0;0;0;0;0;0;0;2;1;0;0;0
"09/10/2014";"15:53:00";"47";"com v�tima";"103,141";"BR-393/RJ";"Norte";"Atropelamento - Morador";1;0;0;0;0;0;0;0;0;0;1;0;1;0;0
"09/10/2014";"16:11:00";"48";"sem v�tima";"281,439";"BR-393/RJ";"Norte";"Colis�o Lateral";1;0;0;1;0;0;0;0;0;0;2;0;0;0;0
"09/10/2014";"19:29:00";"61";"sem v�tima";"282,402";"BR-393/RJ";"Norte";"Colis�o Traseira";1;0;0;0;1;0;0;0;0;0;30;0;0;0;0
"10/10/2014";"08:46:00";"25";"sem v�tima";"285";"BR-393/RJ";"Norte";"Colis�o Frontal";2;0;0;0;0;0;0;0;0;0;2;0;0;0;0
"10/10/2014";"12:13:00";"34";"com v�tima";"214,321";"BR-393/RJ";"Norte";"Choque - Arvore";1;0;0;0;0;0;0;0;0;0;0;1;0;0;0
"10/10/2014";"12:28:00";"33";"com v�tima";"155,499";"BR-393/RJ";"Sul";"Tombamento";0;0;1;0;0;0;0;0;0;0;0;1;0;0;0
"10/10/2014";"14:57:00";"44";"sem v�tima";"223,079";"BR-393/RJ";"Norte";"Capotamento";1;0;0;0;0;0;0;0;0;0;1;0;0;0;0
"11/10/2014";"01:15:00";"12";"com v�tima";"119,933";"BR-393/RJ";"Sul";"Atropelamento de Animal";1;0;0;0;0;0;0;0;0;0;0;1;0;0;0
"11/10/2014";"05:47:00";"17";"com v�tima";"157,904";"BR-393/RJ";"Norte";"Tombamento";0;0;1;0;0;0;0;0;0;0;0;1;0;0;0
"11/10/2014";"09:45:00";"27";"sem v�tima";"168,82";"BR-393/RJ";"Norte";"Colis�o Lateral";2;0;0;0;0;0;0;0;0;0;5;0;0;0;0
"11/10/2014";"13:43:00";"41";"sem v�tima";"223,516";"BR-393/RJ";"Sul";"Tombamento";0;0;1;0;0;0;0;0;0;0;1;0;0;0;0
"12/10/2014";"00:09:00";"1";"com v�tima";"263,5";"BR-393/RJ";"Sul";"Choque - Outros";1;0;0;0;0;0;0;0;0;0;1;1;0;0;0
"12/10/2014";"02:52:00";"9";"com v�tima";"258";"BR-393/RJ";"Norte";"Capotamento";1;0;0;0;0;0;0;0;0;0;0;1;0;0;0
"12/10/2014";"09:01:00";"32";"sem v�tima";"143,432";"BR-393/RJ";"Norte";"Choque - Elemento de Drenagem";1;0;0;0;0;0;0;0;0;0;1;0;0;0;0
"12/10/2014";"16:24:00";"57";"com v�tima";"168,775";"BR-393/RJ";"Sul";"Colis�o Lateral";2;0;0;0;0;0;0;0;0;0;0;6;1;0;0
"12/10/2014";"16:55:00";"60";"com v�tima";"168,9";"BR-393/RJ";"Sul";"Colis�o Lateral";1;0;0;1;0;0;0;0;0;0;1;2;0;0;0
"12/10/2014";"17:08:00";"63";"sem v�tima";"152,577";"BR-393/RJ";"Sul";"Saida de Pista";1;0;0;0;0;0;0;0;0;0;1;0;0;0;0
"13/10/2014";"10:13:00";"29";"sem v�tima";"284,564";"BR-393/RJ";"Norte";"Colis�o Traseira";2;0;0;0;0;0;0;0;0;0;2;0;0;0;0
"13/10/2014";"10:51:00";"30";"com v�tima";"281,319";"BR-393/RJ";"Norte";"Colis�o Lateral";1;0;0;1;0;0;0;0;0;0;1;1;0;0;0
"13/10/2014";"14:42:00";"42";"com v�tima";"187,105";"BR-393/RJ";"Sul";"Queda de Moto";0;0;0;1;0;0;0;0;0;0;0;0;1;0;0
"14/10/2014";"08:22:00";"25";"sem v�tima";"164,662";"BR-393/RJ";"Norte";"Tombamento";0;0;1;0;0;0;0;0;0;0;1;0;0;0;0
"14/10/2014";"09:36:00";"29";"com v�tima";"131,492";"BR-393/RJ";"Sul";"Tombamento";0;0;1;0;0;0;0;0;0;0;0;1;0;0;0
"15/10/2014";"08:41:00";"25";"sem v�tima";"285,49";"BR-393/RJ";"Norte";"Colis�o Transversal";1;0;1;0;0;0;0;0;0;0;4;0;0;0;0
"15/10/2014";"10:37:00";"28";"sem v�tima";"284,32";"BR-393/RJ";"Sul";"Colis�o Traseira";1;0;1;0;0;0;0;0;0;0;5;0;0;0;0
"15/10/2014";"11:06:00";"31";"com v�tima";"125,841";"BR-393/RJ";"Norte";"Colis�o Lateral";1;0;1;0;0;0;0;0;0;0;4;1;0;0;0
"16/10/2014";"06:19:00";"11";"com v�tima";"139,608";"BR-393/RJ";"Norte";"Queda de Moto";0;0;0;1;0;0;0;0;0;0;0;1;0;0;0
"16/10/2014";"06:53:00";"14";"sem v�tima";"279,601";"BR-393/RJ";"Norte";"Colis�o Lateral";2;0;0;0;0;0;0;0;0;0;2;0;0;0;0
"16/10/2014";"13:57:00";"51";"com v�tima";"273,8";"BR-393/RJ";"Norte";"Tombamento";0;0;1;0;0;0;0;0;0;0;0;0;1;0;0
"16/10/2014";"17:36:00";"63";"sem v�tima";"284";"BR-393/RJ";"Norte";"Abalroamento Mesmo Sentido ";1;0;1;0;0;0;0;0;0;0;2;0;0;0;0
"17/10/2014";"15:38:00";"51";"sem v�tima";"235,808";"BR-393/RJ";"Norte";"Colis�o Traseira";0;0;2;0;0;0;0;0;0;0;2;0;0;0;0
"17/10/2014";"19:42:00";"73";"sem v�tima";"280,077";"BR-393/RJ";"Norte";"Colis�o Traseira";2;0;0;0;0;0;0;0;0;0;2;0;0;0;0
"18/10/2014";"07:24:00";"21";"com v�tima";"138,327";"BR-393/RJ";"Norte";"Capotamento";1;0;0;0;0;0;0;0;0;0;0;1;1;0;0
"18/10/2014";"08:02:00";"24";"com v�tima";"158,188";"BR-393/RJ";"Sul";"Colis�o Frontal";2;0;0;0;0;0;0;0;0;0;0;3;3;0;0
"18/10/2014";"08:41:00";"25";"sem v�tima";"183";"BR-393/RJ";"Norte";"Colis�o Traseira";1;0;1;0;0;0;0;0;0;0;2;0;0;0;0
"18/10/2014";"11:06:00";"32";"com v�tima";"283,24";"BR-393/RJ";"Sul";"Engavetamento";4;0;0;0;0;0;0;0;0;0;5;3;0;0;0
"18/10/2014";"19:59:00";"53";"com v�tima";"131,429";"BR-393/RJ";"Sul";"Queda de Moto";0;0;0;1;0;0;0;0;0;0;0;1;0;0;0
"19/10/2014";"04:06:00";"19";"com v�tima";"180,219";"BR-393/RJ";"Sul";"Choque - Defensa, barreira ou "submarino"";1;0;0;0;0;0;0;0;0;0;0;3;0;0;0
"19/10/2014";"11:25:00";"37";"com v�tima";"223,076";"BR-393/RJ";"Norte";"Saida de Pista";1;0;0;0;0;0;0;0;0;0;0;1;0;1;0
"19/10/2014";"14:19:00";"42";"com v�tima";"260";"BR-393/RJ";"Norte";"Saida de Pista";1;0;0;0;0;0;0;0;0;0;0;1;0;0;0
"19/10/2014";"22:50:00";"72";"com v�tima";"279,6";"BR-393/RJ";"Norte";"Colis�o Transversal";2;0;0;0;0;0;0;0;0;0;4;1;0;0;0
"20/10/2014";"07:34:00";"20";"com v�tima";"232,232";"BR-393/RJ";"Sul";"Colis�o Lateral";1;0;1;0;0;0;0;0;0;0;0;1;0;2;1
"20/10/2014";"16:48:00";"49";"sem v�tima";"132,6";"BR-393/RJ";"Sul";"Colis�o Traseira";1;0;0;0;1;0;0;0;0;0;3;0;0;0;0
"22/10/2014";"08:50:00";"12";"com v�tima";"283,815";"BR-393/RJ";"Sul";"Queda de Moto";0;0;0;1;0;0;0;0;0;0;0;1;0;0;0
"22/10/2014";"13:39:00";"23";"sem v�tima";"284,5";"BR-393/RJ";"Sul";"Colis�o Traseira";2;0;0;0;0;0;0;0;0;0;2;0;0;0;0
"23/10/2014";"08:53:00";"9";"sem v�tima";"241,2";"BR-393/RJ";"Norte";"Colis�o Lateral";2;0;0;0;0;0;0;0;0;0;3;0;0;0;0
"23/10/2014";"16:19:00";"31";"sem v�tima";"246,356";"BR-393/RJ";"Norte";"Colis�o Traseira";2;0;0;0;0;0;0;0;0;0;2;0;0;0;0
"24/10/2014";"12:02:00";"51";"sem v�tima";"242,272";"BR-393/RJ";"Sul";"Colis�o Lateral";2;0;0;0;0;0;0;0;0;0;2;0;0;0;0
"24/10/2014";"14:40:00";"60";"sem v�tima";"133,613";"BR-393/RJ";"Sul";"Colis�o Traseira";1;0;1;0;0;0;0;0;0;0;3;0;0;0;0
"24/10/2014";"15:15:00";"65";"sem v�tima";"233,924";"BR-393/RJ";"Sul";"Colis�o Lateral";1;0;1;0;0;0;0;0;0;0;2;0;0;0;0
"24/10/2014";"16:32:00";"69";"com v�tima";"1";"Al�a Sul";"Norte";"Colis�o Traseira";1;0;0;1;0;0;0;0;0;0;1;1;0;0;0
"25/10/2014";"10:12:00";"24";"com v�tima";"175,626";"BR-393/RJ";"Norte";"Colis�o Lateral";0;0;1;0;0;0;0;0;0;1;4;1;0;0;0
"25/10/2014";"13:01:00";"34";"sem v�tima";"286,002";"BR-393/RJ";"Sul";"Colis�o Traseira";2;0;0;0;0;0;0;0;0;0;2;0;0;0;0
"25/10/2014";"14:42:00";"40";"sem v�tima";"242,44";"BR-393/RJ";"Norte";"Saida de Pista";1;0;0;0;0;0;0;0;0;0;1;0;0;0;0
"25/10/2014";"20:35:00";"53";"sem v�tima";"283,8";"BR-393/RJ";"Sul";"Colis�o Traseira";2;0;0;0;0;0;0;0;0;0;2;0;0;0;0
"25/10/2014";"23:34:00";"61";"com v�tima";"141,389";"BR-393/RJ";"Sul";"Queda de Moto";0;0;0;1;0;0;0;0;0;0;0;0;0;0;1
"26/10/2014";"06:46:00";"20";"sem v�tima";"285,996";"BR-393/RJ";"Norte";"Colis�o Lateral";1;0;1;0;0;0;0;0;0;0;2;0;0;0;0
"26/10/2014";"12:11:00";"27";"com v�tima";"283,609";"BR-393/RJ";"Norte";"Colis�o Traseira";2;0;0;0;0;0;0;0;0;0;2;1;0;0;0
"26/10/2014";"21:43:00";"54";"com v�tima";"248,9";"BR-393/RJ";"Sul";"Choque - Arvore";1;0;0;0;0;0;0;0;0;0;0;1;0;0;0
"26/10/2014";"23:37:00";"57";"sem v�tima";"282,9";"BR-393/RJ";"Norte";"Colis�o Traseira";2;0;0;0;0;0;0;0;0;0;2;0;0;0;0
"27/10/2014";"07:53:00";"27";"sem v�tima";"266";"BR-393/RJ";"Norte";"Colis�o Traseira";1;0;1;0;0;0;0;0;0;0;4;0;0;0;0
"28/10/2014";"00:30:00";"2";"com v�tima";"286";"BR-393/RJ";"Sul";"Outros - Sequ�ncia";0;0;1;0;1;0;0;0;0;0;2;1;0;0;0
"28/10/2014";"03:03:00";"13";"com v�tima";"1";"Al�a Sul";"Norte";"Atropelamento de Animal";1;0;0;0;0;0;0;0;0;0;0;1;0;0;0
"28/10/2014";"08:27:00";"28";"com v�tima";"115,7";"BR-393/RJ";"Norte";"Colis�o Transversal";1;0;1;0;0;0;0;0;0;0;0;1;1;0;0
"28/10/2014";"10:09:00";"35";"com v�tima";"178,3";"BR-393/RJ";"Norte";"Colis�o Lateral";0;0;1;1;0;0;0;0;0;0;0;1;0;0;1
"28/10/2014";"13:07:00";"44";"com v�tima";"283";"BR-393/RJ";"Norte";"Colis�o Traseira";1;0;1;0;0;0;0;0;0;0;2;1;0;0;0
"28/10/2014";"16:32:00";"53";"com v�tima";"161,471";"BR-393/RJ";"Sul";"Saida de Pista";1;0;0;0;0;0;0;0;0;0;0;1;0;0;0
"29/10/2014";"00:02:00";"1";"com v�tima";"2";"Al�a Sul";"Norte";"Atropelamento - Ciclista";1;1;0;0;0;0;0;0;0;0;1;0;0;1;0
"29/10/2014";"03:33:00";"11";"com v�tima";"103,221";"BR-393/RJ";"Sul";"Colis�o Lateral";0;0;1;1;0;0;0;0;0;0;1;0;1;0;0
"29/10/2014";"09:23:00";"20";"sem v�tima";"277,846";"BR-393/RJ";"Sul";"Colis�o Frontal";0;0;2;0;0;0;0;0;0;0;2;0;0;0;0
"29/10/2014";"23:02:00";"54";"sem v�tima";"2,9";"Al�a Sul";"Norte";"Atropelamento de Animal";0;0;0;1;0;0;0;0;0;0;1;0;0;0;0
"30/10/2014";"07:54:00";"26";"sem v�tima";"285";"BR-393/RJ";"Sul";"Colis�o Traseira";1;0;0;0;1;0;0;0;0;0;2;0;0;0;0
"30/10/2014";"11:39:00";"41";"sem v�tima";"142";"BR-393/RJ";"Sul";"Colis�o Traseira";1;0;1;0;0;0;0;0;0;0;3;0;0;0;0
"30/10/2014";"14:26:00";"49";"com v�tima";"212,825";"BR-393/RJ";"Sul";"Saida de Pista";1;0;0;0;0;0;0;0;0;0;0;1;0;0;0
"30/10/2014";"18:39:00";"63";"com v�tima";"106,747";"BR-393/RJ";"Sul";"Colis�o Frontal";1;0;1;0;0;0;0;0;0;0;0;5;0;0;0
"30/10/2014";"18:55:00";"65";"com v�tima";"286";"BR-393/RJ";"Norte";"Colis�o Transversal";1;0;0;1;0;0;0;0;0;0;1;1;0;0;0
"31/10/2014";"09:25:00";"23";"sem v�tima";"175,453";"BR-393/RJ";"Norte";"Colis�o Lateral";0;0;1;0;1;0;0;0;0;0;2;0;0;0;0
"31/10/2014";"20:57:00";"56";"com v�tima";"139";"BR-393/RJ";"Norte";"Queda de Moto";1;0;0;1;0;0;0;0;0;0;1;0;1;0;0
"01/11/2014";"07:35:00";"16";"sem v�tima";"174,8";"BR-393/RJ";"Norte";"Tombamento";0;0;1;0;0;0;0;0;0;0;1;0;0;0;0
"01/11/2014";"09:01:00";"22";"com v�tima";"252,3";"BR-393/RJ";"Norte";"Colis�o Transversal";2;0;0;0;0;0;0;0;0;0;1;1;0;0;0
"01/11/2014";"09:22:00";"23";"com v�tima";"282";"BR-393/RJ";"Norte";"Colis�o Lateral";2;0;0;0;0;0;0;0;0;0;1;1;0;0;0
"01/11/2014";"10:45:00";"28";"com v�tima";"284,7";"BR-393/RJ";"Sul";"Queda de Moto";0;0;0;1;0;0;0;0;0;0;1;1;0;0;0
"02/11/2014";"06:15:00";"13";"com v�tima";"121,356";"BR-393/RJ";"Norte";"Colis�o Lateral";2;0;0;0;0;0;0;0;0;0;1;0;1;0;0
"02/11/2014";"06:22:00";"14";"com v�tima";"229,64";"BR-393/RJ";"Norte";"Saida de Pista";1;0;0;0;0;0;0;0;0;0;3;0;1;0;0
"03/11/2014";"04:33:00";"16";"sem v�tima";"176,95";"BR-393/RJ";"Norte";"Atropelamento de Animal";1;0;0;0;0;0;0;0;0;0;3;0;0;0;0
"03/11/2014";"04:35:00";"17";"sem v�tima";"203,422";"BR-393/RJ";"Sul";"Atropelamento de Animal";0;0;1;0;0;0;0;0;0;0;1;0;0;0;0
"03/11/2014";"13:02:00";"45";"sem v�tima";"227";"BR-393/RJ";"Norte";"Capotamento";1;0;0;0;0;0;0;0;0;0;2;0;0;0;0
"04/11/2014";"15:07:00";"39";"com v�tima";"233,6";"BR-393/RJ";"Sul";"Colis�o Lateral";1;0;0;1;0;0;0;0;0;0;0;2;0;0;0
"04/11/2014";"15:49:00";"43";"com v�tima";"191,7";"BR-393/RJ";"Norte";"Tombamento";0;0;0;0;0;0;0;0;1;0;0;1;0;0;0
"05/11/2014";"02:02:00";"12";"sem v�tima";"210,1";"BR-393/RJ";"Sul";"Atropelamento de Animal";0;0;1;0;0;0;0;0;0;0;1;0;0;0;0
"05/11/2014";"06:55:00";"19";"com v�tima";"147";"BR-393/RJ";"Norte";"Tombamento";0;0;1;0;0;0;0;0;0;0;0;0;1;0;0
"05/11/2014";"23:10:00";"69";"com v�tima";"229";"BR-393/RJ";"Sul";"Capotamento";1;0;0;0;0;0;0;0;0;0;0;0;1;2;0
"06/11/2014";"14:42:00";"36";"com v�tima";"255,422";"BR-393/RJ";"Norte";"Colis�o Lateral";2;0;0;0;0;0;0;0;0;0;4;1;0;0;0
"06/11/2014";"16:48:00";"42";"com v�tima";"179";"BR-393/RJ";"Norte";"Capotamento";0;0;0;0;0;0;0;0;0;1;0;2;0;0;0
"06/11/2014";"19:51:00";"54";"sem v�tima";"106,9";"BR-393/RJ";"Sul";"Colis�o Lateral";1;0;1;0;0;0;0;0;0;0;2;0;0;0;0
"07/11/2014";"08:00:00";"22";"com v�tima";"285";"BR-393/RJ";"Sul";"Colis�o Traseira";1;0;1;0;0;0;0;0;0;0;5;1;0;0;0
"07/11/2014";"18:23:00";"65";"sem v�tima";"142,5";"BR-393/RJ";"Norte";"Colis�o Traseira";2;0;0;0;0;0;0;0;0;0;2;0;0;0;0
"07/11/2014";"19:18:00";"69";"com v�tima";"282";"BR-393/RJ";"Norte";"Colis�o Lateral";1;0;0;1;0;0;0;0;0;0;1;1;0;0;0
"07/11/2014";"19:49:00";"73";"sem v�tima";"286";"BR-393/RJ";"Sul";"Colis�o Traseira";1;0;1;0;0;0;0;0;0;0;2;0;0;0;0
"07/11/2014";"20:39:00";"77";"com v�tima";"261,95";"BR-393/RJ";"Norte";"Saida de Pista";1;0;0;0;0;0;0;0;0;0;0;3;0;0;0
"07/11/2014";"21:27:00";"78";"sem v�tima";"280";"BR-393/RJ";"Sul";"Colis�o Traseira";2;0;0;0;0;0;0;0;0;0;3;0;0;0;0
"07/11/2014";"22:02:00";"81";"sem v�tima";"239,4";"BR-393/RJ";"Norte";"Choque - Defensa, barreira ou "submarino"";1;0;0;0;0;0;0;0;0;0;1;0;0;0;0
"07/11/2014";"22:37:00";"84";"com v�tima";"242,3";"BR-393/RJ";"Sul";"Saida de Pista";1;0;0;0;0;0;0;0;0;0;0;1;0;0;0
"08/11/2014";"00:15:00";"2";"com v�tima";"222";"BR-393/RJ";"Norte";"Outros - Sequ�ncia";0;0;1;0;0;0;0;0;0;0;0;0;1;0;0
"08/11/2014";"12:12:00";"33";"sem v�tima";"285,3";"BR-393/RJ";"Sul";"Engavetamento";3;0;0;0;0;0;0;0;0;0;5;0;0;0;0
"08/11/2014";"12:30:00";"35";"sem v�tima";"285";"BR-393/RJ";"Norte";"Colis�o Lateral";1;0;1;0;0;0;0;0;0;0;2;0;0;0;0
"09/11/2014";"15:02:00";"37";"com v�tima";"119,347";"BR-393/RJ";"Sul";"Outros - Sequ�ncia";2;0;1;0;0;0;0;0;0;0;2;0;0;2;1
"11/11/2014";"06:41:00";"16";"sem v�tima";"243,596";"BR-393/RJ";"Sul";"Choque - Outros";1;0;0;0;0;0;0;0;0;0;4;0;0;0;0
"11/11/2014";"15:03:00";"47";"com v�tima";"116,8";"BR-393/RJ";"Sul";"Saida de Pista";1;0;0;0;0;0;0;0;0;0;0;4;0;0;0
"12/11/2014";"16:03:00";"50";"sem v�tima";"250";"BR-393/RJ";"Norte";"Colis�o Traseira";2;0;0;0;0;0;0;0;0;0;2;0;0;0;0
"13/11/2014";"11:36:00";"29";"com v�tima";"216,02";"BR-393/RJ";"Sul";"Tombamento";0;0;1;0;0;0;0;0;0;0;1;1;0;0;0
"13/11/2014";"22:28:00";"62";"sem v�tima";"285,8";"BR-393/RJ";"Norte";"Colis�o Traseira";2;0;0;0;0;0;0;0;0;0;2;0;0;0;0
"14/11/2014";"02:24:00";"13";"com v�tima";"261,123";"BR-393/RJ";"Sul";"Outros - Sequ�ncia";1;0;1;0;1;0;0;0;0;0;21;0;0;0;1
"14/11/2014";"06:24:00";"15";"sem v�tima";"164,772";"BR-393/RJ";"Norte";"Tombamento";0;0;1;0;0;0;0;0;0;0;1;0;0;0;0
"14/11/2014";"15:01:00";"46";"sem v�tima";"285";"BR-393/RJ";"Norte";"Abalroamento Mesmo Sentido ";1;0;1;0;0;0;0;0;0;0;2;0;0;0;0
"14/11/2014";"19:04:00";"58";"com v�tima";"173,81";"BR-393/RJ";"Sul";"Outros - Sequ�ncia";2;0;3;0;0;0;0;0;0;0;0;9;0;0;1
"15/11/2014";"16:10:00";"40";"sem v�tima";"255";"BR-393/RJ";"Norte";"Colis�o Lateral";2;0;0;0;0;0;0;0;0;0;4;0;0;0;0
"15/11/2014";"18:05:00";"46";"com v�tima";"167,9";"BR-393/RJ";"Sul";"Colis�o Lateral";1;0;1;0;0;0;0;0;0;0;1;2;0;0;0
"15/11/2014";"21:37:00";"56";"sem v�tima";"172,7";"BR-393/RJ";"Norte";"Saida de Pista";1;0;0;0;0;0;0;0;0;0;1;0;0;0;0
"16/11/2014";"06:36:00";"14";"sem v�tima";"161,69";"BR-393/RJ";"Norte";"Saida de Pista";0;0;1;0;0;0;0;0;0;0;1;0;0;0;0
"16/11/2014";"12:02:00";"26";"sem v�tima";"241";"BR-393/RJ";"Norte";"Capotamento";1;0;0;0;0;0;0;0;0;0;2;0;0;0;0
"16/11/2014";"16:36:00";"41";"com v�tima";"183";"BR-393/RJ";"Sul";"Colis�o Lateral";2;0;0;0;0;0;0;0;0;0;0;5;1;0;0
"17/11/2014";"04:27:00";"13";"sem v�tima";"169,714";"BR-393/RJ";"Sul";"Tombamento";0;0;1;0;0;0;0;0;0;0;1;0;0;0;0
"17/11/2014";"09:46:00";"24";"com v�tima";"182,41";"BR-393/RJ";"Sul";"Colis�o Lateral";1;0;1;0;0;0;0;0;0;0;0;2;0;0;0
"17/11/2014";"12:22:00";"32";"com v�tima";"237,464";"BR-393/RJ";"Norte";"Outros - Sequ�ncia";1;0;0;0;0;0;0;0;0;0;0;0;1;0;0
"17/11/2014";"12:59:00";"34";"com v�tima";"281,514";"BR-393/RJ";"Norte";"Colis�o Lateral";1;0;0;1;0;0;0;0;0;0;1;1;0;0;0
"17/11/2014";"18:53:00";"46";"com v�tima";"169";"BR-393/RJ";"Norte";"Atropelamento - Ciclista";1;1;0;0;0;0;0;0;0;0;1;1;0;0;0
"18/11/2014";"07:35:00";"18";"com v�tima";"278,784";"BR-393/RJ";"Sul";"Engavetamento";1;0;2;0;0;0;0;0;0;0;2;1;0;0;0
"18/11/2014";"09:03:00";"25";"com v�tima";"174,537";"BR-393/RJ";"Norte";"Colis�o Transversal";1;0;1;0;0;0;0;0;0;0;0;2;0;0;0
"19/11/2014";"08:14:00";"17";"com v�tima";"169,899";"BR-393/RJ";"Sul";"Outros - Sequ�ncia";1;0;1;0;0;0;0;0;0;0;1;1;0;0;0
"19/11/2014";"12:07:00";"31";"com v�tima";"168,168";"BR-393/RJ";"Sul";"Colis�o Transversal";2;0;0;0;0;0;0;0;0;0;1;1;3;0;0
"19/11/2014";"16:45:00";"53";"com v�tima";"283,229";"BR-393/RJ";"Norte";"Engavetamento";4;0;0;0;0;0;0;0;0;0;4;1;0;0;0
"19/11/2014";"17:47:00";"56";"com v�tima";"172,193";"BR-393/RJ";"Norte";"Capotamento";1;0;0;0;0;0;0;0;0;0;0;1;1;0;0
"20/11/2014";"07:24:00";"17";"com v�tima";"131,418";"BR-393/RJ";"Norte";"Tombamento";0;0;1;0;0;0;0;0;0;0;0;1;0;0;0
"20/11/2014";"08:25:00";"20";"com v�tima";"130,417";"BR-393/RJ";"Sul";"Tombamento";0;0;1;0;0;0;0;0;0;0;0;0;0;1;0
"20/11/2014";"09:02:00";"22";"com v�tima";"175,597";"BR-393/RJ";"Sul";"Tombamento";0;0;1;0;0;0;0;0;0;0;0;0;1;0;0
"20/11/2014";"14:17:00";"30";"com v�tima";"131,923";"BR-393/RJ";"Sul";"Engavetamento";1;0;2;0;0;0;0;0;0;0;2;1;0;0;0
"21/11/2014";"14:58:00";"36";"com v�tima";"281,735";"BR-393/RJ";"Norte";"Colis�o Traseira";2;0;0;0;0;0;0;0;0;0;1;1;0;0;0
"22/11/2014";"00:38:00";"1";"com v�tima";"155";"BR-393/RJ";"Norte";"Colis�o Lateral";1;0;0;0;0;0;0;0;0;1;1;0;1;0;0
"22/11/2014";"14:50:00";"50";"com v�tima";"260,72";"BR-393/RJ";"Norte";"Choque - Arvore";1;0;0;0;0;0;0;0;0;0;0;2;0;0;0
"23/11/2014";"07:39:00";"16";"com v�tima";"248,675";"BR-393/RJ";"Norte";"Capotamento";1;0;0;0;0;0;0;0;0;0;0;1;0;0;0
"23/11/2014";"11:48:00";"22";"com v�tima";"261";"BR-393/RJ";"Norte";"Queda de Moto";0;0;0;1;0;0;0;0;0;0;0;1;0;0;0
"23/11/2014";"14:20:00";"29";"sem v�tima";"181,187";"BR-393/RJ";"Norte";"Choque - Talude";1;0;0;0;0;0;0;0;0;0;2;0;0;0;0
"23/11/2014";"15:25:00";"33";"sem v�tima";"129,966";"BR-393/RJ";"Sul";"Saida de Pista";1;0;0;0;0;0;0;0;0;0;3;0;0;0;0
"23/11/2014";"15:41:00";"34";"com v�tima";"151,774";"BR-393/RJ";"Sul";"Tombamento";0;0;1;0;0;0;0;0;0;0;0;1;0;0;0
"23/11/2014";"17:43:00";"42";"com v�tima";"261,948";"BR-393/RJ";"Sul";"Outros - Sequ�ncia";1;0;0;0;0;0;0;0;0;0;1;3;0;0;0
"23/11/2014";"18:01:00";"43";"com v�tima";"234,385";"BR-393/RJ";"Sul";"Queda de Moto";0;0;0;1;0;0;0;0;0;0;0;0;1;0;0
"23/11/2014";"18:29:00";"44";"com v�tima";"244,176";"BR-393/RJ";"Norte";"Colis�o Frontal";1;0;1;0;0;0;0;0;0;0;0;1;1;0;1
"23/11/2014";"20:30:00";"49";"com v�tima";"102,663";"BR-393/RJ";"Sul";"Atropelamento - Ciclista";0;1;1;0;0;0;0;0;0;0;1;0;1;0;0