fdata;horario;n_da_ocorrencia;tipo_de_ocorrencia;km;trecho;sentido;tipo_de_acidente;automovel;bicicleta;caminhao;moto;onibus;outros;tracao_animal;transporte_de_cargas_especiais;trator_maquinas;utilitarios;ilesos;levemente_feridos;moderadamente_feridos;gravemente_feridos;mortos
"23/11/2014";"22:38:00";"51";"com v�tima";"264,2";"BR-393/RJ";"Sul";"Queda de Moto";0;0;0;1;0;0;0;0;0;0;0;1;0;0;0
"23/11/2014";"23:31:00";"53";"com v�tima";"218,719";"BR-393/RJ";"Norte";"Queda de Moto";0;0;0;1;0;0;0;0;0;0;0;0;0;1;0
"24/11/2014";"11:27:00";"37";"com v�tima";"112,178";"BR-393/RJ";"Sul";"Choque - Outros";1;0;0;0;0;0;0;0;0;0;0;0;1;0;0
"25/11/2014";"14:13:00";"31";"sem v�tima";"125,7";"BR-393/RJ";"Norte";"Colis�o Traseira";1;0;1;0;0;0;0;0;0;0;6;0;0;0;0
"25/11/2014";"17:07:00";"39";"sem v�tima";"283,134";"BR-393/RJ";"Norte";"Colis�o Traseira";2;0;0;0;0;0;0;0;0;0;2;0;0;0;0
"25/11/2014";"18:30:00";"44";"com v�tima";"276,3";"BR-393/RJ";"Norte";"Colis�o Frontal";1;0;1;0;0;0;0;0;0;0;1;1;0;0;0
"26/11/2014";"09:06:00";"30";"com v�tima";"200,557";"BR-393/RJ";"Sul";"Colis�o Traseira";1;0;1;0;0;0;0;0;0;0;0;4;0;0;0
"26/11/2014";"11:25:00";"47";"sem v�tima";"174";"BR-393/RJ";"Norte";"Colis�o Lateral";2;0;0;0;0;0;0;0;0;0;3;0;0;0;0
"26/11/2014";"18:41:00";"65";"sem v�tima";"281,512";"BR-393/RJ";"Sul";"Colis�o Traseira";2;0;0;0;0;0;0;0;0;0;4;0;0;0;0
"26/11/2014";"19:00:00";"66";"sem v�tima";"139,472";"BR-393/RJ";"Norte";"Outros - Sequ�ncia";1;0;0;0;0;0;0;0;0;0;3;0;0;0;0
"26/11/2014";"23:49:00";"73";"sem v�tima";"232,1";"BR-393/RJ";"Sul";"Colis�o Lateral";2;0;0;0;0;0;0;0;0;0;4;0;0;0;0
"27/11/2014";"10:55:00";"36";"sem v�tima";"233";"BR-393/RJ";"Norte";"Saida de Pista";0;0;1;0;0;0;0;0;0;0;1;0;0;0;0
"27/11/2014";"17:29:00";"54";"com v�tima";"274";"BR-393/RJ";"Norte";"Capotamento";0;0;1;0;0;0;0;0;0;0;1;0;1;0;0
"28/11/2014";"07:42:00";"15";"com v�tima";"223,737";"BR-393/RJ";"Norte";"Tombamento";0;0;1;0;0;0;0;0;0;0;0;2;0;0;0
"28/11/2014";"10:33:00";"28";"com v�tima";"258,7";"BR-393/RJ";"Norte";"Colis�o Lateral";2;0;0;0;0;0;0;0;0;0;0;2;0;0;0
"28/11/2014";"15:12:00";"42";"com v�tima";"187,358";"BR-393/RJ";"Norte";"Outros";1;0;0;0;0;0;0;0;0;0;0;0;3;0;0
"29/11/2014";"05:34:00";"14";"com v�tima";"210,61";"BR-393/RJ";"Sul";"Outros - Sequ�ncia";1;0;1;0;0;0;0;0;0;0;2;4;0;0;0
"29/11/2014";"15:46:00";"41";"sem v�tima";"231,137";"BR-393/RJ";"Sul";"Colis�o Traseira";1;0;1;0;0;0;0;0;0;0;2;0;0;0;0
"30/11/2014";"14:28:00";"53";"com v�tima";"136,499";"BR-393/RJ";"Norte";"Choque - Talude";1;0;0;0;0;0;0;0;0;0;3;1;0;0;0
"30/11/2014";"14:43:00";"55";"com v�tima";"238,537";"BR-393/RJ";"Norte";"Colis�o Frontal";2;0;0;0;0;0;0;0;0;0;1;1;2;0;1
"01/12/2014";"09:10:00";"26";"sem v�tima";"278";"BR-393/RJ";"Pista Sul";"Colis�o com ve�culos (traseira)";2;0;0;0;0;0;0;0;0;0;2;0;0;0;0
"01/12/2014";"11:41:00";"43";"sem v�tima";"195";"BR-393/RJ";"Pista Norte";"Colis�o com ve�culos (traseira)";2;0;0;0;0;0;0;0;0;0;2;0;0;0;0
"01/12/2014";"14:04:00";"49";"sem v�tima";"285";"BR-393/RJ";"Pista Sul";"Colis�o lateral no sentido contr�rio";1;0;1;0;0;0;0;0;0;0;3;0;0;0;0
"01/12/2014";"14:38:00";"52";"com v�tima";"138,194";"BR-393/RJ";"Pista Norte";"Acidentes de outra natureza";1;0;3;0;0;0;0;0;0;0;2;3;0;0;0
"01/12/2014";"17:25:00";"55";"sem v�tima";"175,7";"BR-393/RJ";"Pista Norte";"Colis�o com ve�culos (traseira)";2;0;0;0;0;0;0;0;0;0;2;0;0;0;0
"01/12/2014";"17:49:00";"58";"sem v�tima";"205,018";"BR-393/RJ";"Pista Norte";"Colis�o c/ obst�culos";1;0;0;0;0;0;0;0;0;0;4;0;0;0;0
"01/12/2014";"17:54:00";"59";"sem v�tima";"201,963";"BR-393/RJ";"Pista Norte";"Colis�o lateral no mesmo sentido";1;0;1;0;0;0;0;0;0;0;2;0;0;0;0
"01/12/2014";"18:38:00";"60";"sem v�tima";"228,519";"BR-393/RJ";"Pista Sul";"Sa�das de pista";1;0;0;0;0;0;0;0;0;0;1;0;0;0;0
"03/12/2014";"04:42:00";"14";"com v�tima";"151,84";"BR-393/RJ";"Pista Sul";"Tombamento";0;0;1;0;0;0;0;0;0;0;0;0;1;0;0
"04/12/2014";"06:42:00";"18";"com v�tima";"225";"BR-393/RJ";"Pista Norte";"Colis�o com ve�culos (traseira)";1;0;0;1;0;0;0;0;0;0;1;0;2;0;0
"04/12/2014";"18:08:00";"71";"sem v�tima";"157,991";"BR-393/RJ";"Pista Norte";"Acidentes de outra natureza";1;0;1;0;0;0;0;0;0;0;2;0;0;0;0
"04/12/2014";"20:47:00";"80";"sem v�tima";"286,001";"BR-393/RJ";"Pista Norte";"Engavetamento";3;0;0;0;0;0;0;0;0;0;4;0;0;0;0
"05/12/2014";"09:32:00";"23";"sem v�tima";"246,5";"BR-393/RJ";"Pista Norte";"Colis�o com ve�culos (traseira)";1;0;1;0;0;0;0;0;0;0;2;0;0;0;0
"05/12/2014";"11:54:00";"33";"sem v�tima";"285,3";"BR-393/RJ";"Pista Norte";"Colis�o com ve�culos (traseira)";1;0;1;0;0;0;0;0;0;0;4;0;0;0;0
"05/12/2014";"12:51:00";"38";"com v�tima";"285,1";"BR-393/RJ";"Pista Sul";"Colis�o com ve�culos (traseira)";2;0;0;0;0;0;0;0;0;0;3;1;0;0;0
"05/12/2014";"15:23:00";"49";"com v�tima";"212,3";"BR-393/RJ";"Pista Norte";"Saida de Pista";0;0;1;0;0;0;0;0;0;0;0;0;1;0;0
"05/12/2014";"17:24:00";"51";"com v�tima";"182,519";"BR-393/RJ";"Pista Norte";"Engavetamento";1;0;2;0;0;0;0;0;0;0;2;2;0;0;0
"05/12/2014";"22:22:00";"71";"com v�tima";"284,655";"BR-393/RJ";"Pista Norte";"Engavetamento";5;0;0;0;0;0;0;0;0;0;5;1;0;0;0
"06/12/2014";"06:48:00";"19";"com v�tima";"199,791";"BR-393/RJ";"Pista Sul";"Colis�o c/ obst�culos";1;0;0;0;0;0;0;0;0;0;0;1;0;0;0
"06/12/2014";"16:33:00";"44";"com v�tima";"175,784";"BR-393/RJ";"Pista Sul";"Colis�o c/ obst�culos";1;0;0;0;0;0;0;0;0;0;0;1;0;0;0
"06/12/2014";"18:52:00";"48";"sem v�tima";"285,5";"BR-393/RJ";"Pista Sul";"Colis�o com ve�culos (traseira)";1;0;1;0;0;0;0;0;0;0;2;0;0;0;0
"07/12/2014";"02:06:00";"3";"sem v�tima";"285,5";"BR-393/RJ";"Pista Norte";"Abalroamento Mesmo Sentido ";2;0;0;0;0;0;0;0;0;0;2;0;0;0;0
"07/12/2014";"10:12:00";"22";"com v�tima";"124,506";"BR-393/RJ";"Pista Sul";"Tombamento";0;0;1;0;0;0;0;0;0;0;0;1;0;0;0
"07/12/2014";"17:25:00";"34";"sem v�tima";"167,36";"BR-393/RJ";"Pista Sul";"Colis�o com ve�culos (traseira)";1;0;0;1;0;0;0;0;0;0;2;0;0;0;0
"08/12/2014";"13:59:00";"39";"com v�tima";"146,82";"BR-393/RJ";"Pista Norte";"Tombamento";0;0;1;0;0;0;0;0;0;0;0;1;0;0;0
"08/12/2014";"15:32:00";"42";"com v�tima";"218,815";"BR-393/RJ";"Pista Sul";"Acidentes de outra natureza";1;0;1;0;0;0;0;0;0;0;1;2;0;0;0
"09/12/2014";"11:09:00";"30";"com v�tima";"179";"BR-393/RJ";"Pista Norte";"Colis�o lateral no sentido contr�rio";1;0;0;1;0;0;0;0;0;0;1;1;0;0;0
"10/12/2014";"19:48:00";"51";"com v�tima";"206,7";"BR-393/RJ";"Pista Norte";"Colis�o lateral no mesmo sentido";0;0;1;0;1;0;0;0;0;0;1;3;0;0;0
"11/12/2014";"07:35:00";"17";"com v�tima";"221,2";"BR-393/RJ";"Pista Sul";"Colis�o c/ obst�culos";1;0;0;0;0;0;0;0;0;0;1;1;0;0;0
"11/12/2014";"09:26:00";"24";"sem v�tima";"285,518";"BR-393/RJ";"Pista Sul";"Colis�o lateral no mesmo sentido";1;0;1;0;0;0;0;0;0;0;2;0;0;0;0
"11/12/2014";"11:50:00";"33";"com v�tima";"282,37";"BR-393/RJ";"Pista Norte";"Colis�o lateral no sentido contr�rio";0;0;0;2;0;0;0;0;0;0;1;1;0;0;0
"11/12/2014";"17:50:00";"51";"sem v�tima";"282";"BR-393/RJ";"Pista Norte";"Colis�o lateral no mesmo sentido";2;0;0;0;0;0;0;0;0;0;2;0;0;0;0
"11/12/2014";"20:48:00";"61";"sem v�tima";"285,5";"BR-393/RJ";"Pista Sul";"Colis�o lateral no sentido contr�rio";1;0;1;0;0;0;0;0;0;0;2;0;0;0;0
"12/12/2014";"23:09:00";"81";"sem v�tima";"286";"BR-393/RJ";"Pista Sul";"Colis�o com ve�culos (traseira)";2;0;0;0;0;0;0;0;0;0;2;0;0;0;0
"13/12/2014";"16:42:00";"47";"com v�tima";"170";"BR-393/RJ";"Pista Sul";"Saida de Pista";1;0;0;0;0;0;0;0;0;0;0;1;0;0;0
"13/12/2014";"20:32:00";"62";"com v�tima";"285";"BR-393/RJ";"Pista Norte";"Colis�o c/ obst�culos";1;0;0;0;0;0;0;0;0;0;0;2;0;0;0
"14/12/2014";"00:32:00";"1";"com v�tima";"284,495";"BR-393/RJ";"Pista Norte";"Colis�o com ve�culos (frontal)";1;0;0;0;1;0;0;0;0;0;0;1;0;1;0
"14/12/2014";"00:55:00";"2";"sem v�tima";"284,494";"BR-393/RJ";"Pista Norte";"Colis�o com ve�culos (traseira)";2;0;0;0;0;0;0;0;0;0;2;0;0;0;0
"14/12/2014";"02:07:00";"11";"sem v�tima";"286";"BR-393/RJ";"Pista Norte";"Saida de Pista";0;0;0;0;0;0;0;0;0;1;1;0;0;0;0
"14/12/2014";"12:20:00";"32";"com v�tima";"133,543";"BR-393/RJ";"Pista Norte";"Colis�o com ve�culos (traseira)";1;0;1;0;0;0;0;0;0;0;4;1;0;0;0
"15/12/2014";"00:28:00";"3";"sem v�tima";"239";"BR-393/RJ";"Pista Norte";"Saida de Pista";1;0;0;0;0;0;0;0;0;0;1;0;0;0;0
"15/12/2014";"09:40:00";"33";"com v�tima";"238,686";"BR-393/RJ";"Pista Norte";"Colis�o c/ obst�culos";2;0;0;0;0;0;0;0;0;0;1;1;0;1;0
"15/12/2014";"19:53:00";"64";"sem v�tima";"274";"BR-393/RJ";"Pista Sul";"Colis�o lateral no sentido contr�rio";0;0;2;0;0;0;0;0;0;0;2;0;0;0;0
"16/12/2014";"12:27:00";"41";"com v�tima";"207";"BR-393/RJ";"Pista Norte";"Saida de Pista";1;0;0;0;0;0;0;0;0;0;0;1;0;0;0
"16/12/2014";"20:32:00";"72";"com v�tima";"235,803";"BR-393/RJ";"Pista Norte";"Colis�o lateral no mesmo sentido";1;0;0;1;0;0;0;0;0;0;1;1;1;0;0
"17/12/2014";"07:47:00";"22";"sem v�tima";"122,8";"BR-393/RJ";"Pista Sul";"Sa�das de pista";0;0;1;0;0;0;0;0;0;0;1;0;0;0;0
"18/12/2014";"07:53:00";"20";"com v�tima";"235,899";"BR-393/RJ";"Pista Sul";"Acidentes de outra natureza";1;0;1;0;0;0;0;0;0;0;0;3;0;0;0
"18/12/2014";"19:06:00";"74";"com v�tima";"164,7";"BR-393/RJ";"Pista Norte";"Tombamento";0;0;1;0;0;0;0;0;0;0;1;0;1;0;0
"19/12/2014";"14:41:00";"53";"com v�tima";"262,855";"BR-393/RJ";"Pista Norte";"Acidentes de outra natureza";2;0;0;0;0;0;0;0;0;0;2;4;0;0;0
"19/12/2014";"17:38:00";"63";"com v�tima";"265,096";"BR-393/RJ";"Pista Norte";"Colis�o com ve�culos (traseira)";2;0;0;0;0;0;0;0;0;0;2;3;0;0;0
"19/12/2014";"22:26:00";"71";"sem v�tima";"284,2";"BR-393/RJ";"Pista Norte";"Colis�o com ve�culos (traseira)";2;0;0;0;0;0;0;0;0;0;2;0;0;0;0
"19/12/2014";"23:39:00";"76";"sem v�tima";"279,641";"BR-393/RJ";"Pista Norte";"Sa�das de pista";1;0;0;0;0;0;0;0;0;0;1;0;0;0;0
"20/12/2014";"01:20:00";"3";"sem v�tima";"223,996";"BR-393/RJ";"Pista Norte";"Sa�das de pista";0;0;0;0;0;0;0;0;0;1;2;0;0;0;0
"20/12/2014";"04:31:00";"14";"sem v�tima";"283";"BR-393/RJ";"Pista Norte";"Colis�o com ve�culos (traseira)";2;0;0;0;0;0;0;0;0;0;2;0;0;0;0
"20/12/2014";"08:58:00";"36";"sem v�tima";"237";"BR-393/RJ";"Pista Norte";"Colis�o lateral no sentido contr�rio";2;0;0;0;0;0;0;0;0;0;6;0;0;0;0
"20/12/2014";"10:51:00";"44";"sem v�tima";"216";"BR-393/RJ";"Pista Norte";"Colis�o lateral no sentido contr�rio";0;0;2;0;0;0;0;0;0;0;2;0;0;0;0
"20/12/2014";"12:03:00";"49";"com v�tima";"283,8";"BR-393/RJ";"Pista Norte";"Acidentes de outra natureza";0;0;0;1;0;0;0;0;0;0;0;1;0;0;0
"20/12/2014";"15:04:00";"65";"sem v�tima";"142,4";"BR-393/RJ";"Pista Norte";"Colis�o lateral no sentido contr�rio";2;0;0;0;0;0;0;0;0;0;2;0;0;0;0
"20/12/2014";"22:29:00";"78";"com v�tima";"235,175";"BR-393/RJ";"Pista Norte";"Acidentes de outra natureza";0;0;0;1;0;0;0;0;0;0;0;1;0;0;0
"20/12/2014";"23:38:00";"80";"com v�tima";"283,6";"BR-393/RJ";"Pista Norte";"Colis�o com ve�culos (traseira)";2;0;0;0;0;0;0;0;0;0;1;2;0;0;0
"20/12/2014";"23:53:00";"81";"com v�tima";"284,8";"BR-393/RJ";"Pista Sul";"Colis�o lateral no sentido contr�rio";2;0;0;0;0;0;0;0;0;0;2;3;0;0;0
"21/12/2014";"02:08:00";"11";"com v�tima";"264,38";"BR-393/RJ";"Pista Norte";"Acidentes de outra natureza";0;0;0;1;0;0;0;0;0;0;0;2;0;0;0
"21/12/2014";"04:30:00";"15";"sem v�tima";"281";"BR-393/RJ";"Pista Sul";"Colis�o lateral no sentido contr�rio";2;0;0;0;0;0;0;0;0;0;2;0;0;0;0
"21/12/2014";"11:53:00";"32";"com v�tima";"202";"BR-393/RJ";"Pista Norte";"Colis�o lateral no sentido contr�rio";1;0;1;0;0;0;0;0;0;0;1;4;0;0;0
"21/12/2014";"14:24:00";"40";"com v�tima";"178";"BR-393/RJ";"Pista Norte";"Colis�o com ve�culos (traseira)";1;0;1;0;0;0;0;0;0;0;2;1;0;0;0
"21/12/2014";"14:45:00";"42";"com v�tima";"148";"BR-393/RJ";"Pista Sul";"Colis�o c/ obst�culos";1;0;0;0;0;0;0;0;0;0;0;2;2;0;0
"22/12/2014";"16:14:00";"41";"sem v�tima";"155";"BR-393/RJ";"Pista Sul";"Sa�das de pista";1;0;0;0;0;0;0;0;0;0;1;0;0;0;0
"22/12/2014";"17:43:00";"45";"sem v�tima";"125,5";"BR-393/RJ";"Pista Norte";"Colis�o com ve�culos (traseira)";2;0;0;0;0;0;0;0;0;0;5;0;0;0;0
"22/12/2014";"22:16:00";"52";"com v�tima";"147,382";"BR-393/RJ";"Pista Norte";"Tombamento";0;0;1;0;0;0;0;0;0;0;0;0;1;0;0
"23/12/2014";"08:01:00";"19";"sem v�tima";"105,817";"BR-393/RJ";"Pista Norte";"Colis�o com ve�culos (traseira)";1;0;0;0;0;0;0;0;0;1;5;0;0;0;0
"23/12/2014";"19:58:00";"57";"com v�tima";"122,1";"BR-393/RJ";"Pista Norte";"Sa�das de pista";1;0;0;0;0;0;0;0;0;0;0;2;0;0;0
"24/12/2014";"00:04:00";"1";"sem v�tima";"178";"BR-393/RJ";"Pista Sul";"Colis�o com ve�culos (traseira)";2;0;0;0;0;0;0;0;0;0;5;0;0;0;0
"24/12/2014";"18:13:00";"83";"com v�tima";"195";"BR-393/RJ";"Pista Norte";"Colis�o com ve�culos (traseira)";1;0;1;0;0;0;0;0;0;0;0;6;0;0;0
"24/12/2014";"21:04:00";"92";"com v�tima";"142,501";"BR-393/RJ";"Pista Norte";"Atropelamento de pedestre";1;0;0;0;0;0;0;0;0;0;1;1;0;0;0
"24/12/2014";"21:35:00";"95";"com v�tima";"182,201";"BR-393/RJ";"Pista Sul";"Colis�o c/ obst�culos";1;0;0;0;0;0;0;0;0;0;2;0;1;0;0
"25/12/2014";"01:31:00";"10";"sem v�tima";"281,469";"BR-393/RJ";"Pista Norte";"Colis�o lateral no sentido contr�rio";2;0;0;0;0;0;0;0;0;0;3;0;0;0;0
"25/12/2014";"15:02:00";"34";"sem v�tima";"114,311";"BR-393/RJ";"Pista Norte";"Sa�das de pista";1;0;0;0;0;0;0;0;0;0;1;0;0;0;0
"26/12/2014";"15:57:00";"35";"com v�tima";"164,677";"BR-393/RJ";"Pista Norte";"Sa�das de pista";0;0;0;1;0;0;0;0;0;0;0;0;1;0;0
"26/12/2014";"16:30:00";"37";"com v�tima";"235,705";"BR-393/RJ";"Pista Sul";"Acidentes de outra natureza";0;0;0;1;0;0;0;0;0;0;0;2;0;0;0
"26/12/2014";"19:16:00";"46";"com v�tima";"187";"BR-393/RJ";"Pista Sul";"Acidentes de outra natureza";0;0;0;1;0;0;0;0;0;0;0;0;1;0;0
"27/12/2014";"08:37:00";"20";"com v�tima";"235,265";"BR-393/RJ";"Pista Sul";"Colis�o lateral no sentido contr�rio";1;0;1;0;0;0;0;0;0;0;2;0;0;0;1
"27/12/2014";"11:19:00";"28";"sem v�tima";"285";"BR-393/RJ";"Pista Norte";"Colis�o com ve�culos (traseira)";1;0;1;0;0;0;0;0;0;0;2;0;0;0;0
"27/12/2014";"13:50:00";"34";"com v�tima";"168,718";"BR-393/RJ";"Pista Sul";"Colis�o lateral no sentido contr�rio";1;0;0;0;1;0;0;0;0;0;41;1;0;0;0
"27/12/2014";"20:04:00";"48";"com v�tima";"258";"BR-393/RJ";"Pista Norte";"Colis�o lateral no sentido contr�rio";1;0;0;0;1;0;0;0;0;0;20;0;0;1;0
"28/12/2014";"00:48:00";"1";"com v�tima";"217,7";"BR-393/RJ";"Pista Norte";"Acidentes de outra natureza";0;0;0;1;0;0;0;0;0;0;0;0;1;0;0
"28/12/2014";"18:37:00";"59";"sem v�tima";"285,628";"BR-393/RJ";"Pista Sul";"Engavetamento";3;0;0;0;0;0;0;0;0;0;3;0;0;0;0
"28/12/2014";"21:33:00";"73";"com v�tima";"219,028";"BR-393/RJ";"Pista Sul";"Colis�o lateral no sentido contr�rio";1;0;1;0;0;0;0;0;0;0;0;2;2;0;0
"29/12/2014";"10:27:00";"31";"sem v�tima";"285,593";"BR-393/RJ";"Pista Sul";"Engavetamento";2;0;0;0;1;0;0;0;0;0;4;0;0;0;0
"29/12/2014";"11:03:00";"32";"com v�tima";"286,4";"BR-393/RJ";"Pista Sul";"Engavetamento";3;0;0;0;0;0;0;0;0;0;2;1;0;0;0
"29/12/2014";"11:13:00";"33";"com v�tima";"158,546";"BR-393/RJ";"Pista Sul";"Colis�o Transversal";1;0;1;0;0;0;0;0;0;0;1;3;0;1;0
"29/12/2014";"13:44:00";"41";"sem v�tima";"285,593";"BR-393/RJ";"Pista Sul";"Colis�o com ve�culos (traseira)";2;0;0;0;0;0;0;0;0;0;3;0;0;0;0
"29/12/2014";"22:24:00";"76";"sem v�tima";"164,75";"BR-393/RJ";"Pista Norte";"Sa�das de pista";1;0;0;0;0;0;0;0;0;0;2;0;0;0;0
"29/12/2014";"22:56:00";"77";"sem v�tima";"285";"BR-393/RJ";"Pista Sul";"Colis�o com ve�culos (traseira)";2;0;0;0;0;0;0;0;0;0;2;0;0;0;0
"30/12/2014";"09:28:00";"22";"sem v�tima";"102,879";"BR-393/RJ";"Pista Norte";"Colis�o com ve�culos (traseira)";2;0;0;0;0;0;0;0;0;0;4;0;0;0;0
"31/12/2014";"03:53:00";"12";"sem v�tima";"147";"BR-393/RJ";"Pista Sul";"Sa�das de pista";1;0;0;0;0;0;0;0;0;0;2;0;0;0;0
"31/12/2014";"14:12:00";"37";"com v�tima";"260,858";"BR-393/RJ";"Pista Sul";"Sa�das de pista";1;0;0;0;0;0;0;0;0;0;0;4;0;0;0
"01/01/2015";"04:32:00";"12";"com v�tima";"181,7";"BR-393/RJ";"Pista Norte";"Sa�das de pista";1;0;0;0;0;0;0;0;0;0;0;1;0;0;0
"01/01/2015";"08:39:00";"19";"sem v�tima";"283,492";"BR-393/RJ";"Pista Norte";"Colis�o c/ obst�culos";1;0;0;0;0;0;0;0;0;0;1;0;0;0;0
"02/01/2015";"02:16:00";"10";"sem v�tima";"260,462";"BR-393/RJ";"Pista Norte";"Colis�o c/ obst�culos";1;0;0;0;0;0;0;0;0;0;4;0;0;0;0
"02/01/2015";"09:20:00";"22";"sem v�tima";"108,524";"BR-393/RJ";"Pista Norte";"Choque - Outros";1;0;0;0;0;0;0;0;0;0;2;0;0;0;0
"02/01/2015";"10:34:00";"25";"com v�tima";"166,079";"BR-393/RJ";"Pista Norte";"Colis�o com ve�culos (traseira)";0;0;1;0;0;0;0;0;0;1;2;5;0;0;0
"02/01/2015";"18:35:00";"46";"com v�tima";"206,96";"BR-393/RJ";"Pista Sul";"Sa�das de pista";1;0;0;0;0;0;0;0;0;0;0;0;1;0;0
"03/01/2015";"09:54:00";"32";"com v�tima";"281,304";"BR-393/RJ";"Pista Norte";"Colis�o lateral no sentido contr�rio";1;0;0;1;0;0;0;0;0;0;2;1;0;0;0
"03/01/2015";"13:18:00";"42";"sem v�tima";"281,492";"BR-393/RJ";"Pista Sul";"Colis�o lateral no sentido contr�rio";2;0;0;0;0;0;0;0;0;0;3;0;0;0;0
"03/01/2015";"13:23:00";"43";"com v�tima";"167,764";"BR-393/RJ";"Pista Norte";"Colis�o com ve�culos (traseira)";2;0;0;0;0;0;0;0;0;0;5;1;0;0;0
"05/01/2015";"09:22:00";"29";"sem v�tima";"230,677";"BR-393/RJ";"Pista Sul";"Capotamento";1;0;0;0;0;0;0;0;0;0;3;0;0;0;0
"05/01/2015";"14:52:00";"47";"sem v�tima";"283,32";"BR-393/RJ";"Pista Sul";"Engavetamento";3;0;0;0;0;0;0;0;0;0;7;0;0;0;0
"05/01/2015";"15:02:00";"48";"sem v�tima";"127,627";"BR-393/RJ";"Pista Norte";"Colis�o c/ obst�culos";1;0;0;0;0;0;0;0;0;0;4;0;0;0;0
"05/01/2015";"19:39:00";"61";"sem v�tima";"229,392";"BR-393/RJ";"Pista Sul";"Sa�das de pista";0;0;1;0;0;0;0;0;0;0;1;0;0;0;0
"06/01/2015";"16:28:00";"54";"sem v�tima";"158";"BR-393/RJ";"Pista Sul";"Sa�das de pista";1;0;0;0;0;0;0;0;0;0;1;0;0;0;0
"06/01/2015";"16:52:00";"56";"com v�tima";"226,4";"BR-393/RJ";"Pista Sul";"Capotamento";0;0;0;1;0;0;0;0;0;0;0;0;2;0;0
"07/01/2015";"06:45:00";"14";"com v�tima";"223,577";"BR-393/RJ";"Pista Sul";"Colis�o c/ obst�culos";1;0;0;0;0;0;0;0;0;0;1;2;0;0;0
"07/01/2015";"11:52:00";"37";"sem v�tima";"168,947";"BR-393/RJ";"Pista Sul";"Colis�o com ve�culos (traseira)";1;0;1;0;0;0;0;0;0;0;3;0;0;0;0
"08/01/2015";"12:20:00";"38";"com v�tima";"250";"BR-393/RJ";"Pista Norte";"Colis�o lateral no sentido contr�rio";1;0;0;1;0;0;0;0;0;0;1;0;0;1;0
"09/01/2015";"12:13:00";"47";"sem v�tima";"162";"BR-393/RJ";"Pista Norte";"Sa�das de pista";0;0;1;0;0;0;0;0;0;0;1;0;0;0;0
"10/01/2015";"09:17:00";"28";"sem v�tima";"138,09";"BR-393/RJ";"Pista Norte";"Tombamento";0;0;1;0;0;0;0;0;0;0;1;0;0;0;0
"10/01/2015";"21:51:00";"61";"sem v�tima";"281,566";"BR-393/RJ";"Pista Sul";"Colis�o lateral no sentido contr�rio";1;0;1;0;0;0;0;0;0;0;3;0;0;0;0
"10/01/2015";"22:59:00";"63";"sem v�tima";"281,045";"BR-393/RJ";"Pista Norte";"Colis�o lateral no sentido contr�rio";1;0;0;1;0;0;0;0;0;0;5;0;0;0;0
"11/01/2015";"14:27:00";"44";"com v�tima";"274,677";"BR-393/RJ";"Pista Sul";"Colis�o lateral no mesmo sentido";1;0;1;0;0;0;0;0;0;0;1;4;0;0;0
"12/01/2015";"09:02:00";"22";"com v�tima";"204,457";"BR-393/RJ";"Pista Norte";"Acidentes de outra natureza";0;0;0;1;0;0;0;0;0;0;0;1;0;0;0
"12/01/2015";"09:39:00";"28";"com v�tima";"146";"BR-393/RJ";"Pista Norte";"Colis�o lateral no mesmo sentido";0;0;1;1;0;0;0;0;0;0;2;1;0;0;0
"12/01/2015";"10:59:00";"37";"com v�tima";"250,812";"BR-393/RJ";"Pista Norte";"Acidentes de outra natureza";3;0;0;0;0;0;0;0;0;0;0;8;0;1;0
"12/01/2015";"22:36:00";"74";"sem v�tima";"200,7";"BR-393/RJ";"Pista Sul";"Atropelamento de animais";0;0;1;0;0;0;0;0;0;0;1;0;0;0;0
"13/01/2015";"13:50:00";"58";"com v�tima";"268,3";"BR-393/RJ";"Pista Norte";"Acidentes de outra natureza";0;0;0;1;0;0;0;0;0;0;0;1;0;0;0
"13/01/2015";"19:27:00";"77";"sem v�tima";"284";"BR-393/RJ";"Pista Norte";"Colis�o com ve�culos (traseira)";2;0;0;0;0;0;0;0;0;0;5;0;0;0;0
"14/01/2015";"20:44:00";"69";"com v�tima";"123,193";"BR-393/RJ";"Pista Sul";"Acidentes de outra natureza";0;0;0;1;0;0;0;0;0;0;0;1;2;0;0
"15/01/2015";"16:54:00";"58";"sem v�tima";"125,445";"BR-393/RJ";"Pista Sul";"Engavetamento";3;0;0;0;0;0;0;0;0;0;8;0;0;0;0
"16/01/2015";"19:13:00";"65";"sem v�tima";"286";"BR-393/RJ";"Pista Sul";"Colis�o com ve�culos (traseira)";2;0;0;0;0;0;0;0;0;0;2;0;0;0;0