fdata;horario;n_da_ocorrencia;tipo_de_ocorrencia;km;trecho;sentido;tipo_de_acidente;automovel;bicicleta;caminhao;moto;onibus;outros;tracao_animal;transporte_de_cargas_especiais;trator_maquinas;utilitarios;ilesos;levemente_feridos;moderadamente_feridos;gravemente_feridos;mortos
"16/01/2015";"20:24:00";"69";"sem v�tima";"284,3";"BR-393/RJ";"Pista Norte";"Colis�o com ve�culos (traseira)";2;0;0;0;0;0;0;0;0;0;2;0;0;0;0
"17/01/2015";"08:28:00";"18";"sem v�tima";"282,39";"BR-393/RJ";"Pista Norte";"Acidentes de outra natureza";4;0;0;0;0;0;0;0;0;0;7;0;0;0;0
"17/01/2015";"12:04:00";"31";"com v�tima";"123,571";"BR-393/RJ";"Pista Norte";"Colis�o com ve�culos (frontal)";0;0;2;0;0;0;0;0;0;0;0;2;1;0;1
"17/01/2015";"14:54:00";"43";"com v�tima";"279,7";"BR-393/RJ";"Pista Sul";"Colis�o com ve�culos (frontal)";2;0;0;0;0;0;0;0;0;0;5;1;0;0;0
"17/01/2015";"16:13:00";"47";"com v�tima";"253,164";"BR-393/RJ";"Pista Norte";"Colis�o com ve�culos (frontal)";1;0;0;0;0;0;0;0;0;1;1;0;0;1;0
"18/01/2015";"08:40:00";"25";"sem v�tima";"286";"BR-393/RJ";"Pista Sul";"Colis�o com ve�culos (traseira)";2;0;0;0;0;0;0;0;0;0;4;0;0;0;0
"18/01/2015";"14:29:00";"50";"com v�tima";"103,695";"BR-393/RJ";"Pista Norte";"Engavetamento";3;0;0;0;0;0;0;0;0;0;1;6;0;0;0
"18/01/2015";"23:48:00";"85";"com v�tima";"250";"BR-393/RJ";"Pista Norte";"Acidentes de outra natureza";0;0;0;1;0;0;0;0;0;0;0;1;0;0;0
"19/01/2015";"12:30:00";"38";"com v�tima";"175,619";"BR-393/RJ";"Pista Sul";"Colis�o lateral no mesmo sentido";1;0;1;0;0;0;0;0;0;0;1;1;0;0;0
"20/01/2015";"03:01:00";"5";"com v�tima";"210,6";"BR-393/RJ";"Pista Norte";"Acidentes de outra natureza";1;0;2;0;0;0;0;0;0;0;0;4;0;0;0
"21/01/2015";"17:05:00";"66";"com v�tima";"3";"Al�a Sul";"Pista Sul";"Colis�o lateral no mesmo sentido";1;0;0;1;0;0;0;0;0;0;4;1;0;0;0
"22/01/2015";"06:07:00";"14";"com v�tima";"189,38";"BR-393/RJ";"Pista Norte";"Colis�o com ve�culos (frontal)";0;0;2;0;0;0;0;0;0;0;0;1;0;0;1
"22/01/2015";"18:11:00";"54";"com v�tima";"157";"BR-393/RJ";"Pista Norte";"Colis�o c/ obst�culos";1;0;0;0;0;0;0;0;0;0;3;1;0;0;0
"22/01/2015";"19:38:00";"59";"sem v�tima";"224,903";"BR-393/RJ";"Pista Sul";"Colis�o com ve�culos (traseira)";1;0;0;0;0;0;0;0;0;0;1;0;0;0;0
"22/01/2015";"20:12:00";"62";"sem v�tima";"103,9";"BR-393/RJ";"Pista Sul";"Colis�o com ve�culos (traseira)";1;0;1;0;0;0;0;0;0;0;2;0;0;0;0
"23/01/2015";"08:46:00";"23";"sem v�tima";"252,31";"BR-393/RJ";"Pista Norte";"Engavetamento";3;0;0;0;0;0;0;0;0;0;3;0;0;0;0
"23/01/2015";"14:31:00";"56";"com v�tima";"199,383";"BR-393/RJ";"Pista Norte";"Acidentes de outra natureza";0;0;1;0;0;0;0;0;0;0;1;0;1;0;0
"24/01/2015";"08:38:00";"18";"com v�tima";"217,632";"BR-393/RJ";"Pista Norte";"Sa�das de pista";1;0;0;0;0;0;0;0;0;0;1;1;0;0;0
"24/01/2015";"12:35:00";"26";"com v�tima";"263,09";"BR-393/RJ";"Pista Norte";"Tombamento";0;0;1;0;0;0;0;0;0;0;0;1;0;0;0
"24/01/2015";"15:11:00";"29";"com v�tima";"114,543";"BR-393/RJ";"Pista Norte";"Sa�das de pista";0;0;2;0;0;0;0;0;0;0;1;1;1;0;0
"25/01/2015";"07:24:00";"21";"com v�tima";"131,426";"BR-393/RJ";"Pista Norte";"Tombamento";0;0;1;0;0;0;0;0;0;0;0;1;0;0;0
"25/01/2015";"08:15:00";"26";"com v�tima";"235";"BR-393/RJ";"Pista Norte";"Colis�o lateral no sentido contr�rio";0;0;0;1;0;0;0;0;0;1;1;1;0;0;0
"25/01/2015";"10:27:00";"35";"com v�tima";"263";"BR-393/RJ";"Pista Norte";"Acidentes de outra natureza";0;0;0;1;0;0;0;0;0;0;0;1;0;0;0
"25/01/2015";"10:39:00";"38";"com v�tima";"162,2";"BR-393/RJ";"Pista Sul";"Tombamento";0;0;1;0;0;0;0;0;0;0;0;0;1;0;0
"25/01/2015";"11:02:00";"39";"com v�tima";"172,3";"BR-393/RJ";"Pista Norte";"Colis�o lateral no sentido contr�rio";2;0;0;0;0;0;0;0;0;0;0;5;0;0;0
"25/01/2015";"11:45:00";"40";"sem v�tima";"236,797";"BR-393/RJ";"Pista Norte";"Colis�o com ve�culos (traseira)";2;0;0;0;0;0;0;0;0;0;2;0;0;0;0
"25/01/2015";"12:26:00";"44";"sem v�tima";"286";"BR-393/RJ";"Pista Norte";"Engavetamento";2;0;0;0;1;0;0;0;0;0;3;0;0;0;0
"25/01/2015";"13:55:00";"50";"com v�tima";"180,4";"BR-393/RJ";"Pista Norte";"Tombamento";0;0;1;0;0;0;0;0;0;0;0;1;0;0;0
"25/01/2015";"20:17:00";"73";"com v�tima";"2";"Al�a Sul";"Pista Norte";"Colis�o lateral no sentido contr�rio";1;0;0;1;0;0;0;0;0;0;3;2;0;0;0
"25/01/2015";"22:00:00";"84";"sem v�tima";"125";"BR-393/RJ";"Pista Norte";"Colis�o com ve�culos (traseira)";0;0;2;0;0;0;0;0;0;0;3;0;0;0;0
"26/01/2015";"16:37:00";"56";"sem v�tima";"263,9";"BR-393/RJ";"Pista Norte";"Sa�das de pista";0;0;1;0;0;0;0;0;0;0;1;0;0;0;0
"28/01/2015";"00:23:00";"1";"sem v�tima";"281,52";"BR-393/RJ";"Pista Norte";"Colis�o com ve�culos (traseira)";0;0;2;0;0;0;0;0;0;0;3;0;0;0;0
"29/01/2015";"15:15:00";"53";"sem v�tima";"236,5";"BR-393/RJ";"Pista Norte";"Colis�o lateral no sentido contr�rio";1;0;0;0;0;0;0;0;0;1;4;0;0;0;0
"29/01/2015";"16:05:00";"57";"sem v�tima";"281,538";"BR-393/RJ";"Pista Norte";"Colis�o lateral no sentido contr�rio";2;0;0;0;0;0;0;0;0;0;2;0;0;0;0
"29/01/2015";"17:40:00";"60";"sem v�tima";"252,3";"BR-393/RJ";"Pista Norte";"Colis�o com ve�culos (traseira)";1;0;1;0;0;0;0;0;0;0;2;0;0;0;0
"30/01/2015";"08:19:00";"26";"com v�tima";"285";"BR-393/RJ";"Pista Norte";"Colis�o com ve�culos (traseira)";1;0;0;1;0;0;0;0;0;0;1;1;0;0;0
"30/01/2015";"08:49:00";"29";"sem v�tima";"285";"BR-393/RJ";"Pista Sul";"Colis�o lateral no sentido contr�rio";1;0;1;0;0;0;0;0;0;0;2;0;0;0;0
"30/01/2015";"14:58:00";"50";"com v�tima";"258,695";"BR-393/RJ";"Pista Sul";"Colis�o com ve�culos (traseira)";1;0;0;0;0;0;0;0;0;1;1;1;0;0;0
"31/01/2015";"03:34:00";"11";"com v�tima";"239";"BR-393/RJ";"Pista Sul";"Acidentes de outra natureza";1;0;1;0;0;0;0;0;0;0;0;3;0;0;0
"31/01/2015";"05:46:00";"13";"sem v�tima";"239";"BR-393/RJ";"Pista Norte";"Colis�o c/ obst�culos";1;0;0;0;0;0;0;0;0;0;1;0;0;0;0
"31/01/2015";"09:44:00";"21";"sem v�tima";"266";"BR-393/RJ";"Pista Sul";"Sa�das de pista";1;0;0;0;0;0;0;0;0;0;2;0;0;0;0
"31/01/2015";"14:05:00";"33";"com v�tima";"192,812";"BR-393/RJ";"Pista Norte";"Colis�o lateral no mesmo sentido";1;0;1;0;0;0;0;0;0;0;0;5;0;0;0
"01/02/2015";"11:51:00";"24";"sem v�tima";"281";"BR-393/RJ";"Pista Sul";"Colis�o lateral no sentido contr�rio";1;0;0;1;0;0;0;0;0;0;2;0;0;0;0
"01/02/2015";"16:58:00";"36";"com v�tima";"179,095";"BR-393/RJ";"Pista Norte";"Colis�o lateral no sentido contr�rio";1;0;0;0;1;0;0;0;0;0;20;3;0;0;0
"01/02/2015";"22:59:00";"46";"sem v�tima";"106,05";"BR-393/RJ";"Pista Sul";"Colis�o com ve�culos (traseira)";2;0;0;0;0;0;0;0;0;0;4;0;0;0;0
"02/02/2015";"10:32:00";"26";"sem v�tima";"109,4";"BR-393/RJ";"Pista Norte";"Colis�o lateral no mesmo sentido";0;0;1;0;0;0;0;0;0;1;3;0;0;0;0
"03/02/2015";"00:49:00";"2";"sem v�tima";"251,878";"BR-393/RJ";"Pista Sul";"Sa�das de pista";1;0;0;0;0;0;0;0;0;0;1;0;0;0;0
"03/02/2015";"05:01:00";"12";"sem v�tima";"130";"BR-393/RJ";"Pista Sul";"Colis�o c/ obst�culos";0;0;0;0;1;0;0;0;0;0;30;0;0;0;0
"04/02/2015";"15:26:00";"43";"sem v�tima";"270,6";"BR-393/RJ";"Pista Norte";"Colis�o com ve�culos (traseira)";2;0;0;0;0;0;0;0;0;0;3;0;0;0;0
"04/02/2015";"16:43:00";"48";"com v�tima";"268,523";"BR-393/RJ";"Pista Sul";"Colis�o c/ obst�culos";0;0;1;0;0;0;0;0;0;0;0;0;0;0;1
"04/02/2015";"17:01:00";"50";"sem v�tima";"270";"BR-393/RJ";"Pista Norte";"Colis�o c/ obst�culos";2;0;0;0;0;0;0;0;0;0;2;0;0;0;0
"04/02/2015";"17:04:00";"51";"com v�tima";"127,3";"BR-393/RJ";"Pista Norte";"Colis�o com ve�culos (frontal)";1;0;1;0;0;0;0;0;0;0;0;0;3;2;1
"04/02/2015";"23:39:00";"62";"com v�tima";"239,5";"BR-393/RJ";"Pista Sul";"Colis�o com ve�culos (traseira)";1;0;1;0;0;0;0;0;0;0;2;0;1;0;0
"05/02/2015";"06:37:00";"12";"com v�tima";"139,553";"BR-393/RJ";"Pista Sul";"Sa�das de pista";1;0;0;0;0;0;0;0;0;0;0;2;0;0;0
"05/02/2015";"09:02:00";"18";"com v�tima";"160";"BR-393/RJ";"Pista Sul";"Colis�o c/ obst�culos";1;0;0;0;0;0;0;0;0;0;0;1;0;0;0
"06/02/2015";"16:39:00";"80";"com v�tima";"155";"BR-393/RJ";"Pista Norte";"Colis�o c/ obst�culos";0;0;0;0;0;0;0;0;0;1;0;3;0;0;0
"06/02/2015";"16:41:00";"81";"sem v�tima";"176";"BR-393/RJ";"Pista Sul";"Colis�o com ve�culos (traseira)";2;0;0;0;0;0;0;0;0;0;3;0;0;0;0
"06/02/2015";"19:38:00";"91";"sem v�tima";"284,837";"BR-393/RJ";"Pista Sul";"Colis�o com ve�culos (traseira)";1;0;1;1;0;0;0;0;0;0;3;0;0;0;0
"07/02/2015";"01:08:00";"3";"com v�tima";"236,8";"BR-393/RJ";"Pista Sul";"Atropelamento de pedestre";0;0;0;1;0;0;0;0;0;0;0;1;0;0;1
"07/02/2015";"06:12:00";"23";"com v�tima";"142";"BR-393/RJ";"Pista Norte";"Colis�o lateral no sentido contr�rio";2;0;0;0;0;0;0;0;0;0;0;2;0;0;0
"07/02/2015";"06:14:00";"24";"com v�tima";"219,4";"BR-393/RJ";"Pista Sul";"Atropelamento de animais";0;0;0;0;0;0;0;0;0;1;0;4;0;0;0
"07/02/2015";"06:45:00";"29";"com v�tima";"165";"BR-393/RJ";"Pista Sul";"Capotamento";1;0;0;0;0;0;0;0;0;0;0;1;0;0;0
"07/02/2015";"10:28:00";"40";"sem v�tima";"249,38";"BR-393/RJ";"Pista Norte";"Acidentes de outra natureza";0;0;0;1;0;0;0;0;0;0;1;0;0;0;0
"07/02/2015";"20:41:00";"77";"com v�tima";"236,801";"BR-393/RJ";"Pista Norte";"Colis�o lateral no sentido contr�rio";1;0;0;1;0;0;0;0;0;0;1;1;0;0;0
"07/02/2015";"21:53:00";"81";"com v�tima";"282,342";"BR-393/RJ";"Pista Sul";"Acidentes de outra natureza";1;0;0;1;1;0;0;0;0;0;2;0;1;0;0
"07/02/2015";"23:59:00";"86";"sem v�tima";"182,3";"BR-393/RJ";"Pista Norte";"Acidentes de outra natureza";1;0;0;0;0;0;0;0;0;0;1;0;0;0;0
"08/02/2015";"17:55:00";"62";"sem v�tima";"155";"BR-393/RJ";"Pista Norte";"Sa�das de pista";1;0;0;0;0;0;0;0;0;0;4;0;0;0;0
"08/02/2015";"21:01:00";"84";"sem v�tima";"133,6";"BR-393/RJ";"Pista Norte";"Colis�o c/ obst�culos";1;0;0;0;0;0;0;0;0;0;1;0;0;0;0
"09/02/2015";"01:33:00";"6";"sem v�tima";"281,1";"BR-393/RJ";"Pista Sul";"Colis�o c/ obst�culos";1;0;0;0;0;0;0;0;0;0;2;0;0;0;0
"09/02/2015";"07:03:00";"22";"sem v�tima";"281,396";"BR-393/RJ";"Pista Norte";"Colis�o lateral no mesmo sentido";1;0;0;1;0;0;0;0;0;0;2;0;0;0;0
"09/02/2015";"11:17:00";"43";"sem v�tima";"264,909";"BR-393/RJ";"Pista Sul";"Colis�o lateral no mesmo sentido";0;0;2;0;0;0;0;0;0;0;2;0;0;0;0
"09/02/2015";"19:15:00";"72";"sem v�tima";"285,5";"BR-393/RJ";"Pista Norte";"Colis�o com ve�culos (traseira)";2;0;0;0;0;0;0;0;0;0;2;0;0;0;0
"10/02/2015";"16:40:00";"89";"sem v�tima";"279,9";"BR-393/RJ";"Pista Norte";"Sa�das de pista";1;0;0;0;0;0;0;0;0;0;1;0;0;0;0
"10/02/2015";"17:37:00";"95";"sem v�tima";"258,257";"BR-393/RJ";"Pista Sul";"Colis�o lateral no mesmo sentido";2;0;0;0;0;0;0;0;0;0;2;0;0;0;0
"11/02/2015";"04:20:00";"15";"sem v�tima";"146,899";"BR-393/RJ";"Pista Sul";"Colis�o c/ obst�culos";0;0;1;0;0;0;0;0;0;0;1;0;0;0;0
"11/02/2015";"13:07:00";"72";"sem v�tima";"274,1";"BR-393/RJ";"Pista Norte";"Colis�o lateral no sentido contr�rio";1;0;1;0;0;0;0;0;0;0;2;0;0;0;0
"11/02/2015";"20:37:00";"120";"sem v�tima";"278,872";"BR-393/RJ";"Pista Norte";"Colis�o lateral no sentido contr�rio";1;0;0;1;0;0;0;0;0;0;2;0;0;0;0
"12/02/2015";"17:41:00";"103";"sem v�tima";"132,971";"BR-393/RJ";"Pista Norte";"Colis�o com ve�culos (traseira)";1;0;1;0;0;0;0;0;0;0;3;0;0;0;0
"12/02/2015";"23:42:00";"142";"sem v�tima";"274";"BR-393/RJ";"Pista Sul";"Colis�o c/ obst�culos";0;0;1;0;0;0;0;0;0;0;1;0;0;0;0
"13/02/2015";"09:51:00";"54";"com v�tima";"147,345";"BR-393/RJ";"Pista Sul";"Tombamento";0;0;1;0;0;0;0;0;0;0;0;1;0;0;0
"14/02/2015";"09:47:00";"68";"sem v�tima";"279,6";"BR-393/RJ";"Pista Norte";"Colis�o lateral no sentido contr�rio";1;0;0;0;0;0;0;0;0;1;2;0;0;0;0
"14/02/2015";"11:42:00";"83";"sem v�tima";"103,9";"BR-393/RJ";"Pista Norte";"Colis�o lateral no mesmo sentido";1;0;0;1;0;0;0;0;0;0;3;0;0;0;0
"14/02/2015";"20:37:00";"144";"com v�tima";"164,8";"BR-393/RJ";"Pista Sul";"Colis�o c/ obst�culos";1;0;0;0;0;0;0;0;0;0;0;1;0;0;0
"14/02/2015";"21:18:00";"146";"com v�tima";"0,6";"BR-393/RJ";"Pista Norte";"Colis�o com ve�culos (traseira)";2;0;0;0;0;0;0;0;0;0;0;3;0;0;0
"15/02/2015";"20:16:00";"80";"sem v�tima";"233,6";"BR-393/RJ";"Pista Norte";"Atropelamento de animais";1;0;0;0;0;0;0;0;0;0;2;0;0;0;0
"16/02/2015";"05:19:00";"16";"com v�tima";"213,286";"BR-393/RJ";"Pista Norte";"Capotamento";1;0;0;0;0;0;0;0;0;0;0;3;1;0;0
"17/02/2015";"18:27:00";"53";"com v�tima";"177,8";"BR-393/RJ";"Pista Sul";"Engavetamento";3;0;0;0;0;0;0;0;0;0;3;2;0;0;0
"17/02/2015";"22:24:00";"72";"sem v�tima";"103";"BR-393/RJ";"Pista Sul";"Colis�o lateral no mesmo sentido";2;0;0;0;0;0;0;0;0;0;2;0;0;0;0
"18/02/2015";"06:47:00";"24";"sem v�tima";"131,9";"BR-393/RJ";"Pista Sul";"Colis�o com ve�culos (traseira)";2;0;0;0;0;0;0;0;0;0;5;0;0;0;0
"18/02/2015";"08:12:00";"29";"com v�tima";"254";"BR-393/RJ";"Pista Sul";"Colis�o com ve�culos (frontal)";1;0;1;0;0;0;0;0;0;0;0;2;1;1;0
"18/02/2015";"08:55:00";"30";"com v�tima";"258";"BR-393/RJ";"Pista Sul";"Capotamento";1;0;0;0;0;0;0;0;0;0;0;1;1;0;0
"19/02/2015";"07:43:00";"30";"com v�tima";"175";"BR-393/RJ";"Pista Norte";"Acidentes de outra natureza";0;1;1;0;0;0;0;0;0;0;1;0;0;1;0
"19/02/2015";"07:48:00";"32";"sem v�tima";"284,2";"BR-393/RJ";"Pista Sul";"Colis�o com ve�culos (traseira)";2;0;0;0;0;0;0;0;0;0;2;0;0;0;0
"21/02/2015";"07:58:00";"23";"com v�tima";"274,098";"BR-393/RJ";"Pista Sul";"Capotamento";1;0;0;0;0;0;0;0;0;0;0;1;0;0;0
"21/02/2015";"08:37:00";"26";"com v�tima";"116,967";"BR-393/RJ";"Pista Sul";"Colis�o com ve�culos (traseira)";0;0;0;1;0;1;0;0;0;0;1;1;0;0;0
"21/02/2015";"16:58:00";"58";"com v�tima";"276,601";"BR-393/RJ";"Pista Norte";"Tombamento";0;0;1;0;0;0;0;0;0;0;0;1;0;0;0
"22/02/2015";"15:35:00";"51";"sem v�tima";"274,101";"BR-393/RJ";"Pista Norte";"Acidentes de outra natureza";0;0;2;0;0;0;0;0;0;0;2;0;0;0;0
"22/02/2015";"20:16:00";"77";"sem v�tima";"235,26";"BR-393/RJ";"Pista Norte";"Colis�o lateral no sentido contr�rio";2;0;0;0;0;0;0;0;0;0;4;0;0;0;0
"23/02/2015";"07:46:00";"28";"sem v�tima";"283";"BR-393/RJ";"Pista Sul";"Colis�o com ve�culos (traseira)";1;0;1;0;0;0;0;0;0;0;2;0;0;0;0
"23/02/2015";"08:05:00";"31";"com v�tima";"278";"BR-393/RJ";"Pista Sul";"Acidentes de outra natureza";0;0;0;1;0;0;0;0;0;0;0;2;0;0;0
"23/02/2015";"17:26:00";"77";"sem v�tima";"236,58";"BR-393/RJ";"Pista Norte";"Colis�o lateral no sentido contr�rio";2;0;0;0;0;0;0;0;0;0;6;0;0;0;0
"24/02/2015";"18:27:00";"103";"com v�tima";"266,3";"BR-393/RJ";"Pista Norte";"Acidentes de outra natureza";3;0;0;0;0;0;0;0;0;0;1;1;0;1;0
"25/02/2015";"08:53:00";"32";"com v�tima";"246,104";"BR-393/RJ";"Pista Norte";"Tombamento";0;0;1;0;0;0;0;0;0;0;0;0;1;0;0
"25/02/2015";"12:58:00";"46";"sem v�tima";"227,636";"BR-393/RJ";"Pista Sul";"Capotamento";1;0;0;0;0;0;0;0;0;0;1;0;0;0;0
"25/02/2015";"15:12:00";"60";"com v�tima";"157,966";"BR-393/RJ";"Pista Norte";"Capotamento";1;0;0;0;0;0;0;0;0;0;0;2;1;0;0
"25/02/2015";"18:01:00";"81";"com v�tima";"149,2";"BR-393/RJ";"Pista Norte";"Acidentes de outra natureza";0;0;0;1;0;0;0;0;0;0;1;1;0;0;0
"25/02/2015";"20:42:00";"101";"sem v�tima";"284,2";"BR-393/RJ";"Pista Norte";"Colis�o com ve�culos (traseira)";2;0;0;0;0;0;0;0;0;0;2;0;0;0;0
"26/02/2015";"11:21:00";"52";"com v�tima";"279";"BR-393/RJ";"Pista Norte";"Atropelamento de pedestre";1;0;0;0;0;0;0;0;0;0;1;1;0;0;0
"26/02/2015";"17:24:00";"90";"com v�tima";"243";"BR-393/RJ";"Pista Norte";"Capotamento";1;0;0;0;0;0;0;0;0;0;0;1;0;0;0
"27/02/2015";"00:14:00";"2";"sem v�tima";"270,718";"BR-393/RJ";"Pista Norte";"Capotamento";1;0;0;0;0;0;0;0;0;0;1;0;0;0;0
"27/02/2015";"07:57:00";"38";"com v�tima";"135,91";"BR-393/RJ";"Pista Sul";"Colis�o com ve�culos (traseira)";2;0;0;0;0;0;0;0;0;0;5;1;0;0;0
"27/02/2015";"08:35:00";"42";"sem v�tima";"135,792";"BR-393/RJ";"Pista Norte";"Colis�o com ve�culos (traseira)";2;0;0;0;0;0;0;0;0;0;2;0;0;0;0
"27/02/2015";"10:03:00";"55";"com v�tima";"105,213";"BR-393/RJ";"Pista Norte";"Colis�o com ve�culos (traseira)";0;0;1;1;0;0;0;0;0;0;0;2;0;0;0
"27/02/2015";"11:36:00";"66";"com v�tima";"284,404";"BR-393/RJ";"Pista Sul";"Engavetamento";3;0;0;0;0;0;0;0;0;0;2;2;0;0;0
"27/02/2015";"12:16:00";"70";"com v�tima";"247,492";"BR-393/RJ";"Pista Norte";"Colis�o com ve�culos (traseira)";0;0;0;1;0;0;0;0;0;1;1;1;0;0;0
"28/02/2015";"08:34:00";"34";"com v�tima";"195,118";"BR-393/RJ";"Pista Norte";"Colis�o com ve�culos (traseira)";2;0;0;0;0;0;0;0;0;0;0;4;0;0;0
"02/03/2015";"17:06:00";"84";"sem v�tima";"279,636";"BR-393/RJ";"Pista Norte";"Colis�o lateral no sentido contr�rio";1;0;1;0;0;0;0;0;0;0;2;0;0;0;0
"02/03/2015";"19:26:00";"101";"com v�tima";"286";"BR-393/RJ";"Pista Norte";"Colis�o com ve�culos (traseira)";2;0;0;0;0;0;0;0;0;0;2;2;0;0;0
"02/03/2015";"20:40:00";"111";"sem v�tima";"286";"BR-393/RJ";"Pista Norte";"Colis�o lateral no mesmo sentido";1;0;1;0;0;0;0;0;0;0;2;0;0;0;0
"03/03/2015";"09:48:00";"38";"sem v�tima";"285,579";"BR-393/RJ";"Pista Sul";"Colis�o lateral no mesmo sentido";1;0;1;0;0;0;0;0;0;0;2;0;0;0;0
"03/03/2015";"17:40:00";"82";"sem v�tima";"278,8";"BR-393/RJ";"Pista Norte";"Engavetamento";0;0;3;0;0;0;0;0;0;0;4;0;0;0;0
"04/03/2015";"06:19:00";"31";"com v�tima";"131,6";"BR-393/RJ";"Pista Sul";"Acidentes de outra natureza";0;0;1;0;0;0;0;0;0;0;0;1;0;0;0
"04/03/2015";"09:58:00";"53";"com v�tima";"201,259";"BR-393/RJ";"Pista Norte";"Colis�o com ve�culos (traseira)";1;0;1;0;0;0;0;0;0;0;0;2;0;0;0
"04/03/2015";"10:23:00";"54";"com v�tima";"279,052";"BR-393/RJ";"Pista Sul";"Colis�o lateral no sentido contr�rio";0;0;0;2;0;0;0;0;0;0;0;2;0;0;0
"04/03/2015";"11:21:00";"58";"com v�tima";"284,2";"BR-393/RJ";"Pista Sul";"Acidentes de outra natureza";3;0;0;0;0;0;0;0;0;1;3;1;0;0;0
"06/03/2015";"00:23:00";"5";"com v�tima";"285,9";"BR-393/RJ";"Pista Norte";"Colis�o lateral no sentido contr�rio";1;0;0;1;0;0;0;0;0;0;1;0;0;1;0
"06/03/2015";"12:23:00";"58";"sem v�tima";"113";"BR-393/RJ";"Pista Norte";"Colis�o lateral no sentido contr�rio";0;0;2;0;0;0;0;0;0;0;2;0;0;0;0
"06/03/2015";"20:00:00";"104";"com v�tima";"192";"BR-393/RJ";"Pista Norte";"Colis�o lateral no sentido contr�rio";2;0;0;0;0;0;0;0;0;0;0;1;1;0;0
"07/03/2015";"04:13:00";"22";"sem v�tima";"246";"BR-393/RJ";"Pista Norte";"Sa�das de pista";1;0;0;0;0;0;0;0;0;0;1;0;0;0;0
"07/03/2015";"09:55:00";"45";"com v�tima";"147,2";"BR-393/RJ";"Pista Norte";"Tombamento";0;0;1;0;0;0;0;0;0;0;0;1;0;0;0
"07/03/2015";"12:20:00";"49";"sem v�tima";"285";"BR-393/RJ";"Pista Sul";"Colis�o lateral no mesmo sentido";1;0;1;0;0;0;0;0;0;0;2;0;0;0;0
"08/03/2015";"15:29:00";"54";"com v�tima";"169,5";"BR-393/RJ";"Pista Sul";"Sa�das de pista";1;0;0;0;0;0;0;0;0;0;0;1;0;0;0
"08/03/2015";"17:15:00";"63";"com v�tima";"157,9";"BR-393/RJ";"Pista Norte";"Colis�o c/ obst�culos";1;0;0;0;0;0;0;0;0;0;0;1;0;0;0
"08/03/2015";"19:44:00";"70";"sem v�tima";"256";"BR-393/RJ";"Pista Norte";"Sa�das de pista";1;0;0;0;0;0;0;0;0;0;1;0;0;0;0
"08/03/2015";"19:59:00";"73";"sem v�tima";"244";"BR-393/RJ";"Pista Sul";"Atropelamento de animais";0;0;1;0;0;0;0;0;0;0;1;0;0;0;0
"09/03/2015";"05:22:00";"22";"sem v�tima";"195";"BR-393/RJ";"Pista Sul";"Colis�o com ve�culos (traseira)";0;0;1;0;0;0;0;0;0;1;3;0;0;0;0
"09/03/2015";"13:17:00";"41";"sem v�tima";"153,22";"BR-393/RJ";"Pista Sul";"Acidentes de outra natureza";0;0;0;1;0;0;0;0;0;0;1;0;0;0;0
"09/03/2015";"17:18:00";"53";"sem v�tima";"102,707";"BR-393/RJ";"Pista Norte";"Colis�o lateral no sentido contr�rio";1;0;1;0;0;0;0;0;0;0;2;0;0;0;0
"10/03/2015";"06:29:00";"17";"sem v�tima";"157";"BR-393/RJ";"Pista Norte";"Colis�o c/ obst�culos";1;0;0;0;0;0;0;0;0;0;1;0;0;0;0
"10/03/2015";"11:22:00";"44";"com v�tima";"255";"BR-393/RJ";"Pista Norte";"Colis�o lateral no sentido contr�rio";1;0;1;0;0;0;0;0;0;0;1;1;0;0;0
"10/03/2015";"21:07:00";"98";"com v�tima";"102,69";"BR-393/RJ";"Pista Sul";"Acidentes de outra natureza";0;0;0;1;0;0;0;0;0;0;0;1;1;0;0
"11/03/2015";"19:55:00";"96";"sem v�tima";"255";"BR-393/RJ";"Pista Sul";"Colis�o lateral no sentido contr�rio";1;0;0;0;1;0;0;0;0;0;3;0;0;0;0
"12/03/2015";"02:24:00";"15";"com v�tima";"195";"BR-393/RJ";"Pista Norte";"Acidentes de outra natureza";1;0;1;0;0;0;0;0;0;0;2;2;0;0;0
"12/03/2015";"10:59:00";"47";"com v�tima";"124";"BR-393/RJ";"Pista Norte";"Tombamento";0;0;1;0;0;0;0;0;0;0;0;1;0;0;0
"12/03/2015";"11:17:00";"49";"com v�tima";"257,926";"BR-393/RJ";"Pista Norte";"Acidentes de outra natureza";0;0;2;0;0;0;0;0;0;0;0;2;0;0;0