fdata;horario;n_da_ocorrencia;tipo_de_ocorrencia;km;trecho;sentido;tipo_de_acidente;automovel;bicicleta;caminhao;moto;onibus;outros;tracao_animal;transporte_de_cargas_especiais;trator_maquinas;utilitarios;ilesos;levemente_feridos;moderadamente_feridos;gravemente_feridos;mortos
"12/03/2015";"11:21:00";"50";"sem v�tima";"268";"BR-393/RJ";"Pista Norte";"Acidentes de outra natureza";0;0;1;0;0;0;0;0;0;0;1;0;0;0;0
"12/03/2015";"12:01:00";"51";"sem v�tima";"262,046";"BR-393/RJ";"Pista Norte";"Sa�das de pista";1;0;0;0;0;0;0;0;0;0;1;0;0;0;0
"12/03/2015";"12:58:00";"52";"sem v�tima";"107";"BR-393/RJ";"Pista Sul";"Colis�o com ve�culos (traseira)";2;0;0;0;0;0;0;0;0;0;2;0;0;0;0
"12/03/2015";"17:48:00";"68";"sem v�tima";"280,1";"BR-393/RJ";"Pista Sul";"Acidentes de outra natureza";2;0;0;0;0;0;1;0;0;0;3;0;0;0;0
"13/03/2015";"00:19:00";"4";"sem v�tima";"286";"BR-393/RJ";"Pista Norte";"Colis�o lateral no sentido contr�rio";2;0;0;0;0;0;0;0;0;0;5;0;0;0;0
"13/03/2015";"16:09:00";"44";"com v�tima";"239,533";"BR-393/RJ";"Pista Norte";"Acidentes de outra natureza";2;0;2;0;0;0;0;0;0;0;2;1;2;1;0
"13/03/2015";"17:03:00";"46";"com v�tima";"264";"BR-393/RJ";"Pista Norte";"Acidentes de outra natureza";2;0;1;0;0;0;0;0;0;0;0;1;1;1;0
"13/03/2015";"18:48:00";"51";"com v�tima";"267";"BR-393/RJ";"Pista Sul";"Colis�o lateral no sentido contr�rio";1;0;1;0;0;0;0;0;0;0;1;1;0;0;0
"13/03/2015";"21:52:00";"64";"sem v�tima";"285";"BR-393/RJ";"Pista Norte";"Colis�o com ve�culos (traseira)";2;0;0;0;0;0;0;0;0;0;2;0;0;0;0
"14/03/2015";"08:45:00";"29";"com v�tima";"237";"BR-393/RJ";"Pista Norte";"Colis�o lateral no sentido contr�rio";1;0;0;1;0;0;0;0;0;0;2;1;0;0;0
"14/03/2015";"10:11:00";"30";"sem v�tima";"282,8";"BR-393/RJ";"Pista Norte";"Colis�o com ve�culos (traseira)";2;0;0;0;0;0;0;0;0;0;2;0;0;0;0
"14/03/2015";"14:10:00";"42";"sem v�tima";"279,3";"BR-393/RJ";"Pista Norte";"Colis�o lateral no sentido contr�rio";2;0;0;0;0;0;0;0;0;0;2;0;0;0;0
"14/03/2015";"18:32:00";"59";"com v�tima";"168,494";"BR-393/RJ";"Pista Sul";"Colis�o lateral no sentido contr�rio";1;0;0;1;0;0;0;0;0;0;0;3;0;0;0
"14/03/2015";"22:35:00";"75";"sem v�tima";"200,9";"BR-393/RJ";"Pista Norte";"Atropelamento de animais";0;0;1;0;0;0;0;0;0;0;1;0;0;0;0
"15/03/2015";"11:33:00";"34";"com v�tima";"147,046";"BR-393/RJ";"Pista Norte";"Acidentes de outra natureza";2;0;1;0;0;0;0;0;0;0;3;2;0;0;0
"16/03/2015";"16:55:00";"66";"sem v�tima";"226,507";"BR-393/RJ";"Pista Norte";"Colis�o lateral no sentido contr�rio";0;0;2;0;0;0;0;0;0;0;4;0;0;0;0
"16/03/2015";"21:32:00";"92";"sem v�tima";"139,5";"BR-393/RJ";"Pista Sul";"Sa�das de pista";1;0;0;0;0;0;0;0;0;0;1;0;0;0;0
"17/03/2015";"16:34:00";"72";"com v�tima";"170,752";"BR-393/RJ";"Pista Norte";"Capotamento";1;0;0;0;0;0;0;0;0;0;0;1;0;0;0
"17/03/2015";"20:23:00";"94";"com v�tima";"271,5";"BR-393/RJ";"Pista Norte";"Atropelamento de animais";0;0;0;1;0;0;0;0;0;0;0;1;0;0;0
"18/03/2015";"05:25:00";"24";"sem v�tima";"121,524";"BR-393/RJ";"Pista Sul";"Sa�das de pista";0;0;1;0;0;0;0;0;0;0;1;0;0;0;0
"19/03/2015";"09:20:00";"41";"com v�tima";"207,23";"BR-393/RJ";"Pista Sul";"Engavetamento";1;0;2;0;1;0;0;0;0;0;10;6;0;1;0
"20/03/2015";"17:30:00";"47";"com v�tima";"236,589";"BR-393/RJ";"Pista Norte";"Colis�o lateral no sentido contr�rio";2;0;0;0;0;0;0;0;0;0;1;2;0;0;0
"20/03/2015";"19:35:00";"58";"com v�tima";"169";"BR-393/RJ";"Pista Norte";"Acidentes de outra natureza";0;0;0;1;0;0;0;0;0;0;0;1;0;0;0
"21/03/2015";"10:47:00";"38";"sem v�tima";"123,7";"BR-393/RJ";"Pista Sul";"Colis�o c/ obst�culos";1;0;0;0;0;0;0;0;0;0;4;0;0;0;0
"21/03/2015";"10:52:00";"39";"sem v�tima";"143";"BR-393/RJ";"Pista Sul";"Colis�o c/ obst�culos";1;0;0;0;0;0;0;0;0;0;1;0;0;0;0
"21/03/2015";"11:02:00";"42";"sem v�tima";"251";"BR-393/RJ";"Pista Sul";"Colis�o lateral no sentido contr�rio";2;0;0;0;0;0;0;0;0;0;3;0;0;0;0
"21/03/2015";"11:08:00";"43";"sem v�tima";"164,8";"BR-393/RJ";"Pista Norte";"Tombamento";0;0;1;0;0;0;0;0;0;0;1;0;0;0;0
"22/03/2015";"13:03:00";"26";"com v�tima";"238,606";"BR-393/RJ";"Pista Norte";"Colis�o lateral no sentido contr�rio";2;0;0;0;0;0;0;0;0;0;1;3;0;0;0
"22/03/2015";"23:07:00";"47";"sem v�tima";"282,15";"BR-393/RJ";"Pista Sul";"Colis�o com ve�culos (traseira)";2;0;0;0;0;0;0;0;0;0;2;0;0;0;0
"23/03/2015";"01:13:00";"4";"sem v�tima";"172,8";"BR-393/RJ";"Pista Sul";"Atropelamento de animais";0;0;1;0;0;0;0;0;0;0;1;0;0;0;0
"23/03/2015";"02:26:00";"9";"sem v�tima";"261,172";"BR-393/RJ";"Pista Sul";"Atropelamento de animais";0;0;1;0;0;0;0;0;0;0;1;0;0;0;0
"23/03/2015";"16:18:00";"56";"com v�tima";"279,563";"BR-393/RJ";"Pista Norte";"Colis�o c/ obst�culos";0;0;1;0;0;0;0;0;0;0;0;1;0;0;0
"24/03/2015";"08:03:00";"20";"sem v�tima";"278,7";"BR-393/RJ";"Pista Sul";"Colis�o com ve�culos (traseira)";2;0;0;0;0;0;0;0;0;0;4;0;0;0;0
"25/03/2015";"15:27:00";"45";"com v�tima";"178,881";"BR-393/RJ";"Pista Sul";"Colis�o com ve�culos (traseira)";1;0;0;1;0;0;0;0;0;0;0;3;0;0;0
"26/03/2015";"10:08:00";"37";"sem v�tima";"286,001";"BR-393/RJ";"Pista Sul";"Engavetamento";3;0;0;0;0;0;0;0;0;0;3;0;0;0;0
"26/03/2015";"13:50:00";"58";"sem v�tima";"143";"BR-393/RJ";"Pista Norte";"Sa�das de pista";1;0;0;0;0;0;0;0;0;0;1;0;0;0;0
"26/03/2015";"13:54:00";"60";"com v�tima";"155";"BR-393/RJ";"Pista Norte";"Acidentes de outra natureza";0;0;0;1;0;0;0;0;0;0;0;1;0;0;0
"26/03/2015";"16:09:00";"73";"sem v�tima";"265,123";"BR-393/RJ";"Pista Norte";"Colis�o lateral no sentido contr�rio";2;0;0;0;0;0;0;0;0;0;2;0;0;0;0
"27/03/2015";"13:25:00";"52";"com v�tima";"186,6";"BR-393/RJ";"Pista Norte";"Colis�o lateral no mesmo sentido";0;0;3;0;0;0;0;0;0;0;1;2;0;0;0
"28/03/2015";"17:28:00";"52";"sem v�tima";"161,3";"BR-393/RJ";"Pista Norte";"Colis�o c/ obst�culos";1;0;0;0;0;0;0;0;0;0;2;0;0;0;0
"29/03/2015";"06:11:00";"18";"sem v�tima";"251,46";"BR-393/RJ";"Pista Norte";"Colis�o c/ obst�culos";1;0;0;0;0;0;0;0;0;0;1;0;0;0;0
"29/03/2015";"21:51:00";"57";"com v�tima";"161";"BR-393/RJ";"Pista Sul";"Acidentes de outra natureza";0;0;0;1;0;0;0;0;0;0;0;2;0;0;0
"29/03/2015";"22:48:00";"62";"sem v�tima";"164,6";"BR-393/RJ";"Pista Norte";"Colis�o c/ obst�culos";0;0;2;0;0;0;0;0;0;0;2;0;0;0;0
"30/03/2015";"12:25:00";"67";"sem v�tima";"285,476";"BR-393/RJ";"Pista Norte";"Colis�o lateral no mesmo sentido";2;0;0;0;0;0;0;0;0;0;2;0;0;0;0
"30/03/2015";"21:35:00";"110";"sem v�tima";"164,735";"BR-393/RJ";"Pista Sul";"Acidentes de outra natureza";1;0;0;0;0;0;0;0;0;0;1;0;0;0;0
"31/03/2015";"00:57:00";"3";"sem v�tima";"2,467";"Al�a Sul";"Pista Norte";"Atropelamento de animais";0;0;0;0;0;0;0;0;0;1;1;0;0;0;0
"31/03/2015";"08:57:00";"22";"sem v�tima";"285,8";"BR-393/RJ";"Pista Norte";"Engavetamento";2;0;1;0;0;0;0;0;0;0;3;0;0;0;0
"31/03/2015";"09:32:00";"25";"com v�tima";"286,003";"BR-393/RJ";"Pista Sul";"Colis�o com ve�culos (traseira)";2;0;0;0;0;0;0;0;0;0;2;1;0;0;0
"31/03/2015";"09:55:00";"26";"sem v�tima";"285,537";"BR-393/RJ";"Pista Sul";"Colis�o lateral no mesmo sentido";1;0;1;0;0;0;0;0;0;0;2;0;0;0;0
"01/04/2015";"16:10:00";"48";"com v�tima";"217,659";"BR-393/RJ";"Pista Norte";"Colis�o lateral no sentido contr�rio";1;0;1;0;0;0;0;0;0;0;1;4;0;0;0
"02/04/2015";"18:54:00";"77";"sem v�tima";"265";"BR-393/RJ";"Pista Norte";"Colis�o com ve�culos (traseira)";1;0;1;0;0;0;0;0;0;0;2;0;0;0;0
"03/04/2015";"04:59:00";"37";"sem v�tima";"239,4";"BR-393/RJ";"Pista Norte";"Sa�das de pista";1;0;0;0;0;0;0;0;0;0;1;0;0;0;0
"03/04/2015";"06:06:00";"42";"sem v�tima";"228,946";"BR-393/RJ";"Pista Norte";"Sa�das de pista";1;0;0;0;0;0;0;0;0;0;3;0;0;0;0
"03/04/2015";"09:46:00";"59";"sem v�tima";"103,9";"BR-393/RJ";"Pista Norte";"Colis�o lateral no mesmo sentido";2;0;0;0;0;0;0;0;0;0;8;0;0;0;0
"04/04/2015";"14:33:00";"47";"com v�tima";"181,31";"BR-393/RJ";"Pista Norte";"Colis�o lateral no mesmo sentido";0;0;0;2;0;0;0;0;0;0;0;1;0;0;1
"04/04/2015";"22:00:00";"71";"com v�tima";"258,052";"BR-393/RJ";"Pista Sul";"Colis�o c/ obst�culos";0;0;0;0;0;0;0;0;0;1;0;2;0;0;0
"05/04/2015";"12:38:00";"36";"com v�tima";"156,039";"BR-393/RJ";"Pista Norte";"Capotamento";1;0;0;0;0;0;0;0;0;0;0;1;0;0;0
"05/04/2015";"13:38:00";"41";"com v�tima";"168,733";"BR-393/RJ";"Pista Norte";"Colis�o lateral no sentido contr�rio";2;0;0;0;0;0;0;0;0;0;6;2;0;0;0
"05/04/2015";"18:04:00";"67";"sem v�tima";"282";"BR-393/RJ";"Pista Sul";"Colis�o com ve�culos (traseira)";2;0;0;0;0;0;0;0;0;0;3;0;0;0;0
"05/04/2015";"18:38:00";"71";"sem v�tima";"285,5";"BR-393/RJ";"Pista Sul";"Colis�o lateral no mesmo sentido";1;0;1;0;0;0;0;0;0;0;6;0;0;0;0
"06/04/2015";"13:15:00";"58";"com v�tima";"133,354";"BR-393/RJ";"Pista Sul";"Atropelamento de pedestre";1;1;0;0;0;0;0;0;0;0;0;2;0;0;0
"06/04/2015";"13:21:00";"59";"com v�tima";"233,954";"BR-393/RJ";"Pista Norte";"Colis�o com ve�culos (traseira)";1;0;0;1;0;0;0;0;0;0;1;0;1;0;0
"07/04/2015";"07:02:00";"11";"com v�tima";"175,792";"BR-393/RJ";"Pista Norte";"Tombamento";0;0;1;0;0;0;0;0;0;0;0;1;0;0;0
"07/04/2015";"13:15:00";"42";"sem v�tima";"268,337";"BR-393/RJ";"Pista Norte";"Colis�o com ve�culos (traseira)";2;0;0;0;0;0;0;0;0;0;2;0;0;0;0
"07/04/2015";"20:24:00";"75";"com v�tima";"285,46";"BR-393/RJ";"Pista Sul";"Colis�o lateral no sentido contr�rio";1;0;0;1;0;0;0;0;0;0;0;2;0;0;0
"09/04/2015";"09:22:00";"44";"sem v�tima";"132";"BR-393/RJ";"Pista Norte";"Colis�o com ve�culos (traseira)";1;0;0;1;0;0;0;0;0;0;2;0;0;0;0
"09/04/2015";"21:26:00";"103";"sem v�tima";"265";"BR-393/RJ";"Pista Norte";"Colis�o lateral no mesmo sentido";1;0;1;0;0;0;0;0;0;0;3;0;0;0;0
"10/04/2015";"12:22:00";"51";"com v�tima";"240";"BR-393/RJ";"Pista Norte";"Capotamento";1;0;0;0;0;0;0;0;0;0;0;0;1;0;0
"10/04/2015";"15:34:00";"66";"com v�tima";"279,5";"BR-393/RJ";"Pista Norte";"Colis�o lateral no sentido contr�rio";1;0;0;1;0;0;0;0;0;0;0;1;1;0;0
"10/04/2015";"18:46:00";"75";"sem v�tima";"286";"BR-393/RJ";"Pista Sul";"Colis�o com ve�culos (traseira)";2;0;0;0;0;0;0;0;0;0;2;0;0;0;0
"11/04/2015";"04:52:00";"21";"sem v�tima";"172,7";"BR-393/RJ";"Pista Norte";"Atropelamento de animais";0;0;0;0;0;1;0;0;0;0;1;0;0;0;0
"11/04/2015";"10:11:00";"43";"sem v�tima";"139,94";"BR-393/RJ";"Pista Norte";"Sa�das de pista";0;0;1;0;0;0;0;0;0;0;1;0;0;0;0
"11/04/2015";"10:59:00";"50";"sem v�tima";"286";"BR-393/RJ";"Pista Norte";"Colis�o com ve�culos (traseira)";2;0;0;0;0;0;0;0;0;0;2;0;0;0;0
"11/04/2015";"17:22:00";"85";"com v�tima";"235,394";"BR-393/RJ";"Pista Norte";"Colis�o lateral no sentido contr�rio";1;0;0;1;0;0;0;0;0;0;1;1;0;0;0
"12/04/2015";"04:16:00";"15";"com v�tima";"155,6";"BR-393/RJ";"Pista Sul";"Acidentes de outra natureza";0;0;0;1;0;0;0;0;0;0;0;0;1;0;0
"12/04/2015";"07:20:00";"16";"sem v�tima";"124,323";"BR-393/RJ";"Pista Norte";"Tombamento";0;0;1;0;0;0;0;0;0;0;1;0;0;0;0
"12/04/2015";"19:50:00";"8";"sem v�tima";"285";"BR-393/RJ";"Pista Norte";"Colis�o com ve�culos (traseira)";2;0;0;0;0;0;0;0;0;0;2;0;0;0;0
"12/04/2015";"20:09:00";"9";"com v�tima";"188";"BR-393/RJ";"Pista Sul";"Acidentes de outra natureza";0;0;1;2;0;0;0;0;0;0;1;2;1;0;0
"13/04/2015";"20:12:00";"62";"sem v�tima";"283,3";"BR-393/RJ";"Pista Sul";"Colis�o lateral no sentido contr�rio";2;0;0;0;0;0;0;0;0;0;4;0;0;0;0
"14/04/2015";"09:00:00";"25";"com v�tima";"278";"BR-393/RJ";"Pista Sul";"Colis�o lateral no mesmo sentido";2;0;0;0;0;0;0;0;0;0;1;1;0;0;0
"14/04/2015";"18:17:00";"54";"com v�tima";"156";"BR-393/RJ";"Pista Norte";"Sa�das de pista";1;0;0;0;0;0;0;0;0;0;0;1;0;0;0
"14/04/2015";"23:17:00";"79";"sem v�tima";"285,7";"BR-393/RJ";"Pista Norte";"Colis�o lateral no sentido contr�rio";1;0;1;0;0;0;0;0;0;0;2;0;0;0;0
"16/04/2015";"03:20:00";"18";"com v�tima";"251,8";"BR-393/RJ";"Pista Norte";"Capotamento";1;0;0;0;0;0;0;0;0;0;0;1;0;0;0
"16/04/2015";"07:20:00";"34";"com v�tima";"185,05";"BR-393/RJ";"Pista Norte";"Colis�o com ve�culos (frontal)";1;0;2;0;0;0;0;0;0;0;2;0;0;1;0
"16/04/2015";"13:10:00";"63";"com v�tima";"106";"BR-393/RJ";"Pista Norte";"Colis�o lateral no sentido contr�rio";1;0;0;1;0;0;0;0;0;0;1;1;0;0;0
"17/04/2015";"06:44:00";"27";"com v�tima";"136,3";"BR-393/RJ";"Pista Norte";"Tombamento";0;0;1;0;0;0;0;0;0;0;0;1;0;0;0
"17/04/2015";"10:43:00";"46";"sem v�tima";"252,4";"BR-393/RJ";"Pista Norte";"Colis�o lateral no mesmo sentido";2;0;0;0;0;0;0;0;0;0;5;0;0;0;0
"17/04/2015";"22:29:00";"93";"com v�tima";"235";"BR-393/RJ";"Pista Norte";"Colis�o lateral no mesmo sentido";1;0;0;1;0;0;0;0;0;0;1;1;0;0;0
"18/04/2015";"02:17:00";"5";"com v�tima";"123,504";"BR-393/RJ";"Pista Sul";"Colis�o c/ obst�culos";1;0;0;0;0;0;0;0;0;0;0;2;0;0;0
"18/04/2015";"07:15:00";"26";"sem v�tima";"252";"BR-393/RJ";"Pista Sul";"Colis�o lateral no sentido contr�rio";1;0;1;0;0;0;0;0;0;0;2;0;0;0;0
"18/04/2015";"09:07:00";"29";"com v�tima";"201,4";"BR-393/RJ";"Pista Norte";"Tombamento";0;0;1;0;0;0;0;0;0;0;0;0;1;0;0
"19/04/2015";"05:05:00";"17";"sem v�tima";"249,5";"BR-393/RJ";"Pista Norte";"Colis�o com ve�culos (frontal)";1;0;0;0;1;0;0;0;0;0;45;0;0;0;0
"19/04/2015";"09:27:00";"32";"com v�tima";"141,25";"BR-393/RJ";"Pista Sul";"Acidentes de outra natureza";0;1;0;0;0;0;0;0;0;0;0;1;0;0;0
"21/04/2015";"03:47:00";"15";"sem v�tima";"286,002";"BR-393/RJ";"Pista Sul";"Colis�o com ve�culos (traseira)";1;0;0;1;0;0;0;0;0;0;2;0;0;0;0
"22/04/2015";"07:49:00";"22";"sem v�tima";"285";"BR-393/RJ";"Pista Sul";"Colis�o lateral no mesmo sentido";1;0;1;0;0;0;0;0;0;0;2;0;0;0;0
"22/04/2015";"18:15:00";"59";"com v�tima";"178,2";"BR-393/RJ";"Pista Sul";"Sa�das de pista";1;0;0;0;0;0;0;0;0;0;0;1;0;0;0
"22/04/2015";"18:28:00";"60";"sem v�tima";"286,2";"BR-393/RJ";"Pista Norte";"Colis�o com ve�culos (traseira)";1;0;1;0;0;0;0;0;0;0;2;0;0;0;0
"22/04/2015";"18:33:00";"61";"sem v�tima";"182,4";"BR-393/RJ";"Pista Sul";"Colis�o c/ obst�culos";0;0;1;0;0;0;0;0;0;0;1;0;0;0;0
"22/04/2015";"18:46:00";"63";"sem v�tima";"265";"BR-393/RJ";"Pista Norte";"Colis�o com ve�culos (traseira)";2;0;0;0;0;0;0;0;0;0;2;0;0;0;0
"23/04/2015";"18:23:00";"92";"com v�tima";"151,9";"BR-393/RJ";"Pista Sul";"Tombamento";0;0;1;0;0;0;0;0;0;0;1;0;1;0;0
"23/04/2015";"21:08:00";"99";"com v�tima";"283,3";"BR-393/RJ";"Pista Sul";"Colis�o com ve�culos (frontal)";1;0;0;1;0;0;0;0;0;0;1;1;0;0;0
"24/04/2015";"09:12:00";"35";"sem v�tima";"282,38";"BR-393/RJ";"Pista Norte";"Colis�o lateral no sentido contr�rio";2;0;0;0;0;0;0;0;0;0;2;0;0;0;0
"24/04/2015";"12:14:00";"61";"sem v�tima";"168,22";"BR-393/RJ";"Pista Norte";"Colis�o lateral no mesmo sentido";0;0;0;1;0;0;0;0;0;1;3;0;0;0;0
"24/04/2015";"15:14:00";"68";"sem v�tima";"163";"BR-393/RJ";"Pista Sul";"Colis�o com ve�culos (frontal)";1;0;0;1;0;0;0;0;0;0;3;0;0;0;0
"24/04/2015";"15:19:00";"71";"com v�tima";"272,7";"BR-393/RJ";"Pista Sul";"Sa�das de pista";0;0;1;0;0;0;0;0;0;0;0;1;0;0;0
"24/04/2015";"18:36:00";"96";"sem v�tima";"168,7";"BR-393/RJ";"Pista Norte";"Colis�o lateral no mesmo sentido";1;0;0;0;1;0;0;0;0;0;32;0;0;0;0
"24/04/2015";"19:37:00";"101";"com v�tima";"172";"BR-393/RJ";"Pista Norte";"Colis�o lateral no sentido contr�rio";1;0;1;0;0;0;0;0;0;0;1;2;0;0;0
"25/04/2015";"00:15:00";"2";"sem v�tima";"284,5";"BR-393/RJ";"Pista Sul";"Colis�o lateral no mesmo sentido";1;0;1;0;0;0;0;0;0;0;2;0;0;0;0
"26/04/2015";"11:21:00";"28";"com v�tima";"177,182";"BR-393/RJ";"Pista Norte";"Colis�o lateral no sentido contr�rio";1;0;0;1;0;0;0;0;0;0;0;4;0;0;0
"26/04/2015";"19:12:00";"64";"sem v�tima";"282,5";"BR-393/RJ";"Pista Sul";"Colis�o com ve�culos (traseira)";2;0;0;0;0;0;0;0;0;0;2;0;0;0;0
"27/04/2015";"02:25:00";"4";"com v�tima";"216,3";"BR-393/RJ";"Pista Sul";"Sa�das de pista";0;0;1;0;0;0;0;0;0;0;0;1;0;0;0
"27/04/2015";"14:04:00";"64";"sem v�tima";"280,164";"BR-393/RJ";"Pista Norte";"Colis�o com ve�culos (traseira)";1;0;1;0;0;0;0;0;0;0;3;0;0;0;0
"27/04/2015";"16:31:00";"76";"sem v�tima";"222,1";"BR-393/RJ";"Pista Norte";"Colis�o com ve�culos (frontal)";2;0;0;0;0;0;0;0;0;0;2;0;0;0;0
"28/04/2015";"08:01:00";"31";"sem v�tima";"285,003";"BR-393/RJ";"Pista Sul";"Colis�o lateral no mesmo sentido";1;0;1;0;0;0;0;0;0;0;2;0;0;0;0
"28/04/2015";"16:02:00";"69";"sem v�tima";"214,192";"BR-393/RJ";"Pista Sul";"Colis�o c/ obst�culos";1;0;0;0;0;0;0;0;0;0;1;0;0;0;0
"29/04/2015";"12:55:00";"65";"sem v�tima";"285,226";"BR-393/RJ";"Pista Norte";"Sa�das de pista";2;0;0;0;0;0;0;0;0;0;2;0;0;0;0
"30/04/2015";"00:55:00";"3";"sem v�tima";"253,7";"BR-393/RJ";"Pista Sul";"Colis�o com ve�culos (traseira)";2;0;0;0;0;0;0;0;0;0;3;0;0;0;0
"30/04/2015";"05:01:00";"18";"com v�tima";"259,508";"BR-393/RJ";"Pista Norte";"Tombamento";0;0;1;0;0;0;0;0;0;0;0;1;0;0;0
"30/04/2015";"07:42:00";"25";"com v�tima";"155,441";"BR-393/RJ";"Pista Norte";"Sa�das de pista";0;0;1;0;0;0;0;0;0;0;0;1;0;0;0
"30/04/2015";"13:15:00";"43";"sem v�tima";"102";"BR-393/RJ";"Pista Sul";"Colis�o com ve�culos (traseira)";1;0;1;0;0;0;0;0;0;0;3;0;0;0;0
"30/04/2015";"21:14:00";"68";"sem v�tima";"255,4";"BR-393/RJ";"Pista Norte";"Colis�o lateral no sentido contr�rio";2;0;0;0;0;0;0;0;0;0;2;0;0;0;0
"01/05/2015";"14:52:00";"47";"com v�tima";"282";"BR-393/RJ";"Pista Sul";"Colis�o lateral no sentido contr�rio";1;0;0;1;0;0;0;0;0;0;1;2;0;0;0
"02/05/2015";"18:17:00";"37";"com v�tima";"245,5";"BR-393/RJ";"Pista Norte";"Atropelamento de pedestre";1;1;0;0;0;0;0;0;0;0;1;1;0;0;0
"03/05/2015";"16:26:00";"53";"com v�tima";"131,377";"BR-393/RJ";"Pista Norte";"Acidentes de outra natureza";0;0;0;1;0;0;0;0;0;0;0;2;0;0;0
"04/05/2015";"21:43:00";"65";"sem v�tima";"284";"BR-393/RJ";"Pista Sul";"Colis�o com ve�culos (traseira)";2;0;0;0;0;0;0;0;0;0;2;0;0;0;0
"05/05/2015";"06:39:00";"18";"sem v�tima";"146";"BR-393/RJ";"Pista Norte";"Colis�o c/ obst�culos";1;0;0;0;0;0;0;0;0;0;3;0;0;0;0
"05/05/2015";"07:28:00";"19";"sem v�tima";"151,837";"BR-393/RJ";"Pista Sul";"Tombamento";0;0;1;0;0;0;0;0;0;0;1;0;0;0;0
"05/05/2015";"08:22:00";"22";"sem v�tima";"283";"BR-393/RJ";"Pista Sul";"Colis�o lateral no mesmo sentido";2;0;0;0;0;0;0;0;0;0;2;0;0;0;0
"05/05/2015";"18:30:00";"46";"sem v�tima";"133";"BR-393/RJ";"Pista Norte";"Colis�o com ve�culos (traseira)";1;0;1;0;0;0;0;0;0;0;3;0;0;0;0
"06/05/2015";"06:50:00";"20";"com v�tima";"168,455";"BR-393/RJ";"Pista Sul";"Colis�o lateral no mesmo sentido";1;0;0;1;0;0;0;0;0;0;1;0;1;0;0
"06/05/2015";"08:50:00";"26";"com v�tima";"174,506";"BR-393/RJ";"Pista Norte";"Colis�o lateral no sentido contr�rio";1;0;0;1;0;0;0;0;0;0;1;0;1;0;0
"06/05/2015";"17:46:00";"78";"com v�tima";"147,5";"BR-393/RJ";"Pista Norte";"Acidentes de outra natureza";0;0;0;1;0;0;0;0;0;0;0;1;0;0;0
"07/05/2015";"07:40:00";"28";"com v�tima";"270,947";"BR-393/RJ";"Pista Norte";"Colis�o lateral no sentido contr�rio";2;0;0;0;0;0;0;0;0;0;0;1;1;0;0
"07/05/2015";"12:04:00";"43";"sem v�tima";"252,402";"BR-393/RJ";"Pista Norte";"Colis�o lateral no sentido contr�rio";2;0;0;0;0;0;0;0;0;0;2;0;0;0;0
"08/05/2015";"07:59:00";"25";"com v�tima";"230,393";"BR-393/RJ";"Pista Sul";"Acidentes de outra natureza";0;0;0;1;0;0;0;0;0;0;0;1;0;0;0
"08/05/2015";"13:30:00";"39";"sem v�tima";"133,652";"BR-393/RJ";"Pista Norte";"Colis�o com ve�culos (traseira)";0;0;2;0;0;0;0;0;0;0;2;0;0;0;0
"08/05/2015";"17:59:00";"61";"com v�tima";"279,8";"BR-393/RJ";"Pista Sul";"Engavetamento";3;0;0;0;0;0;0;0;0;0;3;2;0;0;0
"08/05/2015";"18:35:00";"62";"com v�tima";"182";"BR-393/RJ";"Pista Norte";"Atropelamento de pedestre";0;0;0;1;0;0;0;0;0;0;0;1;0;1;0
"08/05/2015";"21:46:00";"73";"com v�tima";"102";"BR-393/RJ";"Pista Sul";"Colis�o com ve�culos (frontal)";2;0;0;0;0;0;0;0;0;0;1;1;0;0;0
"09/05/2015";"01:17:00";"2";"sem v�tima";"282";"BR-393/RJ";"Pista Norte";"Colis�o com ve�culos (traseira)";2;0;0;0;0;0;0;0;0;0;3;0;0;0;0
"09/05/2015";"12:20:00";"47";"sem v�tima";"282,376";"BR-393/RJ";"Pista Sul";"Colis�o lateral no sentido contr�rio";2;0;0;0;0;0;0;0;0;0;3;0;0;0;0
"09/05/2015";"17:23:00";"60";"com v�tima";"132,8";"BR-393/RJ";"Pista Sul";"Colis�o lateral no sentido contr�rio";1;0;0;1;0;0;0;0;0;0;1;1;0;0;0
"10/05/2015";"06:20:00";"17";"com v�tima";"152,8";"BR-393/RJ";"Pista Norte";"Capotamento";1;0;0;0;0;0;0;0;0;0;0;2;0;0;0
"10/05/2015";"19:12:00";"77";"sem v�tima";"281,843";"BR-393/RJ";"Pista Sul";"Colis�o com ve�culos (traseira)";1;0;0;1;0;0;0;0;0;0;2;0;0;0;0
"11/05/2015";"18:03:00";"85";"sem v�tima";"262";"BR-393/RJ";"Pista Norte";"Acidentes de outra natureza";0;0;0;1;0;0;0;0;0;0;2;0;0;0;0