fdata;horario;n_da_ocorrencia;tipo_de_ocorrencia;km;trecho;sentido;tipo_de_acidente;automovel;bicicleta;caminhao;moto;onibus;outros;tracao_animal;transporte_de_cargas_especiais;trator_maquinas;utilitarios;ilesos;levemente_feridos;moderadamente_feridos;gravemente_feridos;mortos
"15/07/2015";"02:10:00";"13";"sem v�tima";"253,4";"BR-393/RJ";"Pista Norte";"Atropelamento de animais";0;0;1;0;0;0;0;0;0;0;1;0;0;0;0
"15/07/2015";"07:31:00";"24";"com v�tima";"124,868";"BR-393/RJ";"Pista Norte";"Colis�o c/ obst�culos";0;0;1;0;0;0;0;0;0;0;0;1;0;0;0
"16/07/2015";"10:25:00";"38";"com v�tima";"218,264";"BR-393/RJ";"Pista Norte";"Sa�das de pista";3;0;0;0;0;0;0;0;0;0;0;4;1;1;2
"16/07/2015";"10:44:00";"39";"sem v�tima";"256,2";"BR-393/RJ";"Pista Norte";"Colis�o c/ obst�culos";1;0;0;0;0;0;0;0;0;0;1;0;0;0;0
"17/07/2015";"07:03:00";"38";"com v�tima";"114,866";"BR-393/RJ";"Pista Norte";"Tombamento";0;0;1;0;0;0;0;0;0;0;0;2;0;0;0
"18/07/2015";"06:42:00";"38";"com v�tima";"152,08";"BR-393/RJ";"Pista Sul";"Tombamento";0;0;1;0;0;0;0;0;0;0;0;1;0;0;0
"18/07/2015";"16:04:00";"66";"sem v�tima";"238,377";"BR-393/RJ";"Pista Norte";"Colis�o com ve�culos (traseira)";2;0;0;0;0;0;0;0;0;0;2;0;0;0;0
"19/07/2015";"13:31:00";"36";"com v�tima";"167,68";"BR-393/RJ";"Pista Sul";"Colis�o com ve�culos (frontal)";2;0;0;0;0;0;0;0;0;0;1;3;0;0;0
"20/07/2015";"12:03:00";"64";"sem v�tima";"252,416";"BR-393/RJ";"Pista Sul";"Colis�o lateral no sentido contr�rio";2;0;0;0;0;0;0;0;0;0;2;0;0;0;0
"20/07/2015";"18:50:00";"114";"com v�tima";"205,15";"BR-393/RJ";"Pista Sul";"Acidentes de outra natureza";0;0;0;2;0;0;0;0;0;0;0;2;0;0;0
"22/07/2015";"09:43:00";"34";"com v�tima";"238,613";"BR-393/RJ";"Pista Norte";"Colis�o lateral no mesmo sentido";2;0;0;0;0;0;0;0;0;0;2;3;0;0;0
"22/07/2015";"10:06:00";"37";"sem v�tima";"285,62";"BR-393/RJ";"Pista Norte";"Colis�o lateral no mesmo sentido";1;0;0;0;1;0;0;0;0;0;2;0;0;0;0
"23/07/2015";"18:11:00";"66";"sem v�tima";"229,5";"BR-393/RJ";"Pista Norte";"Colis�o c/ obst�culos";1;0;0;0;0;0;0;0;0;0;5;0;0;0;0
"24/07/2015";"09:33:00";"33";"com v�tima";"265";"BR-393/RJ";"Pista Sul";"Colis�o lateral no mesmo sentido";1;0;1;0;0;0;0;0;0;0;2;1;0;0;0
"25/07/2015";"08:24:00";"26";"sem v�tima";"266,087";"BR-393/RJ";"Pista Norte";"Colis�o lateral no sentido contr�rio";2;0;0;0;0;0;0;0;0;0;2;0;0;0;0
"25/07/2015";"11:48:00";"42";"com v�tima";"167,479";"BR-393/RJ";"Pista Sul";"Colis�o com ve�culos (traseira)";1;0;0;1;0;0;0;0;0;0;1;1;0;0;0
"25/07/2015";"21:34:00";"95";"com v�tima";"278,863";"BR-393/RJ";"Pista Sul";"Colis�o com ve�culos (traseira)";2;0;0;0;0;0;0;0;0;0;1;1;0;0;0
"26/07/2015";"06:48:00";"14";"sem v�tima";"275,409";"BR-393/RJ";"Pista Sul";"Colis�o com ve�culos (frontal)";2;0;0;0;0;0;0;0;0;0;3;0;0;0;0
"27/07/2015";"05:23:00";"10";"com v�tima";"203,31";"BR-393/RJ";"Pista Sul";"Atropelamento de animais";1;0;0;0;0;0;0;0;0;0;0;0;1;0;0
"27/07/2015";"19:24:00";"74";"sem v�tima";"172";"BR-393/RJ";"Pista Norte";"Acidentes de outra natureza";0;0;0;1;0;0;0;0;0;0;1;0;0;0;0
"28/07/2015";"09:38:00";"35";"com v�tima";"125,396";"BR-393/RJ";"Pista Norte";"Colis�o lateral no mesmo sentido";2;0;0;0;0;0;0;0;0;0;5;2;0;0;0
"28/07/2015";"20:50:00";"136";"com v�tima";"283,428";"BR-393/RJ";"Pista Norte";"Acidentes de outra natureza";0;0;0;1;0;0;0;0;0;0;0;1;0;0;0
"29/07/2015";"12:11:00";"92";"com v�tima";"169,09";"BR-393/RJ";"Pista Sul";"Colis�o lateral no sentido contr�rio";0;0;1;1;0;0;0;0;0;0;1;0;0;1;0
"29/07/2015";"12:37:00";"96";"sem v�tima";"282,906";"BR-393/RJ";"Pista Sul";"Engavetamento";3;0;0;0;1;0;0;0;0;0;4;0;0;0;0
"30/07/2015";"18:59:00";"81";"com v�tima";"237,8";"BR-393/RJ";"Pista Norte";"Colis�o lateral no mesmo sentido";0;0;0;1;0;0;0;0;0;1;2;0;0;1;0
"31/07/2015";"08:53:00";"30";"sem v�tima";"239,62";"BR-393/RJ";"Pista Sul";"Engavetamento";4;0;0;0;0;0;0;0;0;0;8;0;0;0;0
"03/08/2015";"08:24:00";"23";"com v�tima";"178,348";"BR-393/RJ";"Pista Norte";"Colis�o com ve�culos (traseira)";2;0;0;0;0;0;0;0;0;0;1;2;0;0;0
"03/08/2015";"09:22:00";"27";"sem v�tima";"285,553";"BR-393/RJ";"Pista Sul";"Colis�o lateral no mesmo sentido";1;0;1;0;0;0;0;0;0;0;2;0;0;0;0
"03/08/2015";"16:13:00";"59";"com v�tima";"204,832";"BR-393/RJ";"Pista Sul";"Colis�o c/ obst�culos";0;0;1;0;0;0;0;0;0;0;0;0;1;0;0
"03/08/2015";"16:19:00";"60";"com v�tima";"155,477";"BR-393/RJ";"Pista Norte";"Tombamento";0;0;1;0;0;0;0;0;0;0;1;1;0;0;0
"03/08/2015";"18:39:00";"69";"sem v�tima";"156";"BR-393/RJ";"Pista Norte";"Acidentes de outra natureza";0;0;0;1;0;0;0;0;0;0;1;0;0;0;0
"04/08/2015";"09:40:00";"26";"sem v�tima";"178,3";"BR-393/RJ";"Pista Norte";"Colis�o com ve�culos (traseira)";1;0;1;0;0;0;0;0;0;0;2;0;0;0;0
"04/08/2015";"09:47:00";"27";"com v�tima";"255";"BR-393/RJ";"Pista Norte";"Colis�o lateral no mesmo sentido";1;0;0;1;0;0;0;0;0;0;1;1;0;0;0
"05/08/2015";"07:00:00";"18";"com v�tima";"168";"BR-393/RJ";"Pista Norte";"Colis�o c/ obst�culos";1;0;0;0;0;0;0;0;0;0;0;1;0;0;0
"05/08/2015";"07:05:00";"19";"sem v�tima";"234,707";"BR-393/RJ";"Pista Sul";"Colis�o lateral no sentido contr�rio";2;0;0;0;0;0;0;0;0;0;2;0;0;0;0
"06/08/2015";"09:13:00";"40";"sem v�tima";"285,473";"BR-393/RJ";"Pista Sul";"Colis�o lateral no mesmo sentido";1;0;1;0;0;0;0;0;0;0;2;0;0;0;0
"07/08/2015";"02:30:00";"7";"sem v�tima";"173,455";"BR-393/RJ";"Pista Sul";"Colis�o c/ obst�culos";0;0;1;0;0;0;0;0;0;0;3;0;0;0;0
"07/08/2015";"07:38:00";"25";"com v�tima";"147,181";"BR-393/RJ";"Pista Norte";"Tombamento";0;0;1;0;0;0;0;0;0;0;0;0;0;1;0
"07/08/2015";"15:23:00";"37";"com v�tima";"234,5";"BR-393/RJ";"Pista Norte";"Colis�o com ve�culos (traseira)";2;0;0;0;0;0;0;0;0;0;1;1;0;0;0
"07/08/2015";"18:32:00";"46";"com v�tima";"219,1";"BR-393/RJ";"Pista Sul";"Sa�das de pista";1;0;0;0;0;0;0;0;0;0;0;2;0;0;0
"08/08/2015";"00:01:00";"1";"com v�tima";"103,8";"BR-393/RJ";"Pista Norte";"Acidentes de outra natureza";0;0;0;1;0;0;0;0;0;0;0;1;0;0;0
"08/08/2015";"08:07:00";"25";"com v�tima";"165";"BR-393/RJ";"Pista Norte";"Colis�o com ve�culos (frontal)";0;0;2;0;0;0;0;0;0;0;0;3;0;0;0
"08/08/2015";"22:41:00";"73";"com v�tima";"167,4";"BR-393/RJ";"Pista Norte";"Acidentes de outra natureza";0;0;0;1;0;0;0;0;0;0;0;1;0;0;0
"09/08/2015";"07:43:00";"22";"com v�tima";"182";"BR-393/RJ";"Pista Norte";"Acidentes de outra natureza";0;0;0;1;0;0;0;0;0;0;0;1;0;0;0
"09/08/2015";"21:35:00";"96";"com v�tima";"280,5";"BR-393/RJ";"Pista Sul";"Atropelamento de pedestre";1;0;0;0;0;0;0;0;0;0;1;0;0;1;0
"10/08/2015";"12:37:00";"50";"sem v�tima";"178";"BR-393/RJ";"Pista Sul";"Colis�o c/ obst�culos";0;0;1;0;0;0;0;0;0;0;1;0;0;0;0
"10/08/2015";"19:02:00";"82";"com v�tima";"242,05";"BR-393/RJ";"Pista Sul";"Acidentes de outra natureza";0;0;0;1;0;0;0;0;0;0;0;1;0;0;0
"10/08/2015";"19:16:00";"84";"sem v�tima";"132";"BR-393/RJ";"Pista Sul";"Colis�o com ve�culos (traseira)";2;0;0;0;0;0;0;0;0;0;2;0;0;0;0
"10/08/2015";"22:55:00";"94";"com v�tima";"147,22";"BR-393/RJ";"Pista Sul";"Tombamento";0;0;1;0;0;0;0;0;0;0;0;1;0;0;0
"10/08/2015";"23:04:00";"96";"com v�tima";"154";"BR-393/RJ";"Pista Sul";"Acidentes de outra natureza";0;0;0;1;0;0;0;0;0;0;0;1;0;0;0
"11/08/2015";"06:58:00";"10";"sem v�tima";"240,853";"BR-393/RJ";"Pista Norte";"Atropelamento de animais";1;0;0;0;0;0;0;0;0;0;1;0;0;0;0
"11/08/2015";"10:49:00";"25";"com v�tima";"258,066";"BR-393/RJ";"Pista Norte";"Tombamento";0;0;1;0;0;0;0;0;0;0;0;1;0;0;0
"11/08/2015";"18:16:00";"50";"com v�tima";"174,8";"BR-393/RJ";"Pista Norte";"Atropelamento de pedestre";1;1;0;0;0;0;0;0;0;0;1;1;0;0;0
"13/08/2015";"22:38:00";"128";"sem v�tima";"280";"BR-393/RJ";"Pista Norte";"Colis�o com ve�culos (traseira)";0;0;1;0;0;0;0;0;0;1;2;0;0;0;0
"13/08/2015";"22:55:00";"133";"com v�tima";"201,368";"BR-393/RJ";"Pista Norte";"Tombamento";0;0;1;0;0;0;0;0;0;0;0;1;0;0;0
"14/08/2015";"10:59:00";"51";"com v�tima";"171,477";"BR-393/RJ";"Pista Sul";"Colis�o lateral no sentido contr�rio";1;0;1;0;0;0;0;0;0;0;1;1;0;0;0
"14/08/2015";"18:15:00";"93";"com v�tima";"193,175";"BR-393/RJ";"Pista Sul";"Atropelamento de pedestre";0;0;1;0;0;0;0;0;0;0;0;1;0;0;1
"14/08/2015";"18:39:00";"97";"sem v�tima";"285,115";"BR-393/RJ";"Pista Norte";"Colis�o com ve�culos (traseira)";2;0;0;0;0;0;0;0;0;0;2;0;0;0;0
"15/08/2015";"05:42:00";"40";"sem v�tima";"243,195";"BR-393/RJ";"Pista Norte";"Objeto lan�ado contra ve�culo";0;0;1;0;1;0;0;0;0;0;30;0;0;0;0
"15/08/2015";"18:53:00";"106";"sem v�tima";"282,3";"BR-393/RJ";"Pista Norte";"Colis�o com ve�culos (traseira)";2;0;0;0;0;0;0;0;0;0;2;0;0;0;0
"15/08/2015";"19:39:00";"111";"sem v�tima";"248,1";"BR-393/RJ";"Pista Sul";"Sa�das de pista";1;0;0;0;0;0;0;0;0;0;1;0;0;0;0
"16/08/2015";"22:04:00";"64";"sem v�tima";"168";"BR-393/RJ";"Pista Norte";"Colis�o com ve�culos (traseira)";2;0;0;0;0;0;0;0;0;0;3;0;0;0;0
"17/08/2015";"00:49:00";"9";"com v�tima";"282,128";"BR-393/RJ";"Pista Norte";"Acidentes de outra natureza";0;0;0;1;0;0;0;0;0;0;1;1;0;0;0
"17/08/2015";"10:38:00";"47";"com v�tima";"261,191";"BR-393/RJ";"Pista Sul";"Colis�o c/ obst�culos";1;0;0;0;0;0;0;0;0;0;0;0;1;0;0
"17/08/2015";"12:17:00";"54";"sem v�tima";"285";"BR-393/RJ";"Pista Sul";"Colis�o com ve�culos (traseira)";1;0;1;0;0;0;0;0;0;0;2;0;0;0;0
"18/08/2015";"01:14:00";"7";"sem v�tima";"239,445";"BR-393/RJ";"Pista Norte";"Acidentes de outra natureza";1;0;0;0;0;0;0;0;0;0;2;0;0;0;0
"18/08/2015";"14:25:00";"54";"com v�tima";"268";"BR-393/RJ";"Pista Norte";"Colis�o lateral no sentido contr�rio";1;0;0;1;0;0;0;0;0;0;2;2;0;0;0
"19/08/2015";"09:05:00";"53";"com v�tima";"273,752";"BR-393/RJ";"Pista Sul";"Colis�o lateral no mesmo sentido";1;0;0;1;0;0;0;0;0;0;1;1;0;0;0
"19/08/2015";"11:11:00";"58";"com v�tima";"104,129";"BR-393/RJ";"Pista Norte";"Acidentes de outra natureza";1;0;1;1;0;0;0;0;0;0;2;1;0;0;0
"20/08/2015";"09:01:00";"25";"sem v�tima";"281";"BR-393/RJ";"Pista Norte";"Colis�o com ve�culos (traseira)";1;0;1;0;0;0;0;0;0;0;2;0;0;0;0
"20/08/2015";"19:14:00";"85";"com v�tima";"177,6";"BR-393/RJ";"Pista Sul";"Colis�o com ve�culos (frontal)";2;0;0;0;0;0;0;0;0;0;1;2;0;0;0
"21/08/2015";"17:49:00";"100";"sem v�tima";"284,2";"BR-393/RJ";"Pista Sul";"Colis�o lateral no mesmo sentido";1;0;1;0;0;0;0;0;0;0;2;0;0;0;0
"21/08/2015";"21:18:00";"108";"com v�tima";"175,588";"BR-393/RJ";"Pista Sul";"Engavetamento";2;0;1;0;0;0;0;0;0;0;1;3;0;0;0
"22/08/2015";"04:18:00";"5";"com v�tima";"248,4";"BR-393/RJ";"Pista Norte";"Acidentes de outra natureza";0;0;0;1;0;0;0;0;0;0;1;1;0;0;0
"22/08/2015";"10:44:00";"40";"sem v�tima";"268";"BR-393/RJ";"Pista Norte";"Colis�o lateral no mesmo sentido";1;0;0;1;0;0;0;0;0;0;2;0;0;0;0
"23/08/2015";"06:27:00";"20";"com v�tima";"201,44";"BR-393/RJ";"Pista Norte";"Tombamento";0;0;1;0;0;0;0;0;0;0;0;0;0;0;1
"23/08/2015";"10:44:00";"23";"sem v�tima";"236,57";"BR-393/RJ";"Pista Sul";"Colis�o com ve�culos (traseira)";2;0;0;0;0;0;0;0;0;0;4;0;0;0;0
"23/08/2015";"20:37:00";"54";"com v�tima";"152";"BR-393/RJ";"Pista Sul";"Sa�das de pista";1;0;0;0;0;0;0;0;0;0;0;1;0;0;0
"23/08/2015";"22:52:00";"60";"com v�tima";"216";"BR-393/RJ";"Pista Sul";"Acidentes de outra natureza";0;0;1;1;0;0;0;0;0;0;1;0;0;0;1
"24/08/2015";"00:41:00";"9";"com v�tima";"279,5";"BR-393/RJ";"Pista Norte";"Colis�o lateral no sentido contr�rio";2;0;0;0;0;0;0;0;0;0;2;1;0;0;0
"24/08/2015";"11:41:00";"48";"sem v�tima";"246,5";"BR-393/RJ";"Pista Norte";"Colis�o lateral no sentido contr�rio";2;0;0;0;0;0;0;0;0;0;2;0;0;0;0
"24/08/2015";"19:23:00";"71";"com v�tima";"249,3";"BR-393/RJ";"Pista Sul";"Colis�o com ve�culos (traseira)";2;0;0;0;0;0;0;0;0;0;2;1;0;0;0
"25/08/2015";"15:37:00";"77";"com v�tima";"125";"BR-393/RJ";"Pista Norte";"Colis�o com ve�culos (traseira)";1;0;1;0;0;0;0;0;0;0;2;1;0;0;0
"25/08/2015";"18:17:00";"91";"com v�tima";"268,609";"BR-393/RJ";"Pista Norte";"Colis�o lateral no sentido contr�rio";2;0;0;0;0;0;0;0;0;0;0;2;1;0;0
"25/08/2015";"20:07:00";"101";"sem v�tima";"262,954";"BR-393/RJ";"Pista Norte";"Sa�das de pista";1;0;0;0;0;0;0;0;0;0;1;0;0;0;0
"26/08/2015";"08:27:00";"40";"sem v�tima";"235";"BR-393/RJ";"Pista Sul";"Colis�o lateral no mesmo sentido";1;0;1;0;0;0;0;0;0;0;3;0;0;0;0
"26/08/2015";"22:03:00";"115";"sem v�tima";"283,412";"BR-393/RJ";"Pista Norte";"Colis�o com ve�culos (traseira)";2;0;0;0;0;0;0;0;0;0;3;0;0;0;0
"27/08/2015";"10:49:00";"39";"sem v�tima";"285,8";"BR-393/RJ";"Pista Sul";"Colis�o lateral no mesmo sentido";2;0;0;0;0;0;0;0;0;0;2;0;0;0;0
"27/08/2015";"19:33:00";"62";"com v�tima";"177,7";"BR-393/RJ";"Pista Sul";"Colis�o lateral no mesmo sentido";1;0;1;0;0;0;0;0;0;0;1;1;0;0;0
"28/08/2015";"07:22:00";"18";"sem v�tima";"218,486";"BR-393/RJ";"Pista Sul";"Sa�das de pista";1;0;0;0;0;0;0;0;0;0;1;0;0;0;0
"28/08/2015";"19:09:00";"56";"sem v�tima";"281";"BR-393/RJ";"Pista Norte";"Colis�o lateral no sentido contr�rio";1;0;1;0;0;0;0;0;0;0;2;0;0;0;0
"29/08/2015";"10:18:00";"38";"sem v�tima";"285";"BR-393/RJ";"Pista Norte";"Colis�o lateral no sentido contr�rio";2;0;0;0;0;0;0;0;0;0;2;0;0;0;0
"29/08/2015";"11:02:00";"49";"sem v�tima";"285";"BR-393/RJ";"Pista Norte";"Colis�o com ve�culos (traseira)";1;0;1;0;0;0;0;0;0;0;2;0;0;0;0
"29/08/2015";"11:04:00";"51";"sem v�tima";"243";"BR-393/RJ";"Pista Norte";"Capotamento";1;0;0;0;0;0;0;0;0;0;1;0;0;0;0
"29/08/2015";"22:55:00";"100";"com v�tima";"250,8";"BR-393/RJ";"Pista Sul";"Atropelamento de pedestre";1;0;0;0;0;0;0;0;0;0;1;0;0;0;1
"30/08/2015";"18:15:00";"64";"sem v�tima";"155";"BR-393/RJ";"Pista Sul";"Colis�o lateral no mesmo sentido";2;0;0;0;0;0;0;0;0;0;8;0;0;0;0
"30/08/2015";"18:47:00";"69";"sem v�tima";"284,8";"BR-393/RJ";"Pista Sul";"Colis�o lateral no mesmo sentido";1;0;1;0;0;0;0;0;0;0;2;0;0;0;0
"01/09/2015";"22:18:00";"106";"com v�tima";"281,2";"BR-393/RJ";"Pista Sul";"Colis�o lateral no mesmo sentido";0;1;0;0;1;0;0;0;0;0;1;1;0;0;0
"02/09/2015";"13:46:00";"64";"com v�tima";"254";"BR-393/RJ";"Pista Sul";"Sa�das de pista";1;0;0;0;0;0;0;0;0;0;0;1;0;0;0
"02/09/2015";"18:41:00";"89";"sem v�tima";"285,514";"BR-393/RJ";"Pista Sul";"Colis�o lateral no mesmo sentido";1;0;1;0;0;0;0;0;0;0;2;0;0;0;0
"04/09/2015";"10:00:00";"37";"com v�tima";"172,216";"BR-393/RJ";"Pista Norte";"Tombamento";0;0;2;0;0;0;0;0;0;0;0;1;3;0;0
"04/09/2015";"17:27:00";"63";"sem v�tima";"174";"BR-393/RJ";"Pista Sul";"Acidentes de outra natureza";0;0;0;1;0;0;0;0;0;0;1;0;0;0;0
"04/09/2015";"17:38:00";"65";"sem v�tima";"284,4";"BR-393/RJ";"Pista Sul";"Colis�o lateral no mesmo sentido";1;0;0;0;1;0;0;0;0;0;2;0;0;0;0
"04/09/2015";"18:28:00";"72";"sem v�tima";"285,5";"BR-393/RJ";"Pista Norte";"Colis�o com ve�culos (traseira)";1;0;1;0;0;0;0;0;0;0;2;0;0;0;0
"04/09/2015";"23:59:00";"99";"com v�tima";"274,8";"BR-393/RJ";"Pista Norte";"Sa�das de pista";1;0;0;0;0;0;0;0;0;0;2;1;0;0;0
"05/09/2015";"03:35:00";"12";"sem v�tima";"141,3";"BR-393/RJ";"Pista Sul";"Sa�das de pista";1;0;0;0;0;0;0;0;0;0;1;0;0;0;0
"05/09/2015";"10:57:00";"33";"sem v�tima";"195,15";"BR-393/RJ";"Pista Sul";"Colis�o com ve�culos (traseira)";2;0;0;0;0;0;0;0;0;0;7;0;0;0;0
"05/09/2015";"15:31:00";"53";"sem v�tima";"155,557";"BR-393/RJ";"Pista Norte";"Sa�das de pista";1;0;0;0;0;0;0;0;0;0;2;0;0;0;0
"05/09/2015";"15:36:00";"54";"com v�tima";"168,764";"BR-393/RJ";"Pista Norte";"Colis�o lateral no sentido contr�rio";2;0;0;0;0;0;0;0;0;0;0;3;0;0;0
"05/09/2015";"16:06:00";"55";"sem v�tima";"153,633";"BR-393/RJ";"Pista Norte";"Acidentes de outra natureza";0;0;0;1;0;0;0;0;0;0;2;0;0;0;0
"05/09/2015";"19:21:00";"69";"sem v�tima";"143";"BR-393/RJ";"Pista Norte";"Colis�o lateral no sentido contr�rio";1;0;0;0;1;0;0;0;0;0;6;0;0;0;0
"05/09/2015";"19:32:00";"72";"sem v�tima";"165";"BR-393/RJ";"Pista Sul";"Sa�das de pista";1;0;0;0;0;0;0;0;0;0;2;0;0;0;0
"05/09/2015";"22:57:00";"77";"com v�tima";"114,25";"BR-393/RJ";"Pista Norte";"Capotamento";1;0;0;0;0;0;0;0;0;0;0;0;1;0;0
"06/09/2015";"07:16:00";"16";"sem v�tima";"266,508";"BR-393/RJ";"Pista Norte";"Colis�o c/ obst�culos";1;0;0;0;0;0;0;0;0;0;1;0;0;0;0
"06/09/2015";"18:12:00";"49";"com v�tima";"151,928";"BR-393/RJ";"Pista Sul";"Capotamento";0;0;1;0;0;0;0;0;0;0;0;0;0;0;1
"06/09/2015";"19:06:00";"52";"com v�tima";"274,718";"BR-393/RJ";"Pista Sul";"Capotamento";1;0;0;0;0;0;0;0;0;0;0;1;0;0;0
"06/09/2015";"20:40:00";"59";"sem v�tima";"251";"BR-393/RJ";"Pista Norte";"Colis�o lateral no mesmo sentido";2;0;0;0;0;0;0;0;0;0;2;0;0;0;0
"07/09/2015";"11:35:00";"36";"sem v�tima";"278,577";"BR-393/RJ";"Pista Sul";"Colis�o com ve�culos (traseira)";2;0;0;0;0;0;0;0;0;0;2;0;0;0;0
"07/09/2015";"14:23:00";"48";"sem v�tima";"102";"BR-393/RJ";"Pista Norte";"Colis�o lateral no sentido contr�rio";2;0;0;0;0;0;0;0;0;0;10;0;0;0;0
"08/09/2015";"00:48:00";"2";"com v�tima";"280";"BR-393/RJ";"Pista Sul";"Colis�o lateral no sentido contr�rio";0;0;0;2;0;0;0;0;0;0;1;1;0;0;0
"08/09/2015";"05:48:00";"32";"com v�tima";"175";"BR-393/RJ";"Pista Sul";"Capotamento";1;0;0;0;0;0;0;0;0;0;0;1;0;0;0
"08/09/2015";"09:33:00";"50";"sem v�tima";"281";"BR-393/RJ";"Pista Sul";"Colis�o lateral no mesmo sentido";2;0;0;0;0;0;0;0;0;0;2;0;0;0;0
"09/09/2015";"19:37:00";"73";"com v�tima";"201,4";"BR-393/RJ";"Pista Sul";"Acidentes de outra natureza";0;0;0;1;0;0;0;0;0;0;1;1;0;0;0
"10/09/2015";"07:04:00";"17";"com v�tima";"114,31";"BR-393/RJ";"Pista Norte";"Colis�o c/ obst�culos";0;0;1;0;0;0;0;0;0;0;0;1;0;0;1
"10/09/2015";"11:24:00";"49";"com v�tima";"181,396";"BR-393/RJ";"Pista Norte";"Capotamento";1;0;0;0;0;0;0;0;0;0;0;1;0;0;0
"11/09/2015";"11:40:00";"75";"sem v�tima";"155";"BR-393/RJ";"Pista Norte";"Sa�das de pista";1;0;0;0;0;0;0;0;0;0;2;0;0;0;0
"11/09/2015";"14:55:00";"107";"sem v�tima";"260,769";"BR-393/RJ";"Pista Norte";"Colis�o c/ obst�culos";1;0;0;0;0;0;0;0;0;0;1;0;0;0;0
"11/09/2015";"15:26:00";"111";"sem v�tima";"136,487";"BR-393/RJ";"Pista Sul";"Sa�das de pista";1;0;0;0;0;0;0;0;0;0;4;0;0;0;0
"11/09/2015";"18:40:00";"133";"com v�tima";"218,367";"BR-393/RJ";"Pista Sul";"Tombamento";0;0;1;0;0;0;0;0;0;0;0;1;0;0;0
"14/09/2015";"11:39:00";"42";"com v�tima";"105";"BR-393/RJ";"Pista Norte";"Acidentes de outra natureza";0;0;0;1;0;0;0;0;0;0;0;1;0;0;0
"14/09/2015";"17:42:00";"73";"com v�tima";"279";"BR-393/RJ";"Pista Norte";"Colis�o lateral no sentido contr�rio";1;0;1;0;0;0;0;0;0;0;1;0;0;1;0
"15/09/2015";"00:45:00";"2";"com v�tima";"161,935";"BR-393/RJ";"Pista Sul";"Capotamento";0;0;1;0;0;0;0;0;0;0;0;1;0;0;0
"15/09/2015";"03:22:00";"13";"sem v�tima";"279,075";"BR-393/RJ";"Pista Sul";"Sa�das de pista";0;0;1;0;0;0;0;0;0;0;1;0;0;0;0
"15/09/2015";"19:39:00";"85";"com v�tima";"268";"BR-393/RJ";"Pista Sul";"Colis�o lateral no sentido contr�rio";2;0;0;0;0;0;0;0;0;0;2;1;0;0;0
"16/09/2015";"11:10:00";"55";"sem v�tima";"279,8";"BR-393/RJ";"Pista Sul";"Colis�o com ve�culos (traseira)";0;0;1;0;0;0;0;0;0;1;2;0;0;0;0
"17/09/2015";"19:03:00";"64";"com v�tima";"171,4";"BR-393/RJ";"Pista Norte";"Colis�o lateral no sentido contr�rio";1;0;1;0;0;0;0;0;0;0;2;1;0;0;0
"17/09/2015";"20:21:00";"67";"sem v�tima";"285,4";"BR-393/RJ";"Pista Norte";"Colis�o lateral no mesmo sentido";1;0;0;0;1;0;0;0;0;0;2;0;0;0;0
"18/09/2015";"08:44:00";"26";"sem v�tima";"285,9";"BR-393/RJ";"Pista Sul";"Colis�o lateral no mesmo sentido";2;0;0;0;0;0;0;0;0;0;2;0;0;0;0
"19/09/2015";"12:17:00";"54";"sem v�tima";"284";"BR-393/RJ";"Pista Norte";"Colis�o com ve�culos (traseira)";2;0;0;0;0;0;0;0;0;0;2;0;0;0;0
"19/09/2015";"17:25:00";"78";"com v�tima";"124,587";"BR-393/RJ";"Pista Norte";"Tombamento";0;0;1;0;0;0;0;0;0;0;0;2;0;0;0
"20/09/2015";"07:43:00";"17";"com v�tima";"155,41";"BR-393/RJ";"Pista Sul";"Colis�o c/ obst�culos";1;0;0;0;0;0;0;0;0;0;0;1;0;0;0
"20/09/2015";"14:37:00";"36";"com v�tima";"102";"BR-393/RJ";"Pista Norte";"Colis�o lateral no sentido contr�rio";1;0;1;0;0;0;0;0;0;0;1;1;0;0;0
"20/09/2015";"19:05:00";"56";"com v�tima";"286";"BR-393/RJ";"Pista Norte";"Colis�o com ve�culos (frontal)";1;0;0;0;0;0;0;0;0;1;0;0;0;2;0
"21/09/2015";"07:37:00";"21";"sem v�tima";"278,926";"BR-393/RJ";"Pista Sul";"Colis�o lateral no mesmo sentido";0;0;1;0;1;0;0;0;0;0;3;0;0;0;0
"22/09/2015";"18:28:00";"124";"com v�tima";"284,2";"BR-393/RJ";"Pista Norte";"Colis�o lateral no mesmo sentido";1;0;0;1;0;0;0;0;0;0;1;1;0;0;0