fdata;horario;n_da_ocorrencia;tipo_de_ocorrencia;km;trecho;sentido;tipo_de_acidente;automovel;bicicleta;caminhao;moto;onibus;outros;tracao_animal;transporte_de_cargas_especiais;trator_maquinas;utilitarios;ilesos;levemente_feridos;moderadamente_feridos;gravemente_feridos;mortos
"23/09/2015";"06:07:00";"26";"com v�tima";"151,84";"BR-393/RJ";"Pista Sul";"Capotamento";0;0;1;0;0;0;0;0;0;0;0;1;0;0;0
"23/09/2015";"13:46:00";"109";"sem v�tima";"283";"BR-393/RJ";"Pista Sul";"Colis�o lateral no mesmo sentido";1;0;1;0;0;0;0;0;0;0;3;0;0;0;0
"23/09/2015";"13:48:00";"110";"com v�tima";"238";"BR-393/RJ";"Pista Sul";"Colis�o lateral no sentido contr�rio";2;0;0;0;0;0;0;0;0;0;0;0;4;0;0
"23/09/2015";"18:05:00";"135";"com v�tima";"227,702";"BR-393/RJ";"Pista Norte";"Sa�das de pista";1;0;0;0;0;0;0;0;0;0;3;0;1;0;0
"23/09/2015";"19:34:00";"143";"com v�tima";"170";"BR-393/RJ";"Pista Norte";"Sa�das de pista";1;0;0;0;0;0;0;0;0;0;0;1;0;0;0
"24/09/2015";"20:49:00";"104";"sem v�tima";"258,8";"BR-393/RJ";"Pista Sul";"Atropelamento de animais";0;0;1;0;0;0;0;0;0;0;1;0;0;0;0
"25/09/2015";"18:21:00";"60";"com v�tima";"268";"BR-393/RJ";"Pista Norte";"Colis�o lateral no sentido contr�rio";1;0;0;1;0;0;0;0;0;0;1;1;0;0;0
"25/09/2015";"18:30:00";"62";"com v�tima";"237";"BR-393/RJ";"Pista Norte";"Colis�o lateral no sentido contr�rio";1;0;0;1;0;0;0;0;0;0;1;1;0;0;0
"25/09/2015";"18:42:00";"65";"com v�tima";"280";"BR-393/RJ";"Pista Sul";"Atropelamento de pedestre";1;0;0;0;0;0;0;0;0;0;1;0;1;0;0
"26/09/2015";"09:23:00";"22";"sem v�tima";"284";"BR-393/RJ";"Pista Sul";"Colis�o Lateral Mesmo Sentido";1;0;1;0;0;0;0;0;0;0;2;0;0;0;0
"26/09/2015";"17:37:00";"104";"sem v�tima";"286";"BR-393/RJ";"Pista Sul";"Colis�o com ve�culos (traseira)";1;0;0;0;1;0;0;0;0;0;2;0;0;0;0
"29/09/2015";"00:34:00";"2";"sem v�tima";"206";"BR-393/RJ";"Pista Sul";"Atropelamento de animais";0;0;1;0;0;0;0;0;0;0;1;0;0;0;0
"29/09/2015";"18:09:00";"60";"com v�tima";"232";"BR-393/RJ";"Pista Norte";"Colis�o lateral no mesmo sentido";0;0;1;0;1;0;0;0;0;0;1;1;0;0;0
"29/09/2015";"21:02:00";"69";"com v�tima";"3";"Al�a Sul";"Pista Sul";"Atropelamento de pedestre";1;0;0;0;0;0;0;0;0;0;1;1;0;0;0
"29/09/2015";"21:20:00";"71";"sem v�tima";"285,5";"BR-393/RJ";"Pista Norte";"Colis�o lateral no sentido contr�rio";1;0;0;2;0;0;0;0;0;0;3;0;0;0;0
"30/09/2015";"09:05:00";"33";"sem v�tima";"258,673";"BR-393/RJ";"Pista Norte";"Sa�das de pista";1;0;0;0;0;0;0;0;0;0;1;0;0;0;0
"01/10/2015";"12:55:00";"77";"com v�tima";"274";"BR-393/RJ";"Pista Norte";"Acidentes de outra natureza";0;0;0;1;0;0;0;0;0;0;0;1;0;0;0
"01/10/2015";"20:42:00";"124";"com v�tima";"123,533";"BR-393/RJ";"Pista Norte";"Colis�o c/ obst�culos";1;0;0;0;0;0;0;0;0;0;0;1;0;0;0
"03/10/2015";"14:37:00";"50";"com v�tima";"181,2";"BR-393/RJ";"Pista Sul";"Sa�das de pista";1;0;0;0;0;0;0;0;0;0;0;1;0;0;0
"03/10/2015";"19:34:00";"63";"sem v�tima";"188";"BR-393/RJ";"Pista Sul";"Atropelamento de animais";1;0;0;0;0;0;0;0;0;0;2;0;0;0;0
"04/10/2015";"22:59:00";"82";"sem v�tima";"286";"BR-393/RJ";"Pista Norte";"Colis�o lateral no sentido contr�rio";2;0;0;0;0;0;0;0;0;0;2;0;0;0;0
"05/10/2015";"10:28:00";"48";"sem v�tima";"240,475";"BR-393/RJ";"Pista Sul";"Colis�o lateral no mesmo sentido";1;0;1;0;0;0;0;0;0;0;2;0;0;0;0
"06/10/2015";"05:07:00";"32";"com v�tima";"279,241";"BR-393/RJ";"Pista Sul";"Colis�o com ve�culos (traseira)";0;0;2;0;0;0;0;0;0;0;0;2;0;0;0
"06/10/2015";"14:19:00";"56";"com v�tima";"284";"BR-393/RJ";"Pista Sul";"Atropelamento de pedestre";0;1;0;1;0;0;0;0;0;0;0;2;0;0;0
"06/10/2015";"17:12:00";"70";"sem v�tima";"245,5";"BR-393/RJ";"Pista Sul";"Colis�o com ve�culos (traseira)";3;0;0;0;0;0;0;0;0;0;3;0;0;0;0
"07/10/2015";"12:53:00";"41";"com v�tima";"102,5";"BR-393/RJ";"Pista Sul";"Colis�o lateral no mesmo sentido";2;0;0;0;0;0;0;0;0;0;3;1;0;0;0
"07/10/2015";"15:31:00";"48";"sem v�tima";"266,3";"BR-393/RJ";"Pista Sul";"Colis�o com ve�culos (traseira)";1;0;1;0;0;0;0;0;0;0;2;0;0;0;0
"07/10/2015";"22:02:00";"63";"com v�tima";"281";"BR-393/RJ";"Pista Sul";"Colis�o com ve�culos (frontal)";1;0;0;1;0;0;0;0;0;0;1;1;0;0;0
"07/10/2015";"22:12:00";"65";"sem v�tima";"281";"BR-393/RJ";"Pista Norte";"Engavetamento";0;0;0;0;0;0;0;0;0;0;0;0;0;0;0
"08/10/2015";"06:44:00";"15";"com v�tima";"274,162";"BR-393/RJ";"Pista Norte";"Tombamento";1;0;2;0;0;0;0;0;0;0;3;1;0;0;0
"08/10/2015";"08:37:00";"22";"com v�tima";"229,625";"BR-393/RJ";"Pista Sul";"Tombamento";0;0;1;0;0;0;0;0;0;0;0;2;0;0;0
"08/10/2015";"09:58:00";"26";"com v�tima";"218,881";"BR-393/RJ";"Pista Norte";"Colis�o lateral no sentido contr�rio";2;0;0;0;0;0;0;0;0;0;2;1;0;0;0
"08/10/2015";"10:03:00";"27";"com v�tima";"284,5";"BR-393/RJ";"Pista Sul";"Acidentes de outra natureza";0;0;0;1;0;0;0;0;0;0;0;1;0;0;0
"08/10/2015";"20:09:00";"93";"sem v�tima";"280,3";"BR-393/RJ";"Pista Sul";"Colis�o lateral no mesmo sentido";1;0;0;1;0;0;0;0;0;0;2;0;0;0;0
"09/10/2015";"12:39:00";"60";"sem v�tima";"274";"BR-393/RJ";"Pista Norte";"Colis�o com ve�culos (traseira)";2;0;0;0;0;0;0;0;0;0;2;0;0;0;0
"09/10/2015";"20:31:00";"89";"com v�tima";"151";"BR-393/RJ";"Pista Norte";"Colis�o lateral no mesmo sentido";1;0;1;0;0;0;0;0;0;0;0;4;0;0;0
"09/10/2015";"20:59:00";"92";"sem v�tima";"284,2";"BR-393/RJ";"Pista Norte";"Colis�o com ve�culos (traseira)";2;0;0;0;0;0;0;0;0;0;2;0;0;0;0
"10/10/2015";"18:09:00";"94";"sem v�tima";"278";"BR-393/RJ";"Pista Norte";"Colis�o com ve�culos (traseira)";2;0;0;0;0;0;0;0;0;0;2;0;0;0;0
"10/10/2015";"20:02:00";"97";"sem v�tima";"285";"BR-393/RJ";"Pista Sul";"Colis�o lateral no mesmo sentido";2;0;0;0;0;0;0;0;0;0;2;0;0;0;0
"11/10/2015";"00:55:00";"4";"sem v�tima";"282";"BR-393/RJ";"Pista Norte";"Colis�o com ve�culos (frontal)";2;0;0;0;0;0;0;0;0;0;4;0;0;0;0
"11/10/2015";"10:49:00";"29";"sem v�tima";"278";"BR-393/RJ";"Pista Norte";"Colis�o com ve�culos (traseira)";2;0;0;0;0;0;0;0;0;0;2;0;0;0;0
"12/10/2015";"19:42:00";"88";"com v�tima";"192,986";"BR-393/RJ";"Pista Norte";"Capotamento";1;0;0;0;0;0;0;0;0;0;0;3;0;0;0
"13/10/2015";"10:58:00";"40";"sem v�tima";"105,9";"BR-393/RJ";"Pista Norte";"Colis�o lateral no mesmo sentido";2;0;0;0;0;0;0;0;0;0;4;0;0;0;0
"13/10/2015";"17:55:00";"75";"com v�tima";"121,269";"BR-393/RJ";"Pista Sul";"Tombamento";0;0;1;0;0;0;0;0;0;0;0;0;1;0;0
"14/10/2015";"10:27:00";"36";"com v�tima";"123,575";"BR-393/RJ";"Pista Norte";"Tombamento";0;0;1;0;0;0;0;0;0;0;0;1;0;0;0
"14/10/2015";"18:49:00";"56";"com v�tima";"181,2";"BR-393/RJ";"Pista Sul";"Colis�o com ve�culos (traseira)";1;0;0;1;0;0;0;0;0;0;1;1;0;0;0
"14/10/2015";"19:37:00";"59";"com v�tima";"235,8";"BR-393/RJ";"Pista Sul";"Colis�o Lateral Mesmo Sentido";1;0;0;1;0;0;0;0;0;0;2;0;1;0;0
"14/10/2015";"22:09:00";"64";"com v�tima";"283,3";"BR-393/RJ";"Pista Sul";"Colis�o lateral no sentido contr�rio";1;0;1;0;0;0;0;0;0;0;1;1;0;0;0
"15/10/2015";"23:08:00";"71";"sem v�tima";"250,8";"BR-393/RJ";"Pista Sul";"Sa�das de pista";1;0;0;0;0;0;0;0;0;0;1;0;0;0;0
"16/10/2015";"12:56:00";"45";"com v�tima";"220,946";"BR-393/RJ";"Pista Sul";"Capotamento";1;0;0;0;0;0;0;0;0;0;0;1;0;0;0
"16/10/2015";"17:35:00";"62";"com v�tima";"268";"BR-393/RJ";"Pista Sul";"Colis�o com ve�culos (frontal)";2;0;0;0;0;0;0;0;0;0;1;2;0;0;0
"17/10/2015";"03:00:00";"19";"com v�tima";"284,412";"BR-393/RJ";"Pista Sul";"Colis�o lateral no sentido contr�rio";2;0;0;0;0;0;0;0;0;0;2;1;0;0;0
"17/10/2015";"15:30:00";"59";"sem v�tima";"131,266";"BR-393/RJ";"Pista Sul";"Sa�das de pista";1;0;0;0;0;0;0;0;0;0;2;0;0;0;0
"18/10/2015";"19:28:00";"29";"com v�tima";"181,3";"BR-393/RJ";"Pista Sul";"Colis�o c/ obst�culos";1;0;0;0;0;0;0;0;0;0;0;1;2;0;0
"18/10/2015";"21:40:00";"39";"com v�tima";"283,3";"BR-393/RJ";"Pista Sul";"Colis�o com ve�culos (frontal)";1;0;0;2;0;0;0;0;0;0;2;1;0;0;0
"20/10/2015";"18:44:00";"58";"sem v�tima";"280";"BR-393/RJ";"Pista Norte";"Sa�das de pista";1;0;0;0;0;0;0;0;0;0;1;0;0;0;0
"21/10/2015";"08:50:00";"39";"com v�tima";"103,928";"BR-393/RJ";"Pista Sul";"Colis�o com ve�culos (traseira)";2;0;0;0;0;0;0;0;0;0;3;1;0;0;0
"21/10/2015";"14:59:00";"81";"com v�tima";"278";"BR-393/RJ";"Pista Sul";"Sa�das de pista";2;0;0;0;0;0;0;0;0;0;2;1;0;0;0
"22/10/2015";"13:32:00";"59";"com v�tima";"250,036";"BR-393/RJ";"Pista Sul";"Acidentes de outra natureza";1;0;1;0;0;0;0;0;0;0;3;0;0;0;1
"22/10/2015";"15:35:00";"65";"com v�tima";"282,198";"BR-393/RJ";"Pista Sul";"Colis�o com ve�culos (traseira)";1;0;1;0;0;0;0;0;0;0;0;2;0;0;0
"22/10/2015";"17:31:00";"72";"com v�tima";"184,28";"BR-393/RJ";"Pista Norte";"Colis�o com ve�culos (frontal)";1;0;1;0;0;0;0;0;0;0;0;1;0;1;1
"23/10/2015";"00:33:00";"2";"sem v�tima";"237,9";"BR-393/RJ";"Pista Sul";"Atropelamento de animais";0;0;1;0;0;0;0;0;0;0;1;0;0;0;0
"23/10/2015";"12:19:00";"31";"sem v�tima";"174,524";"BR-393/RJ";"Pista Sul";"Capotamento";0;0;1;0;0;0;0;0;0;0;2;0;0;0;0
"24/10/2015";"05:10:00";"18";"com v�tima";"151,882";"BR-393/RJ";"Pista Sul";"Tombamento";0;0;1;0;0;0;0;0;0;0;0;1;0;0;0
"24/10/2015";"10:58:00";"29";"sem v�tima";"175,6";"BR-393/RJ";"Pista Sul";"Colis�o com ve�culos (traseira)";1;0;1;0;0;0;0;0;0;0;2;0;0;0;0
"24/10/2015";"23:49:00";"73";"sem v�tima";"280,257";"BR-393/RJ";"Pista Sul";"Colis�o lateral no sentido contr�rio";2;0;0;0;0;0;0;0;0;0;2;0;0;0;0
"26/10/2015";"06:46:00";"35";"com v�tima";"285,403";"BR-393/RJ";"Pista Sul";"Colis�o lateral no sentido contr�rio";1;0;0;1;0;0;0;0;0;0;1;1;0;0;0
"26/10/2015";"09:02:00";"46";"com v�tima";"168,809";"BR-393/RJ";"Pista Sul";"Colis�o com ve�culos (traseira)";1;1;0;0;0;0;0;0;0;0;0;1;0;0;1
"26/10/2015";"12:19:00";"53";"com v�tima";"280,266";"BR-393/RJ";"Pista Norte";"Colis�o lateral no mesmo sentido";1;0;0;1;0;0;0;0;0;0;1;1;0;0;0
"26/10/2015";"18:43:00";"81";"com v�tima";"281,6";"BR-393/RJ";"Pista Norte";"Atropelamento de pedestre";0;0;0;1;0;0;0;0;0;0;1;1;0;0;0
"26/10/2015";"21:27:00";"91";"com v�tima";"135,543";"BR-393/RJ";"Pista Sul";"Atropelamento de pedestre";1;1;0;0;0;0;0;0;0;0;1;2;0;0;0
"29/10/2015";"06:37:00";"24";"sem v�tima";"175,661";"BR-393/RJ";"Pista Sul";"Colis�o com ve�culos (traseira)";2;0;0;1;0;0;0;0;0;0;6;0;0;0;0
"30/10/2015";"13:47:00";"41";"com v�tima";"103,977";"BR-393/RJ";"Pista Sul";"Atropelamento de animais";0;0;0;1;0;0;0;0;0;0;0;1;1;0;0
"31/10/2015";"07:08:00";"17";"sem v�tima";"170,626";"BR-393/RJ";"Pista Norte";"Colis�o c/ obst�culos";1;0;0;0;0;0;0;0;0;0;4;0;0;0;0
"31/10/2015";"07:26:00";"20";"com v�tima";"232,096";"BR-393/RJ";"Pista Norte";"Colis�o lateral no mesmo sentido";1;0;0;0;1;0;0;0;0;0;2;1;0;0;0
"31/10/2015";"12:07:00";"35";"com v�tima";"168,021";"BR-393/RJ";"Pista Sul";"Atropelamento de pedestre";0;0;0;1;0;0;0;0;0;0;2;1;0;0;0
"31/10/2015";"23:09:00";"65";"com v�tima";"241,2";"BR-393/RJ";"Pista Norte";"Sa�das de pista";0;0;0;1;0;0;0;0;0;0;0;0;0;1;0
"01/11/2015";"08:01:00";"19";"com v�tima";"285";"BR-393/RJ";"Pista Norte";"Colis�o c/ obst�culos";1;0;0;0;0;0;0;0;0;0;0;1;0;0;0
"01/11/2015";"08:14:00";"21";"com v�tima";"175,554";"BR-393/RJ";"Pista Sul";"Capotamento";1;0;0;0;0;0;0;0;0;0;0;1;0;2;0
"01/11/2015";"18:13:00";"49";"sem v�tima";"138,1";"BR-393/RJ";"Pista Norte";"Colis�o c/ obst�culos";1;0;0;0;0;0;0;0;0;0;1;0;0;0;0
"01/11/2015";"18:53:00";"53";"sem v�tima";"282,688";"BR-393/RJ";"Pista Norte";"Sa�das de pista";1;0;0;0;0;0;0;0;0;0;2;0;0;0;0
"01/11/2015";"19:28:00";"55";"com v�tima";"285,95";"BR-393/RJ";"Pista Sul";"Colis�o lateral no mesmo sentido";0;0;0;1;1;0;0;0;0;0;0;2;0;0;0
"01/11/2015";"22:24:00";"63";"com v�tima";"284,555";"BR-393/RJ";"Pista Norte";"Colis�o com ve�culos (traseira)";2;0;0;0;0;0;0;0;0;0;1;2;0;0;0
"02/11/2015";"08:30:00";"27";"sem v�tima";"232";"BR-393/RJ";"Pista Norte";"Colis�o lateral no sentido contr�rio";1;0;0;0;1;0;0;0;0;0;29;0;0;0;0
"02/11/2015";"14:31:00";"60";"com v�tima";"216,608";"BR-393/RJ";"Pista Norte";"Colis�o lateral no mesmo sentido";2;0;0;0;0;0;0;0;0;0;4;1;0;0;0
"02/11/2015";"19:59:00";"88";"sem v�tima";"239,2";"BR-393/RJ";"Pista Norte";"Sa�das de pista";1;0;0;0;0;0;0;0;0;0;1;0;0;0;0
"03/11/2015";"00:57:00";"6";"sem v�tima";"105,8";"BR-393/RJ";"Pista Norte";"Sa�das de pista";1;0;0;0;0;0;0;0;0;0;1;0;0;0;0
"03/11/2015";"01:40:00";"17";"com v�tima";"284,507";"BR-393/RJ";"Pista Sul";"Tombamento";0;0;1;0;0;0;0;0;0;0;0;2;0;0;0
"03/11/2015";"17:11:00";"52";"com v�tima";"141,251";"BR-393/RJ";"Pista Sul";"Colis�o c/ obst�culos";1;0;0;0;0;0;0;0;0;0;1;1;1;0;0
"04/11/2015";"08:35:00";"22";"com v�tima";"155,709";"BR-393/RJ";"Pista Norte";"Tombamento";1;0;2;0;0;0;0;0;0;1;0;6;0;0;0
"05/11/2015";"00:14:00";"1";"com v�tima";"223,2";"BR-393/RJ";"Pista Norte";"Sa�das de pista";0;0;1;0;0;0;0;0;0;0;0;1;0;0;0
"05/11/2015";"13:19:00";"54";"com v�tima";"235,216";"BR-393/RJ";"Pista Norte";"Colis�o lateral no sentido contr�rio";2;0;0;0;0;0;0;0;0;0;1;1;0;0;0
"05/11/2015";"14:24:00";"59";"com v�tima";"224";"BR-393/RJ";"Pista Norte";"Colis�o lateral no sentido contr�rio";1;0;1;0;0;0;0;0;0;0;0;2;0;1;0
"05/11/2015";"18:49:00";"69";"com v�tima";"263,509";"BR-393/RJ";"Pista Sul";"Colis�o com ve�culos (frontal)";1;0;0;1;0;0;0;0;0;0;0;1;1;0;0
"05/11/2015";"19:30:00";"71";"sem v�tima";"263,509";"BR-393/RJ";"Pista Sul";"Colis�o lateral no mesmo sentido";1;0;1;0;0;0;0;0;0;0;4;0;0;0;0
"05/11/2015";"21:47:00";"82";"com v�tima";"279,707";"BR-393/RJ";"Pista Norte";"Colis�o com ve�culos (traseira)";2;0;0;0;0;0;0;0;0;0;1;1;0;0;0
"05/11/2015";"23:02:00";"86";"com v�tima";"281,1";"BR-393/RJ";"Pista Sul";"Acidentes de outra natureza";0;0;0;1;0;0;0;0;0;0;0;2;0;0;0
"06/11/2015";"21:14:00";"137";"sem v�tima";"280,785";"BR-393/RJ";"Pista Sul";"Colis�o com ve�culos (traseira)";2;0;0;0;0;0;0;0;0;0;2;0;0;0;0
"07/11/2015";"08:03:00";"32";"com v�tima";"139,581";"BR-393/RJ";"Pista Sul";"Sa�das de pista";1;0;0;0;0;0;0;0;0;0;0;3;0;0;0
"07/11/2015";"18:04:00";"66";"com v�tima";"252,2";"BR-393/RJ";"Pista Norte";"Colis�o lateral no sentido contr�rio";2;0;0;0;0;0;0;0;0;0;0;1;1;0;0
"07/11/2015";"22:12:00";"81";"com v�tima";"229,9";"BR-393/RJ";"Pista Sul";"Sa�das de pista";1;0;0;0;0;0;0;0;0;0;0;2;0;0;0
"07/11/2015";"22:49:00";"82";"sem v�tima";"123,7";"BR-393/RJ";"Pista Norte";"Sa�das de pista";1;0;0;0;0;0;0;0;0;0;1;0;0;0;0
"08/11/2015";"12:47:00";"25";"sem v�tima";"233,929";"BR-393/RJ";"Pista Sul";"Colis�o lateral no mesmo sentido";2;0;0;0;0;0;0;0;0;0;2;0;0;0;0
"08/11/2015";"16:33:00";"35";"com v�tima";"281,114";"BR-393/RJ";"Pista Sul";"Acidentes de outra natureza";0;0;0;1;0;0;0;0;0;0;0;1;0;0;0
"08/11/2015";"19:22:00";"48";"com v�tima";"132,8";"BR-393/RJ";"Pista Sul";"Acidentes de outra natureza";0;0;0;1;0;0;0;0;0;0;0;1;0;0;0
"08/11/2015";"20:28:00";"54";"sem v�tima";"284,4";"BR-393/RJ";"Pista Sul";"Sa�das de pista";0;0;1;0;0;0;0;0;0;0;1;0;0;0;0
"08/11/2015";"23:10:00";"66";"com v�tima";"144,9";"BR-393/RJ";"Pista Norte";"Acidentes de outra natureza";0;0;0;1;0;0;0;0;0;0;0;2;0;0;0
"09/11/2015";"19:47:00";"84";"com v�tima";"285,095";"BR-393/RJ";"Pista Norte";"Colis�o com ve�culos (traseira)";2;0;0;0;0;0;0;0;0;0;2;1;0;0;0
"10/11/2015";"08:27:00";"38";"sem v�tima";"168,419";"BR-393/RJ";"Pista Sul";"Engavetamento";2;0;0;0;0;0;0;0;0;1;3;0;0;0;0
"10/11/2015";"20:50:00";"113";"sem v�tima";"259";"BR-393/RJ";"Pista Norte";"Sa�das de pista";1;0;0;0;0;0;0;0;0;0;1;0;0;0;0
"11/11/2015";"00:27:00";"9";"sem v�tima";"175,497";"BR-393/RJ";"Pista Sul";"Capotamento";1;0;0;0;0;0;0;0;0;0;1;0;0;0;0
"12/11/2015";"07:55:00";"11";"sem v�tima";"266,628";"BR-393/RJ";"Pista Norte";"Colis�o com ve�culos (traseira)";0;0;2;0;0;0;0;0;0;0;2;0;0;0;0
"12/11/2015";"09:27:00";"17";"com v�tima";"232,725";"BR-393/RJ";"Pista Sul";"Colis�o lateral no mesmo sentido";2;0;0;0;0;0;0;0;0;0;1;1;0;0;0
"12/11/2015";"16:02:00";"47";"sem v�tima";"283,113";"BR-393/RJ";"Pista Sul";"Colis�o com ve�culos (traseira)";0;0;2;0;0;0;0;0;0;0;2;0;0;0;0
"13/11/2015";"12:04:00";"51";"com v�tima";"285,6";"BR-393/RJ";"Pista Sul";"Acidentes de outra natureza";0;0;0;1;0;0;0;0;0;0;0;1;0;0;0
"13/11/2015";"14:27:00";"64";"com v�tima";"274,8";"BR-393/RJ";"Pista Sul";"Colis�o lateral no mesmo sentido";1;0;1;0;0;0;0;0;0;0;1;2;0;0;0
"13/11/2015";"16:21:00";"70";"sem v�tima";"285,102";"BR-393/RJ";"Pista Norte";"Colis�o com ve�culos (traseira)";2;0;0;0;0;0;0;0;0;0;2;0;0;0;0
"13/11/2015";"17:19:00";"77";"sem v�tima";"283,3";"BR-393/RJ";"Pista Norte";"Colis�o com ve�culos (traseira)";2;0;0;0;0;0;0;0;0;0;2;0;0;0;0
"13/11/2015";"18:52:00";"86";"sem v�tima";"285,388";"BR-393/RJ";"Pista Norte";"Engavetamento";3;0;0;0;0;0;0;0;0;0;5;0;0;0;0
"13/11/2015";"19:44:00";"94";"com v�tima";"285,5";"BR-393/RJ";"Pista Norte";"Colis�o lateral no mesmo sentido";1;0;0;0;1;0;0;0;0;0;2;0;0;0;1
"14/11/2015";"04:14:00";"15";"sem v�tima";"285,482";"BR-393/RJ";"Pista Norte";"Colis�o lateral no sentido contr�rio";2;0;0;0;0;0;0;0;0;0;2;0;0;0;0
"14/11/2015";"05:03:00";"18";"com v�tima";"280";"BR-393/RJ";"Pista Norte";"Atropelamento de pedestre";1;1;0;0;0;0;0;0;0;0;1;0;0;1;1
"16/11/2015";"08:12:00";"31";"com v�tima";"168,807";"BR-393/RJ";"Pista Sul";"Colis�o lateral no sentido contr�rio";1;0;1;0;0;0;0;0;0;0;0;2;0;0;0
"16/11/2015";"08:33:00";"32";"sem v�tima";"125,815";"BR-393/RJ";"Pista Norte";"Colis�o com ve�culos (traseira)";2;0;0;0;0;0;0;0;0;0;4;0;0;0;0
"16/11/2015";"17:49:00";"62";"com v�tima";"284";"BR-393/RJ";"Pista Sul";"Colis�o lateral no mesmo sentido";1;0;0;1;0;0;0;0;0;0;1;1;0;0;0
"18/11/2015";"07:25:00";"45";"sem v�tima";"285,177";"BR-393/RJ";"Pista Norte";"Colis�o lateral no mesmo sentido";2;0;0;0;0;0;0;0;0;0;2;0;0;0;0
"18/11/2015";"11:00:00";"59";"com v�tima";"168,136";"BR-393/RJ";"Pista Norte";"Colis�o lateral no sentido contr�rio";1;0;0;0;0;0;0;0;0;1;4;1;0;0;0
"18/11/2015";"17:14:00";"90";"com v�tima";"264,915";"BR-393/RJ";"Pista Sul";"Colis�o lateral no sentido contr�rio";1;0;1;0;0;0;0;0;0;0;0;2;0;0;0
"18/11/2015";"17:23:00";"91";"com v�tima";"243,528";"BR-393/RJ";"Pista Norte";"Colis�o c/ obst�culos";1;0;0;0;0;0;0;0;0;0;0;1;0;0;1
"19/11/2015";"06:10:00";"32";"com v�tima";"285,172";"BR-393/RJ";"Pista Norte";"Colis�o lateral no sentido contr�rio";2;0;0;0;0;0;0;0;0;0;2;2;0;0;0
"19/11/2015";"06:58:00";"33";"com v�tima";"184,891";"BR-393/RJ";"Pista Norte";"Colis�o lateral no mesmo sentido";0;0;1;0;1;0;0;0;0;0;1;1;0;0;0
"20/11/2015";"05:32:00";"13";"com v�tima";"273,92";"BR-393/RJ";"Pista Norte";"Tombamento";0;0;1;0;0;0;0;0;0;0;0;1;0;0;0
"20/11/2015";"13:26:00";"33";"com v�tima";"3";"Al�a Sul";"Pista Sul";"Colis�o lateral no mesmo sentido";2;0;0;0;0;0;0;0;0;0;1;2;0;0;0
"20/11/2015";"16:56:00";"38";"com v�tima";"1,298";"Al�a Sul";"Pista Sul";"Capotamento";1;0;0;0;0;0;0;0;0;0;0;2;0;0;0
"20/11/2015";"17:58:00";"39";"sem v�tima";"132";"BR-393/RJ";"Pista Norte";"Colis�o lateral no mesmo sentido";2;0;0;0;0;0;0;0;0;0;5;0;0;0;0
"21/11/2015";"05:10:00";"14";"com v�tima";"282,4";"BR-393/RJ";"Pista Sul";"Colis�o c/ obst�culos";1;0;0;0;0;0;0;0;0;0;0;0;1;0;0
"21/11/2015";"14:33:00";"43";"com v�tima";"238,641";"BR-393/RJ";"Pista Norte";"Colis�o lateral no sentido contr�rio";2;0;0;0;0;0;0;0;0;0;0;6;0;0;0
"21/11/2015";"16:54:00";"51";"com v�tima";"131,461";"BR-393/RJ";"Pista Norte";"Tombamento";0;0;1;0;0;0;0;0;0;0;0;0;0;1;0
"22/11/2015";"03:17:00";"16";"com v�tima";"260,451";"BR-393/RJ";"Pista Norte";"Sa�das de pista";1;0;0;0;0;0;0;0;0;0;0;1;0;0;0
"22/11/2015";"10:19:00";"34";"sem v�tima";"236,377";"BR-393/RJ";"Pista Sul";"Colis�o lateral no mesmo sentido";1;0;0;0;1;0;0;0;0;0;36;0;0;0;0
"22/11/2015";"11:32:00";"37";"com v�tima";"3,015";"Al�a Sul";"Pista Sul";"Colis�o com ve�culos (frontal)";1;0;0;1;0;0;0;0;0;0;0;2;0;0;0
"22/11/2015";"17:12:00";"59";"com v�tima";"281,251";"BR-393/RJ";"Pista Norte";"Colis�o com ve�culos (traseira)";2;0;0;0;0;0;0;0;0;0;2;1;0;0;0
"22/11/2015";"18:41:00";"74";"com v�tima";"151,9";"BR-393/RJ";"Pista Sul";"Tombamento";0;0;1;0;0;0;0;0;0;0;0;1;0;0;0
"23/11/2015";"08:02:00";"23";"com v�tima";"222,639";"BR-393/RJ";"Pista Sul";"Colis�o lateral no sentido contr�rio";0;0;1;1;0;0;0;0;0;0;1;1;0;0;0
"23/11/2015";"10:30:00";"32";"com v�tima";"206,243";"BR-393/RJ";"Pista Norte";"Colis�o c/ obst�culos";1;0;0;0;0;0;0;0;0;0;0;1;0;0;0
"23/11/2015";"16:24:00";"51";"sem v�tima";"134,88";"BR-393/RJ";"Pista Norte";"Sa�das de pista";1;0;0;0;0;0;0;0;0;0;2;0;0;0;0