fdata;horario;n_da_ocorrencia;tipo_de_ocorrencia;km;trecho;sentido;tipo_de_acidente;automovel;bicicleta;caminhao;moto;onibus;outros;tracao_animal;transporte_de_cargas_especiais;trator_maquinas;utilitarios;ilesos;levemente_feridos;moderadamente_feridos;gravemente_feridos;mortos
"23/11/2015";"18:10:00";"56";"com v�tima";"266,8";"BR-393/RJ";"Pista Norte";"Sa�das de pista";1;0;0;0;0;0;0;0;0;0;0;1;0;0;0
"23/11/2015";"19:27:00";"60";"com v�tima";"281";"BR-393/RJ";"Pista Sul";"Colis�o lateral no mesmo sentido";2;0;0;0;0;0;0;0;0;0;1;2;0;0;0
"23/11/2015";"22:44:00";"65";"com v�tima";"134";"BR-393/RJ";"Pista Norte";"Atropelamento de animais";1;0;0;0;0;0;0;0;0;0;1;1;0;0;0
"24/11/2015";"21:15:00";"66";"com v�tima";"232,7";"BR-393/RJ";"Pista Sul";"Colis�o lateral no sentido contr�rio";2;0;0;0;0;0;0;0;0;0;2;1;0;0;0
"25/11/2015";"06:34:00";"11";"com v�tima";"138,229";"BR-393/RJ";"Pista Sul";"Capotamento";0;0;1;0;0;0;0;0;0;0;0;1;0;0;0
"25/11/2015";"09:12:00";"23";"sem v�tima";"165,839";"BR-393/RJ";"Pista Sul";"Colis�o lateral no sentido contr�rio";2;0;0;0;0;0;0;0;0;0;5;0;0;0;0
"26/11/2015";"06:53:00";"25";"com v�tima";"283,235";"BR-393/RJ";"Pista Sul";"Colis�o com ve�culos (traseira)";2;0;0;0;0;0;0;0;0;0;1;1;0;0;0
"28/11/2015";"06:41:00";"15";"sem v�tima";"181,415";"BR-393/RJ";"Pista Norte";"Sa�das de pista";1;0;0;0;0;0;0;0;0;0;1;0;0;0;0
"28/11/2015";"12:40:00";"38";"sem v�tima";"250,471";"BR-393/RJ";"Pista Norte";"Colis�o lateral no sentido contr�rio";2;0;0;0;0;0;0;0;0;0;4;0;0;0;0
"29/11/2015";"19:16:00";"68";"com v�tima";"181,601";"BR-393/RJ";"Pista Norte";"Acidentes de outra natureza";0;0;0;1;0;0;0;0;0;0;0;1;0;0;0
"29/11/2015";"23:00:00";"85";"com v�tima";"284,431";"BR-393/RJ";"Pista Norte";"Colis�o com ve�culos (traseira)";2;0;0;0;0;0;0;0;0;0;3;1;0;0;0
"30/11/2015";"12:37:00";"97";"com v�tima";"282,234";"BR-393/RJ";"Pista Norte";"Acidentes de outra natureza";0;1;0;0;0;0;0;0;0;0;0;1;0;0;0
"30/11/2015";"17:21:00";"119";"com v�tima";"252,475";"BR-393/RJ";"Pista Norte";"Colis�o lateral no sentido contr�rio";2;0;0;0;0;0;0;0;0;0;5;1;0;0;0
"30/11/2015";"18:06:00";"123";"sem v�tima";"280,198";"BR-393/RJ";"Pista Sul";"Colis�o com ve�culos (frontal)";2;0;0;0;0;0;0;0;0;0;2;0;0;0;0
"30/11/2015";"18:46:00";"124";"sem v�tima";"106,4";"BR-393/RJ";"Pista Norte";"Colis�o lateral no mesmo sentido";1;0;1;0;0;0;0;0;0;0;3;0;0;0;0
"01/12/2015";"08:20:00";"54";"com v�tima";"124,439";"BR-393/RJ";"Pista Norte";"Acidentes de outra natureza";0;0;0;1;0;0;0;0;0;0;0;1;0;0;0
"01/12/2015";"11:18:00";"68";"com v�tima";"281,097";"BR-393/RJ";"Pista Norte";"Colis�o lateral no sentido contr�rio";1;0;0;1;0;0;0;0;0;0;1;1;0;0;0
"03/12/2015";"07:00:00";"15";"com v�tima";"188,845";"BR-393/RJ";"Pista Norte";"Capotamento";1;0;0;0;0;0;0;0;0;0;0;2;0;0;0
"05/12/2015";"02:10:00";"1";"sem v�tima";"285,03";"BR-393/RJ";"Pista Norte";"Sa�das de pista";1;0;0;0;0;0;0;0;0;0;1;0;0;0;0
"05/12/2015";"14:10:00";"40";"com v�tima";"281";"BR-393/RJ";"Pista Norte";"Colis�o lateral no sentido contr�rio";1;0;0;1;0;0;0;0;0;0;3;1;0;0;0
"05/12/2015";"18:26:00";"47";"sem v�tima";"232,8";"BR-393/RJ";"Pista Sul";"Colis�o lateral no sentido contr�rio";2;0;0;0;0;0;0;0;0;0;5;0;0;0;0
"06/12/2015";"13:54:00";"37";"com v�tima";"285";"BR-393/RJ";"Pista Norte";"Colis�o com ve�culos (traseira)";1;0;0;1;0;0;0;0;0;0;0;3;0;0;0
"06/12/2015";"14:36:00";"38";"sem v�tima";"265";"BR-393/RJ";"Pista Norte";"Colis�o com ve�culos (traseira)";0;0;2;0;0;0;0;0;0;0;2;0;0;0;0
"06/12/2015";"22:00:00";"65";"sem v�tima";"286";"BR-393/RJ";"Pista Sul";"Colis�o c/ obst�culos";1;0;0;0;1;0;0;0;0;0;37;0;0;0;0
"07/12/2015";"00:27:00";"1";"com v�tima";"190";"BR-393/RJ";"Pista Norte";"Colis�o lateral no sentido contr�rio";1;0;0;0;1;0;0;0;0;0;1;4;0;0;0
"07/12/2015";"01:08:00";"4";"com v�tima";"165,7";"BR-393/RJ";"Pista Norte";"Capotamento";1;0;0;0;0;0;0;0;0;0;0;4;0;0;0
"07/12/2015";"07:17:00";"24";"com v�tima";"283,3";"BR-393/RJ";"Pista Norte";"Colis�o com ve�culos (traseira)";2;0;0;0;0;0;0;0;0;0;1;1;0;0;0
"10/12/2015";"15:49:00";"44";"com v�tima";"128";"BR-393/RJ";"Pista Norte";"Sa�das de pista";1;0;0;0;0;0;0;0;0;0;0;1;0;0;0
"11/12/2015";"01:02:00";"5";"com v�tima";"210,7";"BR-393/RJ";"Pista Sul";"Atropelamento de animais";1;0;0;0;0;0;0;0;0;0;0;1;0;0;0
"11/12/2015";"14:38:00";"53";"sem v�tima";"182";"BR-393/RJ";"Pista Norte";"Colis�o com ve�culos (traseira)";1;0;1;0;0;0;0;0;0;0;3;0;0;0;0
"11/12/2015";"18:21:00";"69";"com v�tima";"123,141";"BR-393/RJ";"Pista Norte";"Saida de Pista";1;0;0;0;0;0;0;0;0;0;2;1;0;0;0
"11/12/2015";"19:20:00";"74";"sem v�tima";"141,077";"BR-393/RJ";"Pista Sul";"Acidentes de outra natureza";0;1;0;0;0;0;0;0;0;0;1;0;0;0;0
"11/12/2015";"21:12:00";"89";"sem v�tima";"286";"BR-393/RJ";"Pista Sul";"Engavetamento";3;0;0;0;0;0;0;0;0;0;3;0;0;0;0
"12/12/2015";"00:41:00";"13";"sem v�tima";"102,3";"BR-393/RJ";"Pista Sul";"Colis�o lateral no sentido contr�rio";1;0;1;0;0;0;0;0;0;0;2;0;0;0;0
"12/12/2015";"01:11:00";"14";"sem v�tima";"242,465";"BR-393/RJ";"Pista Norte";"Acidentes de outra natureza";0;0;1;0;0;0;0;0;0;0;1;0;0;0;0
"12/12/2015";"02:17:00";"27";"sem v�tima";"2,5";"Al�a Sul";"Pista Sul";"Atropelamento de animais";1;0;0;0;0;0;0;0;0;0;1;0;0;0;0
"12/12/2015";"09:05:00";"52";"sem v�tima";"281,519";"BR-393/RJ";"Pista Norte";"Engavetamento";3;0;0;0;0;0;0;0;0;0;4;0;0;0;0
"12/12/2015";"18:38:00";"87";"com v�tima";"261,326";"BR-393/RJ";"Pista Norte";"Colis�o c/ obst�culos";1;0;0;0;0;0;0;0;0;0;0;3;1;0;0
"12/12/2015";"21:18:00";"101";"com v�tima";"179,322";"BR-393/RJ";"Pista Norte";"Acidentes de outra natureza";0;1;0;0;0;0;0;0;0;0;0;0;1;0;0
"12/12/2015";"23:28:00";"109";"com v�tima";"179,73";"BR-393/RJ";"Pista Norte";"Colis�o lateral no sentido contr�rio";2;0;1;0;0;0;0;0;0;0;1;4;0;0;0
"13/12/2015";"04:38:00";"17";"com v�tima";"243,8";"BR-393/RJ";"Pista Norte";"Colis�o c/ obst�culos";1;0;0;0;0;0;0;0;0;0;0;2;0;0;0
"13/12/2015";"05:00:00";"19";"com v�tima";"256,04";"BR-393/RJ";"Pista Norte";"Sa�das de pista";1;0;0;0;0;0;0;0;0;0;0;1;0;0;0
"13/12/2015";"19:06:00";"48";"sem v�tima";"122,921";"BR-393/RJ";"Pista Sul";"Tombamento";0;0;1;0;0;0;0;0;0;0;1;0;0;0;0
"13/12/2015";"20:22:00";"58";"com v�tima";"286";"BR-393/RJ";"Pista Norte";"Colis�o com ve�culos (traseira)";2;0;0;0;0;0;0;0;0;0;2;1;0;0;0
"13/12/2015";"22:14:00";"72";"sem v�tima";"284,2";"BR-393/RJ";"Pista Sul";"Colis�o com ve�culos (traseira)";1;0;0;1;0;0;0;0;0;0;2;0;0;0;0
"13/12/2015";"22:20:00";"73";"sem v�tima";"134";"BR-393/RJ";"Pista Sul";"Sa�das de pista";0;0;0;0;0;0;0;0;0;1;1;0;0;0;0
"14/12/2015";"01:23:00";"3";"com v�tima";"119";"BR-393/RJ";"Pista Sul";"Sa�das de pista";1;0;0;0;0;0;0;0;0;0;0;2;0;0;0
"14/12/2015";"15:09:00";"53";"com v�tima";"278,898";"BR-393/RJ";"Pista Sul";"Engavetamento";2;0;1;0;0;0;0;0;0;0;2;2;0;0;0
"14/12/2015";"19:09:00";"63";"com v�tima";"284,2";"BR-393/RJ";"Pista Norte";"Atropelamento de pedestre";1;1;0;0;0;0;0;0;0;0;1;0;0;1;0
"15/12/2015";"15:05:00";"41";"sem v�tima";"273";"BR-393/RJ";"Pista Norte";"Sa�das de pista";0;0;1;0;0;0;0;0;0;0;1;0;0;0;0
"15/12/2015";"23:31:00";"85";"sem v�tima";"285,2";"BR-393/RJ";"Pista Norte";"Acidentes de outra natureza";0;0;0;1;0;0;0;0;0;0;1;0;0;0;0
"17/12/2015";"05:54:00";"30";"com v�tima";"171,175";"BR-393/RJ";"Pista Sul";"Colis�o com ve�culos (frontal)";1;0;1;0;0;0;0;0;0;0;1;3;0;0;0
"17/12/2015";"09:25:00";"33";"sem v�tima";"284,252";"BR-393/RJ";"Pista Norte";"Colis�o lateral no sentido contr�rio";2;0;0;0;0;0;0;0;0;0;3;0;0;0;0
"17/12/2015";"21:03:00";"77";"sem v�tima";"142,5";"BR-393/RJ";"Pista Sul";"Colis�o com ve�culos (traseira)";2;0;0;0;0;0;0;0;0;0;3;0;0;0;0
"18/12/2015";"15:19:00";"35";"sem v�tima";"283,406";"BR-393/RJ";"Pista Norte";"Colis�o com ve�culos (traseira)";2;0;0;0;0;0;0;0;0;0;2;0;0;0;0
"18/12/2015";"17:47:00";"45";"sem v�tima";"187,05";"BR-393/RJ";"Pista Norte";"Colis�o lateral no mesmo sentido";1;0;1;0;0;0;0;0;0;0;4;0;0;0;0
"18/12/2015";"20:02:00";"50";"com v�tima";"180,7";"BR-393/RJ";"Pista Norte";"Atropelamento de pedestre";0;1;0;1;0;0;0;0;0;0;0;1;1;0;0
"19/12/2015";"04:24:00";"18";"sem v�tima";"139,2";"BR-393/RJ";"Pista Norte";"Sa�das de pista";1;0;0;0;0;0;0;0;0;0;5;0;0;0;0
"19/12/2015";"05:44:00";"20";"sem v�tima";"1,937";"Al�a Sul";"Pista Norte";"Atropelamento de animais";1;0;0;0;0;0;0;0;0;0;1;0;0;0;0
"19/12/2015";"12:12:00";"54";"sem v�tima";"285";"BR-393/RJ";"Pista Norte";"Engavetamento";3;0;0;0;0;0;0;0;0;0;5;0;0;0;0
"19/12/2015";"15:09:00";"64";"sem v�tima";"277";"BR-393/RJ";"Pista Norte";"Engavetamento";2;0;1;0;0;0;0;0;0;0;7;0;0;0;0
"19/12/2015";"18:03:00";"89";"sem v�tima";"280,15";"BR-393/RJ";"Pista Norte";"Colis�o com ve�culos (traseira)";2;0;0;0;0;0;0;0;0;0;2;0;0;0;0
"20/12/2015";"05:19:00";"22";"sem v�tima";"285,12";"BR-393/RJ";"Pista Norte";"Colis�o com ve�culos (traseira)";2;0;0;0;0;0;0;0;0;0;2;0;0;0;0
"20/12/2015";"11:26:00";"41";"sem v�tima";"285";"BR-393/RJ";"Pista Norte";"Engavetamento";3;0;0;0;0;0;0;0;0;0;3;0;0;0;0
"20/12/2015";"15:59:00";"57";"com v�tima";"238,608";"BR-393/RJ";"Pista Norte";"Colis�o lateral no sentido contr�rio";2;0;0;0;0;0;0;0;0;0;3;2;0;0;0
"20/12/2015";"19:04:00";"68";"sem v�tima";"283,3";"BR-393/RJ";"Pista Norte";"Colis�o com ve�culos (traseira)";2;0;0;0;0;0;0;0;0;0;2;0;0;0;0
"20/12/2015";"19:27:00";"69";"sem v�tima";"285,3";"BR-393/RJ";"Pista Norte";"Colis�o lateral no mesmo sentido";1;0;0;0;1;0;0;0;0;0;2;0;0;0;0
"21/12/2015";"16:43:00";"52";"com v�tima";"233";"BR-393/RJ";"Pista Sul";"Colis�o lateral no mesmo sentido";1;0;1;0;0;0;0;0;0;0;1;1;0;0;0
"22/12/2015";"14:17:00";"51";"com v�tima";"226,134";"BR-393/RJ";"Pista Sul";"Colis�o com ve�culos (frontal)";4;0;1;0;0;0;0;0;0;0;2;3;1;2;2
"23/12/2015";"21:04:00";"95";"com v�tima";"197";"BR-393/RJ";"Pista Norte";"Colis�o lateral no sentido contr�rio";0;0;1;0;0;0;0;0;0;1;2;2;0;0;0
"24/12/2015";"10:05:00";"50";"sem v�tima";"175";"BR-393/RJ";"Pista Sul";"Colis�o com ve�culos (traseira)";1;0;1;0;0;0;0;0;0;0;2;0;0;0;0
"24/12/2015";"15:02:00";"79";"com v�tima";"237,105";"BR-393/RJ";"Pista Sul";"Colis�o com ve�culos (traseira)";2;0;0;0;0;0;0;0;0;0;1;1;0;0;0
"24/12/2015";"17:30:00";"100";"com v�tima";"225,351";"BR-393/RJ";"Pista Norte";"Acidentes de outra natureza";0;0;0;1;0;0;0;0;0;0;0;0;2;0;0
"24/12/2015";"18:06:00";"103";"sem v�tima";"284";"BR-393/RJ";"Pista Norte";"Engavetamento";3;0;0;0;1;0;0;0;0;0;4;0;0;0;0
"25/12/2015";"11:19:00";"23";"com v�tima";"105,948";"BR-393/RJ";"Pista Norte";"Colis�o lateral no mesmo sentido";1;0;0;0;1;0;0;0;0;0;1;1;0;0;0
"25/12/2015";"17:22:00";"36";"sem v�tima";"181,692";"BR-393/RJ";"Pista Norte";"Sa�das de pista";1;0;0;0;0;0;0;0;0;0;1;0;0;0;0
"25/12/2015";"19:12:00";"40";"com v�tima";"259,9";"BR-393/RJ";"Pista Norte";"Colis�o com ve�culos (frontal)";3;0;0;0;0;0;0;0;0;0;2;2;0;0;0
"25/12/2015";"20:51:00";"46";"sem v�tima";"281";"BR-393/RJ";"Pista Sul";"Sa�das de pista";1;0;0;0;0;0;0;0;0;0;1;0;0;0;0
"26/12/2015";"06:47:00";"13";"com v�tima";"170,713";"BR-393/RJ";"Pista Norte";"Sa�das de pista";1;0;0;0;0;0;0;0;0;0;0;1;0;0;0
"26/12/2015";"07:34:00";"14";"com v�tima";"283,051";"BR-393/RJ";"Pista Sul";"Colis�o lateral no mesmo sentido";1;1;0;0;0;0;0;0;0;0;0;2;0;0;0
"26/12/2015";"18:02:00";"36";"sem v�tima";"282,4";"BR-393/RJ";"Pista Sul";"Engavetamento";3;0;0;0;0;0;0;0;0;0;4;0;0;0;0
"28/12/2015";"01:06:00";"10";"com v�tima";"251";"BR-393/RJ";"Pista Norte";"Colis�o com ve�culos (frontal)";1;0;0;1;0;0;0;0;0;0;1;1;0;0;0
"28/12/2015";"14:22:00";"65";"com v�tima";"105,9";"BR-393/RJ";"Pista Norte";"Colis�o com ve�culos (traseira)";2;0;0;0;0;0;0;0;0;0;2;1;1;0;0
"28/12/2015";"17:21:00";"73";"com v�tima";"183";"BR-393/RJ";"Pista Norte";"Atropelamento de pedestre";1;1;0;0;0;0;0;0;0;0;0;1;1;0;0
"29/12/2015";"07:29:00";"21";"sem v�tima";"106,8";"BR-393/RJ";"Pista Norte";"Colis�o lateral no sentido contr�rio";2;0;0;0;0;0;0;0;0;0;4;0;0;0;0
"29/12/2015";"08:33:00";"23";"com v�tima";"106,8";"BR-393/RJ";"Pista Sul";"Atropelamento de pedestre";1;0;0;0;0;0;0;0;0;0;1;0;1;0;0
"29/12/2015";"12:46:00";"33";"com v�tima";"160";"BR-393/RJ";"Pista Sul";"Saida de Pista";1;0;0;0;0;0;0;0;0;0;0;1;0;0;0
"30/12/2015";"11:03:00";"28";"com v�tima";"232,865";"BR-393/RJ";"Pista Sul";"Abalroamento Mesmo Sentido ";2;0;0;0;0;0;0;0;0;0;5;0;1;0;0
"30/12/2015";"16:04:00";"48";"com v�tima";"180,512";"BR-393/RJ";"Pista Norte";"Colis�o com ve�culos (traseira)";0;0;0;2;0;0;0;0;0;0;1;1;0;0;0
"31/12/2015";"06:46:00";"16";"sem v�tima";"122,378";"BR-393/RJ";"Pista Sul";"Colis�o c/ obst�culos";0;0;1;0;0;0;0;0;0;0;1;0;0;0;0
"31/12/2015";"08:48:00";"20";"sem v�tima";"286";"BR-393/RJ";"Pista Sul";"Colis�o com ve�culos (traseira)";2;0;0;0;0;0;0;0;0;0;3;0;0;0;0
"01/01/2016";"05:48:00";"14";"com v�tima";"182,39";"BR-393/RJ";"Pista Sul";"Sa�das de pista";1;0;0;0;0;0;0;0;0;0;0;1;0;0;0
"01/01/2016";"15:14:00";"34";"com v�tima";"222";"BR-393/RJ";"Pista Norte";"Sa�das de pista";1;0;0;0;0;0;0;0;0;0;3;1;0;0;0
"01/01/2016";"16:09:00";"35";"com v�tima";"265,349";"BR-393/RJ";"Pista Sul";"Colis�o c/ obst�culos";1;0;0;0;0;0;0;0;0;0;1;1;0;0;0
"02/01/2016";"15:32:00";"39";"sem v�tima";"169";"BR-393/RJ";"Pista Norte";"Saida de Pista";1;0;0;0;0;0;0;0;0;0;1;0;0;0;0
"02/01/2016";"15:37:00";"41";"com v�tima";"163";"BR-393/RJ";"Pista Norte";"Sa�das de pista";1;0;0;0;0;0;0;0;0;0;3;1;0;0;0
"02/01/2016";"17:00:00";"47";"com v�tima";"151,9";"BR-393/RJ";"Pista Norte";"Sa�das de pista";1;0;0;0;0;0;0;0;0;0;2;1;0;0;0
"02/01/2016";"20:08:00";"59";"sem v�tima";"242,5";"BR-393/RJ";"Pista Sul";"Tombamento";0;0;1;0;0;0;0;0;0;0;1;0;0;0;0
"02/01/2016";"23:26:00";"65";"sem v�tima";"146";"BR-393/RJ";"Pista Sul";"Sa�das de pista";0;0;1;0;0;0;0;0;0;0;1;0;0;0;0
"03/01/2016";"01:45:00";"1";"sem v�tima";"229";"BR-393/RJ";"Pista Norte";"Colis�o com ve�culos (frontal)";1;0;0;0;1;0;0;0;0;0;2;0;0;0;0
"03/01/2016";"09:18:00";"15";"com v�tima";"172,217";"BR-393/RJ";"Pista Norte";"Colis�o lateral no sentido contr�rio";2;0;0;0;0;0;0;0;0;0;0;2;0;0;0
"03/01/2016";"12:33:00";"31";"com v�tima";"230,934";"BR-393/RJ";"Pista Norte";"Colis�o com ve�culos (frontal)";2;0;0;0;0;0;0;0;0;0;0;3;2;2;1
"04/01/2016";"04:22:00";"12";"com v�tima";"211";"BR-393/RJ";"Pista Sul";"Atropelamento - Animal";1;0;0;0;0;0;0;0;0;0;0;1;0;0;0
"04/01/2016";"17:45:00";"75";"com v�tima";"167,4";"BR-393/RJ";"Pista Sul";"Colis�o com ve�culos (traseira)";0;0;0;1;0;0;0;0;0;1;1;0;1;0;0
"04/01/2016";"18:36:00";"76";"com v�tima";"168,8";"BR-393/RJ";"Pista Norte";"Colis�o lateral no sentido contr�rio";1;0;0;1;0;0;0;0;0;0;1;1;0;0;0
"05/01/2016";"00:03:00";"1";"com v�tima";"177,7";"BR-393/RJ";"Pista Norte";"Colis�o lateral no mesmo sentido";1;0;0;0;0;0;0;0;0;1;0;2;0;0;0
"05/01/2016";"01:14:00";"12";"com v�tima";"278,25";"BR-393/RJ";"Pista Sul";"Colis�o c/ obst�culos";1;0;0;0;0;0;0;0;0;0;2;1;0;0;0
"05/01/2016";"07:48:00";"28";"sem v�tima";"238";"BR-393/RJ";"Pista Norte";"Colis�o lateral no sentido contr�rio";2;0;0;0;0;0;0;0;0;0;3;0;0;0;0
"05/01/2016";"12:09:00";"49";"com v�tima";"238,938";"BR-393/RJ";"Pista Norte";"Colis�o lateral no sentido contr�rio";2;0;0;0;0;0;0;0;0;0;1;2;0;0;0
"05/01/2016";"23:24:00";"105";"com v�tima";"151,8";"BR-393/RJ";"Pista Sul";"Tombamento";0;0;1;0;0;0;0;0;0;0;0;1;0;0;0
"06/01/2016";"15:14:00";"58";"sem v�tima";"285";"BR-393/RJ";"Pista Sul";"Colis�o com ve�culos (traseira)";3;0;0;0;0;0;0;0;0;0;3;0;0;0;0
"07/01/2016";"07:17:00";"17";"com v�tima";"143,298";"BR-393/RJ";"Pista Sul";"Colis�o c/ obst�culos";1;0;1;0;0;0;0;0;0;0;1;3;1;0;0
"07/01/2016";"12:50:00";"34";"com v�tima";"270,593";"BR-393/RJ";"Pista Sul";"Colis�o com ve�culos (frontal)";4;0;0;0;0;0;0;0;0;0;2;3;2;1;0
"08/01/2016";"07:54:00";"18";"com v�tima";"278";"BR-393/RJ";"Pista Sul";"Atropelamento - Pedestre";0;1;0;0;0;0;0;0;0;0;1;1;0;0;0
"08/01/2016";"09:30:00";"31";"sem v�tima";"280,186";"BR-393/RJ";"Pista Norte";"Colis�o lateral no sentido contr�rio";2;0;0;0;0;0;0;0;0;0;2;0;0;0;0
"08/01/2016";"11:08:00";"41";"com v�tima";"179";"BR-393/RJ";"Pista Norte";"Colis�o com ve�culos (traseira)";2;0;0;0;0;0;0;0;0;0;0;4;0;0;0
"08/01/2016";"17:46:00";"72";"com v�tima";"155";"BR-393/RJ";"Pista Norte";"Tombamento";0;0;1;0;0;0;0;0;0;0;0;1;0;0;0
"09/01/2016";"01:44:00";"17";"com v�tima";"248,912";"BR-393/RJ";"Pista Sul";"Colis�o com ve�culos (frontal)";0;0;1;1;0;0;0;0;0;0;1;0;0;0;2
"09/01/2016";"17:38:00";"76";"sem v�tima";"286";"BR-393/RJ";"Pista Sul";"Engavetamento";3;0;0;0;0;0;0;0;0;0;3;0;0;0;0
"10/01/2016";"04:57:00";"23";"com v�tima";"102";"BR-393/RJ";"Pista Norte";"Acidente - Outra Natureza";0;0;0;1;0;0;0;0;0;0;0;0;2;0;0
"10/01/2016";"04:58:00";"24";"sem v�tima";"254,848";"BR-393/RJ";"Pista Sul";"Sa�das de pista";1;0;0;0;0;0;0;0;0;0;4;0;0;0;0
"10/01/2016";"12:04:00";"41";"com v�tima";"265,206";"BR-393/RJ";"Pista Norte";"Colis�o lateral no sentido contr�rio";0;0;2;0;0;0;0;0;0;0;1;1;0;0;0
"10/01/2016";"14:52:00";"48";"com v�tima";"155,589";"BR-393/RJ";"Pista Norte";"Colis�o com ve�culos (traseira)";2;0;0;0;0;0;0;0;0;0;5;1;0;0;0
"10/01/2016";"18:05:00";"64";"com v�tima";"267,2";"BR-393/RJ";"Pista Sul";"Capotamento";1;0;0;0;0;0;0;0;0;0;2;2;0;0;0
"10/01/2016";"21:17:00";"75";"sem v�tima";"284,3";"BR-393/RJ";"Pista Sul";"Sa�das de pista";1;0;0;0;0;0;0;0;0;0;1;0;0;0;0
"11/01/2016";"18:49:00";"44";"com v�tima";"136,4";"BR-393/RJ";"Pista Sul";"Sa�das de pista";1;0;0;0;0;0;0;0;0;0;0;2;0;0;0
"12/01/2016";"08:11:00";"23";"com v�tima";"263,23";"BR-393/RJ";"Pista Sul";"Colis�o lateral no sentido contr�rio";1;0;0;0;1;0;0;0;0;0;2;2;0;0;0
"13/01/2016";"14:41:00";"47";"com v�tima";"284,787";"BR-393/RJ";"Pista Sul";"Colis�o com ve�culos (traseira)";2;0;0;0;0;0;0;0;0;0;2;1;0;0;0
"13/01/2016";"17:05:00";"57";"sem v�tima";"266";"BR-393/RJ";"Pista Sul";"Colis�o c/ obst�culos";0;0;1;0;0;0;0;0;0;0;1;0;0;0;0
"13/01/2016";"17:39:00";"59";"sem v�tima";"199,5";"BR-393/RJ";"Pista Norte";"Sa�das de pista";1;0;0;0;0;0;0;0;0;0;3;0;0;0;0
"14/01/2016";"06:09:00";"21";"com v�tima";"226,859";"BR-393/RJ";"Pista Sul";"Sa�das de pista";1;0;0;0;0;0;0;0;0;0;0;2;0;0;0
"14/01/2016";"09:09:00";"29";"sem v�tima";"275,396";"BR-393/RJ";"Pista Norte";"Colis�o com ve�culos (frontal)";4;0;0;0;0;0;0;0;0;0;4;0;0;0;0
"15/01/2016";"14:37:00";"39";"com v�tima";"1";"BR-393/RJ";"Pista Sul";"Colis�o c/ obst�culos";1;0;0;0;0;0;0;0;0;0;0;2;0;0;0
"16/01/2016";"07:27:00";"34";"com v�tima";"189";"BR-393/RJ";"Pista Norte";"Sa�das de pista";1;0;0;0;0;0;0;0;0;0;0;1;0;0;0
"16/01/2016";"19:52:00";"76";"sem v�tima";"286";"BR-393/RJ";"Pista Norte";"Colis�o lateral no sentido contr�rio";2;0;0;0;0;0;0;0;0;0;2;0;0;0;0
"17/01/2016";"20:57:00";"53";"com v�tima";"284,4";"BR-393/RJ";"Pista Norte";"Engavetamento";3;0;0;0;0;0;0;0;0;0;2;1;0;0;0
"18/01/2016";"18:54:00";"79";"sem v�tima";"243,534";"BR-393/RJ";"Pista Sul";"Colis�o c/ obst�culos";0;0;1;0;0;0;0;0;0;0;1;0;0;0;0
"19/01/2016";"07:14:00";"24";"com v�tima";"176,978";"BR-393/RJ";"Pista Sul";"Colis�o lateral no sentido contr�rio";0;0;1;0;1;0;0;0;0;0;56;3;0;0;0
"20/01/2016";"10:18:00";"25";"com v�tima";"164,85";"BR-393/RJ";"Pista Norte";"Tombamento";0;0;1;0;0;0;0;0;0;0;0;1;0;0;0
"21/01/2016";"11:51:00";"44";"com v�tima";"164,938";"BR-393/RJ";"Pista Sul";"Colis�o c/ obst�culos";1;0;0;0;0;0;0;0;0;0;0;3;1;0;1
"23/01/2016";"14:16:00";"39";"sem v�tima";"257";"BR-393/RJ";"Pista Sul";"Colis�o lateral no mesmo sentido";2;0;0;0;0;0;0;0;0;0;2;0;0;0;0
"24/01/2016";"11:37:00";"34";"com v�tima";"278,887";"BR-393/RJ";"Pista Norte";"Atropelamento - Pedestre";1;1;0;0;0;0;0;0;0;0;1;2;0;0;0
"25/01/2016";"12:51:00";"66";"com v�tima";"104,334";"BR-393/RJ";"Pista Norte";"Colis�o com ve�culos (traseira)";1;0;0;1;0;0;0;0;0;0;1;1;0;0;0
"26/01/2016";"23:19:00";"98";"com v�tima";"262,8";"BR-393/RJ";"Pista Norte";"Tombamento";0;0;1;0;0;0;0;0;0;0;0;1;1;0;0
"27/01/2016";"18:25:00";"68";"com v�tima";"193";"BR-393/RJ";"Pista Sul";"Colis�o c/ obst�culos";0;0;1;0;0;0;0;0;0;0;0;1;0;1;0
"28/01/2016";"02:03:00";"3";"sem v�tima";"284";"BR-393/RJ";"Pista Norte";"Colis�o com ve�culos (frontal)";2;0;0;0;0;0;0;0;0;0;3;0;0;0;0