fdata;horario;n_da_ocorrencia;tipo_de_ocorrencia;km;trecho;sentido;tipo_de_acidente;automovel;bicicleta;caminhao;moto;onibus;outros;tracao_animal;transporte_de_cargas_especiais;trator_maquinas;utilitarios;ilesos;levemente_feridos;moderadamente_feridos;gravemente_feridos;mortos
"28/01/2016";"09:58:00";"25";"sem v�tima";"285";"BR-393/RJ";"Pista Sul";"Colis�o lateral no mesmo sentido";0;0;2;0;0;0;0;0;0;0;2;0;0;0;0
"28/01/2016";"10:40:00";"31";"sem v�tima";"285,3";"BR-393/RJ";"Pista Sul";"Colis�o com ve�culos (traseira)";1;0;1;0;0;0;0;0;0;0;2;0;0;0;0
"28/01/2016";"12:09:00";"35";"sem v�tima";"258,6";"BR-393/RJ";"Pista Sul";"Colis�o lateral no sentido contr�rio";2;0;0;0;0;0;0;0;0;0;3;0;0;0;0
"28/01/2016";"22:33:00";"89";"sem v�tima";"137,8";"BR-393/RJ";"Pista Norte";"Colis�o c/ obst�culos";1;0;0;0;0;0;0;0;0;0;2;0;0;0;0
"29/01/2016";"06:36:00";"42";"sem v�tima";"215";"BR-393/RJ";"Pista Sul";"Tombamento";0;0;1;0;0;0;0;0;0;0;1;0;0;0;0
"29/01/2016";"14:45:00";"65";"sem v�tima";"266";"BR-393/RJ";"Pista Sul";"Sa�das de pista";0;0;1;0;0;0;0;0;0;0;1;0;0;0;0
"30/01/2016";"09:47:00";"39";"sem v�tima";"195,041";"BR-393/RJ";"Pista Sul";"Colis�o com ve�culos (traseira)";2;0;0;0;0;0;0;0;0;0;2;0;0;0;0
"30/01/2016";"13:06:00";"46";"sem v�tima";"236";"BR-393/RJ";"Pista Norte";"Colis�o com ve�culos (traseira)";2;0;0;0;0;0;0;0;0;0;2;0;0;0;0
"01/02/2016";"09:07:00";"16";"com v�tima";"122";"BR-393/RJ";"Pista Norte";"Tombamento";0;0;1;0;0;0;0;0;0;0;0;0;1;0;0
"01/02/2016";"16:17:00";"44";"com v�tima";"181,657";"BR-393/RJ";"Pista Norte";"Colis�o com ve�culos (frontal)";2;0;0;0;0;0;0;0;0;0;0;2;0;0;0
"01/02/2016";"19:06:00";"55";"sem v�tima";"168,7";"BR-393/RJ";"Pista Norte";"Colis�o com ve�culos (traseira)";2;0;0;0;0;0;0;0;0;0;5;0;0;0;0
"02/02/2016";"22:56:00";"127";"com v�tima";"172,58";"BR-393/RJ";"Pista Sul";"Acidente - Outra Natureza";2;0;0;0;0;0;0;0;0;0;1;1;0;0;0
"03/02/2016";"14:08:00";"56";"com v�tima";"279";"BR-393/RJ";"Pista Sul";"Atropelamento - Pedestre";1;0;0;0;0;0;0;0;0;0;1;1;0;0;0
"03/02/2016";"18:11:00";"77";"com v�tima";"3,2";"Al�a Sul";"Pista Norte";"Colis�o lateral no sentido contr�rio";1;0;0;1;0;0;0;0;0;0;1;0;1;0;0
"04/02/2016";"01:51:00";"5";"com v�tima";"237,1";"BR-393/RJ";"Pista Norte";"Capotamento";1;0;0;0;0;0;0;0;0;0;0;1;0;0;0
"04/02/2016";"10:45:00";"39";"sem v�tima";"265,092";"BR-393/RJ";"Pista Sul";"Colis�o com ve�culos (traseira)";1;0;1;0;0;0;0;0;0;0;2;0;0;0;0
"04/02/2016";"11:16:00";"40";"sem v�tima";"268,296";"BR-393/RJ";"Pista Norte";"Colis�o lateral no sentido contr�rio";1;0;0;0;0;0;0;0;0;1;2;0;0;0;0
"04/02/2016";"13:39:00";"59";"com v�tima";"195,046";"BR-393/RJ";"Pista Sul";"Colis�o com ve�culos (traseira)";2;0;0;0;0;0;0;0;0;0;0;2;0;0;0
"04/02/2016";"13:44:00";"61";"com v�tima";"257,268";"BR-393/RJ";"Pista Norte";"Tombamento";0;0;1;0;0;0;0;0;0;0;1;1;0;0;0
"05/02/2016";"10:25:00";"36";"com v�tima";"106,7";"BR-393/RJ";"Pista Sul";"Colis�o com ve�culos (traseira)";1;0;0;1;0;0;0;0;0;0;1;0;1;0;0
"05/02/2016";"11:05:00";"38";"com v�tima";"252,446";"BR-393/RJ";"Pista Sul";"Colis�o lateral no sentido contr�rio";2;0;0;0;0;0;0;0;0;0;1;2;2;0;0
"06/02/2016";"07:21:00";"41";"com v�tima";"136,738";"BR-393/RJ";"Pista Norte";"Acidente - Outra Natureza";0;0;1;1;0;0;0;0;0;0;1;1;1;0;0
"06/02/2016";"09:42:00";"51";"com v�tima";"130,789";"BR-393/RJ";"Pista Norte";"Colis�o c/ obst�culos";1;0;0;0;0;0;0;0;0;0;2;2;0;0;0
"06/02/2016";"10:00:00";"54";"com v�tima";"151,9";"BR-393/RJ";"Pista Sul";"Tombamento";0;0;1;0;0;0;0;0;0;0;0;2;0;0;0
"06/02/2016";"16:08:00";"87";"com v�tima";"279,058";"BR-393/RJ";"Pista Norte";"Colis�o lateral no sentido contr�rio";0;0;0;1;1;0;0;0;0;0;1;0;1;0;0
"07/02/2016";"11:56:00";"30";"com v�tima";"248,598";"BR-393/RJ";"Pista Norte";"Colis�o com ve�culos (traseira)";1;0;0;1;0;0;0;0;0;0;1;1;0;0;0
"08/02/2016";"17:10:00";"44";"com v�tima";"258,194";"BR-393/RJ";"Pista Norte";"Capotamento";1;0;0;0;0;0;0;0;0;0;0;2;0;0;0
"08/02/2016";"21:57:00";"55";"sem v�tima";"157,9";"BR-393/RJ";"Pista Norte";"Tombamento";0;0;1;0;0;0;0;0;0;0;1;0;0;0;0
"09/02/2016";"05:22:00";"3";"sem v�tima";"279,3";"BR-393/RJ";"Pista Sul";"Colis�o com ve�culos (traseira)";2;0;0;0;0;0;0;0;0;0;2;0;0;0;0
"09/02/2016";"11:39:00";"36";"sem v�tima";"265";"BR-393/RJ";"Pista Norte";"Colis�o com ve�culos (traseira)";1;0;1;0;0;0;0;0;0;0;2;0;0;0;0
"09/02/2016";"18:21:00";"62";"com v�tima";"260,9";"BR-393/RJ";"Pista Norte";"Acidente - Outra Natureza";4;0;0;0;0;0;0;0;0;0;11;3;0;0;0
"10/02/2016";"00:23:00";"5";"sem v�tima";"157";"BR-393/RJ";"Pista Sul";"Sa�das de pista";1;0;0;0;0;0;0;0;0;0;2;0;0;0;0
"10/02/2016";"08:04:00";"24";"com v�tima";"125";"BR-393/RJ";"Norte";"Atropelamento - Pedestre";1;0;0;0;0;0;0;0;0;0;1;1;0;0;0
"11/02/2016";"16:32:00";"54";"sem v�tima";"283";"BR-393/RJ";"Norte";"Sa�das de pista";1;0;0;0;0;0;0;0;0;0;1;0;0;0;0
"11/02/2016";"19:19:00";"59";"sem v�tima";"274,15";"BR-393/RJ";"Pista Norte";"Colis�o com ve�culos (frontal)";2;0;0;0;0;0;0;0;0;0;3;0;0;0;0
"11/02/2016";"21:15:00";"63";"com v�tima";"267,2";"BR-393/RJ";"Pista Sul";"Sa�das de pista";1;0;0;0;0;0;0;0;0;0;0;1;0;0;0
"12/02/2016";"16:36:00";"47";"com v�tima";"192,602";"BR-393/RJ";"Pista Norte";"Acidente - Outra Natureza";0;1;0;0;0;0;0;0;0;0;0;1;0;0;0
"13/02/2016";"22:15:00";"64";"sem v�tima";"284,2";"BR-393/RJ";"Pista Sul";"Sa�das de pista";1;0;0;0;0;0;0;0;0;0;2;0;0;0;0
"14/02/2016";"21:03:00";"52";"com v�tima";"235,514";"BR-393/RJ";"Pista Norte";"Colis�o lateral no mesmo sentido";1;0;0;1;0;0;0;0;0;0;1;1;0;0;0
"15/02/2016";"15:47:00";"48";"sem v�tima";"123,121";"BR-393/RJ";"Pista Norte";"Sa�das de pista";1;0;0;0;0;0;0;0;0;0;1;0;0;0;0
"15/02/2016";"17:57:00";"53";"sem v�tima";"105";"BR-393/RJ";"Pista Norte";"Colis�o com ve�culos (traseira)";2;0;0;0;0;0;0;0;0;0;2;0;0;0;0
"16/02/2016";"04:11:00";"10";"sem v�tima";"285";"BR-393/RJ";"Pista Norte";"Colis�o com ve�culos (traseira)";2;0;0;0;0;0;0;0;0;0;4;0;0;0;0
"16/02/2016";"19:38:00";"52";"sem v�tima";"286,2";"BR-393/RJ";"Pista Norte";"Engavetamento";3;0;0;0;0;0;0;0;0;0;3;0;0;0;0
"16/02/2016";"22:32:00";"57";"sem v�tima";"268,45";"BR-393/RJ";"Pista Norte";"Sa�das de pista";0;0;0;0;0;0;0;0;0;1;14;0;0;0;0
"17/02/2016";"02:15:00";"1";"com v�tima";"104";"BR-393/RJ";"Pista Norte";"Sa�das de pista";0;0;1;0;0;0;0;0;0;0;0;1;0;0;0
"17/02/2016";"21:43:00";"77";"com v�tima";"179";"BR-393/RJ";"Pista Norte";"Sa�das de pista";1;0;0;0;0;0;0;0;0;0;0;1;0;0;0
"17/02/2016";"22:12:00";"80";"com v�tima";"169";"BR-393/RJ";"Pista Norte";"Capotamento";1;0;0;0;0;0;0;0;0;0;0;1;0;0;0
"18/02/2016";"21:18:00";"62";"sem v�tima";"278";"BR-393/RJ";"Pista Sul";"Colis�o lateral no sentido contr�rio";2;0;0;0;0;0;0;0;0;0;2;0;0;0;0
"19/02/2016";"14:42:00";"45";"com v�tima";"168,768";"BR-393/RJ";"Pista Sul";"Colis�o lateral no mesmo sentido";2;0;0;0;0;0;0;0;0;0;3;1;0;0;0
"20/02/2016";"02:57:00";"9";"com v�tima";"175";"BR-393/RJ";"Pista Norte";"Capotamento";1;0;0;0;0;0;0;0;0;0;0;2;0;0;0
"20/02/2016";"07:16:00";"11";"sem v�tima";"195,541";"BR-393/RJ";"Pista Norte";"Sa�das de pista";1;0;0;0;0;0;0;0;0;0;1;0;0;0;0
"20/02/2016";"08:55:00";"13";"sem v�tima";"281";"BR-393/RJ";"Pista Norte";"Colis�o com ve�culos (traseira)";2;0;0;0;0;0;0;0;0;0;2;0;0;0;0
"20/02/2016";"20:33:00";"46";"sem v�tima";"284";"BR-393/RJ";"Pista Sul";"Engavetamento";1;0;0;0;0;0;0;0;0;0;1;0;0;0;0
"21/02/2016";"16:27:00";"35";"com v�tima";"181,9";"BR-393/RJ";"Pista Norte";"Acidente - Outra Natureza";0;0;0;1;0;0;0;0;0;0;1;1;0;0;0
"22/02/2016";"05:53:00";"12";"com v�tima";"146,936";"BR-393/RJ";"Pista Norte";"Acidente - Outra Natureza";0;0;0;1;0;0;0;0;0;0;0;2;0;0;0
"22/02/2016";"18:03:00";"55";"com v�tima";"162";"BR-393/RJ";"Pista Sul";"Acidente - Outra Natureza";0;0;1;0;0;0;0;0;0;0;0;2;0;0;0
"23/02/2016";"08:14:00";"22";"com v�tima";"181,81";"BR-393/RJ";"Pista Sul";"Acidente - Outra Natureza";0;0;0;1;0;0;0;0;0;0;0;0;1;0;0
"23/02/2016";"09:32:00";"29";"com v�tima";"256,166";"BR-393/RJ";"Pista Norte";"Colis�o lateral no sentido contr�rio";1;0;0;1;0;0;0;0;0;0;1;0;1;0;0
"24/02/2016";"06:04:00";"10";"com v�tima";"151,889";"BR-393/RJ";"Pista Sul";"Tombamento";0;0;1;0;0;0;0;0;0;0;0;1;0;0;0
"24/02/2016";"14:09:00";"33";"com v�tima";"252,363";"BR-393/RJ";"Pista Norte";"Atropelamento - Pedestre";1;1;0;0;0;0;0;0;0;0;1;1;0;0;0
"25/02/2016";"05:38:00";"11";"com v�tima";"208,434";"BR-393/RJ";"Pista Norte";"Tombamento";0;0;1;0;0;0;0;0;0;0;0;1;0;0;0
"25/02/2016";"17:00:00";"43";"com v�tima";"181,44";"BR-393/RJ";"Pista Sul";"Sa�das de pista";1;0;0;0;0;0;0;0;0;0;0;1;0;0;0
"25/02/2016";"23:04:00";"63";"com v�tima";"214,228";"BR-393/RJ";"Pista Sul";"Atropelamento - Pedestre";0;0;0;1;0;0;0;0;0;0;1;1;0;0;0
"26/02/2016";"04:14:00";"7";"sem v�tima";"174,507";"BR-393/RJ";"Pista Norte";"Atropelamento - Animal";0;0;0;0;1;0;0;0;0;0;43;0;0;0;0
"26/02/2016";"13:51:00";"59";"com v�tima";"178,823";"BR-393/RJ";"Pista Sul";"Atropelamento - Animal";0;0;0;1;0;0;0;0;0;0;0;2;0;0;0
"26/02/2016";"17:13:00";"83";"com v�tima";"104,161";"BR-393/RJ";"Pista Sul";"Engavetamento";3;0;0;0;1;0;0;0;0;0;4;1;0;0;0
"26/02/2016";"17:35:00";"85";"com v�tima";"242,934";"BR-393/RJ";"Pista Norte";"Sa�das de pista";0;0;0;0;0;0;0;0;0;1;1;0;1;0;0
"26/02/2016";"19:25:00";"91";"sem v�tima";"104,227";"BR-393/RJ";"Pista Norte";"Engavetamento";3;0;0;0;0;0;0;0;0;0;5;0;0;0;0
"27/02/2016";"00:38:00";"1";"com v�tima";"156,41";"BR-393/RJ";"Pista Norte";"Sa�das de pista";1;0;0;0;0;0;0;0;0;0;0;1;0;0;0
"27/02/2016";"05:43:00";"14";"com v�tima";"205,644";"BR-393/RJ";"Pista Sul";"Sa�das de pista";0;0;1;0;0;0;0;0;0;0;0;1;0;0;0
"27/02/2016";"07:28:00";"17";"sem v�tima";"281";"BR-393/RJ";"Pista Norte";"Colis�o c/ obst�culos";1;0;0;0;0;0;0;0;0;0;1;0;0;0;0
"27/02/2016";"08:51:00";"19";"sem v�tima";"114,286";"BR-393/RJ";"Pista Norte";"Tombamento";0;0;1;0;0;0;0;0;0;0;1;0;0;0;0
"27/02/2016";"13:00:00";"33";"com v�tima";"174,384";"BR-393/RJ";"Pista Norte";"Tombamento";0;0;1;0;0;0;0;0;0;0;0;1;0;0;0
"29/02/2016";"01:14:00";"1";"com v�tima";"151,939";"BR-393/RJ";"Pista Norte";"Sa�das de pista";1;0;0;0;0;0;0;0;0;0;1;1;0;0;0
"01/03/2016";"14:13:00";"62";"sem v�tima";"125";"BR-393/RJ";"Pista Norte";"Sa�das de pista";1;0;0;0;0;0;0;0;0;0;1;0;0;0;0
"02/03/2016";"00:15:00";"2";"com v�tima";"241,901";"BR-393/RJ";"Pista Norte";"Colis�o com ve�culos (traseira)";1;0;1;0;0;0;0;0;0;0;1;1;0;0;0
"02/03/2016";"06:26:00";"3";"com v�tima";"277";"BR-393/RJ";"Pista Sul";"Atropelamento - Pedestre";0;1;0;0;0;0;0;0;0;1;1;1;0;0;0
"02/03/2016";"19:48:00";"34";"com v�tima";"139,6";"BR-393/RJ";"Pista Sul";"Colis�o lateral no sentido contr�rio";1;0;1;0;0;0;0;0;0;0;1;1;0;0;0
"02/03/2016";"22:17:00";"37";"com v�tima";"238,1";"BR-393/RJ";"Pista Norte";"Acidente - Outra Natureza";2;0;0;0;1;0;0;0;0;0;2;1;0;0;0
"03/03/2016";"16:18:00";"44";"sem v�tima";"241,42";"BR-393/RJ";"Pista Norte";"Sa�das de pista";1;0;0;0;0;0;0;0;0;0;1;0;0;0;0
"03/03/2016";"16:48:00";"46";"com v�tima";"241,213";"BR-393/RJ";"Pista Norte";"Colis�o com ve�culos (traseira)";1;0;1;0;0;0;0;0;0;0;2;3;0;0;0
"04/03/2016";"15:15:00";"58";"sem v�tima";"286";"BR-393/RJ";"Pista Sul";"Colis�o com ve�culos (traseira)";2;0;0;0;0;0;0;0;0;0;3;0;0;0;0
"04/03/2016";"19:02:00";"70";"sem v�tima";"235,847";"BR-393/RJ";"Pista Norte";"Colis�o lateral no sentido contr�rio";1;0;0;1;0;0;0;0;0;0;3;0;0;0;0
"04/03/2016";"19:39:00";"71";"sem v�tima";"282";"BR-393/RJ";"Pista Norte";"Colis�o com ve�culos (traseira)";2;0;0;0;0;0;0;0;0;0;4;0;0;0;0
"05/03/2016";"17:13:00";"58";"com v�tima";"0";"Al�a Sul";"Pista Norte";"Colis�o lateral no sentido contr�rio";1;0;0;0;1;0;0;0;0;0;5;1;0;0;0
"06/03/2016";"04:37:00";"12";"sem v�tima";"3,014";"Al�a Sul";"Pista Sul";"Atropelamento - Animal";1;0;0;0;0;0;0;0;0;0;4;0;0;0;0
"06/03/2016";"09:20:00";"18";"com v�tima";"235,302";"BR-393/RJ";"Pista Sul";"Colis�o lateral no sentido contr�rio";2;0;0;0;0;0;0;0;0;0;1;6;0;0;0
"06/03/2016";"14:39:00";"33";"com v�tima";"246,046";"BR-393/RJ";"Pista Sul";"Acidente - Outra Natureza";0;1;0;0;0;0;0;0;0;0;0;1;0;0;0
"06/03/2016";"18:31:00";"44";"com v�tima";"220,8";"BR-393/RJ";"Pista Norte";"Colis�o com ve�culos (frontal)";1;0;1;0;0;0;0;0;0;0;0;1;0;0;1
"06/03/2016";"19:20:00";"46";"sem v�tima";"278";"BR-393/RJ";"Pista Norte";"Colis�o lateral no sentido contr�rio";2;0;0;0;0;0;0;0;0;0;3;0;0;0;0
"06/03/2016";"21:16:00";"54";"com v�tima";"228,7";"BR-393/RJ";"Pista Norte";"Sa�das de pista";1;0;0;0;0;0;0;0;0;0;0;3;0;0;0
"07/03/2016";"11:25:00";"38";"sem v�tima";"285";"BR-393/RJ";"Pista Norte";"Colis�o lateral no sentido contr�rio";2;0;0;0;0;0;0;0;0;0;2;0;0;0;0
"08/03/2016";"22:31:00";"94";"com v�tima";"247,861";"BR-393/RJ";"Pista Norte";"Atropelamento - Pedestre";1;0;0;0;0;0;0;0;0;0;0;1;0;0;1
"09/03/2016";"14:47:00";"80";"com v�tima";"285";"BR-393/RJ";"Pista Sul";"Colis�o lateral no sentido contr�rio";1;1;0;0;0;0;0;0;0;0;1;1;0;0;0
"10/03/2016";"05:43:00";"3";"sem v�tima";"230,011";"BR-393/RJ";"Pista Norte";"Sa�das de pista";0;0;1;0;0;0;0;0;0;0;1;0;0;0;0
"10/03/2016";"14:23:00";"45";"sem v�tima";"277,051";"BR-393/RJ";"Pista Norte";"Tombamento";0;0;1;0;0;0;0;0;0;0;1;0;0;0;0
"11/03/2016";"08:38:00";"25";"sem v�tima";"241,22";"BR-393/RJ";"Pista Norte";"Colis�o c/ obst�culos";1;0;0;0;0;0;0;0;0;0;1;0;0;0;0
"11/03/2016";"19:15:00";"59";"com v�tima";"132,875";"BR-393/RJ";"Pista Sul";"Atropelamento - Pedestre";1;0;0;0;0;0;0;0;0;0;0;2;0;0;0
"11/03/2016";"19:33:00";"61";"com v�tima";"171,492";"BR-393/RJ";"Pista Norte";"Colis�o lateral no sentido contr�rio";1;0;1;0;0;0;0;0;0;0;1;2;0;0;0
"12/03/2016";"05:50:00";"16";"sem v�tima";"285";"BR-393/RJ";"Pista Norte";"Colis�o c/ obst�culos";1;0;0;0;0;0;0;0;0;0;1;0;0;0;0
"12/03/2016";"10:27:00";"35";"com v�tima";"238,6";"BR-393/RJ";"Pista Norte";"Colis�o lateral no sentido contr�rio";1;0;1;0;0;0;0;0;0;0;1;2;0;0;0
"12/03/2016";"17:53:00";"82";"com v�tima";"172,23";"BR-393/RJ";"Pista Norte";"Colis�o c/ obst�culos";1;0;0;0;0;0;0;0;0;0;0;1;0;0;0
"12/03/2016";"20:16:00";"90";"sem v�tima";"284";"BR-393/RJ";"Pista Norte";"Colis�o com ve�culos (traseira)";2;0;0;0;0;0;0;0;0;0;2;0;0;0;0
"13/03/2016";"04:15:00";"5";"com v�tima";"188,175";"BR-393/RJ";"Pista Sul";"Acidente - Outra Natureza";0;0;0;1;0;0;0;0;0;0;0;0;1;0;0
"13/03/2016";"16:49:00";"69";"com v�tima";"201,546";"BR-393/RJ";"Pista Norte";"Tombamento";0;0;1;0;0;0;0;0;0;0;0;1;0;0;0
"13/03/2016";"19:07:00";"76";"com v�tima";"278,349";"BR-393/RJ";"Pista Sul";"Colis�o lateral no sentido contr�rio";2;0;0;0;0;0;0;0;0;0;1;3;0;0;0
"13/03/2016";"21:42:00";"82";"com v�tima";"285";"BR-393/RJ";"Pista Norte";"Acidente - Outra Natureza";0;0;0;1;0;0;0;0;0;0;0;2;0;0;0
"14/03/2016";"16:21:00";"50";"com v�tima";"102";"BR-393/RJ";"Pista Norte";"Colis�o lateral no sentido contr�rio";1;0;1;0;0;0;0;0;0;0;1;1;0;0;0
"15/03/2016";"13:48:00";"46";"com v�tima";"184";"BR-393/RJ";"Pista Norte";"Colis�o lateral no sentido contr�rio";1;0;1;0;0;0;0;0;0;0;5;2;0;0;0
"15/03/2016";"14:16:00";"50";"com v�tima";"139,381";"BR-393/RJ";"Pista Norte";"Tombamento";0;0;1;0;0;0;0;0;0;0;0;0;1;0;0
"15/03/2016";"16:04:00";"56";"com v�tima";"175,6";"BR-393/RJ";"Pista Norte";"Tombamento";0;0;1;0;0;0;0;0;0;0;0;1;0;0;0
"16/03/2016";"05:23:00";"11";"com v�tima";"169,572";"BR-393/RJ";"Pista Sul";"Colis�o c/ obst�culos";0;0;0;0;1;0;0;0;0;0;1;22;6;0;0
"16/03/2016";"12:11:00";"53";"sem v�tima";"286";"BR-393/RJ";"Pista Norte";"Colis�o lateral no mesmo sentido";1;0;1;0;0;0;0;0;0;0;2;0;0;0;0
"16/03/2016";"14:09:00";"62";"com v�tima";"172,206";"BR-393/RJ";"Pista Sul";"Tombamento";0;0;1;0;0;0;0;0;0;0;0;1;0;0;0
"16/03/2016";"15:36:00";"71";"com v�tima";"178,197";"BR-393/RJ";"Pista Sul";"Engavetamento";1;0;2;0;0;0;0;0;0;0;1;4;0;0;0
"16/03/2016";"21:19:00";"101";"com v�tima";"274";"BR-393/RJ";"Pista Sul";"Capotamento";1;0;0;0;0;0;0;0;0;0;0;2;0;0;0
"17/03/2016";"08:56:00";"32";"com v�tima";"170,923";"BR-393/RJ";"Pista Norte";"Colis�o com ve�culos (traseira)";1;0;1;0;0;0;0;0;0;0;2;1;0;0;0
"17/03/2016";"14:58:00";"77";"sem v�tima";"132";"BR-393/RJ";"Pista Norte";"Engavetamento";3;0;1;0;0;0;0;0;0;0;4;0;0;0;0
"17/03/2016";"18:20:00";"84";"com v�tima";"286";"BR-393/RJ";"Pista Norte";"Colis�o lateral no sentido contr�rio";1;0;0;1;0;0;0;0;0;0;1;1;0;0;0
"18/03/2016";"10:32:00";"44";"sem v�tima";"111,5";"BR-393/RJ";"Pista Norte";"Sa�das de pista";1;0;0;0;0;0;0;0;0;0;1;0;0;0;0
"18/03/2016";"19:15:00";"77";"com v�tima";"236,259";"BR-393/RJ";"Pista Sul";"Acidente - Outra Natureza";0;0;0;1;0;0;0;0;0;0;0;1;0;0;0
"18/03/2016";"22:20:00";"90";"sem v�tima";"125";"BR-393/RJ";"Pista Norte";"Colis�o com ve�culos (frontal)";1;0;1;0;0;0;0;0;0;0;4;0;0;0;0
"19/03/2016";"06:17:00";"19";"com v�tima";"174,3";"BR-393/RJ";"Pista Sul";"Colis�o c/ obst�culos";1;0;0;0;0;0;0;0;0;0;0;1;0;0;0
"19/03/2016";"16:43:00";"58";"sem v�tima";"148,1";"BR-393/RJ";"Pista Norte";"Sa�das de pista";1;0;0;0;0;0;0;0;0;0;1;0;0;0;0
"19/03/2016";"21:33:00";"70";"com v�tima";"235";"BR-393/RJ";"Pista Norte";"Acidente - Outra Natureza";0;0;0;1;0;0;0;0;0;0;0;0;1;0;0
"20/03/2016";"19:42:00";"65";"com v�tima";"132,095";"BR-393/RJ";"Pista Sul";"Abalroamento - Sentido Oposto";1;0;0;0;0;0;0;0;0;1;2;2;0;0;0
"21/03/2016";"07:01:00";"29";"sem v�tima";"167,766";"BR-393/RJ";"Pista Norte";"Colis�o com ve�culos (traseira)";2;0;0;0;0;0;0;0;0;0;2;0;0;0;0
"21/03/2016";"13:59:00";"84";"sem v�tima";"285";"BR-393/RJ";"Pista Sul";"Colis�o com ve�culos (traseira)";2;0;0;0;0;0;0;0;0;0;2;0;0;0;0
"21/03/2016";"15:49:00";"94";"sem v�tima";"257,9";"BR-393/RJ";"Pista Sul";"Colis�o c/ obst�culos";1;0;0;0;0;0;0;0;0;0;1;0;0;0;0
"21/03/2016";"17:24:00";"102";"com v�tima";"285";"BR-393/RJ";"Pista Sul";"Colis�o com ve�culos (frontal)";1;0;1;0;0;0;0;0;0;1;4;1;0;0;0
"21/03/2016";"17:46:00";"104";"com v�tima";"283";"BR-393/RJ";"Pista Norte";"Acidente - Outra Natureza";1;1;0;0;0;0;0;0;0;0;1;1;0;0;0
"23/03/2016";"17:45:00";"86";"com v�tima";"282,6";"BR-393/RJ";"Pista Norte";"Atropelamento - Pedestre";1;1;0;0;0;0;0;0;0;0;1;1;0;0;0
"24/03/2016";"11:40:00";"53";"com v�tima";"169,75";"BR-393/RJ";"Pista Sul";"Acidente - Outra Natureza";0;0;0;1;0;0;0;0;0;0;0;1;0;0;0
"24/03/2016";"13:05:00";"61";"com v�tima";"114,399";"BR-393/RJ";"Pista Norte";"Tombamento";0;0;1;0;0;0;0;0;0;0;0;0;0;0;1
"24/03/2016";"22:54:00";"131";"sem v�tima";"208,9";"BR-393/RJ";"Pista Sul";"Sa�das de pista";1;0;0;0;0;0;0;0;0;0;4;0;0;0;0
"25/03/2016";"19:01:00";"95";"com v�tima";"238";"BR-393/RJ";"Pista Norte";"Colis�o lateral no sentido contr�rio";1;0;0;1;0;0;0;0;0;0;5;2;0;0;0
"26/03/2016";"03:11:00";"10";"sem v�tima";"228,9";"BR-393/RJ";"Pista Norte";"Acidente - Outra Natureza";1;0;0;0;0;0;0;0;0;0;2;0;0;0;0
"26/03/2016";"13:55:00";"33";"sem v�tima";"234,94";"BR-393/RJ";"Pista Sul";"Acidente - Outra Natureza";1;0;0;0;0;0;0;0;0;0;2;0;0;0;0
"26/03/2016";"15:39:00";"36";"com v�tima";"211,222";"BR-393/RJ";"Pista Sul";"Sa�das de pista";0;0;0;0;0;0;0;0;0;1;0;2;0;0;0
"26/03/2016";"17:31:00";"44";"sem v�tima";"257,8";"BR-393/RJ";"Pista Sul";"Capotamento";1;0;0;0;0;0;0;0;0;0;2;0;0;0;0
"27/03/2016";"16:38:00";"56";"sem v�tima";"168,6";"BR-393/RJ";"Pista Norte";"Colis�o com ve�culos (traseira)";2;0;0;0;0;0;0;0;0;0;5;0;0;0;0
"02/04/2016";"10:34:00";"36";"sem v�tima";"252,361";"BR-393/RJ";"Pista Sul";"Colis�o com ve�culos (traseira)";2;0;0;0;0;0;0;0;0;0;5;0;0;0;0
"02/04/2016";"18:20:00";"77";"com v�tima";"177,375";"BR-393/RJ";"Pista Norte";"Colis�o lateral no sentido contr�rio";3;0;0;0;0;0;0;0;0;0;1;5;0;0;0
"04/04/2016";"16:13:00";"55";"sem v�tima";"257";"BR-393/RJ";"Pista Sul";"Colis�o com ve�culos (traseira)";1;0;1;0;0;0;0;0;0;0;2;0;0;0;0
"04/04/2016";"21:57:00";"73";"com v�tima";"284";"BR-393/RJ";"Pista Norte";"Colis�o lateral no mesmo sentido";1;0;0;1;0;0;0;0;0;0;1;1;0;0;0
"06/04/2016";"23:03:00";"127";"com v�tima";"186";"BR-393/RJ";"Pista Norte";"Sa�das de pista";1;0;0;0;0;0;0;0;0;0;0;1;0;0;0
"07/04/2016";"08:19:00";"27";"com v�tima";"168,3";"BR-393/RJ";"Pista Norte";"Colis�o com ve�culos (traseira)";0;0;1;1;0;0;0;0;0;0;1;1;0;0;0
"08/04/2016";"00:59:00";"11";"sem v�tima";"251,05";"BR-393/RJ";"Pista Sul";"Capotamento";1;0;0;0;0;0;0;0;0;0;1;0;0;0;0