fdata;horario;n_da_ocorrencia;tipo_de_ocorrencia;km;trecho;sentido;tipo_de_acidente;automovel;bicicleta;caminhao;moto;onibus;outros;tracao_animal;transporte_de_cargas_especiais;trator_maquinas;utilitarios;ilesos;levemente_feridos;moderadamente_feridos;gravemente_feridos;mortos
"08/04/2016";"09:06:00";"24";"com v�tima";"217";"BR-393/RJ";"Pista Sul";"Colis�o c/ obst�culos";0;0;2;0;0;0;0;0;0;0;1;1;0;0;0
"08/04/2016";"21:25:00";"75";"sem v�tima";"251";"BR-393/RJ";"Pista Sul";"Colis�o lateral no mesmo sentido";2;0;0;0;0;0;0;0;0;0;2;0;0;0;0
"09/04/2016";"09:33:00";"25";"com v�tima";"1,643";"Al�a Sul";"Pista Norte";"Colis�o lateral no sentido contr�rio";2;0;0;0;0;0;0;0;0;0;0;7;0;0;0
"09/04/2016";"13:56:00";"41";"sem v�tima";"255,667";"BR-393/RJ";"Pista Norte";"Colis�o com ve�culos (traseira)";2;0;0;0;0;0;0;0;0;0;4;0;0;0;0
"09/04/2016";"14:24:00";"43";"sem v�tima";"255";"BR-393/RJ";"Pista Norte";"Colis�o com ve�culos (traseira)";2;0;0;0;0;0;0;0;0;0;2;0;0;0;0
"09/04/2016";"23:59:00";"79";"com v�tima";"279";"BR-393/RJ";"Pista Norte";"Colis�o com ve�culos (frontal)";1;0;0;1;0;0;0;0;0;0;1;1;0;0;0
"10/04/2016";"05:02:00";"16";"sem v�tima";"284,4";"BR-393/RJ";"Pista Sul";"Colis�o c/ obst�culos";1;0;0;0;0;0;0;0;0;0;1;0;0;0;0
"10/04/2016";"05:34:00";"18";"sem v�tima";"283,6";"BR-393/RJ";"Pista Sul";"Sa�das de pista";1;0;0;0;0;0;0;0;0;0;1;0;0;0;0
"10/04/2016";"16:18:00";"44";"com v�tima";"212,158";"BR-393/RJ";"Pista Norte";"Colis�o lateral no mesmo sentido";1;0;1;0;0;0;0;0;0;0;1;3;0;0;0
"11/04/2016";"17:56:00";"58";"com v�tima";"284";"BR-393/RJ";"Pista Norte";"Colis�o com ve�culos (traseira)";1;0;0;1;0;0;0;0;0;0;1;1;0;0;0
"12/04/2016";"05:43:00";"13";"sem v�tima";"170,9";"BR-393/RJ";"Pista Sul";"Sa�das de pista";1;0;0;0;0;0;0;0;0;0;1;0;0;0;0
"13/04/2016";"18:23:00";"89";"sem v�tima";"237";"BR-393/RJ";"Pista Sul";"Colis�o lateral no mesmo sentido";1;0;1;0;0;0;0;0;0;0;2;0;0;0;0
"13/04/2016";"19:30:00";"92";"com v�tima";"283";"BR-393/RJ";"Pista Norte";"Colis�o lateral no sentido contr�rio";0;0;1;1;0;0;0;0;0;0;1;1;2;0;0
"13/04/2016";"23:01:00";"98";"com v�tima";"114";"BR-393/RJ";"Pista Norte";"Colis�o c/ obst�culos";0;0;1;0;0;0;0;0;0;0;0;2;0;0;0
"14/04/2016";"07:22:00";"26";"sem v�tima";"130";"BR-393/RJ";"Pista Norte";"Sa�das de pista";1;0;0;0;0;0;0;0;0;0;3;0;0;0;0
"14/04/2016";"11:09:00";"49";"com v�tima";"201,3";"BR-393/RJ";"Pista Norte";"Colis�o c/ obst�culos";1;0;0;0;0;0;0;0;0;0;0;1;0;0;0
"15/04/2016";"04:39:00";"14";"sem v�tima";"229,369";"BR-393/RJ";"Pista Norte";"Sa�das de pista";1;0;0;0;0;0;0;0;0;0;2;0;0;0;0
"15/04/2016";"06:05:00";"15";"com v�tima";"284,052";"BR-393/RJ";"Pista Norte";"Colis�o com ve�culos (frontal)";2;0;0;0;0;0;0;0;0;0;1;1;0;0;0
"15/04/2016";"09:50:00";"27";"com v�tima";"168,768";"BR-393/RJ";"Pista Norte";"Colis�o lateral no mesmo sentido";1;0;0;1;0;0;0;0;0;0;0;2;0;0;0
"15/04/2016";"14:55:00";"44";"com v�tima";"182";"BR-393/RJ";"Pista Norte";"Colis�o com ve�culos (traseira)";0;0;2;0;0;0;0;0;0;0;0;2;0;0;0
"16/04/2016";"18:41:00";"37";"com v�tima";"172,288";"BR-393/RJ";"Pista Sul";"Colis�o com ve�culos (frontal)";2;0;0;0;0;0;0;0;0;0;8;3;0;0;0
"17/04/2016";"06:55:00";"16";"sem v�tima";"233,987";"BR-393/RJ";"Pista Sul";"Acidente - Outra Natureza";1;0;1;0;0;0;0;0;0;0;3;0;0;0;0
"17/04/2016";"19:05:00";"50";"com v�tima";"271";"BR-393/RJ";"Pista Norte";"Atropelamento - Pedestre";0;1;0;0;1;0;0;0;0;0;1;0;1;0;0
"17/04/2016";"19:31:00";"53";"com v�tima";"141,502";"BR-393/RJ";"Pista Sul";"Colis�o com ve�culos (traseira)";1;0;1;0;0;0;0;0;0;0;1;1;1;0;0
"18/04/2016";"18:38:00";"100";"sem v�tima";"283,399";"BR-393/RJ";"Pista Norte";"Colis�o lateral no mesmo sentido";1;0;1;0;0;0;0;0;0;0;2;0;0;0;0
"19/04/2016";"13:54:00";"36";"sem v�tima";"238,597";"BR-393/RJ";"Pista Norte";"Colis�o lateral no sentido contr�rio";2;0;0;0;0;0;0;0;0;0;3;0;0;0;0
"20/04/2016";"14:31:00";"46";"sem v�tima";"268,301";"BR-393/RJ";"Pista Sul";"Colis�o lateral no sentido contr�rio";1;0;1;0;0;0;0;0;0;0;2;0;0;0;0
"20/04/2016";"16:09:00";"50";"sem v�tima";"107,022";"BR-393/RJ";"Pista Norte";"Colis�o lateral no mesmo sentido";2;0;0;0;0;0;0;0;0;0;2;0;0;0;0
"22/04/2016";"05:21:00";"25";"com v�tima";"146,007";"BR-393/RJ";"Pista Norte";"Acidente - Outra Natureza";0;0;0;1;0;0;0;0;0;0;0;1;0;0;0
"23/04/2016";"04:20:00";"9";"com v�tima";"217,744";"BR-393/RJ";"Pista Sul";"Acidente - Outra Natureza";0;0;0;1;0;0;0;0;0;0;0;1;0;0;0
"23/04/2016";"19:32:00";"42";"sem v�tima";"143,423";"BR-393/RJ";"Pista Norte";"Atropelamento - Animal";1;0;0;0;0;0;0;0;0;0;1;0;0;0;0
"24/04/2016";"01:58:00";"16";"com v�tima";"285";"BR-393/RJ";"Pista Sul";"Colis�o c/ obst�culos";1;0;0;0;0;0;0;0;0;0;0;2;0;0;0
"24/04/2016";"06:34:00";"19";"com v�tima";"169,377";"BR-393/RJ";"Pista Norte";"Capotamento";1;0;0;0;0;0;0;0;0;0;0;1;0;0;0
"24/04/2016";"21:32:00";"50";"com v�tima";"248,8";"BR-393/RJ";"Pista Sul";"Colis�o com ve�culos (frontal)";2;0;0;0;0;0;0;0;0;0;4;0;1;0;0
"24/04/2016";"23:15:00";"54";"com v�tima";"254,112";"BR-393/RJ";"Pista Norte";"Colis�o com ve�culos (frontal)";1;0;0;1;0;0;0;0;0;0;0;2;1;0;0
"25/04/2016";"09:09:00";"17";"com v�tima";"175,49";"BR-393/RJ";"Pista Sul";"Acidente - Outra Natureza";0;0;0;1;0;0;0;0;0;0;0;1;0;0;0
"25/04/2016";"19:12:00";"93";"sem v�tima";"178,4";"BR-393/RJ";"Pista Norte";"Colis�o lateral no mesmo sentido";2;0;0;0;0;0;0;0;0;0;3;0;0;0;0
"26/04/2016";"07:24:00";"24";"sem v�tima";"236,78";"BR-393/RJ";"Pista Sul";"Colis�o lateral no sentido contr�rio";2;0;0;0;0;0;0;0;0;0;4;0;0;0;0
"27/04/2016";"07:01:00";"17";"sem v�tima";"285,6";"BR-393/RJ";"Pista Norte";"Colis�o com ve�culos (traseira)";1;0;0;0;1;0;0;0;0;0;2;0;0;0;0
"27/04/2016";"11:35:00";"42";"com v�tima";"121,253";"BR-393/RJ";"Pista Sul";"Colis�o c/ obst�culos";1;0;0;0;0;0;0;0;0;0;0;1;0;0;0
"27/04/2016";"13:45:00";"48";"com v�tima";"102,69";"BR-393/RJ";"Pista Norte";"Colis�o lateral no mesmo sentido";1;0;0;1;0;0;0;0;0;0;1;1;0;0;0
"27/04/2016";"18:07:00";"64";"com v�tima";"233,941";"BR-393/RJ";"Pista Sul";"Colis�o lateral no mesmo sentido";1;0;0;1;0;0;0;0;0;0;2;1;0;0;0
"28/04/2016";"08:14:00";"19";"com v�tima";"193,437";"BR-393/RJ";"Pista Sul";"Acidente - Outra Natureza";0;1;0;0;0;0;0;0;0;0;0;1;0;0;0
"29/04/2016";"14:04:00";"39";"com v�tima";"257";"BR-393/RJ";"Pista Sul";"Colis�o lateral no mesmo sentido";1;0;1;0;0;0;0;0;0;0;1;1;0;0;0
"29/04/2016";"21:43:00";"76";"com v�tima";"284,3";"BR-393/RJ";"Pista Norte";"Colis�o com ve�culos (traseira)";2;0;0;0;0;0;0;0;0;0;2;2;0;0;0
"30/04/2016";"15:11:00";"65";"sem v�tima";"243,443";"BR-393/RJ";"Pista Norte";"Acidente - Outra Natureza";3;0;0;0;0;0;0;0;0;0;3;0;0;0;0
"30/04/2016";"20:26:00";"83";"com v�tima";"276,5";"BR-393/RJ";"Pista Sul";"Colis�o lateral no sentido contr�rio";2;0;0;0;0;0;0;0;0;0;2;1;0;0;0
"30/04/2016";"22:36:00";"88";"sem v�tima";"262";"BR-393/RJ";"Pista Norte";"Sa�das de pista";1;0;0;0;0;0;0;0;0;0;1;0;0;0;0
"30/04/2016";"23:45:00";"94";"sem v�tima";"282";"BR-393/RJ";"Pista Sul";"Colis�o c/ obst�culos";1;0;0;0;0;0;0;0;0;0;1;0;0;0;0
"01/05/2016";"00:46:00";"13";"sem v�tima";"121,191";"BR-393/RJ";"Pista Norte";"Saida de Pista";0;0;1;0;0;0;0;0;0;0;1;0;0;0;0
"02/05/2016";"13:13:00";"39";"com v�tima";"258,92";"BR-393/RJ";"Pista Sul";"Queda de Moto";0;0;0;1;0;0;0;0;0;0;0;1;0;0;0
"02/05/2016";"18:04:00";"50";"com v�tima";"251,3";"BR-393/RJ";"Pista Sul";"Atropelamento - Ciclista";0;1;0;1;0;0;0;0;0;0;1;1;0;0;0
"04/05/2016";"07:24:00";"22";"com v�tima";"284,5";"BR-393/RJ";"Pista Sul";"Colis�o Lateral Sentido Oposto";1;0;0;1;0;0;0;0;0;0;1;1;1;0;0
"04/05/2016";"11:59:00";"50";"com v�tima";"286";"BR-393/RJ";"Pista Norte";"Colis�o Traseira";1;0;1;0;0;0;0;0;0;0;1;1;0;0;0
"04/05/2016";"23:42:00";"106";"com v�tima";"201,376";"BR-393/RJ";"Pista Norte";"Tombamento";0;0;1;0;0;0;0;0;0;0;0;0;1;0;0
"06/05/2016";"12:32:00";"30";"com v�tima";"232,53";"BR-393/RJ";"Pista Norte";"Colis�o Transversal";2;0;0;0;0;0;0;0;0;0;2;2;0;0;0
"06/05/2016";"13:03:00";"32";"com v�tima";"202,897";"BR-393/RJ";"Pista Sul";"Capotamento";1;0;0;0;0;0;0;0;0;0;0;3;0;0;0
"06/05/2016";"17:39:00";"43";"com v�tima";"268,4";"BR-393/RJ";"Pista Norte";"Colis�o Transversal";2;0;0;0;0;0;0;0;0;0;6;1;0;0;0
"06/05/2016";"17:58:00";"45";"com v�tima";"252";"BR-393/RJ";"Pista Norte";"Atropelamento - Ciclista";0;2;0;1;0;0;0;0;0;0;1;2;0;0;0
"06/05/2016";"21:07:00";"55";"com v�tima";"276";"BR-393/RJ";"Pista Sul";"Saida de Pista";1;0;0;0;0;0;0;0;0;0;3;1;0;0;0
"07/05/2016";"05:12:00";"16";"com v�tima";"278,9";"BR-393/RJ";"Pista Sul";"Colis�o Frontal";2;0;0;0;0;0;0;0;0;0;2;1;0;0;0
"07/05/2016";"13:02:00";"36";"com v�tima";"237,1";"BR-393/RJ";"Pista Sul";"Colis�o Traseira";1;0;0;1;0;0;0;0;0;0;1;1;0;0;0
"07/05/2016";"13:33:00";"43";"com v�tima";"258,278";"BR-393/RJ";"Pista Sul";"Colis�o Transversal";2;0;0;0;0;0;0;0;0;0;5;1;0;0;0
"07/05/2016";"22:05:00";"69";"sem v�tima";"279";"BR-393/RJ";"Pista Sul";"Abalroamento - Mesmo Sentido";2;0;0;0;0;0;0;0;0;0;2;0;0;0;0
"07/05/2016";"22:29:00";"70";"com v�tima";"232,127";"BR-393/RJ";"Pista Norte";"Capotamento";1;0;0;0;0;0;0;0;0;0;0;1;0;0;0
"09/05/2016";"03:55:00";"15";"sem v�tima";"220,5";"BR-393/RJ";"Pista Norte";"Tombamento";0;0;1;0;0;0;0;0;0;0;1;0;0;0;0
"09/05/2016";"14:19:00";"50";"sem v�tima";"284";"BR-393/RJ";"Pista Norte";"Abalroamento - Mesmo Sentido";1;0;1;0;0;0;0;0;0;0;2;0;0;0;0
"09/05/2016";"16:00:00";"53";"com v�tima";"268";"BR-393/RJ";"Pista Norte";"Colis�o Lateral Mesmo Sentido";2;0;0;0;0;0;0;0;0;0;1;2;0;0;0
"10/05/2016";"12:38:00";"24";"com v�tima";"132";"BR-393/RJ";"Pista Sul";"Engavetamento";3;0;0;0;0;0;0;0;0;0;2;3;0;0;0
"12/05/2016";"18:13:00";"75";"com v�tima";"284,2";"BR-393/RJ";"Pista Norte";"Abalroamento - Mesmo Sentido";1;0;1;0;0;0;0;0;0;0;1;1;0;0;0
"13/05/2016";"13:02:00";"39";"com v�tima";"244";"BR-393/RJ";"Pista Sul";"Choque - Defensa, barreira ou "submarino"";1;0;0;0;0;0;0;0;0;0;0;1;0;0;0
"13/05/2016";"21:43:00";"51";"sem v�tima";"225,9";"BR-393/RJ";"Pista Sul";"Saida de Pista";1;0;0;0;0;0;0;0;0;0;6;0;0;0;0
"14/05/2016";"03:51:00";"3";"sem v�tima";"253";"BR-393/RJ";"Pista Sul";"Colis�o Lateral Mesmo Sentido";2;0;0;0;0;0;0;0;0;0;2;0;0;0;0
"14/05/2016";"06:28:00";"15";"com v�tima";"168,794";"BR-393/RJ";"Pista Norte";"Colis�o Frontal";1;1;0;0;0;0;0;0;0;0;0;1;0;1;0
"14/05/2016";"08:35:00";"18";"sem v�tima";"239,388";"BR-393/RJ";"Pista Sul";"Choque - Defensa, barreira ou "submarino"";1;0;0;0;0;0;0;0;0;0;1;0;0;0;0
"14/05/2016";"15:40:00";"35";"sem v�tima";"282,3";"BR-393/RJ";"Pista Norte";"Colis�o Transversal";2;0;0;0;0;0;0;0;0;0;2;0;0;0;0
"14/05/2016";"18:20:00";"38";"sem v�tima";"275";"BR-393/RJ";"Pista Norte";"Colis�o Traseira";0;0;2;0;0;0;0;0;0;0;3;0;0;0;0
"15/05/2016";"06:46:00";"4";"com v�tima";"164,786";"BR-393/RJ";"Pista Sul";"Queda de Moto";0;0;0;1;0;0;0;0;0;0;0;0;0;0;1
"15/05/2016";"17:44:00";"37";"com v�tima";"166";"BR-393/RJ";"Pista Norte";"Colis�o Transversal";2;0;0;0;0;0;0;0;0;0;1;1;0;0;0
"15/05/2016";"18:20:00";"39";"sem v�tima";"282,6";"BR-393/RJ";"Pista Sul";"Colis�o Traseira";1;0;0;1;0;0;0;0;0;0;4;0;0;0;0
"16/05/2016";"15:33:00";"65";"sem v�tima";"132";"BR-393/RJ";"Pista Norte";"Colis�o Transversal";1;0;0;0;0;0;0;0;0;1;4;0;0;0;0
"16/05/2016";"17:14:00";"71";"com v�tima";"220,145";"BR-393/RJ";"Pista Norte";"Colis�o Lateral Mesmo Sentido";2;0;0;0;0;0;0;0;0;0;0;2;0;0;0
"18/05/2016";"09:32:00";"15";"com v�tima";"139";"BR-393/RJ";"Pista Norte";"Tombamento";0;0;1;0;0;0;0;0;0;0;0;0;1;0;0
"18/05/2016";"14:20:00";"31";"com v�tima";"213";"BR-393/RJ";"Pista Sul";"Saida de Pista";0;0;1;0;0;0;0;0;0;0;0;1;0;0;0
"19/05/2016";"10:51:00";"20";"com v�tima";"124,4";"BR-393/RJ";"Pista Sul";"Tombamento";0;0;1;0;0;0;0;0;0;0;0;1;0;0;0
"19/05/2016";"17:51:00";"41";"com v�tima";"168";"BR-393/RJ";"Pista Sul";"Atropelamento - Ciclista";0;1;0;1;0;0;0;0;0;0;0;2;1;0;0
"22/05/2016";"01:18:00";"2";"sem v�tima";"269";"BR-393/RJ";"Pista Norte";"Colis�o Traseira";2;0;0;0;0;0;0;0;0;0;4;0;0;0;0
"22/05/2016";"04:54:00";"7";"sem v�tima";"125";"BR-393/RJ";"Pista Sul";"Choque - Defensa, barreira ou "submarino"";0;0;0;0;1;0;0;0;0;0;26;0;0;0;0
"23/05/2016";"00:36:00";"2";"com v�tima";"152,567";"BR-393/RJ";"Pista Sul";"Tombamento";0;0;1;0;0;0;0;0;0;0;0;1;0;0;0
"23/05/2016";"08:39:00";"11";"com v�tima";"257,962";"BR-393/RJ";"Pista Norte";"Colis�o Transversal";0;0;0;0;1;0;0;0;0;1;2;0;1;0;0
"24/05/2016";"00:55:00";"10";"sem v�tima";"275,409";"BR-393/RJ";"Pista Sul";"Choque - Poste";0;0;1;0;0;0;0;0;0;0;1;0;0;0;0
"24/05/2016";"19:13:00";"89";"com v�tima";"128,5";"BR-393/RJ";"Pista Sul";"Colis�o Transversal";0;0;1;1;0;0;0;0;0;0;0;1;0;0;1
"25/05/2016";"03:27:00";"5";"com v�tima";"187";"BR-393/RJ";"Pista Sul";"Colis�o Traseira";1;0;1;0;0;0;0;0;0;0;1;1;0;0;0
"25/05/2016";"17:00:00";"57";"com v�tima";"175,5";"BR-393/RJ";"Pista Norte";"Colis�o Traseira";1;0;0;0;0;0;0;0;0;1;1;1;0;0;0
"26/05/2016";"18:39:00";"27";"sem v�tima";"286";"BR-393/RJ";"Pista Sul";"Colis�o Traseira";2;0;0;0;0;0;0;0;0;0;2;0;0;0;0
"26/05/2016";"19:07:00";"29";"com v�tima";"218";"BR-393/RJ";"Pista Sul";"Saida de Pista";1;0;0;0;0;0;0;0;0;0;0;1;0;0;0
"27/05/2016";"19:02:00";"31";"com v�tima";"285,95";"BR-393/RJ";"Pista Sul";"Colis�o Transversal";1;0;0;1;0;0;0;0;0;0;1;1;0;0;0
"27/05/2016";"21:39:00";"36";"sem v�tima";"251";"BR-393/RJ";"Pista Norte";"Colis�o Traseira";1;0;0;1;0;0;0;0;0;0;2;0;0;0;0
"28/05/2016";"10:12:00";"22";"com v�tima";"105";"BR-393/RJ";"Pista Norte";"Colis�o Lateral Mesmo Sentido";1;0;0;1;0;0;0;0;0;0;2;1;0;0;0
"30/05/2016";"07:39:00";"14";"com v�tima";"254,2";"BR-393/RJ";"Pista Sul";"Abalroamento - Mesmo Sentido";1;0;2;0;0;0;0;0;0;0;3;1;0;0;0
"30/05/2016";"13:35:00";"31";"sem v�tima";"177,7";"BR-393/RJ";"Pista Sul";"Colis�o Traseira";2;0;0;0;0;0;0;0;0;0;4;0;0;0;0
"30/05/2016";"19:04:00";"56";"sem v�tima";"184,123";"BR-393/RJ";"Pista Sul";"Choque - Arvore";1;0;0;0;0;0;0;0;0;0;1;0;0;0;0
"30/05/2016";"20:00:00";"60";"com v�tima";"218";"BR-393/RJ";"Pista Sul";"Colis�o Transversal";1;0;1;0;0;0;0;0;0;0;2;1;1;1;0
"31/05/2016";"09:52:00";"19";"sem v�tima";"130,2";"BR-393/RJ";"Pista Sul";"Saida de Pista";1;0;0;0;0;0;0;0;0;0;1;0;0;0;0
"01/06/2016";"16:13:00";"66";"sem v�tima";"155";"BR-393/RJ";"Pista Norte";"Colis�o c/ obst�culos";1;0;0;0;0;0;0;0;0;0;1;0;0;0;0
"02/06/2016";"13:06:00";"51";"sem v�tima";"282,9";"BR-393/RJ";"Pista Norte";"Colis�o lateral no sentido contr�rio";1;0;1;0;0;0;0;0;0;0;3;0;0;0;0
"02/06/2016";"14:43:00";"53";"sem v�tima";"218,6";"BR-393/RJ";"Pista Norte";"Colis�o lateral no mesmo sentido";0;0;2;0;0;0;0;0;0;0;2;0;0;0;0
"03/06/2016";"07:14:00";"21";"sem v�tima";"238,5";"BR-393/RJ";"Pista Sul";"Colis�o lateral no sentido contr�rio";2;0;0;0;0;0;0;0;0;0;2;0;0;0;0
"03/06/2016";"13:21:00";"40";"sem v�tima";"278,8";"BR-393/RJ";"Pista Sul";"Colis�o lateral no mesmo sentido";1;0;0;1;0;0;0;0;0;0;2;0;0;0;0
"03/06/2016";"19:24:00";"64";"sem v�tima";"279";"BR-393/RJ";"Pista Norte";"Sa�das de pista";1;0;0;0;0;0;0;0;0;0;1;0;0;0;0
"04/06/2016";"19:01:00";"56";"com v�tima";"222,502";"BR-393/RJ";"Pista Norte";"Colis�o com ve�culos (frontal)";1;0;0;1;0;0;0;0;0;0;1;0;0;1;1
"05/06/2016";"03:20:00";"20";"sem v�tima";"262,797";"BR-393/RJ";"Pista Norte";"Colis�o c/ obst�culos";1;0;0;0;0;0;0;0;0;0;3;0;0;0;0
"05/06/2016";"16:12:00";"41";"com v�tima";"174,531";"BR-393/RJ";"Pista Norte";"Acidentes de outra natureza";0;0;0;1;0;0;0;0;0;0;0;1;0;0;0
"06/06/2016";"08:00:00";"22";"sem v�tima";"201,43";"BR-393/RJ";"Pista Norte";"Sa�das de pista";0;0;1;0;0;0;0;0;0;0;2;0;0;0;0
"07/06/2016";"21:41:00";"45";"sem v�tima";"284,2";"BR-393/RJ";"Pista Sul";"Sa�das de pista";1;0;0;0;0;0;0;0;0;0;1;0;0;0;0
"10/06/2016";"11:07:00";"52";"sem v�tima";"168,7";"BR-393/RJ";"Pista Sul";"Colis�o lateral no sentido contr�rio";2;0;0;0;0;0;0;0;0;0;2;0;0;0;0
"10/06/2016";"11:47:00";"54";"sem v�tima";"218,7";"BR-393/RJ";"Pista Sul";"Colis�o lateral no mesmo sentido";2;0;0;0;0;0;0;0;0;0;6;0;0;0;0
"10/06/2016";"14:18:00";"62";"sem v�tima";"281,35";"BR-393/RJ";"Pista Norte";"Engavetamento";3;0;0;0;0;0;0;0;0;0;3;0;0;0;0
"10/06/2016";"15:03:00";"64";"com v�tima";"103,1";"BR-393/RJ";"Pista Sul";"Sa�das de pista";1;0;0;0;0;0;0;0;0;0;0;1;0;0;0
"11/06/2016";"03:19:00";"3";"sem v�tima";"219,6";"BR-393/RJ";"Pista Norte";"Atropelamento de animais";0;0;1;0;0;0;0;0;0;0;1;0;0;0;0
"11/06/2016";"06:11:00";"14";"com v�tima";"235";"BR-393/RJ";"Pista Norte";"Colis�o lateral no sentido contr�rio";1;0;1;0;0;0;0;0;0;0;1;1;0;1;0
"11/06/2016";"18:29:00";"40";"com v�tima";"176";"BR-393/RJ";"Pista Sul";"Atropelamento de pedestre";1;0;0;0;0;0;0;0;0;0;1;0;0;1;0
"12/06/2016";"01:22:00";"9";"sem v�tima";"230";"BR-393/RJ";"Pista Sul";"Capotamento";1;0;0;0;0;0;0;0;0;0;1;0;0;0;0
"12/06/2016";"07:00:00";"13";"sem v�tima";"182";"BR-393/RJ";"Pista Sul";"Colis�o c/ obst�culos";1;0;0;0;0;0;0;0;0;0;1;0;0;0;0
"12/06/2016";"09:42:00";"20";"com v�tima";"103";"BR-393/RJ";"Pista Norte";"Colis�o lateral no sentido contr�rio";1;0;1;0;0;0;0;0;0;0;2;1;0;0;0
"13/06/2016";"21:47:00";"112";"com v�tima";"257,1";"BR-393/RJ";"Pista Norte";"Atropelamento de pedestre";0;1;1;0;0;0;0;0;0;0;2;1;0;0;0
"14/06/2016";"17:34:00";"59";"sem v�tima";"286";"BR-393/RJ";"Pista Sul";"Colis�o com ve�culos (traseira)";2;0;0;0;0;0;0;0;0;0;2;0;0;0;0
"15/06/2016";"16:29:00";"41";"sem v�tima";"284,95";"BR-393/RJ";"Pista Sul";"Colis�o com ve�culos (traseira)";2;0;0;0;0;0;0;0;0;0;2;0;0;0;0
"16/06/2016";"10:29:00";"16";"com v�tima";"274,121";"BR-393/RJ";"Pista Sul";"Tombamento";0;0;1;0;0;0;0;0;0;0;0;1;0;0;0
"17/06/2016";"00:16:00";"6";"com v�tima";"246,565";"BR-393/RJ";"Pista Sul";"Capotamento";1;0;0;0;0;0;0;0;0;0;0;1;0;0;0
"17/06/2016";"09:38:00";"36";"sem v�tima";"135,45";"BR-393/RJ";"Pista Norte";"Colis�o com ve�culos (traseira)";2;0;0;0;0;0;0;0;0;0;5;0;0;0;0
"17/06/2016";"23:15:00";"90";"com v�tima";"236,566";"BR-393/RJ";"Pista Sul";"Colis�o lateral no sentido contr�rio";2;0;0;0;0;0;0;0;0;0;1;4;0;0;0
"18/06/2016";"10:35:00";"31";"com v�tima";"282";"BR-393/RJ";"Pista Sul";"Colis�o com ve�culos (traseira)";1;0;0;1;0;0;0;0;0;0;1;1;0;0;0
"19/06/2016";"15:57:00";"29";"sem v�tima";"238";"BR-393/RJ";"Pista Norte";"Colis�o lateral no sentido contr�rio";1;0;0;1;0;0;0;0;0;0;2;0;0;0;0
"19/06/2016";"18:17:00";"36";"com v�tima";"219";"BR-393/RJ";"Pista Norte";"Colis�o com ve�culos (frontal)";3;0;0;1;0;0;0;0;0;0;4;0;1;0;0
"19/06/2016";"20:56:00";"44";"sem v�tima";"282";"BR-393/RJ";"Pista Norte";"Colis�o com ve�culos (traseira)";2;0;0;0;0;0;0;0;0;0;2;0;0;0;0
"19/06/2016";"21:37:00";"46";"sem v�tima";"284";"BR-393/RJ";"Pista Norte";"Colis�o com ve�culos (traseira)";2;0;0;0;0;0;0;0;0;0;2;0;0;0;0
"22/06/2016";"06:52:00";"22";"com v�tima";"168";"BR-393/RJ";"Pista Norte";"Colis�o lateral no sentido contr�rio";1;0;0;2;0;0;0;0;0;0;3;1;0;0;0
"22/06/2016";"12:26:00";"42";"sem v�tima";"136";"BR-393/RJ";"Pista Sul";"Colis�o lateral no mesmo sentido";2;0;0;0;0;0;0;0;0;0;2;0;0;0;0
"24/06/2016";"12:53:00";"46";"sem v�tima";"133";"BR-393/RJ";"Pista Norte";"Colis�o com ve�culos (traseira)";2;0;0;0;0;0;0;0;0;0;2;0;0;0;0
"24/06/2016";"14:56:00";"60";"sem v�tima";"177,78";"BR-393/RJ";"Pista Norte";"Colis�o com ve�culos (traseira)";1;0;1;0;0;0;0;0;0;0;2;0;0;0;0
"25/06/2016";"15:55:00";"64";"com v�tima";"146,379";"BR-393/RJ";"Pista Sul";"Acidentes de outra natureza";0;0;0;1;0;0;0;0;0;0;0;1;1;0;0
"25/06/2016";"18:47:00";"74";"com v�tima";"283";"BR-393/RJ";"Pista Norte";"Atropelamento de pedestre";1;0;0;0;0;0;0;0;0;0;1;1;0;0;0
"26/06/2016";"15:35:00";"34";"sem v�tima";"283,7";"BR-393/RJ";"Pista Norte";"Sa�das de pista";1;0;0;0;0;0;0;0;0;0;3;0;0;0;0
"26/06/2016";"17:46:00";"38";"com v�tima";"279";"BR-393/RJ";"Pista Sul";"Atropelamento de pedestre";0;1;0;0;1;0;0;0;0;0;2;1;0;0;0
"26/06/2016";"18:39:00";"42";"com v�tima";"177";"BR-393/RJ";"Pista Norte";"Colis�o com ve�culos (traseira)";2;0;0;0;0;0;0;0;0;0;1;2;0;0;0
"27/06/2016";"02:29:00";"10";"sem v�tima";"210,4";"BR-393/RJ";"Pista Norte";"Atropelamento de animais";0;0;0;0;1;0;0;0;0;0;1;0;0;0;0
"27/06/2016";"10:01:00";"25";"com v�tima";"285";"BR-393/RJ";"Pista Sul";"Acidentes de outra natureza";0;0;0;1;0;0;0;0;0;0;0;1;0;0;0