fdata;horario;n_da_ocorrencia;tipo_de_ocorrencia;km;trecho;sentido;tipo_de_acidente;automovel;bicicleta;caminhao;moto;onibus;outros;tracao_animal;transporte_de_cargas_especiais;trator_maquinas;utilitarios;ilesos;levemente_feridos;moderadamente_feridos;gravemente_feridos;mortos
"28/06/2016";"08:04:00";"8";"sem v�tima";"284,8";"BR-393/RJ";"Pista Norte";"Colis�o lateral no sentido contr�rio";2;0;0;0;0;0;0;0;0;0;2;0;0;0;0
"28/06/2016";"08:53:00";"10";"sem v�tima";"284,93";"BR-393/RJ";"Pista Norte";"Colis�o lateral no mesmo sentido";1;0;1;0;0;0;0;0;0;0;2;0;0;0;0
"28/06/2016";"16:42:00";"47";"com v�tima";"259,212";"BR-393/RJ";"Pista Sul";"Atropelamento de pedestre";0;1;0;0;0;0;0;0;0;1;1;1;1;0;0
"29/06/2016";"06:42:00";"23";"sem v�tima";"274";"BR-393/RJ";"Pista Norte";"Acidentes de outra natureza";0;0;0;1;0;0;0;0;0;0;2;0;0;0;0
"29/06/2016";"09:12:00";"36";"com v�tima";"103,9";"BR-393/RJ";"Pista Sul";"Colis�o lateral no mesmo sentido";1;0;0;1;0;0;0;0;0;0;1;1;0;0;0
"29/06/2016";"09:30:00";"40";"sem v�tima";"233,919";"BR-393/RJ";"Pista Sul";"Colis�o lateral no sentido contr�rio";2;0;0;0;0;0;0;0;0;0;4;0;0;0;0
"30/06/2016";"03:27:00";"17";"com v�tima";"159,5";"BR-393/RJ";"Pista Sul";"Acidentes de outra natureza";0;0;0;1;0;0;0;0;0;0;0;0;2;0;0
"30/06/2016";"08:18:00";"30";"sem v�tima";"175";"BR-393/RJ";"Pista Norte";"Tombamento";0;0;1;0;0;0;0;0;0;0;1;0;0;0;0
"02/07/2016";"03:24:00";"13";"com v�tima";"257,8";"BR-393/RJ";"Pista Sul";"Colis�o com ve�culos (traseira)";2;0;0;0;0;0;0;0;0;0;4;2;0;0;0
"02/07/2016";"05:59:00";"16";"sem v�tima";"276,5";"BR-393/RJ";"Pista Sul";"Colis�o lateral no sentido contr�rio";1;0;1;0;0;0;0;0;0;0;7;0;0;0;0
"02/07/2016";"06:16:00";"19";"sem v�tima";"259,25";"BR-393/RJ";"Pista Sul";"Sa�das de pista";1;0;0;0;0;0;0;0;0;0;1;0;0;0;0
"02/07/2016";"06:37:00";"21";"sem v�tima";"203,759";"BR-393/RJ";"Pista Sul";"Colis�o lateral no sentido contr�rio";0;0;2;0;0;0;0;0;0;0;2;0;0;0;0
"02/07/2016";"09:29:00";"24";"com v�tima";"136";"BR-393/RJ";"Pista Norte";"Colis�o lateral no sentido contr�rio";0;0;1;0;1;0;0;0;0;0;1;1;0;0;0
"02/07/2016";"18:42:00";"50";"sem v�tima";"284,5";"BR-393/RJ";"Pista Norte";"Colis�o com ve�culos (traseira)";2;0;0;0;0;0;0;0;0;0;2;0;0;0;0
"02/07/2016";"21:49:00";"68";"com v�tima";"280";"BR-393/RJ";"Pista Norte";"Colis�o com ve�culos (traseira)";1;0;0;0;0;0;0;0;0;1;1;1;0;0;0
"03/07/2016";"11:50:00";"24";"sem v�tima";"142,3";"BR-393/RJ";"Pista Norte";"Colis�o lateral no sentido contr�rio";1;0;1;0;0;0;0;0;0;0;7;0;0;0;0
"03/07/2016";"13:30:00";"29";"sem v�tima";"118";"BR-393/RJ";"Pista Norte";"Sa�das de pista";0;0;0;0;0;0;0;0;0;1;5;0;0;0;0
"03/07/2016";"15:44:00";"39";"com v�tima";"251,751";"BR-393/RJ";"Pista Sul";"Atropelamento de pedestre";1;0;0;0;0;0;0;0;0;0;1;0;0;1;0
"04/07/2016";"09:28:00";"28";"com v�tima";"285,5";"BR-393/RJ";"Pista Sul";"Colis�o lateral no mesmo sentido";1;0;1;0;0;0;0;0;0;0;2;1;0;0;0
"04/07/2016";"12:42:00";"48";"com v�tima";"282,7";"BR-393/RJ";"Pista Sul";"Colis�o com ve�culos (traseira)";2;0;0;0;0;0;0;0;0;0;2;1;0;0;0
"04/07/2016";"16:24:00";"56";"sem v�tima";"280,1";"BR-393/RJ";"Pista Sul";"Colis�o com ve�culos (traseira)";2;0;0;0;0;0;0;0;0;0;2;0;0;0;0
"05/07/2016";"20:22:00";"46";"com v�tima";"138";"BR-393/RJ";"Pista Norte";"Sa�das de pista";1;0;0;0;0;0;0;0;0;0;1;1;0;0;0
"06/07/2016";"08:56:00";"6";"sem v�tima";"228,705";"BR-393/RJ";"Pista Sul";"Colis�o com ve�culos (traseira)";2;0;0;0;0;0;0;0;0;0;3;0;0;0;0
"08/07/2016";"14:12:00";"51";"com v�tima";"269";"BR-393/RJ";"Pista Sul";"Colis�o lateral no mesmo sentido";1;0;0;1;0;0;0;0;0;0;1;2;0;0;0
"08/07/2016";"20:43:00";"73";"com v�tima";"187";"BR-393/RJ";"Pista Norte";"Sa�das de pista";1;0;0;0;0;0;0;0;0;0;0;0;2;0;0
"09/07/2016";"04:04:00";"3";"sem v�tima";"250,7";"BR-393/RJ";"Pista Norte";"Sa�das de pista";1;0;0;0;0;0;0;0;0;0;3;0;0;0;0
"09/07/2016";"16:02:00";"41";"sem v�tima";"248";"BR-393/RJ";"Pista Sul";"Colis�o lateral no mesmo sentido";1;0;1;0;0;0;0;0;0;0;2;0;0;0;0
"09/07/2016";"16:06:00";"42";"com v�tima";"123,121";"BR-393/RJ";"Pista Norte";"Sa�das de pista";1;0;0;0;0;0;0;0;0;0;0;3;1;0;0
"09/07/2016";"17:04:00";"46";"com v�tima";"126,72";"BR-393/RJ";"Pista Sul";"Acidentes de outra natureza";0;0;0;1;0;0;0;0;0;0;0;2;0;0;0
"09/07/2016";"21:53:00";"56";"com v�tima";"286";"BR-393/RJ";"Pista Sul";"Acidentes de outra natureza";0;0;0;1;0;0;0;0;0;0;0;1;0;0;0
"09/07/2016";"22:40:00";"58";"sem v�tima";"3,022";"BR-393/RJ";"Pista Sul";"Acidentes de outra natureza";0;0;0;1;0;0;0;0;0;0;1;0;0;0;0
"10/07/2016";"10:02:00";"22";"sem v�tima";"226,168";"BR-393/RJ";"Pista Norte";"Sa�das de pista";1;0;0;0;0;0;0;0;0;0;1;0;0;0;0
"10/07/2016";"14:40:00";"32";"com v�tima";"207,252";"BR-393/RJ";"Pista Norte";"Capotamento";1;0;0;0;0;0;0;0;0;0;0;3;0;0;0
"10/07/2016";"17:20:00";"44";"sem v�tima";"279,812";"BR-393/RJ";"Pista Sul";"Colis�o com ve�culos (traseira)";2;0;0;0;0;0;0;0;0;0;2;0;0;0;0
"10/07/2016";"19:21:00";"47";"com v�tima";"282,726";"BR-393/RJ";"Pista Sul";"Engavetamento";3;0;0;0;0;0;0;0;0;0;3;1;0;0;0
"11/07/2016";"13:12:00";"46";"sem v�tima";"284,172";"BR-393/RJ";"Pista Norte";"Colis�o com ve�culos (traseira)";2;0;0;0;0;0;0;0;0;0;2;0;0;0;0
"11/07/2016";"17:40:00";"63";"com v�tima";"160";"BR-393/RJ";"Pista Norte";"Colis�o lateral no mesmo sentido";1;0;0;1;0;0;0;0;0;0;1;3;0;0;0
"12/07/2016";"19:03:00";"64";"sem v�tima";"241";"BR-393/RJ";"Pista Norte";"Atropelamento de animais";1;0;1;0;0;0;0;0;0;0;3;0;0;0;0
"12/07/2016";"23:32:00";"71";"com v�tima";"258,2";"BR-393/RJ";"Pista Sul";"Colis�o c/ obst�culos";1;0;0;0;0;0;0;0;0;0;0;2;0;0;0
"13/07/2016";"12:23:00";"33";"com v�tima";"223,7";"BR-393/RJ";"Pista Sul";"Sa�das de pista";0;0;1;0;0;0;0;0;0;0;0;1;0;0;0
"14/07/2016";"14:49:00";"42";"com v�tima";"236,4";"BR-393/RJ";"Pista Norte";"Colis�o com ve�culos (traseira)";1;0;1;0;0;0;0;0;0;0;2;1;0;0;0
"14/07/2016";"19:09:00";"59";"sem v�tima";"284";"BR-393/RJ";"Pista Norte";"Colis�o com ve�culos (traseira)";2;0;0;0;0;0;0;0;0;0;2;0;0;0;0
"15/07/2016";"08:40:00";"32";"com v�tima";"266,2";"BR-393/RJ";"Pista Norte";"Capotamento";1;0;0;0;0;0;0;0;0;0;0;1;1;0;0
"15/07/2016";"12:25:00";"54";"com v�tima";"106";"BR-393/RJ";"Pista Norte";"Colis�o lateral no sentido contr�rio";1;0;0;1;0;0;0;0;0;0;1;1;0;0;0
"15/07/2016";"16:09:00";"78";"sem v�tima";"103,728";"BR-393/RJ";"Pista Norte";"Colis�o com ve�culos (traseira)";2;0;0;0;0;0;0;0;0;0;2;0;0;0;0
"15/07/2016";"18:43:00";"93";"com v�tima";"284,03";"BR-393/RJ";"Pista Norte";"Atropelamento de pedestre";0;1;0;1;0;0;0;0;0;0;1;1;0;0;0
"17/07/2016";"13:52:00";"28";"com v�tima";"151,9";"BR-393/RJ";"Pista Sul";"Tombamento";0;0;1;0;0;0;0;0;0;0;0;1;0;0;0
"17/07/2016";"19:38:00";"43";"com v�tima";"210,3";"BR-393/RJ";"Pista Norte";"Atropelamento de animais";1;0;0;0;0;0;0;0;0;0;0;2;1;0;0
"18/07/2016";"07:16:00";"12";"com v�tima";"229,799";"BR-393/RJ";"Pista Norte";"Acidentes de outra natureza";0;0;0;1;0;0;0;0;0;0;0;1;0;0;0
"18/07/2016";"09:15:00";"22";"com v�tima";"266,918";"BR-393/RJ";"Pista Sul";"Colis�o com ve�culos (traseira)";1;0;1;0;0;0;0;0;0;0;1;1;0;0;0
"18/07/2016";"15:17:00";"61";"com v�tima";"178";"BR-393/RJ";"Pista Sul";"Colis�o lateral no mesmo sentido";1;0;0;1;0;0;0;0;0;0;4;1;0;0;0
"18/07/2016";"16:24:00";"63";"sem v�tima";"283";"BR-393/RJ";"Pista Norte";"Acidentes de outra natureza";0;0;0;1;0;0;0;0;0;0;1;0;0;0;0
"20/07/2016";"18:35:00";"57";"com v�tima";"175";"BR-393/RJ";"Pista Sul";"Acidentes de outra natureza";0;0;0;1;0;0;0;0;0;0;0;1;1;0;0
"21/07/2016";"15:53:00";"36";"com v�tima";"126,2";"BR-393/RJ";"Pista Norte";"Colis�o com ve�culos (traseira)";0;0;2;0;0;0;0;0;0;0;0;4;0;0;0
"22/07/2016";"22:02:00";"78";"sem v�tima";"177,757";"BR-393/RJ";"Pista Sul";"Colis�o com ve�culos (traseira)";2;0;0;0;0;0;0;0;0;0;6;0;0;0;0
"22/07/2016";"22:34:00";"83";"com v�tima";"169,285";"BR-393/RJ";"Pista Sul";"Colis�o c/ obst�culos";1;0;0;0;0;0;0;0;0;0;0;1;0;0;0
"23/07/2016";"03:31:00";"18";"sem v�tima";"284,326";"BR-393/RJ";"Pista Norte";"Tombamento";1;0;0;0;0;0;0;0;0;0;1;0;0;0;0
"23/07/2016";"10:30:00";"32";"com v�tima";"157,13";"BR-393/RJ";"Pista Norte";"Colis�o lateral no sentido contr�rio";2;0;0;0;0;0;0;0;0;0;2;1;0;0;0
"24/07/2016";"04:55:00";"17";"com v�tima";"172,5";"BR-393/RJ";"Pista Norte";"Colis�o lateral no sentido contr�rio";1;0;0;0;1;0;0;0;0;0;51;3;0;0;0
"24/07/2016";"16:20:00";"33";"sem v�tima";"285";"BR-393/RJ";"Pista Norte";"Colis�o lateral no mesmo sentido";1;0;1;0;0;0;0;0;0;0;4;0;0;0;0
"24/07/2016";"20:36:00";"51";"com v�tima";"208";"BR-393/RJ";"Pista Norte";"Sa�das de pista";1;0;0;0;0;0;0;0;0;0;0;1;0;0;0
"25/07/2016";"19:45:00";"74";"com v�tima";"236,036";"BR-393/RJ";"Pista Sul";"Colis�o lateral no sentido contr�rio";1;0;0;1;0;0;0;0;0;0;1;1;0;0;0
"25/07/2016";"22:01:00";"81";"sem v�tima";"201,693";"BR-393/RJ";"Pista Sul";"Sa�das de pista";1;0;0;0;0;0;0;0;0;0;1;0;0;0;0
"26/07/2016";"10:47:00";"34";"sem v�tima";"133,974";"BR-393/RJ";"Pista Norte";"Colis�o com ve�culos (traseira)";2;0;0;0;0;0;0;0;0;0;4;0;0;0;0
"26/07/2016";"11:14:00";"36";"com v�tima";"167,808";"BR-393/RJ";"Pista Sul";"Colis�o lateral no sentido contr�rio";2;0;0;0;0;0;0;0;0;0;4;1;0;0;0
"27/07/2016";"10:09:00";"64";"com v�tima";"282,612";"BR-393/RJ";"Pista Sul";"Engavetamento";2;0;1;0;0;0;0;0;0;0;6;1;0;0;0
"27/07/2016";"15:55:00";"92";"sem v�tima";"103,666";"BR-393/RJ";"Pista Sul";"Engavetamento";2;0;1;0;0;0;0;0;0;0;5;0;0;0;0
"27/07/2016";"16:09:00";"94";"sem v�tima";"284,562";"BR-393/RJ";"Pista Sul";"Colis�o com ve�culos (traseira)";2;0;0;0;0;0;0;0;0;0;2;0;0;0;0
"27/07/2016";"21:45:00";"139";"sem v�tima";"190";"BR-393/RJ";"Pista Sul";"Sa�das de pista";1;0;0;0;0;0;0;0;0;0;4;0;0;0;0
"28/07/2016";"12:40:00";"47";"com v�tima";"167,7";"BR-393/RJ";"Pista Norte";"Colis�o lateral no sentido contr�rio";0;0;0;1;0;0;0;0;0;1;2;0;1;0;0
"29/07/2016";"06:54:00";"21";"sem v�tima";"283,3";"BR-393/RJ";"Pista Norte";"Colis�o lateral no sentido contr�rio";1;0;0;0;0;0;0;0;0;1;2;0;0;0;0
"29/07/2016";"08:29:00";"28";"sem v�tima";"252,3";"BR-393/RJ";"Pista Norte";"Colis�o com ve�culos (traseira)";1;0;0;0;1;0;0;0;0;0;15;0;0;0;0
"29/07/2016";"20:40:00";"65";"com v�tima";"128,935";"BR-393/RJ";"Pista Norte";"Colis�o c/ obst�culos";1;0;0;0;0;0;0;0;0;0;0;3;0;0;0
"30/07/2016";"06:26:00";"14";"com v�tima";"277,952";"BR-393/RJ";"Pista Norte";"Colis�o c/ obst�culos";1;0;0;0;0;0;0;0;0;0;0;0;1;0;0
"30/07/2016";"11:24:00";"30";"sem v�tima";"273,822";"BR-393/RJ";"Pista Sul";"Colis�o lateral no mesmo sentido";2;0;1;0;0;0;0;0;0;0;5;0;0;0;0
"31/07/2016";"01:29:00";"3";"sem v�tima";"284";"BR-393/RJ";"Pista Sul";"Colis�o com ve�culos (traseira)";2;0;0;0;0;0;0;0;0;0;2;0;0;0;0
"31/07/2016";"14:37:00";"40";"sem v�tima";"235";"BR-393/RJ";"Pista Norte";"Colis�o lateral no sentido contr�rio";2;0;0;0;0;0;0;0;0;0;5;0;0;0;0
"31/07/2016";"16:50:00";"50";"com v�tima";"238";"BR-393/RJ";"Pista Norte";"Colis�o lateral no sentido contr�rio";1;0;1;0;0;0;0;0;0;0;2;1;0;0;0
"01/08/2016";"00:11:00";"2";"sem v�tima";"169,5";"BR-393/RJ";"Pista Norte";"Sa�das de pista";1;0;0;0;0;0;0;0;0;0;2;0;0;0;0
"01/08/2016";"10:32:00";"31";"com v�tima";"178";"BR-393/RJ";"Pista Norte";"Colis�o com ve�culos (traseira)";1;0;1;0;0;0;0;0;0;0;1;2;0;0;0
"01/08/2016";"14:55:00";"55";"com v�tima";"285";"BR-393/RJ";"Pista Norte";"Colis�o lateral no sentido contr�rio";1;0;0;1;0;0;0;0;0;0;1;1;0;0;0
"02/08/2016";"04:59:00";"12";"sem v�tima";"152,412";"BR-393/RJ";"Pista Norte";"Sa�das de pista";1;0;0;0;0;0;0;0;0;0;1;0;0;0;0
"02/08/2016";"11:52:00";"37";"com v�tima";"243,6";"BR-393/RJ";"Pista Sul";"Sa�das de pista";1;0;0;0;0;0;0;0;0;0;0;2;0;0;0
"03/08/2016";"12:34:00";"48";"sem v�tima";"234,618";"BR-393/RJ";"Pista Norte";"Colis�o com ve�culos (traseira)";1;0;1;0;0;0;0;0;0;0;2;0;0;0;0
"03/08/2016";"18:10:00";"79";"sem v�tima";"286";"BR-393/RJ";"Pista Norte";"Colis�o com ve�culos (traseira)";2;0;0;0;0;0;0;0;0;0;3;0;0;0;0
"03/08/2016";"18:27:00";"81";"sem v�tima";"281";"BR-393/RJ";"Pista Sul";"Colis�o com ve�culos (traseira)";1;0;1;0;0;0;0;0;0;0;4;0;0;0;0
"04/08/2016";"08:10:00";"30";"com v�tima";"106,6";"BR-393/RJ";"Pista Norte";"Colis�o lateral no sentido contr�rio";1;0;0;1;0;0;0;0;0;0;1;1;0;0;0
"05/08/2016";"13:32:00";"59";"com v�tima";"236";"BR-393/RJ";"Pista Sul";"Acidentes de outra natureza";0;0;0;1;0;0;0;0;0;0;0;1;0;0;0
"06/08/2016";"02:25:00";"12";"com v�tima";"251,874";"BR-393/RJ";"Pista Sul";"Colis�o com ve�culos (frontal)";1;0;0;1;0;0;0;0;0;0;1;0;0;0;1
"06/08/2016";"06:04:00";"21";"com v�tima";"201,4";"BR-393/RJ";"Pista Norte";"Acidentes de outra natureza";0;0;0;1;0;0;0;0;0;0;0;2;0;0;0
"06/08/2016";"18:43:00";"54";"sem v�tima";"179";"BR-393/RJ";"Pista Sul";"Colis�o com ve�culos (traseira)";1;0;1;0;0;0;0;0;0;0;2;0;0;0;0
"06/08/2016";"18:54:00";"56";"com v�tima";"271";"BR-393/RJ";"Pista Sul";"Atropelamento de animais";1;0;0;0;0;0;0;0;0;0;1;1;0;0;0
"07/08/2016";"02:24:00";"1";"sem v�tima";"169,087";"BR-393/RJ";"Pista Norte";"Atropelamento de animais";1;0;0;0;0;0;0;0;0;0;1;0;0;0;0
"07/08/2016";"05:42:00";"15";"sem v�tima";"284,3";"BR-393/RJ";"Pista Norte";"Colis�o c/ obst�culos";1;0;0;0;0;0;0;0;0;0;1;0;0;0;0
"07/08/2016";"06:30:00";"16";"sem v�tima";"262,018";"BR-393/RJ";"Pista Sul";"Colis�o c/ obst�culos";1;0;0;0;0;0;0;0;0;0;1;0;0;0;0
"07/08/2016";"14:50:00";"32";"com v�tima";"120,238";"BR-393/RJ";"Pista Norte";"Colis�o Lateral Mesmo Sentido";0;0;1;1;0;0;0;0;0;0;1;2;0;0;0
"08/08/2016";"14:03:00";"65";"com v�tima";"235,434";"BR-393/RJ";"Pista Norte";"Colis�o lateral no sentido contr�rio";2;0;1;0;0;0;0;0;0;0;4;2;0;0;0
"10/08/2016";"09:35:00";"54";"sem v�tima";"284,2";"BR-393/RJ";"Pista Norte";"Colis�o lateral no mesmo sentido";1;0;1;0;0;0;0;0;0;0;3;0;0;0;0
"10/08/2016";"11:17:00";"61";"sem v�tima";"281";"BR-393/RJ";"Pista Norte";"Colis�o com ve�culos (traseira)";0;0;2;0;0;0;0;0;0;0;2;0;0;0;0
"10/08/2016";"20:41:00";"88";"com v�tima";"152";"BR-393/RJ";"Pista Sul";"Tombamento";1;0;0;0;0;0;0;0;0;0;0;1;0;0;0
"11/08/2016";"03:19:00";"13";"sem v�tima";"163,938";"BR-393/RJ";"Pista Sul";"Colis�o c/ obst�culos";1;0;0;0;0;0;0;0;0;0;1;0;0;0;0
"12/08/2016";"06:16:00";"27";"com v�tima";"138,4";"BR-393/RJ";"Pista Norte";"Colis�o lateral no sentido contr�rio";1;0;1;0;0;0;0;0;0;0;2;1;1;1;0
"12/08/2016";"08:55:00";"39";"sem v�tima";"284,54";"BR-393/RJ";"Sul";"Colis�o com ve�culos (traseira)";0;0;2;0;0;0;0;0;0;0;2;0;0;0;0
"12/08/2016";"09:03:00";"40";"com v�tima";"114,451";"BR-393/RJ";"Pista Norte";"Tombamento";0;0;1;0;0;0;0;0;0;0;0;1;0;0;0
"12/08/2016";"22:00:00";"106";"sem v�tima";"282";"BR-393/RJ";"Pista Sul";"Engavetamento";3;0;0;0;0;0;0;0;0;0;3;0;0;0;0
"12/08/2016";"23:11:00";"109";"sem v�tima";"3";"Al�a Sul";"Pista Sul";"Atropelamento de animais";1;0;0;0;0;0;0;0;0;0;1;0;0;0;0
"13/08/2016";"10:26:00";"27";"sem v�tima";"285";"BR-393/RJ";"Pista Norte";"Sa�das de pista";1;0;0;0;0;0;0;0;0;0;1;0;0;0;0
"13/08/2016";"19:15:00";"58";"com v�tima";"138";"BR-393/RJ";"Pista Sul";"Colis�o com ve�culos (frontal)";2;0;0;0;0;0;0;0;0;0;2;2;1;0;0
"14/08/2016";"18:35:00";"39";"com v�tima";"279,631";"BR-393/RJ";"Pista Norte";"Atropelamento de pedestre";1;1;0;0;0;0;0;0;0;0;1;1;1;1;0
"14/08/2016";"21:55:00";"55";"com v�tima";"176,95";"BR-393/RJ";"Pista Norte";"Colis�o com ve�culos (traseira)";1;0;0;1;0;0;0;0;0;0;1;1;0;0;0
"15/08/2016";"06:44:00";"20";"com v�tima";"218,462";"BR-393/RJ";"Pista Norte";"Colis�o c/ obst�culos";1;0;0;0;0;0;0;0;0;0;0;0;1;0;0
"16/08/2016";"01:57:00";"18";"sem v�tima";"110,9";"BR-393/RJ";"Pista Norte";"Sa�das de pista";1;0;0;0;0;0;0;0;0;0;2;0;0;0;0
"16/08/2016";"07:39:00";"39";"sem v�tima";"285,558";"BR-393/RJ";"Pista Sul";"Colis�o com ve�culos (traseira)";0;0;2;0;0;0;0;0;0;0;2;0;0;0;0
"16/08/2016";"20:24:00";"135";"com v�tima";"283";"BR-393/RJ";"Pista Norte";"Colis�o com ve�culos (frontal)";1;0;0;1;0;0;0;0;0;0;1;1;0;0;0
"17/08/2016";"06:55:00";"21";"com v�tima";"281,5";"BR-393/RJ";"Pista Sul";"Colis�o com ve�culos (traseira)";1;0;0;0;0;0;0;0;0;1;4;3;0;0;0
"17/08/2016";"11:26:00";"39";"sem v�tima";"168";"BR-393/RJ";"Pista Norte";"Colis�o com ve�culos (traseira)";2;0;0;0;0;0;0;0;0;0;2;0;0;0;0
"17/08/2016";"21:51:00";"76";"sem v�tima";"236";"BR-393/RJ";"Pista Norte";"Saida de Pista";1;0;0;0;0;0;0;0;0;0;1;0;0;0;0
"18/08/2016";"17:46:00";"56";"sem v�tima";"281";"BR-393/RJ";"Pista Norte";"Colis�o lateral no mesmo sentido";1;0;1;0;0;0;0;0;0;0;2;0;0;0;0
"18/08/2016";"17:48:00";"57";"com v�tima";"237";"BR-393/RJ";"Pista Sul";"Atropelamento de pedestre";0;1;0;1;0;0;0;0;0;0;0;2;0;0;0
"18/08/2016";"18:00:00";"61";"sem v�tima";"285";"BR-393/RJ";"Pista Norte";"Colis�o Traseira";2;0;0;0;0;0;0;0;0;0;2;0;0;0;0
"18/08/2016";"19:19:00";"66";"sem v�tima";"286";"BR-393/RJ";"Pista Norte";"Engavetamento";3;0;0;0;0;0;0;0;0;0;3;0;0;0;0
"19/08/2016";"03:19:00";"6";"com v�tima";"223,7";"BR-393/RJ";"Pista Sul";"Atropelamento de Animal";0;0;1;0;0;0;0;0;0;0;0;1;0;0;0
"19/08/2016";"13:00:00";"64";"com v�tima";"281";"BR-393/RJ";"Pista Norte";"Atropelamento - Pedestre";0;0;1;0;0;0;0;0;0;0;1;1;0;0;0
"19/08/2016";"16:41:00";"85";"sem v�tima";"282";"BR-393/RJ";"Pista Norte";"Colis�o com ve�culos (traseira)";2;0;0;0;0;0;0;0;0;0;2;0;0;0;0
"19/08/2016";"18:08:00";"92";"com v�tima";"105";"BR-393/RJ";"Pista Sul";"Colis�o com ve�culos (traseira)";2;0;0;0;0;0;0;0;0;0;1;1;0;0;0
"20/08/2016";"13:08:00";"56";"com v�tima";"281,432";"BR-393/RJ";"Pista Sul";"Colis�o lateral no sentido contr�rio";1;0;0;1;0;0;0;0;0;0;1;1;0;0;0
"20/08/2016";"21:59:00";"98";"com v�tima";"237";"BR-393/RJ";"Pista Sul";"Colis�o lateral no sentido contr�rio";1;0;0;1;0;0;0;0;0;0;2;0;1;0;0
"20/08/2016";"22:30:00";"104";"sem v�tima";"284,5";"BR-393/RJ";"Pista Norte";"Colis�o com ve�culos (traseira)";2;0;0;0;0;0;0;0;0;0;2;0;0;0;0
"21/08/2016";"03:24:00";"4";"com v�tima";"239,4";"BR-393/RJ";"Pista Norte";"Colis�o c/ obst�culos";1;0;0;0;0;0;0;0;0;0;0;2;0;0;0
"21/08/2016";"07:56:00";"20";"sem v�tima";"244";"BR-393/RJ";"Pista Sul";"Sa�das de pista";1;0;0;0;0;0;0;0;0;0;1;0;0;0;0
"21/08/2016";"20:59:00";"59";"com v�tima";"229,848";"BR-393/RJ";"Pista Sul";"Capotamento";1;0;0;0;0;0;0;0;0;0;0;6;0;0;0
"21/08/2016";"22:54:00";"62";"sem v�tima";"240";"BR-393/RJ";"Pista Sul";"Sa�das de pista";1;0;0;0;0;0;0;0;0;0;1;0;0;0;0
"23/08/2016";"06:48:00";"15";"com v�tima";"175,59";"BR-393/RJ";"Pista Norte";"Colis�o com ve�culos (traseira)";1;0;0;0;0;0;0;0;0;1;9;2;0;0;0
"23/08/2016";"14:47:00";"66";"com v�tima";"243,585";"BR-393/RJ";"Pista Sul";"Colis�o c/ obst�culos";0;0;0;0;0;0;0;0;0;1;0;1;0;0;0
"23/08/2016";"15:02:00";"67";"com v�tima";"235,099";"BR-393/RJ";"Pista Sul";"Colis�o com ve�culos (traseira)";1;0;1;0;0;0;0;0;0;0;1;2;0;0;0
"23/08/2016";"19:53:00";"86";"sem v�tima";"265";"BR-393/RJ";"Pista Sul";"Acidentes de outra natureza";1;0;0;0;0;0;0;0;0;0;1;0;0;0;0
"24/08/2016";"13:55:00";"79";"sem v�tima";"285,288";"BR-393/RJ";"Pista Norte";"Colis�o lateral no sentido contr�rio";2;0;0;0;0;0;0;0;0;0;3;0;0;0;0
"24/08/2016";"18:37:00";"107";"com v�tima";"176";"BR-393/RJ";"Pista Norte";"Colis�o c/ obst�culos";1;0;0;0;0;0;0;0;0;0;0;1;0;0;0
"25/08/2016";"04:09:00";"5";"com v�tima";"171";"BR-393/RJ";"Pista Norte";"Colis�o c/ obst�culos";1;0;0;0;0;0;0;0;0;0;0;1;0;0;0
"25/08/2016";"05:44:00";"14";"sem v�tima";"161,697";"BR-393/RJ";"Pista Norte";"Tombamento";0;0;1;0;0;0;0;0;0;0;1;0;0;0;0
"25/08/2016";"15:53:00";"45";"sem v�tima";"283";"BR-393/RJ";"Pista Norte";"Engavetamento";2;0;1;0;0;0;0;0;0;0;7;0;0;0;0
"26/08/2016";"18:25:00";"69";"com v�tima";"256,271";"BR-393/RJ";"Pista Sul";"Atropelamento de pedestre";0;0;0;0;1;0;0;0;0;0;2;0;1;0;0
"27/08/2016";"23:10:00";"67";"sem v�tima";"130";"BR-393/RJ";"Pista Norte";"Sa�das de pista";1;0;0;0;0;0;0;0;0;0;2;0;0;0;0
"28/08/2016";"05:16:00";"18";"com v�tima";"2,9";"Al�a Sul";"Pista Norte";"Colis�o c/ obst�culos";1;0;0;0;0;0;0;0;0;0;0;0;1;0;0
"28/08/2016";"19:22:00";"62";"com v�tima";"239";"BR-393/RJ";"Pista Norte";"Colis�o lateral no sentido contr�rio";2;0;0;0;0;0;0;0;0;0;5;1;0;0;0
"28/08/2016";"20:22:00";"66";"com v�tima";"167,9";"BR-393/RJ";"Pista Sul";"Colis�o lateral no sentido contr�rio";0;0;0;1;1;0;0;0;0;0;17;1;0;0;0