fdata;horario;n_da_ocorrencia;tipo_de_ocorrencia;km;trecho;sentido;tipo_de_acidente;automovel;bicicleta;caminhao;moto;onibus;outros;tracao_animal;transporte_de_cargas_especiais;trator_maquinas;utilitarios;ilesos;levemente_feridos;moderadamente_feridos;gravemente_feridos;mortos
"29/08/2016";"18:38:00";"81";"com v�tima";"195,246";"BR-393/RJ";"Pista Norte";"Atropelamento de animais";1;0;0;0;0;0;0;0;0;0;0;2;0;0;0
"30/08/2016";"06:14:00";"17";"sem v�tima";"106,2";"BR-393/RJ";"Pista Norte";"Colis�o com ve�culos (traseira)";0;0;2;0;0;0;0;0;0;0;3;0;0;0;0
"31/08/2016";"13:04:00";"40";"com v�tima";"182";"BR-393/RJ";"Pista Sul";"Colis�o c/ obst�culos";1;0;0;0;0;0;0;0;0;0;1;1;0;0;0
"31/08/2016";"14:46:00";"42";"com v�tima";"246,157";"BR-393/RJ";"Pista Norte";"Capotamento";0;0;0;0;0;0;0;0;0;1;0;2;0;0;0
"01/09/2016";"16:26:00";"75";"com v�tima";"181,534";"BR-393/RJ";"Pista Norte";"Capotamento";1;0;0;0;0;0;0;0;0;0;0;1;0;0;0
"03/09/2016";"08:24:00";"29";"com v�tima";"173,5";"BR-393/RJ";"Pista Norte";"Capotamento";1;0;0;0;0;0;0;0;0;0;0;1;0;0;0
"03/09/2016";"18:32:00";"54";"com v�tima";"279,668";"BR-393/RJ";"Pista Sul";"Colis�o lateral no mesmo sentido";2;0;0;0;0;0;0;0;0;0;1;2;0;0;0
"03/09/2016";"20:50:00";"59";"com v�tima";"274,9";"BR-393/RJ";"Pista Sul";"Tombamento";0;0;1;0;0;0;0;0;0;0;0;2;0;0;0
"04/09/2016";"03:18:00";"7";"sem v�tima";"102,534";"BR-393/RJ";"Pista Sul";"Colis�o lateral no mesmo sentido";2;0;0;0;0;0;0;0;0;0;3;0;0;0;0
"04/09/2016";"05:19:00";"19";"com v�tima";"283,815";"BR-393/RJ";"Pista Sul";"Colis�o com ve�culos (frontal)";2;0;1;0;0;0;0;0;0;0;1;0;1;2;1
"04/09/2016";"17:38:00";"59";"com v�tima";"141,5";"BR-393/RJ";"Pista Norte";"Colis�o lateral no mesmo sentido";1;0;0;1;0;0;0;0;0;0;1;2;0;0;0
"04/09/2016";"20:15:00";"71";"sem v�tima";"280,5";"BR-393/RJ";"Pista Sul";"Colis�o com ve�culos (frontal)";1;0;1;0;0;0;0;0;0;0;2;0;0;0;0
"05/09/2016";"19:23:00";"95";"sem v�tima";"182";"BR-393/RJ";"Pista Norte";"Colis�o com ve�culos (traseira)";3;0;1;0;0;0;0;0;0;0;4;0;0;0;0
"05/09/2016";"20:30:00";"99";"com v�tima";"181";"BR-393/RJ";"Pista Sul";"Acidentes de outra natureza";0;0;0;1;0;0;0;0;0;0;0;1;0;0;0
"05/09/2016";"22:16:00";"105";"com v�tima";"273,818";"BR-393/RJ";"Pista Norte";"Colis�o lateral no mesmo sentido";0;0;0;1;1;0;0;0;0;0;1;0;1;0;0
"06/09/2016";"07:15:00";"28";"sem v�tima";"285";"BR-393/RJ";"Pista Norte";"Colis�o lateral no mesmo sentido";1;0;1;0;0;0;0;0;0;0;2;0;0;0;0
"07/09/2016";"09:40:00";"25";"com v�tima";"271,9";"BR-393/RJ";"Pista Sul";"Sa�das de pista";1;0;0;0;0;0;0;0;0;0;0;2;0;0;0
"10/09/2016";"04:07:00";"24";"sem v�tima";"254";"BR-393/RJ";"Pista Sul";"Sa�das de pista";1;0;0;0;0;0;0;0;0;0;1;0;0;0;0
"10/09/2016";"23:07:00";"73";"com v�tima";"280,681";"BR-393/RJ";"Pista Sul";"Colis�o lateral no sentido contr�rio";1;0;0;0;0;0;1;0;0;0;1;1;0;0;0
"10/09/2016";"23:25:00";"74";"sem v�tima";"165,459";"BR-393/RJ";"Pista Norte";"Atropelamento de animais";0;0;0;0;1;0;0;0;0;0;45;0;0;0;0
"11/09/2016";"00:25:00";"3";"com v�tima";"176,749";"BR-393/RJ";"Pista Norte";"Acidentes de outra natureza";0;0;0;1;0;0;0;0;0;0;0;2;0;0;0
"11/09/2016";"04:46:00";"5";"com v�tima";"237,1";"BR-393/RJ";"Pista Sul";"Colis�o com ve�culos (frontal)";1;0;1;0;0;0;0;0;0;0;0;1;0;0;1
"11/09/2016";"21:49:00";"57";"sem v�tima";"258";"BR-393/RJ";"Pista Sul";"Atropelamento de animais";1;0;0;0;0;0;0;0;0;0;3;0;0;0;0
"12/09/2016";"16:25:00";"67";"com v�tima";"229,746";"BR-393/RJ";"Pista Sul";"Colis�o Lateral Mesmo Sentido";1;0;1;0;0;0;0;0;0;0;1;1;0;0;0
"12/09/2016";"22:04:00";"89";"com v�tima";"284";"BR-393/RJ";"Pista Sul";"Engavetamento";1;0;3;0;0;0;0;0;0;0;3;0;1;0;0
"13/09/2016";"16:22:00";"62";"sem v�tima";"238,788";"BR-393/RJ";"Pista Sul";"Colis�o lateral no sentido contr�rio";2;0;0;0;0;0;0;0;0;0;3;0;0;0;0
"13/09/2016";"23:01:00";"87";"com v�tima";"277,4";"BR-393/RJ";"Pista Norte";"Capotamento";0;0;0;0;0;0;0;0;0;1;0;1;0;0;0
"14/09/2016";"04:37:00";"14";"sem v�tima";"227,8";"BR-393/RJ";"Pista Sul";"Sa�das de pista";1;0;0;0;0;0;0;0;0;0;1;0;0;0;0
"14/09/2016";"07:13:00";"15";"sem v�tima";"285,6";"BR-393/RJ";"Pista Sul";"Colis�o lateral no mesmo sentido";1;0;1;0;0;0;0;0;0;0;2;0;0;0;0
"14/09/2016";"13:54:00";"36";"com v�tima";"104";"BR-393/RJ";"Pista Sul";"Atropelamento de pedestre";0;0;0;1;0;0;0;0;0;0;1;1;0;0;0
"14/09/2016";"22:53:00";"69";"sem v�tima";"217";"BR-393/RJ";"Pista Norte";"Colis�o lateral no mesmo sentido";0;0;0;0;1;0;0;0;0;0;1;0;0;0;0
"15/09/2016";"16:30:00";"54";"com v�tima";"238,683";"BR-393/RJ";"Pista Norte";"Colis�o lateral no sentido contr�rio";2;0;0;0;0;0;0;0;0;0;1;0;2;0;0
"16/09/2016";"08:45:00";"28";"sem v�tima";"285,483";"BR-393/RJ";"Pista Sul";"Colis�o lateral no mesmo sentido";1;0;1;0;0;0;0;0;0;0;2;0;0;0;0
"16/09/2016";"11:39:00";"49";"com v�tima";"103";"BR-393/RJ";"Pista Norte";"Colis�o lateral no sentido contr�rio";0;0;0;2;0;0;0;0;0;0;0;1;1;0;0
"16/09/2016";"20:16:00";"77";"com v�tima";"152";"BR-393/RJ";"Pista Norte";"Colis�o c/ obst�culos";1;0;0;0;0;0;0;0;0;0;0;3;0;0;0
"17/09/2016";"05:46:00";"15";"com v�tima";"123,5";"BR-393/RJ";"Pista Norte";"Acidentes de outra natureza";0;0;1;0;0;0;0;0;0;0;0;1;0;0;0
"17/09/2016";"07:17:00";"24";"com v�tima";"198,72";"BR-393/RJ";"Pista Sul";"Colis�o lateral no sentido contr�rio";0;0;2;0;0;0;0;0;0;1;0;4;0;0;0
"17/09/2016";"21:52:00";"70";"com v�tima";"141";"BR-393/RJ";"Pista Sul";"Colis�o com ve�culos (traseira)";1;0;0;1;0;0;0;0;0;0;2;1;0;0;0
"18/09/2016";"18:03:00";"36";"com v�tima";"274";"BR-393/RJ";"Pista Norte";"Atropelamento de pedestre";1;1;0;0;0;0;0;0;0;0;1;0;1;0;0
"18/09/2016";"22:04:00";"51";"sem v�tima";"278";"BR-393/RJ";"Pista Sul";"Sa�das de pista";1;0;0;0;0;0;0;0;0;0;1;0;0;0;0
"19/09/2016";"07:15:00";"15";"com v�tima";"179,9";"BR-393/RJ";"Pista Norte";"Engavetamento";3;0;1;0;0;0;0;0;0;0;1;5;0;0;0
"19/09/2016";"08:27:00";"17";"com v�tima";"133,8";"BR-393/RJ";"Pista Norte";"Colis�o com ve�culos (traseira)";0;0;2;0;0;0;0;0;0;0;1;1;0;0;0
"19/09/2016";"16:45:00";"55";"com v�tima";"250,5";"BR-393/RJ";"Pista Norte";"Atropelamento de animais";0;0;0;1;0;0;0;0;0;0;0;2;0;0;0
"19/09/2016";"21:21:00";"61";"com v�tima";"283,752";"BR-393/RJ";"Pista Norte";"Colis�o com ve�culos (frontal)";1;0;0;1;0;0;0;0;0;0;1;1;0;0;0
"19/09/2016";"22:01:00";"64";"sem v�tima";"283,834";"BR-393/RJ";"Pista Sul";"Colis�o com ve�culos (traseira)";2;0;0;0;0;0;0;0;0;0;3;0;0;0;0
"21/09/2016";"08:38:00";"23";"sem v�tima";"131";"BR-393/RJ";"Pista Norte";"Colis�o lateral no sentido contr�rio";2;0;0;0;0;0;0;0;0;0;5;0;0;0;0
"21/09/2016";"09:06:00";"26";"com v�tima";"232";"BR-393/RJ";"Pista Norte";"Colis�o com ve�culos (traseira)";1;0;0;1;0;0;0;0;0;0;1;2;0;0;0
"21/09/2016";"09:27:00";"29";"com v�tima";"285";"BR-393/RJ";"Pista Norte";"Colis�o com ve�culos (traseira)";1;0;0;1;0;0;0;0;0;0;1;1;0;0;0
"22/09/2016";"09:22:00";"29";"sem v�tima";"253";"BR-393/RJ";"Pista Norte";"Colis�o com ve�culos (traseira)";2;0;0;0;0;0;0;0;0;0;2;0;0;0;0
"22/09/2016";"10:08:00";"33";"sem v�tima";"168";"BR-393/RJ";"Pista Sul";"Colis�o com ve�culos (traseira)";0;0;1;0;0;0;0;0;0;1;2;0;0;0;0
"22/09/2016";"17:36:00";"56";"com v�tima";"171,7";"BR-393/RJ";"Pista Norte";"Colis�o lateral no sentido contr�rio";0;0;2;0;0;0;0;0;0;0;1;1;0;0;0
"23/09/2016";"15:56:00";"53";"sem v�tima";"281";"BR-393/RJ";"Pista Norte";"Engavetamento";3;0;0;0;0;0;0;0;0;0;3;0;0;0;0
"23/09/2016";"18:42:00";"66";"sem v�tima";"280,116";"BR-393/RJ";"Pista Sul";"Colis�o lateral no sentido contr�rio";2;0;0;0;0;0;0;0;0;0;2;0;0;0;0
"23/09/2016";"22:38:00";"78";"com v�tima";"184,078";"BR-393/RJ";"Pista Sul";"Sa�das de pista";1;0;0;0;0;0;0;0;0;0;0;1;0;0;0
"24/09/2016";"14:33:00";"39";"com v�tima";"285,9";"BR-393/RJ";"Pista Norte";"Atropelamento de pedestre";0;0;1;0;0;0;0;0;0;0;2;0;0;0;1
"24/09/2016";"15:15:00";"41";"com v�tima";"265";"BR-393/RJ";"Pista Norte";"Colis�o com ve�culos (traseira)";0;0;1;1;0;0;0;0;0;0;0;3;0;0;0
"24/09/2016";"17:13:00";"44";"sem v�tima";"111";"BR-393/RJ";"Pista Sul";"Colis�o com ve�culos (traseira)";1;0;1;0;0;0;0;0;0;0;2;0;0;0;0
"24/09/2016";"19:18:00";"56";"sem v�tima";"279";"BR-393/RJ";"Pista Norte";"Colis�o lateral no sentido contr�rio";2;0;0;0;0;0;0;0;0;0;2;0;0;0;0
"25/09/2016";"14:08:00";"44";"com v�tima";"263";"BR-393/RJ";"Pista Sul";"Acidentes de outra natureza";0;0;0;1;0;0;0;0;0;0;1;1;0;0;0
"25/09/2016";"17:52:00";"51";"com v�tima";"242,461";"BR-393/RJ";"Pista Norte";"Colis�o lateral no sentido contr�rio";1;0;1;0;0;0;0;0;0;0;1;0;0;2;3
"25/09/2016";"19:26:00";"58";"com v�tima";"201,434";"BR-393/RJ";"Pista Norte";"Capotamento";0;0;0;0;0;0;0;0;0;1;0;1;1;0;0
"25/09/2016";"19:28:00";"59";"com v�tima";"139,5";"BR-393/RJ";"Pista Sul";"Colis�o com ve�culos (frontal)";1;0;1;0;0;0;0;0;0;0;1;0;0;1;0
"26/09/2016";"17:50:00";"59";"sem v�tima";"285";"BR-393/RJ";"Pista Sul";"Colis�o lateral no sentido contr�rio";1;0;1;0;0;0;0;0;0;0;2;0;0;0;0
"26/09/2016";"18:56:00";"62";"com v�tima";"283";"BR-393/RJ";"Pista Norte";"Atropelamento de pedestre";1;1;0;0;0;0;0;0;0;0;1;1;0;0;0
"27/09/2016";"18:49:00";"55";"com v�tima";"250,4";"BR-393/RJ";"Pista Norte";"Colis�o lateral no mesmo sentido";1;0;0;1;0;0;0;0;0;0;1;1;0;0;0
"28/09/2016";"04:30:00";"12";"sem v�tima";"203,268";"BR-393/RJ";"Pista Sul";"Colis�o c/ obst�culos";1;0;0;0;0;0;0;0;0;0;1;0;0;0;0
"28/09/2016";"16:46:00";"78";"sem v�tima";"215,775";"BR-393/RJ";"Pista Sul";"Colis�o com ve�culos (traseira)";1;0;0;0;0;1;0;0;0;1;16;0;0;0;0
"29/09/2016";"08:21:00";"33";"sem v�tima";"285";"BR-393/RJ";"Pista Sul";"Colis�o lateral no mesmo sentido";1;0;1;0;0;0;0;0;0;0;2;0;0;0;0
"29/09/2016";"18:11:00";"76";"sem v�tima";"169,69";"BR-393/RJ";"Pista Sul";"Sa�das de pista";1;0;0;0;0;0;0;0;0;0;1;0;0;0;0
"29/09/2016";"18:35:00";"77";"com v�tima";"285,9";"BR-393/RJ";"Pista Sul";"Colis�o com ve�culos (traseira)";1;0;0;1;0;0;0;0;0;0;1;1;0;0;0
"29/09/2016";"19:39:00";"82";"sem v�tima";"265,6";"BR-393/RJ";"Pista Sul";"Colis�o lateral no mesmo sentido";1;0;1;0;0;0;0;0;0;0;2;0;0;0;0
"30/09/2016";"14:29:00";"52";"sem v�tima";"258,6";"BR-393/RJ";"Pista Sul";"Colis�o lateral no mesmo sentido";2;0;0;0;0;0;0;0;0;0;4;0;0;0;0
"01/10/2016";"06:36:00";"15";"com v�tima";"195";"BR-393/RJ";"Sul";"Colis�o Traseira";1;0;1;0;0;0;0;0;0;0;2;2;0;0;0
"01/10/2016";"08:52:00";"20";"com v�tima";"266";"BR-393/RJ";"Norte";"Queda de Moto";0;0;0;1;0;0;0;0;0;0;0;1;0;0;0
"01/10/2016";"17:48:00";"47";"com v�tima";"142,1";"BR-393/RJ";"Norte";"Colis�o Transversal";1;0;0;1;0;0;0;0;0;0;1;2;0;0;0
"01/10/2016";"19:44:00";"53";"com v�tima";"237";"BR-393/RJ";"Norte";"Colis�o Transversal";2;0;0;0;0;0;0;0;0;0;1;0;1;0;0
"02/10/2016";"17:45:00";"46";"com v�tima";"119";"BR-393/RJ";"Norte";"Capotamento";1;0;0;0;0;0;0;0;0;0;0;1;0;0;0
"03/10/2016";"17:16:00";"55";"sem v�tima";"255,681";"BR-393/RJ";"Sul";"Colis�o Traseira";0;0;2;0;0;0;0;0;0;0;2;0;0;0;0
"03/10/2016";"19:09:00";"64";"com v�tima";"170";"BR-393/RJ";"Norte";"Choque - Elemento de Drenagem";1;0;0;0;0;0;0;0;0;0;2;1;0;0;0
"04/10/2016";"08:45:00";"19";"sem v�tima";"155,46";"BR-393/RJ";"Norte";"Saida de Pista";1;0;0;0;0;0;0;0;0;0;2;0;0;0;0
"04/10/2016";"11:51:00";"31";"sem v�tima";"278";"BR-393/RJ";"Sul";"Colis�o Transversal";1;0;1;0;0;0;0;0;0;0;4;0;0;0;0
"04/10/2016";"19:18:00";"53";"sem v�tima";"178";"BR-393/RJ";"Norte";"Colis�o Traseira";2;0;0;0;0;0;0;0;0;0;4;0;0;0;0
"04/10/2016";"19:48:00";"56";"sem v�tima";"284";"BR-393/RJ";"Norte";"Colis�o Traseira";2;0;0;0;0;0;0;0;0;0;2;0;0;0;0
"05/10/2016";"06:32:00";"21";"com v�tima";"285,5";"BR-393/RJ";"Norte";"Colis�o Lateral Mesmo Sentido";1;0;0;1;0;0;0;0;0;0;1;1;0;0;0
"06/10/2016";"07:43:00";"19";"com v�tima";"285,9";"BR-393/RJ";"Norte";"Colis�o Transversal";1;0;0;0;1;0;0;0;0;0;3;1;0;0;0
"06/10/2016";"09:09:00";"23";"sem v�tima";"253,7";"BR-393/RJ";"Norte";"Colis�o Traseira";2;0;0;0;0;0;0;0;0;0;2;0;0;0;0
"06/10/2016";"16:11:00";"47";"com v�tima";"167";"BR-393/RJ";"Norte";"Colis�o Traseira";1;0;1;0;0;0;0;0;0;0;1;1;0;0;0
"06/10/2016";"19:07:00";"52";"sem v�tima";"265";"BR-393/RJ";"Sul";"Colis�o Traseira";0;0;2;0;0;0;0;0;0;0;2;0;0;0;0
"06/10/2016";"20:25:00";"57";"sem v�tima";"106";"BR-393/RJ";"Norte";"Abalroamento Mesmo Sentido ";1;0;1;0;0;0;0;0;0;0;2;0;0;0;0
"07/10/2016";"12:31:00";"52";"sem v�tima";"252";"BR-393/RJ";"Norte";"Colis�o Transversal";2;0;1;0;0;0;0;0;0;0;3;0;0;0;0
"07/10/2016";"15:52:00";"63";"com v�tima";"251";"BR-393/RJ";"Sul";"Atropelamento - Ciclista";1;1;0;0;0;0;0;0;0;0;1;0;1;0;0
"07/10/2016";"22:29:00";"90";"sem v�tima";"281,4";"BR-393/RJ";"Norte";"Colis�o Traseira";2;0;0;0;0;0;0;0;0;0;8;0;0;0;0
"08/10/2016";"06:58:00";"18";"com v�tima";"201,65";"BR-393/RJ";"Sul";"Capotamento";1;0;0;0;0;0;0;0;0;0;0;0;1;0;0
"08/10/2016";"18:26:00";"70";"com v�tima";"284,2";"BR-393/RJ";"Sul";"Atropelamento - Pedestre";1;0;0;0;0;0;0;0;0;0;3;0;2;0;0
"08/10/2016";"18:49:00";"72";"com v�tima";"114";"BR-393/RJ";"Norte";"Atropelamento de Animal";1;0;0;0;0;0;0;0;0;0;0;1;0;0;0
"08/10/2016";"21:22:00";"82";"com v�tima";"246,8";"BR-393/RJ";"Sul";"Atropelamento - Ciclista";0;1;1;0;0;0;0;0;0;0;1;0;0;0;1
"08/10/2016";"21:30:00";"83";"sem v�tima";"283";"BR-393/RJ";"Sul";"Colis�o Transversal";2;0;0;0;0;0;0;0;0;0;4;0;0;0;0
"08/10/2016";"23:05:00";"90";"com v�tima";"243";"BR-393/RJ";"Norte";"Colis�o Frontal";2;0;0;0;0;0;0;0;0;0;2;0;1;0;0
"09/10/2016";"03:19:00";"3";"sem v�tima";"218";"BR-393/RJ";"Norte";"Colis�o Traseira";0;0;1;0;0;0;0;0;0;1;5;0;0;0;0
"09/10/2016";"03:34:00";"4";"sem v�tima";"175,7";"BR-393/RJ";"Sul";"Saida de Pista";1;0;0;0;0;0;0;0;0;0;1;0;0;0;0
"09/10/2016";"21:30:00";"58";"com v�tima";"143";"BR-393/RJ";"Norte";"Colis�o Transversal";2;0;0;0;0;0;0;0;0;0;2;2;1;0;0
"10/10/2016";"03:06:00";"3";"sem v�tima";"284";"BR-393/RJ";"Norte";"Colis�o Transversal";2;0;0;0;0;0;0;0;0;0;2;0;0;0;0
"10/10/2016";"17:57:00";"68";"com v�tima";"178";"BR-393/RJ";"Norte";"Colis�o Frontal";1;0;1;0;0;0;0;0;0;0;1;0;0;1;0
"11/10/2016";"11:04:00";"47";"sem v�tima";"283,447";"BR-393/RJ";"Norte";"Abalroamento Mesmo Sentido ";2;0;0;0;0;0;0;0;0;0;4;0;0;0;0
"11/10/2016";"22:02:00";"85";"sem v�tima";"284";"BR-393/RJ";"Norte";"Colis�o Traseira";2;0;0;0;0;0;0;0;0;0;2;0;0;0;0
"12/10/2016";"10:19:00";"26";"sem v�tima";"164,7";"BR-393/RJ";"Norte";"Tombamento";0;0;1;0;0;0;0;0;0;0;2;0;0;0;0
"14/10/2016";"07:13:00";"20";"com v�tima";"151,9";"BR-393/RJ";"Norte";"Choque - Talude";1;0;0;0;0;0;0;0;0;0;0;1;0;0;0
"15/10/2016";"02:31:00";"3";"sem v�tima";"246";"BR-393/RJ";"Norte";"Colis�o Traseira";2;0;0;0;0;0;0;0;0;0;2;0;0;0;0
"15/10/2016";"04:24:00";"5";"com v�tima";"237";"BR-393/RJ";"Norte";"Colis�o Frontal";1;0;0;1;0;0;0;0;0;0;1;1;0;0;0
"16/10/2016";"02:33:00";"2";"sem v�tima";"177";"BR-393/RJ";"Norte";"Saida de Pista";1;0;0;0;0;0;0;0;0;0;3;0;0;0;0
"16/10/2016";"14:58:00";"31";"com v�tima";"242";"BR-393/RJ";"Sul";"Colis�o Transversal";1;0;0;1;0;0;0;0;0;0;1;0;0;1;0
"16/10/2016";"22:30:00";"56";"sem v�tima";"270";"BR-393/RJ";"Sul";"Abalroamento Mesmo Sentido ";2;0;0;0;0;0;0;0;0;0;2;0;0;0;0
"17/10/2016";"11:47:00";"55";"com v�tima";"168,178";"BR-393/RJ";"Norte";"Colis�o Transversal";1;0;0;1;0;0;0;0;0;0;1;3;0;0;0
"18/10/2016";"07:52:00";"20";"sem v�tima";"215,613";"BR-393/RJ";"Sul";"Abalroamento Mesmo Sentido ";0;0;2;0;0;0;0;0;0;0;2;0;0;0;0
"19/10/2016";"06:40:00";"17";"com v�tima";"178,038";"BR-393/RJ";"Norte";"Colis�o Lateral Sentido Oposto";1;0;0;1;0;0;0;0;0;0;0;2;0;0;0
"19/10/2016";"16:02:00";"60";"com v�tima";"105,505";"BR-393/RJ";"Norte";"Colis�o Transversal";1;0;0;1;0;0;0;0;0;0;4;0;1;0;0
"20/10/2016";"08:52:00";"18";"com v�tima";"164,9";"BR-393/RJ";"Sul";"Engavetamento";3;0;2;0;0;0;0;0;0;0;4;2;0;0;0
"21/10/2016";"01:00:00";"2";"com v�tima";"280";"BR-393/RJ";"Norte";"Atropelamento de Animal";1;0;0;0;0;0;0;0;0;0;0;1;0;0;0
"21/10/2016";"05:21:00";"19";"sem v�tima";"217,443";"BR-393/RJ";"Sul";"Choque - Defensa, barreira ou "submarino"";1;0;0;0;0;0;0;0;0;0;1;0;0;0;0
"21/10/2016";"18:54:00";"85";"com v�tima";"218";"BR-393/RJ";"Sul";"Atropelamento - Pedestre Usu�rio";0;0;0;2;0;0;0;0;0;0;1;1;0;0;0
"21/10/2016";"21:06:00";"94";"sem v�tima";"220";"BR-393/RJ";"Norte";"Saida de Pista";1;0;0;0;0;0;0;0;0;0;1;0;0;0;0
"22/10/2016";"00:23:00";"1";"sem v�tima";"268";"BR-393/RJ";"Sul";"Colis�o Traseira";2;0;0;0;0;0;0;0;0;0;5;0;0;0;0
"22/10/2016";"13:13:00";"46";"sem v�tima";"175,423";"BR-393/RJ";"Sul";"Queda de Moto";1;0;0;1;0;0;0;0;0;0;2;0;0;0;0
"22/10/2016";"21:27:00";"68";"sem v�tima";"178";"BR-393/RJ";"Norte";"Colis�o Traseira";2;0;0;0;0;0;0;0;0;0;4;0;0;0;0
"23/10/2016";"08:19:00";"28";"com v�tima";"257,863";"BR-393/RJ";"Norte";"Colis�o Frontal";1;0;2;0;0;0;0;0;0;0;2;0;0;1;0
"23/10/2016";"10:52:00";"31";"com v�tima";"238,643";"BR-393/RJ";"Norte";"Colis�o Transversal";1;0;0;1;0;0;0;0;0;0;5;1;0;0;0
"23/10/2016";"11:55:00";"34";"sem v�tima";"106,2";"BR-393/RJ";"Norte";"Colis�o Transversal";1;0;0;1;0;0;0;0;0;0;4;0;0;0;0
"23/10/2016";"12:53:00";"36";"sem v�tima";"282";"BR-393/RJ";"Norte";"Abalroamento Mesmo Sentido ";1;0;0;1;0;0;0;0;0;0;2;0;0;0;0
"24/10/2016";"11:17:00";"43";"com v�tima";"246";"BR-393/RJ";"Sul";"Colis�o Traseira";2;0;0;0;0;0;0;0;0;0;3;1;0;0;0
"25/10/2016";"01:38:00";"7";"com v�tima";"259,3";"BR-393/RJ";"Sul";"Colis�o Lateral Sentido Oposto";0;0;1;0;2;0;0;0;0;0;9;0;1;1;0
"26/10/2016";"09:56:00";"37";"com v�tima";"124,612";"BR-393/RJ";"Norte";"Choque - Defensa, barreira ou "submarino"";1;0;0;0;0;0;0;0;0;0;0;1;0;0;0
"26/10/2016";"15:54:00";"62";"com v�tima";"258,7";"BR-393/RJ";"Sul";"Abalroamento Mesmo Sentido ";1;0;2;0;0;0;0;0;0;0;2;1;0;0;0
"26/10/2016";"21:44:00";"78";"com v�tima";"251";"BR-393/RJ";"Sul";"Atropelamento - Ciclista";1;1;0;0;0;0;0;0;0;0;1;1;0;0;0
"27/10/2016";"11:07:00";"55";"com v�tima";"169,51";"BR-393/RJ";"Norte";"Queda de Moto";0;0;0;1;0;0;0;0;0;0;0;1;0;0;0
"27/10/2016";"17:26:00";"81";"com v�tima";"249,322";"BR-393/RJ";"Norte";"Choque - Veiculo parado no acostamento";2;0;0;0;0;0;0;0;0;0;0;0;0;1;1
"28/10/2016";"00:18:00";"1";"sem v�tima";"182";"BR-393/RJ";"Norte";"Choque - Outros";1;0;0;0;0;0;0;0;0;0;1;0;0;0;0
"28/10/2016";"13:47:00";"40";"com v�tima";"236,2";"BR-393/RJ";"Sul";"Queda de Moto";0;0;0;1;0;0;0;0;0;0;0;2;0;0;0
"28/10/2016";"23:20:00";"64";"com v�tima";"181,179";"BR-393/RJ";"Sul";"Queda de Moto";0;0;0;1;0;0;0;0;0;0;0;1;0;0;0
"29/10/2016";"18:20:00";"43";"com v�tima";"216,181";"BR-393/RJ";"Norte";"Atropelamento - Ciclista";1;1;0;0;0;0;0;0;0;0;1;0;1;0;0
"31/10/2016";"00:16:00";"1";"com v�tima";"260";"BR-393/RJ";"Sul";"Colis�o Traseira";1;0;0;1;0;0;0;0;0;0;1;0;1;0;0
"31/10/2016";"01:08:00";"2";"sem v�tima";"234,18";"BR-393/RJ";"Sul";"Queda de Moto";0;0;0;1;0;0;0;0;0;0;1;0;0;0;0
"31/10/2016";"06:11:00";"5";"com v�tima";"195";"BR-393/RJ";"Sul";"Atropelamento - PedestreFuncion�rio";0;0;0;1;0;0;0;0;0;0;1;1;0;0;0
"31/10/2016";"10:44:00";"23";"sem v�tima";"195,025";"BR-393/RJ";"Norte";"Choque - Suporte de Sinaliza��o";1;0;0;0;0;0;0;0;0;0;1;0;0;0;0
"31/10/2016";"17:47:00";"50";"com v�tima";"167,515";"BR-393/RJ";"Norte";"Colis�o Transversal";0;0;1;1;0;0;0;0;0;0;1;1;0;0;0
"31/10/2016";"19:42:00";"56";"com v�tima";"281";"BR-393/RJ";"Sul";"Colis�o Lateral Mesmo Sentido";0;0;1;1;0;0;0;0;0;0;1;1;0;0;0
"01/11/2016";"00:29:00";"1";"com v�tima";"282";"BR-393/RJ";"Pista Norte";"Colis�o c/ obst�culos";1;0;0;0;0;0;0;0;0;0;0;1;0;0;0
"02/11/2016";"19:29:00";"64";"com v�tima";"280,203";"BR-393/RJ";"Pista Norte";"Colis�o lateral no sentido contr�rio";1;0;0;1;0;0;0;0;0;0;1;1;1;0;0
"03/11/2016";"13:58:00";"51";"sem v�tima";"239,434";"BR-393/RJ";"Pista Sul";"Colis�o lateral no sentido contr�rio";1;0;1;0;0;0;0;0;0;0;3;0;0;0;0
"03/11/2016";"14:08:00";"52";"com v�tima";"243,507";"BR-393/RJ";"Pista Norte";"Colis�o lateral no sentido contr�rio";1;0;1;0;0;0;0;0;0;0;0;2;0;0;0
"03/11/2016";"18:53:00";"60";"sem v�tima";"285,5";"BR-393/RJ";"Pista Norte";"Colis�o com ve�culos (traseira)";1;0;0;0;1;0;0;0;0;0;2;0;0;0;0
"04/11/2016";"07:46:00";"27";"sem v�tima";"120,204";"BR-393/RJ";"Pista Norte";"Colis�o c/ obst�culos";1;0;0;0;0;0;0;0;0;0;2;0;0;0;0
"04/11/2016";"09:35:00";"36";"sem v�tima";"254,59";"BR-393/RJ";"Pista Norte";"Acidentes de outra natureza";0;0;1;0;0;0;0;0;0;0;1;0;0;0;0