fdata;horario;n_da_ocorrencia;tipo_de_ocorrencia;km;trecho;sentido;tipo_de_acidente;automovel;bicicleta;caminhao;moto;onibus;outros;tracao_animal;transporte_de_cargas_especiais;trator_maquinas;utilitarios;ilesos;levemente_feridos;moderadamente_feridos;gravemente_feridos;mortos
"04/11/2016";"09:40:00";"38";"com v�tima";"281,692";"BR-393/RJ";"Pista Norte";"Acidentes de outra natureza";0;0;0;1;0;0;0;0;0;0;0;1;0;0;0
"04/11/2016";"14:25:00";"60";"com v�tima";"274";"BR-393/RJ";"Pista Sul";"Capotamento";1;0;0;0;0;0;0;0;0;0;0;1;0;0;0
"05/11/2016";"15:37:00";"31";"sem v�tima";"246";"BR-393/RJ";"Pista Norte";"Colis�o com ve�culos (traseira)";1;0;1;0;0;0;0;0;0;0;3;0;0;0;0
"06/11/2016";"04:21:00";"15";"sem v�tima";"172,5";"BR-393/RJ";"Pista Sul";"Colis�o c/ obst�culos";1;0;0;0;0;0;0;0;0;0;1;0;0;0;0
"06/11/2016";"07:41:00";"20";"com v�tima";"141,2";"BR-393/RJ";"Pista Sul";"Capotamento";0;0;1;0;0;0;0;0;0;0;0;0;1;0;0
"07/11/2016";"00:22:00";"1";"com v�tima";"282,162";"BR-393/RJ";"Pista Norte";"Colis�o com ve�culos (frontal)";1;0;1;0;0;0;0;0;0;0;1;2;0;1;0
"07/11/2016";"10:08:00";"38";"com v�tima";"105,915";"BR-393/RJ";"Pista Norte";"Colis�o lateral no sentido contr�rio";2;0;0;1;0;0;0;0;0;0;2;1;0;0;0
"07/11/2016";"14:05:00";"51";"com v�tima";"176,472";"BR-393/RJ";"Pista Sul";"Engavetamento";3;0;0;0;0;0;0;0;0;0;3;1;0;0;0
"07/11/2016";"22:04:00";"77";"sem v�tima";"283";"BR-393/RJ";"Pista Norte";"Colis�o lateral no mesmo sentido";1;0;0;1;0;0;0;0;0;0;2;0;0;0;0
"08/11/2016";"08:09:00";"20";"com v�tima";"176,95";"BR-393/RJ";"Pista Norte";"Colis�o com ve�culos (traseira)";1;0;0;1;0;0;0;0;0;0;1;1;0;0;0
"08/11/2016";"16:37:00";"55";"com v�tima";"283,8";"BR-393/RJ";"Pista Norte";"Colis�o lateral no sentido contr�rio";2;0;0;0;0;0;0;0;0;0;2;1;0;0;0
"09/11/2016";"07:46:00";"15";"sem v�tima";"283,6";"BR-393/RJ";"Pista Sul";"Colis�o lateral no sentido contr�rio";1;0;0;1;0;0;0;0;0;0;2;0;0;0;0
"09/11/2016";"21:01:00";"62";"com v�tima";"218,348";"BR-393/RJ";"Pista Sul";"Colis�o c/ obst�culos";0;0;1;0;0;0;0;0;0;0;1;1;0;0;0
"10/11/2016";"01:00:00";"1";"sem v�tima";"260,5";"BR-393/RJ";"Pista Norte";"Sa�das de pista";1;0;0;0;0;0;0;0;0;0;3;0;0;0;0
"10/11/2016";"08:25:00";"27";"com v�tima";"170,4";"BR-393/RJ";"Pista Norte";"Colis�o com ve�culos (frontal)";0;0;1;0;0;0;0;0;0;1;0;1;0;1;0
"10/11/2016";"16:33:00";"64";"sem v�tima";"282";"BR-393/RJ";"Pista Norte";"Engavetamento";1;0;1;0;0;0;0;0;0;1;5;0;0;0;0
"10/11/2016";"18:54:00";"72";"sem v�tima";"284";"BR-393/RJ";"Pista Norte";"Colis�o com ve�culos (traseira)";2;0;0;0;0;0;0;0;0;0;2;0;0;0;0
"11/11/2016";"09:02:00";"24";"com v�tima";"168,691";"BR-393/RJ";"Pista Norte";"Colis�o lateral no sentido contr�rio";0;0;0;1;1;0;0;0;0;0;1;1;0;0;0
"11/11/2016";"12:48:00";"46";"sem v�tima";"155,472";"BR-393/RJ";"Pista Norte";"Tombamento";0;0;1;0;0;0;0;0;0;0;2;0;0;0;0
"12/11/2016";"10:12:00";"28";"com v�tima";"258";"BR-393/RJ";"Pista Sul";"Colis�o c/ obst�culos";1;0;0;0;0;0;0;0;0;0;0;1;0;0;0
"12/11/2016";"12:08:00";"32";"sem v�tima";"265";"BR-393/RJ";"Pista Norte";"Colis�o com ve�culos (traseira)";0;0;2;0;0;0;0;0;0;0;2;0;0;0;0
"12/11/2016";"19:51:00";"58";"sem v�tima";"182,3";"BR-393/RJ";"Pista Norte";"Colis�o lateral no mesmo sentido";2;0;0;0;0;0;0;0;0;0;5;0;0;0;0
"12/11/2016";"23:02:00";"65";"com v�tima";"145,5";"BR-393/RJ";"Pista Norte";"Colis�o c/ obst�culos";1;0;0;0;0;0;0;0;0;0;0;3;0;0;0
"13/11/2016";"05:28:00";"11";"sem v�tima";"105,8";"BR-393/RJ";"Pista Sul";"Sa�das de pista";1;0;0;0;0;0;0;0;0;0;1;0;0;0;0
"13/11/2016";"22:52:00";"50";"com v�tima";"177,273";"BR-393/RJ";"Pista Sul";"Colis�o c/ obst�culos";1;0;0;0;0;0;0;0;0;0;0;1;0;0;0
"14/11/2016";"05:38:00";"13";"sem v�tima";"129,194";"BR-393/RJ";"Pista Sul";"Colis�o c/ obst�culos";1;0;0;0;0;0;0;0;0;0;2;0;0;0;0
"14/11/2016";"07:32:00";"16";"sem v�tima";"258";"BR-393/RJ";"Pista Norte";"Colis�o c/ obst�culos";1;0;0;0;0;0;0;0;0;0;1;0;0;0;0
"14/11/2016";"10:42:00";"24";"sem v�tima";"275";"BR-393/RJ";"Pista Norte";"Colis�o com ve�culos (traseira)";2;0;0;0;0;0;0;0;0;0;2;0;0;0;0
"14/11/2016";"12:23:00";"31";"com v�tima";"218,476";"BR-393/RJ";"Pista Sul";"Colis�o com ve�culos (frontal)";1;0;2;0;0;0;0;0;0;0;7;0;0;0;2
"14/11/2016";"15:35:00";"38";"sem v�tima";"151,85";"BR-393/RJ";"Pista Sul";"Colis�o c/ obst�culos";1;0;0;0;0;0;0;0;0;0;4;0;0;0;0
"14/11/2016";"16:54:00";"43";"com v�tima";"119";"BR-393/RJ";"Pista Sul";"Colis�o lateral no mesmo sentido";2;0;0;0;0;0;0;0;0;0;5;0;1;0;0
"14/11/2016";"21:30:00";"55";"sem v�tima";"246,136";"BR-393/RJ";"Pista Sul";"Tombamento";0;0;1;0;0;0;0;0;0;0;1;0;0;0;0
"15/11/2016";"13:44:00";"38";"com v�tima";"151,917";"BR-393/RJ";"Pista Sul";"Tombamento";0;0;1;0;0;0;0;0;0;0;0;1;1;0;0
"15/11/2016";"16:28:00";"42";"com v�tima";"261,905";"BR-393/RJ";"Pista Norte";"Capotamento";1;0;0;0;0;0;0;0;0;0;0;1;0;0;0
"15/11/2016";"21:44:00";"59";"sem v�tima";"279";"BR-393/RJ";"Pista Norte";"Colis�o lateral no sentido contr�rio";2;0;0;0;0;0;0;0;0;0;3;0;0;0;0
"16/11/2016";"07:16:00";"19";"com v�tima";"281,112";"BR-393/RJ";"Pista Norte";"Atropelamento de pedestre";1;1;0;0;0;0;0;0;0;0;1;2;0;0;0
"16/11/2016";"08:56:00";"20";"com v�tima";"286,003";"BR-393/RJ";"Pista Sul";"Colis�o com ve�culos (traseira)";0;0;0;0;1;0;0;0;0;1;1;2;0;0;0
"17/11/2016";"12:34:00";"52";"com v�tima";"103";"BR-393/RJ";"Pista Norte";"Colis�o lateral no sentido contr�rio";1;0;0;1;0;0;0;0;0;0;1;2;0;0;0
"18/11/2016";"15:46:00";"57";"sem v�tima";"246,3";"BR-393/RJ";"Pista Norte";"Sa�das de pista";0;0;1;0;0;0;0;0;0;0;1;0;0;0;0
"18/11/2016";"21:42:00";"73";"com v�tima";"238,642";"BR-393/RJ";"Pista Norte";"Colis�o lateral no sentido contr�rio";2;0;0;0;0;0;0;0;0;0;7;1;1;0;0
"19/11/2016";"04:41:00";"11";"com v�tima";"105,1";"BR-393/RJ";"Pista Norte";"Colis�o lateral no sentido contr�rio";2;0;0;0;0;0;0;0;0;0;1;1;1;1;0
"19/11/2016";"10:23:00";"21";"sem v�tima";"285,526";"BR-393/RJ";"Pista Sul";"Colis�o lateral no mesmo sentido";1;0;1;0;0;0;0;0;0;0;2;0;0;0;0
"19/11/2016";"22:06:00";"60";"sem v�tima";"283";"BR-393/RJ";"Pista Sul";"Acidentes de outra natureza";0;0;0;1;0;0;0;0;0;0;1;0;0;0;0
"20/11/2016";"00:26:00";"1";"com v�tima";"132";"BR-393/RJ";"Pista Norte";"Colis�o lateral no sentido contr�rio";3;0;0;0;0;0;0;0;0;0;4;1;1;0;0
"20/11/2016";"05:44:00";"13";"sem v�tima";"283,3";"BR-393/RJ";"Pista Norte";"Colis�o c/ obst�culos";1;0;0;0;0;0;0;0;0;0;1;0;0;0;0
"20/11/2016";"08:41:00";"22";"com v�tima";"170,63";"BR-393/RJ";"Pista Norte";"Capotamento";1;0;0;0;0;0;0;0;0;0;0;2;1;0;0
"20/11/2016";"17:40:00";"57";"sem v�tima";"157,844";"BR-393/RJ";"Pista Sul";"Colis�o lateral no mesmo sentido";0;0;2;0;0;0;0;0;0;0;2;0;0;0;0
"20/11/2016";"21:24:00";"70";"sem v�tima";"187,1";"BR-393/RJ";"Pista Sul";"Capotamento";1;0;0;0;0;0;0;0;0;0;1;0;0;0;0
"23/11/2016";"18:50:00";"53";"sem v�tima";"217,05";"BR-393/RJ";"Pista Sul";"Colis�o c/ obst�culos";1;0;0;0;0;0;0;0;0;0;1;0;0;0;0
"24/11/2016";"08:28:00";"26";"sem v�tima";"285,58";"BR-393/RJ";"Pista Sul";"Colis�o com ve�culos (traseira)";1;0;1;0;0;0;0;0;0;0;2;0;0;0;0
"24/11/2016";"09:26:00";"29";"sem v�tima";"274,1";"BR-393/RJ";"Pista Norte";"Colis�o c/ obst�culos";0;0;1;0;0;0;0;0;0;0;1;0;0;0;0
"24/11/2016";"14:51:00";"55";"com v�tima";"261,217";"BR-393/RJ";"Pista Sul";"Colis�o c/ obst�culos";1;0;0;0;0;0;0;0;0;0;1;1;0;0;0
"24/11/2016";"21:02:00";"71";"com v�tima";"246";"BR-393/RJ";"Pista Norte";"Colis�o com ve�culos (traseira)";0;0;1;0;0;0;0;0;0;0;0;1;0;0;0
"25/11/2016";"14:06:00";"52";"com v�tima";"285,5";"BR-393/RJ";"Pista Norte";"Colis�o lateral no mesmo sentido";1;0;0;0;1;0;0;0;0;0;15;1;0;0;0
"25/11/2016";"14:54:00";"53";"sem v�tima";"281";"BR-393/RJ";"Pista Norte";"Engavetamento";4;0;0;0;0;0;0;0;0;0;4;0;0;0;0
"25/11/2016";"16:04:00";"60";"com v�tima";"274,6";"BR-393/RJ";"Pista Sul";"Colis�o com ve�culos (traseira)";1;0;0;1;0;0;0;0;0;0;1;1;0;0;0
"25/11/2016";"21:11:00";"78";"sem v�tima";"155";"BR-393/RJ";"Pista Norte";"Colis�o com ve�culos (traseira)";2;0;0;0;0;0;0;0;0;0;4;0;0;0;0
"26/11/2016";"08:52:00";"23";"com v�tima";"114";"BR-393/RJ";"Pista Norte";"Tombamento";0;0;1;0;0;0;0;0;0;0;0;2;0;0;0
"26/11/2016";"12:02:00";"31";"com v�tima";"279";"BR-393/RJ";"Pista Sul";"Colis�o lateral no sentido contr�rio";1;0;1;0;0;0;0;0;0;0;1;0;1;0;0
"26/11/2016";"14:09:00";"35";"com v�tima";"272";"BR-393/RJ";"Pista Norte";"Colis�o com ve�culos (frontal)";1;0;0;0;0;0;0;0;0;1;0;1;3;0;0
"26/11/2016";"17:15:00";"43";"com v�tima";"136";"BR-393/RJ";"Pista Norte";"Acidentes de outra natureza";0;0;0;1;0;0;0;0;0;0;0;0;1;0;0
"27/11/2016";"07:41:00";"20";"com v�tima";"274,091";"BR-393/RJ";"Pista Sul";"Tombamento";0;0;1;0;0;0;0;0;0;0;0;0;0;1;0
"28/11/2016";"02:13:00";"10";"com v�tima";"240";"BR-393/RJ";"Pista Sul";"Sa�das de pista";1;0;0;0;0;0;0;0;0;0;0;2;0;0;0
"28/11/2016";"07:51:00";"17";"sem v�tima";"233,6";"BR-393/RJ";"Pista Sul";"Colis�o com ve�culos (traseira)";0;0;1;0;0;0;0;0;0;1;2;0;0;0;0
"28/11/2016";"12:15:00";"40";"com v�tima";"277,5";"BR-393/RJ";"Pista Norte";"Colis�o c/ obst�culos";1;0;0;0;0;0;0;0;0;0;0;1;0;0;0
"28/11/2016";"14:19:00";"47";"com v�tima";"177";"BR-393/RJ";"Pista Norte";"Acidentes de outra natureza";0;0;0;1;0;0;0;0;0;0;0;1;0;0;0
"29/11/2016";"07:01:00";"16";"com v�tima";"274";"BR-393/RJ";"Pista Norte";"Tombamento";0;0;2;0;0;0;0;0;0;0;0;3;0;0;0
"29/11/2016";"18:18:00";"63";"sem v�tima";"159,5";"BR-393/RJ";"Pista Sul";"Sa�das de pista";0;0;1;0;0;0;0;0;0;0;2;0;0;0;0
"29/11/2016";"20:54:00";"68";"com v�tima";"251,34";"BR-393/RJ";"Pista Norte";"Atropelamento de pedestre";2;0;0;0;0;0;0;0;0;0;2;0;0;1;0
"30/11/2016";"08:32:00";"25";"sem v�tima";"106,3";"BR-393/RJ";"Pista Norte";"Colis�o com ve�culos (traseira)";2;0;0;0;0;0;0;0;0;0;3;0;0;0;0
"30/11/2016";"18:06:00";"69";"com v�tima";"233,6";"BR-393/RJ";"Pista Sul";"Acidentes de outra natureza";0;0;0;1;0;0;0;0;0;0;0;0;1;0;0
"01/12/2016";"11:05:00";"36";"com v�tima";"177,87";"BR-393/RJ";"Pista Norte";"Colis�o com ve�culos (traseira)";0;0;2;0;0;0;0;0;0;0;1;1;0;0;0
"01/12/2016";"23:06:00";"69";"com v�tima";"286,15";"BR-393/RJ";"Pista Norte";"Atropelamento de pedestre";0;0;0;1;0;0;0;0;0;0;0;0;2;0;0
"02/12/2016";"20:25:00";"84";"com v�tima";"268";"BR-393/RJ";"Pista Norte";"Colis�o lateral no sentido contr�rio";1;0;1;0;0;0;0;0;0;0;1;1;0;0;0
"02/12/2016";"22:48:00";"89";"com v�tima";"184";"BR-393/RJ";"Pista Norte";"Tombamento";0;0;0;0;0;0;0;0;0;1;0;2;1;0;0
"02/12/2016";"22:54:00";"90";"sem v�tima";"143,5";"BR-393/RJ";"Pista Sul";"Colis�o com ve�culos (traseira)";2;0;0;0;0;0;0;0;0;0;2;0;0;0;0
"03/12/2016";"01:14:00";"3";"sem v�tima";"283,3";"BR-393/RJ";"Pista Norte";"Sa�das de pista";1;0;0;0;0;0;0;0;0;0;3;0;0;0;0
"03/12/2016";"04:48:00";"15";"com v�tima";"266,5";"BR-393/RJ";"Pista Norte";"Atropelamento de pedestre";0;0;0;1;0;0;0;0;0;0;1;0;0;1;0
"03/12/2016";"06:51:00";"19";"sem v�tima";"102";"BR-393/RJ";"Pista Norte";"Colis�o c/ obst�culos";1;0;0;0;0;0;0;0;0;0;1;0;0;0;0
"03/12/2016";"14:36:00";"35";"sem v�tima";"258";"BR-393/RJ";"Pista Sul";"Colis�o c/ obst�culos";1;0;0;0;0;0;0;0;0;0;3;0;0;0;0
"03/12/2016";"17:28:00";"43";"sem v�tima";"265";"BR-393/RJ";"Pista Norte";"Colis�o com ve�culos (traseira)";2;0;0;0;0;0;0;0;0;0;6;0;0;0;0
"03/12/2016";"17:36:00";"44";"com v�tima";"236";"BR-393/RJ";"Pista Norte";"Colis�o lateral no sentido contr�rio";1;0;0;1;0;0;0;0;0;0;1;1;1;0;0
"03/12/2016";"21:24:00";"55";"sem v�tima";"120";"BR-393/RJ";"Pista Sul";"Colis�o c/ obst�culos";1;0;0;0;0;0;0;0;0;0;2;0;0;0;0
"04/12/2016";"17:12:00";"43";"com v�tima";"159";"BR-393/RJ";"Pista Sul";"Colis�o com ve�culos (frontal)";1;0;1;0;0;0;0;0;0;0;0;1;1;1;0
"04/12/2016";"18:15:00";"47";"sem v�tima";"105,9";"BR-393/RJ";"Pista Sul";"Sa�das de pista";1;0;0;0;0;0;0;0;0;0;1;0;0;0;0
"04/12/2016";"18:26:00";"48";"sem v�tima";"275";"BR-393/RJ";"Pista Sul";"Colis�o com ve�culos (traseira)";2;0;0;0;0;0;0;0;0;0;6;0;0;0;0
"05/12/2016";"05:06:00";"15";"com v�tima";"103";"BR-393/RJ";"Pista Sul";"Colis�o c/ obst�culos";1;0;0;0;0;0;0;0;0;0;1;1;0;0;0
"05/12/2016";"10:17:00";"33";"com v�tima";"202";"BR-393/RJ";"Pista Norte";"Sa�das de pista";1;0;0;0;0;0;0;0;0;0;0;2;0;0;0
"05/12/2016";"21:24:00";"70";"com v�tima";"281";"BR-393/RJ";"Pista Norte";"Colis�o com ve�culos (traseira)";2;0;0;0;0;0;0;0;0;0;0;2;0;0;0
"05/12/2016";"22:48:00";"74";"sem v�tima";"214,7";"BR-393/RJ";"Pista Sul";"Atropelamento de animais";0;0;1;0;0;0;0;0;0;0;1;0;0;0;0
"06/12/2016";"07:40:00";"22";"com v�tima";"178,249";"BR-393/RJ";"Pista Norte";"Atropelamento de pedestre";0;0;0;1;0;0;0;0;0;0;0;2;0;0;0
"06/12/2016";"18:19:00";"66";"sem v�tima";"106,9";"BR-393/RJ";"Pista Norte";"Colis�o c/ obst�culos";1;0;1;0;0;0;0;0;0;0;2;0;0;0;0
"07/12/2016";"12:05:00";"36";"com v�tima";"284";"BR-393/RJ";"Pista Norte";"Colis�o lateral no mesmo sentido";1;0;1;1;0;0;0;0;0;0;2;1;0;0;0
"07/12/2016";"15:46:00";"46";"sem v�tima";"286";"BR-393/RJ";"Pista Norte";"Colis�o lateral no mesmo sentido";1;0;1;0;0;0;0;0;0;0;3;0;0;0;0
"07/12/2016";"18:43:00";"53";"sem v�tima";"284";"BR-393/RJ";"Pista Norte";"Engavetamento";3;0;0;0;0;0;0;0;0;0;4;0;0;0;0
"08/12/2016";"07:16:00";"16";"sem v�tima";"285,6";"BR-393/RJ";"Pista Sul";"Colis�o lateral no mesmo sentido";1;0;1;0;0;0;0;0;0;0;2;0;0;0;0
"08/12/2016";"14:54:00";"42";"sem v�tima";"265";"BR-393/RJ";"Pista Sul";"Colis�o lateral no mesmo sentido";2;0;0;0;0;0;0;0;0;0;2;0;0;0;0
"08/12/2016";"15:46:00";"46";"com v�tima";"238,6";"BR-393/RJ";"Pista Norte";"Colis�o lateral no sentido contr�rio";0;0;1;1;0;0;0;0;0;0;1;1;0;0;0
"08/12/2016";"16:57:00";"50";"sem v�tima";"253";"BR-393/RJ";"Pista Sul";"Colis�o lateral no mesmo sentido";1;0;1;0;0;0;0;0;0;0;2;0;0;0;0
"09/12/2016";"00:44:00";"2";"com v�tima";"143,5";"BR-393/RJ";"Pista Sul";"Colis�o lateral no sentido contr�rio";0;0;1;1;0;0;0;0;0;0;1;0;0;0;1
"09/12/2016";"16:38:00";"69";"com v�tima";"285,2";"BR-393/RJ";"Pista Norte";"Colis�o com ve�culos (traseira)";1;0;1;0;0;0;0;0;0;0;2;1;0;0;0
"09/12/2016";"18:14:00";"75";"sem v�tima";"160";"BR-393/RJ";"Pista Norte";"Sa�das de pista";1;0;0;0;0;0;0;0;0;0;2;0;0;0;0
"10/12/2016";"01:13:00";"10";"com v�tima";"277,3";"BR-393/RJ";"Pista Norte";"Colis�o c/ obst�culos";1;0;0;0;0;0;0;0;0;0;0;1;0;0;0
"10/12/2016";"21:51:00";"102";"sem v�tima";"255";"BR-393/RJ";"Pista Norte";"Colis�o c/ obst�culos";1;0;0;0;0;0;0;0;0;0;2;0;0;0;0
"11/12/2016";"05:21:00";"12";"sem v�tima";"243";"BR-393/RJ";"Pista Sul";"Colis�o c/ obst�culos";1;0;0;0;0;0;0;0;0;0;2;0;0;0;0
"11/12/2016";"05:21:00";"11";"sem v�tima";"270";"BR-393/RJ";"Pista Norte";"Sa�das de pista";1;0;0;0;0;0;0;0;0;0;1;0;0;0;0
"11/12/2016";"18:15:00";"42";"sem v�tima";"264,9";"BR-393/RJ";"Pista Sul";"Colis�o c/ obst�culos";1;0;0;0;0;0;0;0;0;0;1;0;0;0;0
"11/12/2016";"23:09:00";"63";"sem v�tima";"240";"BR-393/RJ";"Pista Sul";"Sa�das de pista";0;0;1;0;0;0;0;0;0;0;1;0;0;0;0
"12/12/2016";"18:44:00";"62";"sem v�tima";"160";"BR-393/RJ";"Pista Sul";"Sa�das de pista";1;0;0;0;0;0;0;0;0;0;1;0;0;0;0
"12/12/2016";"20:50:00";"71";"sem v�tima";"268";"BR-393/RJ";"Pista Sul";"Colis�o lateral no sentido contr�rio";2;0;0;0;0;0;0;0;0;0;2;0;0;0;0
"13/12/2016";"08:02:00";"22";"com v�tima";"106,573";"BR-393/RJ";"Pista Sul";"Colis�o lateral no sentido contr�rio";1;0;0;1;0;0;0;0;0;0;0;1;1;0;0
"13/12/2016";"10:09:00";"41";"com v�tima";"105,171";"BR-393/RJ";"Pista Sul";"Colis�o lateral no sentido contr�rio";1;0;0;1;0;0;0;0;0;0;2;1;0;0;0
"13/12/2016";"12:34:00";"58";"com v�tima";"237,609";"BR-393/RJ";"Pista Sul";"Colis�o com ve�culos (frontal)";2;0;0;0;0;0;0;0;0;0;0;1;2;2;0
"13/12/2016";"15:31:00";"67";"com v�tima";"151,897";"BR-393/RJ";"Pista Sul";"Tombamento";0;0;1;0;0;0;0;0;0;0;0;1;1;0;0
"14/12/2016";"14:11:00";"51";"sem v�tima";"255,712";"BR-393/RJ";"Pista Sul";"Colis�o lateral no sentido contr�rio";2;0;0;0;0;0;0;0;0;0;3;0;0;0;0
"15/12/2016";"03:45:00";"14";"com v�tima";"208";"BR-393/RJ";"Pista Norte";"Colis�o c/ obst�culos";0;0;1;0;0;0;0;0;0;0;0;1;0;0;0
"15/12/2016";"06:00:00";"16";"com v�tima";"245,7";"BR-393/RJ";"Pista Norte";"Colis�o com ve�culos (frontal)";0;0;3;0;0;0;0;0;0;0;3;1;0;0;0
"15/12/2016";"19:45:00";"57";"com v�tima";"263";"BR-393/RJ";"Pista Sul";"Acidentes de outra natureza";0;0;0;1;0;0;0;0;0;0;0;1;0;0;0
"15/12/2016";"22:42:00";"62";"com v�tima";"283";"BR-393/RJ";"Pista Sul";"Colis�o c/ obst�culos";2;0;0;0;0;0;0;0;0;0;0;1;0;0;0
"16/12/2016";"12:34:00";"46";"com v�tima";"221,8";"BR-393/RJ";"Pista Sul";"Sa�das de pista";1;0;0;0;0;0;0;0;0;0;0;0;2;0;0
"17/12/2016";"22:01:00";"74";"sem v�tima";"163,9";"BR-393/RJ";"Pista Norte";"Choque - Elemento de Drenagem";1;0;0;0;0;0;0;0;0;0;4;0;0;0;0
"17/12/2016";"23:27:00";"79";"sem v�tima";"264";"BR-393/RJ";"Pista Sul";"Colis�o lateral no sentido contr�rio";1;0;0;0;1;0;0;0;0;0;2;0;0;0;0
"18/12/2016";"11:23:00";"36";"sem v�tima";"286";"BR-393/RJ";"Pista Sul";"Colis�o com ve�culos (traseira)";2;0;0;0;0;0;0;0;0;0;2;0;0;0;0
"19/12/2016";"18:06:00";"56";"com v�tima";"106";"BR-393/RJ";"Pista Sul";"Atropelamento de pedestre";0;0;1;0;0;0;0;0;0;0;0;2;0;0;0
"19/12/2016";"21:50:00";"69";"sem v�tima";"286";"BR-393/RJ";"Pista Norte";"Colis�o lateral no sentido contr�rio";2;0;0;0;0;0;0;0;0;0;2;0;0;0;0
"21/12/2016";"05:42:00";"25";"sem v�tima";"249,876";"BR-393/RJ";"Pista Norte";"Atropelamento de animais";0;0;1;0;0;0;0;0;0;0;1;0;0;0;0
"21/12/2016";"09:01:00";"36";"sem v�tima";"285,3";"BR-393/RJ";"Pista Sul";"Engavetamento";2;0;0;0;0;0;0;0;0;1;3;0;0;0;0
"21/12/2016";"18:23:00";"84";"sem v�tima";"284";"BR-393/RJ";"Pista Sul";"Engavetamento";4;0;0;0;0;0;0;0;0;0;4;0;0;0;0
"21/12/2016";"20:33:00";"96";"sem v�tima";"286,1";"BR-393/RJ";"Pista Norte";"Colis�o com ve�culos (traseira)";2;0;0;0;0;0;0;0;0;0;2;0;0;0;0
"21/12/2016";"23:44:00";"105";"sem v�tima";"271,8";"BR-393/RJ";"Pista Sul";"Colis�o c/ obst�culos";1;0;0;0;0;0;0;0;0;0;1;0;0;0;0
"22/12/2016";"10:31:00";"40";"com v�tima";"286";"BR-393/RJ";"Pista Sul";"Colis�o com ve�culos (traseira)";1;0;1;0;0;0;0;0;0;0;2;1;0;0;0
"22/12/2016";"16:30:00";"61";"com v�tima";"102,551";"BR-393/RJ";"Pista Sul";"Colis�o lateral no mesmo sentido";1;0;0;1;0;0;0;0;0;0;1;1;0;0;0
"23/12/2016";"09:35:00";"26";"com v�tima";"191,703";"BR-393/RJ";"Pista Norte";"Colis�o com ve�culos (frontal)";1;0;1;0;0;0;0;0;0;0;0;1;0;1;3
"23/12/2016";"17:34:00";"47";"com v�tima";"235,236";"BR-393/RJ";"Pista Norte";"Colis�o lateral no sentido contr�rio";2;0;1;0;0;0;0;0;0;0;4;0;0;2;0
"23/12/2016";"18:37:00";"53";"sem v�tima";"112";"BR-393/RJ";"Pista Norte";"Sa�das de pista";0;0;1;0;0;0;0;0;0;0;1;0;0;0;0
"24/12/2016";"06:21:00";"21";"sem v�tima";"177,676";"BR-393/RJ";"Pista Sul";"Colis�o lateral no sentido contr�rio";1;0;0;0;1;0;0;0;0;0;2;0;0;0;0
"24/12/2016";"06:27:00";"22";"com v�tima";"254,2";"BR-393/RJ";"Pista Norte";"Sa�das de pista";1;0;0;0;0;0;0;0;0;0;0;2;0;0;0
"24/12/2016";"19:24:00";"51";"com v�tima";"175,512";"BR-393/RJ";"Pista Sul";"Colis�o c/ obst�culos";1;0;0;0;0;0;0;0;0;0;0;1;0;0;0
"25/12/2016";"15:31:00";"42";"com v�tima";"106,205";"BR-393/RJ";"Pista Norte";"Acidentes de outra natureza";0;1;0;0;0;0;0;0;0;0;0;1;0;0;0
"26/12/2016";"12:46:00";"49";"com v�tima";"282,311";"BR-393/RJ";"Pista Sul";"Engavetamento";3;0;0;0;0;0;0;0;0;0;6;1;0;0;0
"26/12/2016";"17:22:00";"74";"sem v�tima";"106";"BR-393/RJ";"Pista Norte";"Colis�o lateral no sentido contr�rio";2;0;0;0;0;0;0;0;0;0;4;0;0;0;0
"26/12/2016";"22:23:00";"100";"sem v�tima";"218";"BR-393/RJ";"Pista Sul";"Colis�o c/ obst�culos";0;0;1;0;0;0;0;0;0;0;1;0;0;0;0
"28/12/2016";"11:45:00";"37";"sem v�tima";"166";"BR-393/RJ";"Pista Norte";"Colis�o lateral no sentido contr�rio";0;0;1;0;0;1;0;0;0;1;4;0;0;0;0
"28/12/2016";"14:06:00";"42";"sem v�tima";"125";"BR-393/RJ";"Pista Sul";"Colis�o com ve�culos (traseira)";2;0;0;0;0;0;0;0;0;0;6;0;0;0;0
"29/12/2016";"11:32:00";"54";"com v�tima";"282,381";"BR-393/RJ";"Pista Norte";"Colis�o lateral no sentido contr�rio";2;0;0;0;0;0;0;0;0;0;1;5;0;0;0
"29/12/2016";"19:59:00";"91";"com v�tima";"103,5";"BR-393/RJ";"Pista Sul";"Colis�o lateral no mesmo sentido";1;0;0;1;0;0;0;0;0;0;1;1;1;0;0