fdata;horario;n_da_ocorrencia;tipo_de_ocorrencia;km;trecho;sentido;tipo_de_acidente;automovel;bicicleta;caminhao;moto;onibus;outros;tracao_animal;transporte_de_cargas_especiais;trator_maquinas;utilitarios;ilesos;levemente_feridos;moderadamente_feridos;gravemente_feridos;mortos
"30/12/2016";"15:48:00";"62";"com v�tima";"179,293";"BR-393/RJ";"Pista Sul";"Acidentes de outra natureza";0;0;0;1;0;0;0;0;0;0;0;2;0;0;0
"30/12/2016";"20:48:00";"82";"com v�tima";"265";"BR-393/RJ";"Pista Norte";"Engavetamento";1;0;2;0;0;0;0;0;0;0;4;3;0;0;0
"30/12/2016";"23:47:00";"91";"com v�tima";"251";"BR-393/RJ";"Pista Norte";"Colis�o com ve�culos (frontal)";1;0;1;0;0;0;0;0;0;0;1;2;0;0;0
"31/12/2016";"13:56:00";"41";"com v�tima";"168,7";"BR-393/RJ";"Pista Norte";"Colis�o lateral no mesmo sentido";2;0;0;0;0;0;0;0;0;0;2;2;0;0;0
"02/01/2017";"11:24:00";"45";"sem v�tima";"140";"BR-393/RJ";"Pista Sul";"Colis�o com ve�culos (traseira)";2;0;0;0;0;0;0;0;0;0;2;0;0;0;0
"03/01/2017";"00:38:00";"3";"com v�tima";"285";"BR-393/RJ";"Pista Norte";"Colis�o c/ obst�culos";1;0;0;0;0;0;0;0;0;0;0;1;0;0;0
"03/01/2017";"09:10:00";"39";"com v�tima";"224";"BR-393/RJ";"Pista Norte";"Colis�o lateral no sentido contr�rio";1;0;1;0;0;0;0;0;0;0;1;0;0;2;3
"03/01/2017";"11:18:00";"49";"sem v�tima";"134";"BR-393/RJ";"Pista Norte";"Colis�o c/ obst�culos";1;0;1;0;0;0;0;0;0;0;2;0;0;0;0
"03/01/2017";"13:59:00";"57";"com v�tima";"228,743";"BR-393/RJ";"Pista Norte";"Acidentes de outra natureza";0;0;0;1;0;0;0;0;0;0;1;0;1;0;0
"05/01/2017";"01:00:00";"5";"sem v�tima";"245";"BR-393/RJ";"Pista Sul";"Engavetamento";3;0;0;0;0;0;0;0;0;0;4;0;0;0;0
"06/01/2017";"09:49:00";"43";"sem v�tima";"285";"BR-393/RJ";"Pista Sul";"Colis�o com ve�culos (traseira)";1;0;0;0;1;0;0;0;0;0;2;0;0;0;0
"07/01/2017";"17:32:00";"59";"sem v�tima";"282";"BR-393/RJ";"Pista Sul";"Colis�o com ve�culos (traseira)";1;0;1;0;0;0;0;0;0;0;2;0;0;0;0
"07/01/2017";"18:46:00";"63";"sem v�tima";"285,6";"BR-393/RJ";"Pista Sul";"Colis�o lateral no sentido contr�rio";1;0;0;0;1;0;0;0;0;0;2;0;0;0;0
"07/01/2017";"21:09:00";"69";"sem v�tima";"284,3";"BR-393/RJ";"Pista Norte";"Colis�o com ve�culos (traseira)";2;0;0;0;0;0;0;0;0;0;2;0;0;0;0
"07/01/2017";"22:58:00";"71";"com v�tima";"283";"BR-393/RJ";"Pista Norte";"Colis�o lateral no sentido contr�rio";1;0;0;1;0;0;0;0;0;0;1;1;0;0;0
"08/01/2017";"00:28:00";"2";"sem v�tima";"254,5";"BR-393/RJ";"Pista Norte";"Choque - Defensa, barreira ou "submarino"";1;0;0;0;0;0;0;0;0;0;1;0;0;0;0
"08/01/2017";"03:46:00";"18";"sem v�tima";"139,6";"BR-393/RJ";"Pista Norte";"Colis�o c/ obst�culos";1;0;0;0;0;0;0;0;0;0;1;0;0;0;0
"08/01/2017";"13:05:00";"40";"com v�tima";"280";"BR-393/RJ";"Pista Sul";"Colis�o lateral no sentido contr�rio";0;0;1;1;0;0;0;0;0;0;1;2;0;0;0
"08/01/2017";"15:57:00";"47";"com v�tima";"267,5";"BR-393/RJ";"Pista Norte";"Tombamento";1;0;0;0;0;0;0;0;0;0;0;1;0;0;0
"08/01/2017";"19:40:00";"59";"sem v�tima";"163";"BR-393/RJ";"Pista Norte";"Tombamento";0;0;1;0;0;0;0;0;0;0;1;0;0;0;0
"09/01/2017";"02:29:00";"1";"sem v�tima";"240";"BR-393/RJ";"Pista Norte";"Sa�das de pista";1;0;0;0;0;0;0;0;0;0;2;0;0;0;0
"09/01/2017";"15:48:00";"46";"com v�tima";"260";"BR-393/RJ";"Pista Norte";"Colis�o c/ obst�culos";1;0;0;0;0;0;0;0;0;0;0;0;1;0;0
"10/01/2017";"13:31:00";"48";"sem v�tima";"279";"BR-393/RJ";"Pista Norte";"Engavetamento";3;0;0;0;0;0;0;0;0;0;6;0;0;0;0
"10/01/2017";"16:35:00";"58";"com v�tima";"182";"BR-393/RJ";"Pista Norte";"Acidentes de outra natureza";0;1;0;0;0;0;0;0;0;0;0;1;0;0;0
"11/01/2017";"12:27:00";"61";"com v�tima";"131,424";"BR-393/RJ";"Pista Sul";"Tombamento";1;0;1;0;0;0;0;0;0;0;0;4;1;0;0
"11/01/2017";"15:16:00";"68";"com v�tima";"239,406";"BR-393/RJ";"Pista Norte";"Capotamento";0;0;1;0;0;0;0;0;0;0;0;3;0;0;0
"11/01/2017";"22:27:00";"83";"sem v�tima";"282,4";"BR-393/RJ";"Pista Norte";"Engavetamento";3;0;0;0;0;0;0;0;0;0;4;0;0;0;0
"14/01/2017";"10:23:00";"32";"com v�tima";"107,6";"BR-393/RJ";"Pista Sul";"Colis�o lateral no sentido contr�rio";1;0;0;1;0;0;0;0;0;0;1;0;2;0;0
"15/01/2017";"16:39:00";"51";"com v�tima";"276";"BR-393/RJ";"Pista Sul";"Engavetamento";3;0;0;0;0;0;0;0;0;0;8;1;0;0;0
"15/01/2017";"16:51:00";"52";"com v�tima";"278";"BR-393/RJ";"Pista Sul";"Engavetamento";2;0;0;0;1;0;0;0;0;0;5;1;0;0;0
"16/01/2017";"06:33:00";"10";"sem v�tima";"240";"BR-393/RJ";"Pista Norte";"Sa�das de pista";1;0;0;0;0;0;0;0;0;0;1;0;0;0;0
"16/01/2017";"08:39:00";"14";"com v�tima";"105";"BR-393/RJ";"Pista Sul";"Colis�o lateral no sentido contr�rio";1;0;1;0;0;0;0;0;0;0;2;1;0;0;0
"16/01/2017";"14:24:00";"45";"com v�tima";"116";"BR-393/RJ";"Pista Norte";"Sa�das de pista";1;0;0;0;0;0;0;0;0;0;0;1;0;0;0
"17/01/2017";"02:49:00";"11";"sem v�tima";"226";"BR-393/RJ";"Pista Norte";"Colis�o c/ obst�culos";0;0;1;0;0;0;0;0;0;0;1;0;0;0;0
"17/01/2017";"09:57:00";"29";"sem v�tima";"285,5";"BR-393/RJ";"Pista Norte";"Colis�o lateral no mesmo sentido";2;0;0;0;0;0;0;0;0;0;2;0;0;0;0
"18/01/2017";"11:33:00";"36";"com v�tima";"168";"BR-393/RJ";"Pista Norte";"Colis�o lateral no sentido contr�rio";1;0;0;1;0;0;0;0;0;0;2;1;0;0;0
"18/01/2017";"12:40:00";"39";"com v�tima";"131,9";"BR-393/RJ";"Pista Norte";"Colis�o com ve�culos (traseira)";0;0;2;0;0;0;0;0;0;0;1;1;0;0;0
"18/01/2017";"16:49:00";"53";"com v�tima";"152";"BR-393/RJ";"Pista Sul";"Colis�o c/ obst�culos";0;0;0;1;0;0;0;0;0;0;0;0;0;1;0
"19/01/2017";"17:15:00";"63";"com v�tima";"202,5";"BR-393/RJ";"Pista Sul";"Colis�o lateral no sentido contr�rio";2;0;0;0;0;0;0;0;0;0;0;2;0;1;0
"19/01/2017";"19:47:00";"71";"sem v�tima";"283";"BR-393/RJ";"Pista Norte";"Colis�o com ve�culos (traseira)";2;0;0;0;0;0;0;0;0;0;2;0;0;0;0
"19/01/2017";"23:08:00";"80";"sem v�tima";"103,6";"BR-393/RJ";"Pista Sul";"Atropelamento de animais";0;0;0;0;0;0;0;0;0;1;1;0;0;0;0
"20/01/2017";"08:03:00";"19";"sem v�tima";"141,9";"BR-393/RJ";"Pista Sul";"Colis�o com ve�culos (traseira)";2;0;0;0;0;0;0;0;0;0;8;0;0;0;0
"20/01/2017";"19:36:00";"70";"com v�tima";"282";"BR-393/RJ";"Pista Sul";"Colis�o lateral no sentido contr�rio";1;0;0;1;0;0;0;0;0;0;1;1;0;0;0
"21/01/2017";"19:00:00";"45";"sem v�tima";"285";"BR-393/RJ";"Pista Sul";"Engavetamento";4;0;0;0;0;0;0;0;0;0;4;0;0;0;0
"22/01/2017";"00:11:00";"1";"sem v�tima";"280";"BR-393/RJ";"Pista Norte";"Colis�o lateral no sentido contr�rio";2;0;0;0;0;0;0;0;0;0;2;0;0;0;0
"22/01/2017";"11:10:00";"27";"sem v�tima";"243,374";"BR-393/RJ";"Pista Sul";"Colis�o c/ obst�culos";1;0;0;0;0;0;0;0;0;0;4;0;0;0;0
"23/01/2017";"09:38:00";"23";"sem v�tima";"168";"BR-393/RJ";"Pista Sul";"Colis�o com ve�culos (traseira)";2;0;0;0;0;0;0;0;0;0;4;0;0;0;0
"24/01/2017";"09:24:00";"23";"com v�tima";"176";"BR-393/RJ";"Pista Norte";"Colis�o com ve�culos (traseira)";2;0;0;0;0;0;0;0;0;0;2;1;0;0;0
"25/01/2017";"00:50:00";"1";"sem v�tima";"109";"BR-393/RJ";"Pista Norte";"Atropelamento de animais";1;0;0;0;0;0;0;0;0;0;4;0;0;0;0
"25/01/2017";"12:03:00";"36";"com v�tima";"252,5";"BR-393/RJ";"Pista Norte";"Colis�o lateral no sentido contr�rio";0;0;2;0;0;0;0;0;0;0;1;0;3;0;0
"25/01/2017";"14:45:00";"42";"com v�tima";"171";"BR-393/RJ";"Pista Sul";"Colis�o lateral no sentido contr�rio";1;0;0;1;0;0;0;0;0;0;3;2;0;0;0
"26/01/2017";"13:07:00";"48";"sem v�tima";"219";"BR-393/RJ";"Pista Sul";"Colis�o lateral no sentido contr�rio";2;0;0;0;0;0;0;0;0;0;8;0;0;0;0
"26/01/2017";"21:10:00";"72";"sem v�tima";"215";"BR-393/RJ";"Pista Sul";"Colis�o lateral no mesmo sentido";1;0;1;0;0;0;0;0;0;0;2;0;0;0;0
"27/01/2017";"18:41:00";"67";"sem v�tima";"279";"BR-393/RJ";"Pista Sul";"Colis�o com ve�culos (traseira)";2;0;0;0;0;0;0;0;0;0;2;0;0;0;0
"28/01/2017";"08:48:00";"26";"sem v�tima";"281,5";"BR-393/RJ";"Pista Norte";"Colis�o lateral no mesmo sentido";1;0;1;0;0;0;0;0;0;0;3;0;0;0;0
"28/01/2017";"20:18:00";"74";"sem v�tima";"274";"BR-393/RJ";"Pista Sul";"Colis�o lateral no mesmo sentido";2;0;0;0;0;0;0;0;0;0;2;0;0;0;0
"28/01/2017";"23:28:00";"78";"sem v�tima";"102";"BR-393/RJ";"Pista Norte";"Colis�o com ve�culos (traseira)";2;0;0;0;0;0;0;0;0;0;2;0;0;0;0
"29/01/2017";"19:07:00";"49";"sem v�tima";"279";"BR-393/RJ";"Pista Sul";"Sa�das de pista";1;0;0;0;0;0;0;0;0;0;1;0;0;0;0
"29/01/2017";"19:14:00";"50";"com v�tima";"285";"BR-393/RJ";"Pista Norte";"Engavetamento";3;0;0;0;0;0;0;0;0;0;7;1;1;0;0
"30/01/2017";"10:51:00";"36";"com v�tima";"273,9";"BR-393/RJ";"Pista Sul";"Tombamento";0;0;1;0;0;0;0;0;0;0;0;2;1;0;0
"31/01/2017";"19:54:00";"54";"com v�tima";"178";"BR-393/RJ";"Pista Norte";"Acidentes de outra natureza";0;0;0;1;0;0;0;0;0;0;0;0;1;0;0
"31/01/2017";"20:20:00";"55";"com v�tima";"236,95";"BR-393/RJ";"Pista Sul";"Colis�o Transversal";2;0;0;0;0;0;0;0;0;0;1;1;0;0;0
"01/02/2017";"14:21:00";"49";"com v�tima";"172";"BR-393/RJ";"Pista Norte";"Acidentes de outra natureza";0;0;0;1;0;0;0;0;0;0;0;2;0;0;0
"01/02/2017";"17:21:00";"64";"com v�tima";"144";"BR-393/RJ";"Pista Norte";"Acidentes de outra natureza";0;1;0;0;0;0;0;0;0;0;0;1;0;0;0
"02/02/2017";"08:39:00";"16";"sem v�tima";"283";"BR-393/RJ";"Pista Norte";"Colis�o com ve�culos (traseira)";0;0;1;0;0;0;0;0;0;1;2;0;0;0;0
"02/02/2017";"15:54:00";"42";"com v�tima";"276";"BR-393/RJ";"Pista Norte";"Colis�o com ve�culos (traseira)";1;0;1;0;0;0;0;0;0;0;1;1;0;0;0
"03/02/2017";"11:08:00";"30";"com v�tima";"130,207";"BR-393/RJ";"Pista Norte";"Acidentes de outra natureza";0;0;0;1;0;0;0;0;0;0;0;1;0;0;0
"03/02/2017";"13:19:00";"40";"sem v�tima";"105,952";"BR-393/RJ";"Pista Sul";"Colis�o com ve�culos (traseira)";2;0;0;0;0;0;0;0;0;0;3;0;0;0;0
"03/02/2017";"19:04:00";"62";"com v�tima";"144";"BR-393/RJ";"Pista Norte";"Colis�o c/ obst�culos";1;0;0;0;0;0;0;0;0;0;0;1;0;0;0
"04/02/2017";"07:57:00";"18";"sem v�tima";"260,649";"BR-393/RJ";"Pista Norte";"Capotamento";1;0;0;0;0;0;0;0;0;0;1;0;0;0;0
"04/02/2017";"10:42:00";"28";"com v�tima";"103,358";"BR-393/RJ";"Pista Sul";"Colis�o c/ obst�culos";1;0;0;0;0;0;0;0;0;0;0;0;1;1;0
"04/02/2017";"21:12:00";"68";"sem v�tima";"243";"BR-393/RJ";"Pista Sul";"Sa�das de pista";1;0;0;0;0;0;0;0;0;0;1;0;0;0;0
"05/02/2017";"00:43:00";"2";"sem v�tima";"269,83";"BR-393/RJ";"Pista Sul";"Colis�o c/ obst�culos";1;0;0;0;0;0;0;0;0;0;1;0;0;0;0
"05/02/2017";"08:54:00";"24";"sem v�tima";"283,118";"BR-393/RJ";"Pista Sul";"Sa�das de pista";1;0;0;0;0;0;0;0;0;0;2;0;0;0;0
"05/02/2017";"11:13:00";"30";"com v�tima";"218,815";"BR-393/RJ";"Pista Sul";"Colis�o lateral no mesmo sentido";1;0;1;0;0;0;0;0;0;0;2;2;0;0;0
"05/02/2017";"20:26:00";"65";"com v�tima";"241";"BR-393/RJ";"Pista Norte";"Sa�das de pista";1;0;0;0;0;0;0;0;0;0;0;1;0;0;0
"05/02/2017";"20:33:00";"67";"com v�tima";"201";"BR-393/RJ";"Pista Norte";"Colis�o com ve�culos (traseira)";2;0;0;0;0;0;0;0;0;0;0;2;0;0;0
"05/02/2017";"21:16:00";"71";"sem v�tima";"144";"BR-393/RJ";"Pista Sul";"Colis�o c/ obst�culos";1;0;0;0;0;0;0;0;0;0;1;0;0;0;0
"06/02/2017";"17:40:00";"56";"sem v�tima";"239,5";"BR-393/RJ";"Pista Sul";"Colis�o lateral no mesmo sentido";1;0;1;0;0;0;0;0;0;0;4;0;0;0;0
"07/02/2017";"16:54:00";"37";"sem v�tima";"103,914";"BR-393/RJ";"Pista Sul";"Colis�o com ve�culos (traseira)";2;0;0;0;0;0;0;0;0;0;4;0;0;0;0
"07/02/2017";"20:00:00";"51";"com v�tima";"282";"BR-393/RJ";"Pista Sul";"Colis�o com ve�culos (frontal)";1;0;0;0;0;0;0;0;0;1;1;1;0;0;0
"09/02/2017";"19:13:00";"40";"sem v�tima";"283";"BR-393/RJ";"Pista Norte";"Colis�o com ve�culos (traseira)";2;0;0;0;0;0;0;0;0;0;2;0;0;0;0
"10/02/2017";"08:54:00";"19";"com v�tima";"152";"BR-393/RJ";"Pista Sul";"Tombamento";0;0;1;0;0;0;0;0;0;0;0;1;0;0;0
"10/02/2017";"12:09:00";"33";"sem v�tima";"284,248";"BR-393/RJ";"Pista Sul";"Colis�o lateral no mesmo sentido";2;0;0;0;0;0;0;0;0;0;2;0;0;0;0
"10/02/2017";"15:16:00";"40";"sem v�tima";"195,025";"BR-393/RJ";"Pista Norte";"Colis�o com ve�culos (traseira)";2;0;0;0;0;0;0;0;0;0;2;0;0;0;0
"11/02/2017";"10:36:00";"25";"com v�tima";"161,697";"BR-393/RJ";"Pista Norte";"Tombamento";0;0;1;0;0;0;0;0;0;0;0;0;1;0;0
"11/02/2017";"20:44:00";"48";"com v�tima";"233,938";"BR-393/RJ";"Pista Norte";"Colis�o com ve�culos (traseira)";1;0;0;1;0;0;0;0;0;0;1;0;2;0;0
"12/02/2017";"04:57:00";"22";"com v�tima";"246,323";"BR-393/RJ";"Pista Sul";"Colis�o com ve�culos (traseira)";1;0;1;0;0;0;0;0;0;0;1;0;1;0;0
"12/02/2017";"21:22:00";"64";"com v�tima";"207,401";"BR-393/RJ";"Pista Sul";"Colis�o c/ obst�culos";1;0;0;0;0;0;0;0;0;0;0;2;1;0;0
"13/02/2017";"01:52:00";"9";"com v�tima";"241";"BR-393/RJ";"Pista Norte";"Sa�das de pista";0;0;0;1;0;0;0;0;0;0;0;0;1;0;0
"15/02/2017";"19:18:00";"55";"com v�tima";"282";"BR-393/RJ";"Pista Sul";"Colis�o lateral no sentido contr�rio";1;0;0;1;0;0;0;0;0;0;1;1;0;0;0
"15/02/2017";"21:36:00";"61";"sem v�tima";"282";"BR-393/RJ";"Pista Sul";"Colis�o com ve�culos (traseira)";2;0;0;0;0;0;0;0;0;0;2;0;0;0;0
"16/02/2017";"19:45:00";"58";"sem v�tima";"103,719";"BR-393/RJ";"Pista Sul";"Colis�o com ve�culos (traseira)";0;0;1;0;0;0;0;0;0;1;3;0;0;0;0
"16/02/2017";"22:12:00";"69";"com v�tima";"281";"BR-393/RJ";"Pista Norte";"Colis�o com ve�culos (traseira)";1;0;0;1;0;0;0;0;0;0;1;2;0;0;0
"18/02/2017";"17:55:00";"44";"sem v�tima";"285,5";"BR-393/RJ";"Pista Sul";"Acidentes de outra natureza";0;0;0;1;0;0;0;0;0;0;1;0;0;0;0
"19/02/2017";"05:26:00";"12";"com v�tima";"165,168";"BR-393/RJ";"Pista Sul";"Colis�o com ve�culos (frontal)";1;0;1;0;0;0;0;0;0;0;0;1;0;3;0
"20/02/2017";"00:25:00";"2";"com v�tima";"244,291";"BR-393/RJ";"Pista Norte";"Colis�o lateral no mesmo sentido";0;0;0;2;0;0;0;0;0;0;1;2;0;0;0
"20/02/2017";"15:31:00";"49";"com v�tima";"274";"BR-393/RJ";"Pista Sul";"Tombamento";0;0;2;0;0;0;0;0;0;0;0;1;0;1;0
"21/02/2017";"09:03:00";"26";"sem v�tima";"235,2";"BR-393/RJ";"Pista Sul";"Colis�o lateral no mesmo sentido";2;0;0;0;0;0;0;0;0;0;2;0;0;0;0
"22/02/2017";"07:25:00";"22";"com v�tima";"286,003";"BR-393/RJ";"Pista Norte";"Colis�o lateral no mesmo sentido";1;0;0;1;0;0;0;0;0;0;1;1;0;0;0
"22/02/2017";"14:58:00";"44";"sem v�tima";"169,706";"BR-393/RJ";"Pista Sul";"Colis�o c/ obst�culos";1;0;0;0;0;0;0;0;0;0;1;0;0;0;0
"23/02/2017";"20:59:00";"73";"com v�tima";"279";"BR-393/RJ";"Pista Sul";"Colis�o com ve�culos (traseira)";0;0;2;0;0;0;0;0;0;0;0;1;1;0;0
"24/02/2017";"08:54:00";"23";"sem v�tima";"286";"BR-393/RJ";"Pista Norte";"Engavetamento";3;0;0;0;0;0;0;0;0;0;3;0;0;0;0
"24/02/2017";"16:55:00";"52";"com v�tima";"255";"BR-393/RJ";"Pista Norte";"Colis�o lateral no mesmo sentido";1;0;0;1;0;0;0;0;0;0;1;1;0;0;0
"24/02/2017";"19:21:00";"61";"sem v�tima";"284";"BR-393/RJ";"Pista Norte";"Engavetamento";3;0;0;0;0;0;0;0;0;0;3;0;0;0;0
"24/02/2017";"20:30:00";"65";"sem v�tima";"250,764";"BR-393/RJ";"Pista Sul";"Sa�das de pista";1;0;0;0;0;0;0;0;0;0;1;0;0;0;0
"25/02/2017";"15:13:00";"41";"com v�tima";"164,738";"BR-393/RJ";"Pista Sul";"Acidentes de outra natureza";0;0;0;1;0;0;0;0;0;0;0;2;0;0;0
"25/02/2017";"16:32:00";"46";"sem v�tima";"169";"BR-393/RJ";"Pista Norte";"Colis�o lateral no sentido contr�rio";1;0;0;0;1;0;0;0;0;0;2;0;0;0;0
"26/02/2017";"12:19:00";"24";"sem v�tima";"286";"BR-393/RJ";"Pista Norte";"Colis�o com ve�culos (traseira)";2;0;0;0;0;0;0;0;0;0;5;0;0;0;0
"26/02/2017";"14:41:00";"29";"com v�tima";"174";"BR-393/RJ";"Pista Sul";"Acidentes de outra natureza";0;0;0;1;0;0;0;0;0;0;0;1;0;0;0
"26/02/2017";"16:36:00";"31";"sem v�tima";"175,6";"BR-393/RJ";"Pista Sul";"Sa�das de pista";1;0;0;0;0;0;0;0;0;0;1;0;0;0;0
"26/02/2017";"17:37:00";"34";"sem v�tima";"152";"BR-393/RJ";"Pista Norte";"Colis�o c/ obst�culos";1;0;0;0;0;0;0;0;0;0;2;0;0;0;0
"26/02/2017";"23:51:00";"39";"com v�tima";"139,4";"BR-393/RJ";"Pista Norte";"Sa�das de pista";1;0;0;0;0;0;0;0;0;0;0;0;0;1;0
"28/02/2017";"16:03:00";"36";"com v�tima";"151,916";"BR-393/RJ";"Pista Sul";"Tombamento";0;0;1;0;0;0;0;0;0;0;0;1;0;0;0
"28/02/2017";"19:20:00";"47";"com v�tima";"284";"BR-393/RJ";"Pista Norte";"Colis�o com ve�culos (traseira)";2;0;0;0;0;0;0;0;0;0;1;1;0;0;0
"28/02/2017";"21:35:00";"54";"sem v�tima";"216,873";"BR-393/RJ";"Pista Sul";"Colis�o lateral no mesmo sentido";1;0;1;0;0;0;0;0;0;0;6;0;0;0;0
"03/03/2017";"16:18:00";"45";"sem v�tima";"245";"BR-393/RJ";"Pista Sul";"Colis�o lateral no sentido contr�rio";2;0;0;0;0;0;0;0;0;0;5;0;0;0;0
"04/03/2017";"05:23:00";"13";"sem v�tima";"272";"BR-393/RJ";"Pista Norte";"Atropelamento de animais";1;0;0;0;0;0;0;0;0;0;1;0;0;0;0
"04/03/2017";"17:32:00";"50";"com v�tima";"1";"Al�a Sul";"Pista Norte";"Colis�o lateral no mesmo sentido";1;0;0;1;0;0;0;0;0;0;1;1;0;0;0
"05/03/2017";"05:27:00";"12";"sem v�tima";"244,188";"BR-393/RJ";"Pista Sul";"Sa�das de pista";1;0;0;0;0;0;0;0;0;0;1;0;0;0;0
"05/03/2017";"15:31:00";"33";"com v�tima";"282";"BR-393/RJ";"Pista Sul";"Engavetamento";3;0;0;0;0;0;0;0;0;0;3;1;0;0;0
"05/03/2017";"17:53:00";"38";"sem v�tima";"130";"BR-393/RJ";"Pista Norte";"Colis�o c/ obst�culos";1;0;0;0;0;0;0;0;0;0;1;0;0;0;0
"05/03/2017";"20:54:00";"46";"sem v�tima";"285,5";"BR-393/RJ";"Pista Norte";"Engavetamento";3;0;0;0;0;0;0;0;0;0;3;0;0;0;0
"07/03/2017";"10:37:00";"27";"sem v�tima";"285,5";"BR-393/RJ";"Pista Norte";"Colis�o lateral no mesmo sentido";2;0;0;0;0;0;0;0;0;0;4;0;0;0;0
"07/03/2017";"16:17:00";"48";"sem v�tima";"259,1";"BR-393/RJ";"Pista Sul";"Acidentes de outra natureza";0;0;0;1;0;0;0;0;0;0;1;0;0;0;0
"07/03/2017";"21:37:00";"57";"com v�tima";"285";"BR-393/RJ";"Pista Sul";"Colis�o lateral no mesmo sentido";0;0;0;1;1;0;0;0;0;0;1;2;0;0;0
"08/03/2017";"12:23:00";"35";"com v�tima";"124,526";"BR-393/RJ";"Pista Norte";"Tombamento";0;0;1;0;0;0;0;0;0;0;0;1;0;0;0
"08/03/2017";"15:52:00";"49";"com v�tima";"211";"BR-393/RJ";"Pista Norte";"Colis�o c/ obst�culos";1;0;0;0;0;0;0;0;0;0;0;1;0;0;0
"08/03/2017";"22:16:00";"66";"com v�tima";"284,2";"BR-393/RJ";"Pista Sul";"Colis�o com ve�culos (traseira)";2;0;0;0;0;0;0;0;0;0;2;1;0;0;0
"09/03/2017";"13:13:00";"38";"com v�tima";"274";"BR-393/RJ";"Pista Norte";"Tombamento";0;0;1;0;0;0;0;0;0;0;0;1;0;0;0
"10/03/2017";"10:13:00";"30";"sem v�tima";"125";"BR-393/RJ";"Pista Norte";"Colis�o lateral no mesmo sentido";1;0;1;0;0;0;0;0;0;0;4;0;0;0;0
"10/03/2017";"11:08:00";"33";"com v�tima";"268,032";"BR-393/RJ";"Pista Norte";"Colis�o lateral no sentido contr�rio";2;0;0;0;0;0;0;0;0;0;0;4;0;0;0
"10/03/2017";"19:11:00";"66";"com v�tima";"178";"BR-393/RJ";"Pista Sul";"Colis�o lateral no mesmo sentido";1;0;1;0;0;0;0;0;0;0;2;1;0;0;0
"12/03/2017";"07:25:00";"15";"com v�tima";"169";"BR-393/RJ";"Pista Norte";"Capotamento";1;0;0;0;0;0;0;0;0;0;0;2;0;0;0
"12/03/2017";"17:52:00";"44";"sem v�tima";"275";"BR-393/RJ";"Pista Norte";"Colis�o com ve�culos (traseira)";0;0;2;0;0;0;0;0;0;0;2;0;0;0;0
"13/03/2017";"08:12:00";"15";"com v�tima";"155,483";"BR-393/RJ";"Pista Norte";"Tombamento";0;0;1;0;0;0;0;0;0;0;0;1;0;0;0
"15/03/2017";"04:24:00";"13";"sem v�tima";"263";"BR-393/RJ";"Pista Sul";"Sa�das de pista";0;0;1;0;0;0;0;0;0;0;1;0;0;0;0
"16/03/2017";"12:02:00";"39";"sem v�tima";"143,9";"BR-393/RJ";"Pista Norte";"Colis�o com ve�culos (traseira)";2;0;0;0;0;0;0;0;0;0;2;0;0;0;0
"16/03/2017";"19:03:00";"66";"com v�tima";"187,372";"BR-393/RJ";"Pista Norte";"Colis�o lateral no mesmo sentido";1;0;1;0;0;0;0;0;0;0;2;2;0;0;0
"18/03/2017";"08:25:00";"20";"com v�tima";"222";"BR-393/RJ";"Pista Sul";"Colis�o c/ obst�culos";1;0;0;0;0;0;0;0;0;0;0;1;0;0;0
"18/03/2017";"14:30:00";"43";"com v�tima";"266";"BR-393/RJ";"Pista Sul";"Sa�das de pista";1;0;0;0;0;0;0;0;0;0;0;1;0;0;0
"19/03/2017";"04:19:00";"14";"sem v�tima";"244,5";"BR-393/RJ";"Pista Sul";"Sa�das de pista";1;0;0;0;0;0;0;0;0;0;4;0;0;0;0
"19/03/2017";"08:18:00";"22";"sem v�tima";"105,919";"BR-393/RJ";"Pista Sul";"Colis�o com ve�culos (traseira)";1;0;1;0;0;0;0;0;0;0;5;0;0;0;0
"19/03/2017";"15:28:00";"35";"com v�tima";"251,65";"BR-393/RJ";"Pista Norte";"Acidentes de outra natureza";0;0;0;1;0;0;0;0;0;0;0;2;0;0;0
"19/03/2017";"23:15:00";"59";"sem v�tima";"127,605";"BR-393/RJ";"Pista Norte";"Colis�o lateral no mesmo sentido";1;0;0;0;1;0;0;0;0;0;7;0;0;0;0
"20/03/2017";"05:36:00";"11";"sem v�tima";"193,705";"BR-393/RJ";"Pista Norte";"Atropelamento de animais";0;0;1;0;0;0;0;0;0;0;1;0;0;0;0
"20/03/2017";"16:48:00";"49";"com v�tima";"280";"BR-393/RJ";"Pista Sul";"Atropelamento de pedestre";1;1;0;0;0;0;0;0;0;0;2;1;0;0;0
"21/03/2017";"00:45:00";"10";"com v�tima";"196,7";"BR-393/RJ";"Pista Norte";"Sa�das de pista";1;0;0;0;0;0;0;0;0;0;0;1;0;0;0