fdata;horario;n_da_ocorrencia;tipo_de_ocorrencia;km;trecho;sentido;tipo_de_acidente;automovel;bicicleta;caminhao;moto;onibus;outros;tracao_animal;transporte_de_cargas_especiais;trator_maquinas;utilitarios;ilesos;levemente_feridos;moderadamente_feridos;gravemente_feridos;mortos
"29/05/2017";"20:13:00";"57";"sem v�tima";"134";"BR-393/RJ";"Pista Sul";"Colis�o com ve�culos (traseira)";2;0;0;0;0;0;0;0;0;0;2;0;0;0;0
"30/05/2017";"18:22:00";"67";"com v�tima";"195";"BR-393/RJ";"Pista Norte";"Colis�o com ve�culos (traseira)";0;0;1;1;0;0;0;0;0;0;2;1;0;0;0
"31/05/2017";"13:56:00";"38";"com v�tima";"146,386";"BR-393/RJ";"Pista Sul";"Capotamento";1;0;0;0;0;0;0;0;0;0;1;3;0;0;0
"01/06/2017";"00:22:00";"3";"com v�tima";"255,95";"BR-393/RJ";"Pista Sul";"Atropelamento de pedestre";1;0;0;0;0;0;0;0;0;0;1;0;0;1;0
"01/06/2017";"10:39:00";"35";"com v�tima";"278,803";"BR-393/RJ";"Pista Sul";"Colis�o com ve�culos (traseira)";2;0;0;0;0;0;0;0;0;0;1;1;0;0;0
"01/06/2017";"12:27:00";"44";"com v�tima";"105,682";"BR-393/RJ";"Pista Sul";"Colis�o com ve�culos (traseira)";2;0;0;0;0;0;0;0;0;0;1;1;0;0;0
"02/06/2017";"14:34:00";"37";"com v�tima";"147,494";"BR-393/RJ";"Pista Sul";"Colis�o lateral no sentido contr�rio";0;0;2;0;0;0;0;0;0;0;0;3;0;0;0
"02/06/2017";"14:44:00";"39";"com v�tima";"155,594";"BR-393/RJ";"Pista Sul";"Colis�o com ve�culos (traseira)";1;0;1;0;0;0;0;0;0;0;0;2;1;0;0
"02/06/2017";"18:09:00";"49";"sem v�tima";"265";"BR-393/RJ";"Pista Sul";"Colis�o lateral no mesmo sentido";1;0;1;0;0;0;0;0;0;0;5;0;0;0;0
"02/06/2017";"22:07:00";"56";"com v�tima";"285,2";"BR-393/RJ";"Pista Norte";"Colis�o lateral no mesmo sentido";1;0;0;1;0;0;0;0;0;0;1;0;1;0;0
"03/06/2017";"00:22:00";"1";"com v�tima";"105,04";"BR-393/RJ";"Pista Sul";"Atropelamento de pedestre";1;0;0;0;0;0;0;0;0;0;1;1;0;0;1
"03/06/2017";"22:12:00";"56";"sem v�tima";"228";"BR-393/RJ";"Pista Norte";"Capotamento";1;0;0;0;0;0;0;0;0;0;1;0;0;0;0
"04/06/2017";"02:02:00";"2";"sem v�tima";"284,395";"BR-393/RJ";"Pista Sul";"Sa�das de pista";1;0;0;0;0;0;0;0;0;0;1;0;0;0;0
"04/06/2017";"17:59:00";"62";"sem v�tima";"280";"BR-393/RJ";"Pista Sul";"Engavetamento";3;0;0;0;0;0;0;0;0;0;3;0;0;0;0
"04/06/2017";"18:01:00";"63";"com v�tima";"164,772";"BR-393/RJ";"Pista Sul";"Colis�o com ve�culos (frontal)";0;0;0;1;1;0;0;0;0;0;0;1;0;0;1
"04/06/2017";"18:09:00";"64";"com v�tima";"187,1";"BR-393/RJ";"Pista Sul";"Capotamento";1;0;0;0;0;0;0;0;0;0;0;1;2;0;0
"05/06/2017";"14:55:00";"49";"com v�tima";"261,923";"BR-393/RJ";"Pista Norte";"Capotamento";1;0;0;0;0;0;0;0;0;0;0;0;1;0;0
"06/06/2017";"22:45:00";"53";"com v�tima";"155,5";"BR-393/RJ";"Pista Norte";"Atropelamento de animais";0;0;0;1;0;0;0;0;0;0;0;0;1;0;0
"08/06/2017";"14:24:00";"43";"sem v�tima";"280";"BR-393/RJ";"Pista Norte";"Acidentes de outra natureza";0;0;0;0;0;0;0;0;0;0;0;0;0;0;0
"09/06/2017";"17:05:00";"57";"sem v�tima";"265";"BR-393/RJ";"Pista Norte";"Colis�o com ve�culos (traseira)";1;0;1;0;0;0;0;0;0;0;2;0;0;0;0
"10/06/2017";"16:07:00";"49";"sem v�tima";"286";"BR-393/RJ";"Pista Norte";"Engavetamento";3;0;0;0;0;0;0;0;0;0;3;0;0;0;0
"10/06/2017";"18:59:00";"57";"sem v�tima";"285,5";"BR-393/RJ";"Pista Norte";"Colis�o lateral no sentido contr�rio";2;0;0;0;0;0;0;0;0;0;2;0;0;0;0
"11/06/2017";"04:14:00";"16";"sem v�tima";"285,47";"BR-393/RJ";"Pista Sul";"Colis�o c/ obst�culos";1;0;0;0;0;0;0;0;0;0;1;0;0;0;0
"11/06/2017";"04:51:00";"17";"com v�tima";"132,9";"BR-393/RJ";"Pista Norte";"Colis�o com ve�culos (frontal)";1;0;0;1;0;0;0;0;0;0;1;0;1;0;0
"12/06/2017";"20:11:00";"71";"sem v�tima";"282";"BR-393/RJ";"Pista Sul";"Colis�o com ve�culos (frontal)";2;0;0;0;0;0;0;0;0;0;2;0;0;0;0
"13/06/2017";"08:57:00";"28";"sem v�tima";"265,201";"BR-393/RJ";"Pista Sul";"Colis�o com ve�culos (traseira)";0;0;2;0;0;0;0;0;0;0;2;0;0;0;0
"13/06/2017";"10:00:00";"36";"com v�tima";"237,172";"BR-393/RJ";"Pista Sul";"Colis�o lateral no sentido contr�rio";0;1;0;1;0;0;0;0;0;0;0;1;1;0;0
"13/06/2017";"14:29:00";"48";"com v�tima";"160";"BR-393/RJ";"Pista Sul";"Colis�o lateral no mesmo sentido";0;0;1;1;0;0;0;0;0;0;1;2;0;0;0
"13/06/2017";"18:12:00";"57";"com v�tima";"280";"BR-393/RJ";"Pista Norte";"Colis�o com ve�culos (traseira)";1;0;0;1;0;0;0;0;0;0;1;0;1;0;0
"13/06/2017";"19:12:00";"60";"sem v�tima";"285";"BR-393/RJ";"Pista Norte";"Colis�o com ve�culos (traseira)";2;0;0;0;0;0;0;0;0;0;2;0;0;0;0
"13/06/2017";"20:41:00";"63";"sem v�tima";"246";"BR-393/RJ";"Pista Norte";"Sa�das de pista";1;0;0;0;0;0;0;0;0;0;1;0;0;0;0
"13/06/2017";"20:45:00";"64";"sem v�tima";"239";"BR-393/RJ";"Pista Norte";"Colis�o com ve�culos (traseira)";2;0;0;0;0;0;0;0;0;0;6;0;0;0;0
"13/06/2017";"21:46:00";"66";"com v�tima";"281,9";"BR-393/RJ";"Pista Norte";"Colis�o com ve�culos (frontal)";1;0;0;0;1;0;0;0;0;0;2;0;1;0;0
"14/06/2017";"05:44:00";"13";"sem v�tima";"181,2";"BR-393/RJ";"Pista Norte";"Colis�o c/ obst�culos";0;0;1;0;0;0;0;0;0;0;2;0;0;0;0
"14/06/2017";"08:41:00";"23";"sem v�tima";"155,488";"BR-393/RJ";"Pista Norte";"Tombamento";0;0;1;0;0;0;0;0;0;0;1;0;0;0;0
"14/06/2017";"08:45:00";"24";"sem v�tima";"285";"BR-393/RJ";"Pista Sul";"Colis�o Traseira";2;0;0;0;0;0;0;0;0;0;2;0;0;0;0
"15/06/2017";"08:29:00";"21";"com v�tima";"151,869";"BR-393/RJ";"Pista Sul";"Tombamento";0;0;1;0;0;0;0;0;0;0;0;1;0;0;0
"15/06/2017";"22:34:00";"66";"com v�tima";"282,283";"BR-393/RJ";"Pista Norte";"Colis�o com ve�culos (traseira)";1;0;0;1;0;0;0;0;0;0;1;0;1;0;0
"16/06/2017";"05:21:00";"23";"com v�tima";"229,804";"BR-393/RJ";"Pista Sul";"Capotamento";1;0;0;0;0;0;0;0;0;0;0;1;0;0;0
"16/06/2017";"07:29:00";"26";"sem v�tima";"195,933";"BR-393/RJ";"Pista Norte";"Colis�o c/ obst�culos";1;0;0;0;0;0;0;0;0;0;2;0;0;0;0
"16/06/2017";"11:40:00";"44";"com v�tima";"282,8";"BR-393/RJ";"Pista Sul";"Colis�o com ve�culos (frontal)";0;0;0;2;0;0;0;0;0;0;0;0;1;1;0
"16/06/2017";"14:50:00";"50";"sem v�tima";"256,8";"BR-393/RJ";"Pista Norte";"Colis�o lateral no mesmo sentido";1;0;1;1;0;0;0;0;0;0;3;0;0;0;0
"17/06/2017";"09:43:00";"27";"com v�tima";"262,812";"BR-393/RJ";"Pista Norte";"Tombamento";0;0;1;0;0;0;0;0;0;0;0;0;1;0;0
"17/06/2017";"13:44:00";"36";"sem v�tima";"170,45";"BR-393/RJ";"Pista Norte";"Colis�o c/ obst�culos";1;0;0;0;0;0;0;0;0;0;1;0;0;0;0
"18/06/2017";"02:50:00";"10";"com v�tima";"105,85";"BR-393/RJ";"Pista Sul";"Atropelamento de pedestre";1;1;0;0;0;0;0;0;0;0;2;0;1;0;0
"18/06/2017";"06:20:00";"15";"com v�tima";"280,669";"BR-393/RJ";"Pista Sul";"Colis�o com ve�culos (frontal)";2;0;0;0;0;0;0;0;0;0;0;7;0;0;0
"18/06/2017";"21:47:00";"54";"sem v�tima";"284,3";"BR-393/RJ";"Pista Norte";"Colis�o com ve�culos (traseira)";2;0;0;0;0;0;0;0;0;0;2;0;0;0;0
"19/06/2017";"12:27:00";"47";"sem v�tima";"125,9";"BR-393/RJ";"Pista Norte";"Colis�o com ve�culos (traseira)";2;0;0;0;0;0;0;0;0;0;3;0;0;0;0
"21/06/2017";"05:00:00";"5";"com v�tima";"134,322";"BR-393/RJ";"Pista Sul";"Colis�o lateral no mesmo sentido";2;0;0;0;0;0;0;0;0;0;4;1;0;0;0
"21/06/2017";"07:13:00";"15";"sem v�tima";"140,33";"BR-393/RJ";"Pista Sul";"Colis�o c/ obst�culos";1;0;0;0;0;0;0;0;0;0;1;0;0;0;0
"23/06/2017";"08:48:00";"28";"com v�tima";"251,353";"BR-393/RJ";"Pista Norte";"Colis�o com ve�culos (frontal)";2;0;0;0;0;0;0;0;0;0;0;0;3;0;2
"23/06/2017";"15:23:00";"56";"com v�tima";"280";"BR-393/RJ";"Pista Sul";"Colis�o com ve�culos (traseira)";1;0;1;0;0;0;0;0;0;0;2;1;0;0;0
"23/06/2017";"16:46:00";"62";"sem v�tima";"175,608";"BR-393/RJ";"Pista Sul";"Colis�o com ve�culos (traseira)";1;0;1;0;0;0;0;0;0;0;2;0;0;0;0
"23/06/2017";"18:26:00";"70";"sem v�tima";"255,637";"BR-393/RJ";"Pista Norte";"Colis�o c/ obst�culos";0;0;1;0;0;0;0;0;0;0;1;0;0;0;0
"24/06/2017";"12:01:00";"37";"sem v�tima";"285";"BR-393/RJ";"Pista Sul";"Colis�o lateral no sentido contr�rio";1;0;1;0;0;0;0;0;0;0;3;0;0;0;0
"24/06/2017";"13:00:00";"39";"sem v�tima";"281,286";"BR-393/RJ";"Pista Sul";"Colis�o lateral no sentido contr�rio";1;0;1;0;0;0;0;0;0;0;2;0;0;0;0
"24/06/2017";"14:01:00";"40";"sem v�tima";"283";"BR-393/RJ";"Pista Sul";"Colis�o com ve�culos (traseira)";2;0;0;0;0;0;0;0;0;0;6;0;0;0;0
"24/06/2017";"21:26:00";"62";"com v�tima";"155";"BR-393/RJ";"Pista Norte";"Acidentes de outra natureza";0;0;0;1;0;0;0;0;0;0;0;0;1;0;0
"24/06/2017";"22:34:00";"65";"com v�tima";"140";"BR-393/RJ";"Pista Norte";"Engavetamento";2;0;1;0;0;0;0;0;0;0;1;2;0;0;0
"25/06/2017";"06:31:00";"20";"com v�tima";"280,146";"BR-393/RJ";"Pista Sul";"Colis�o com ve�culos (traseira)";1;0;0;0;0;0;0;0;0;1;3;1;1;0;0
"25/06/2017";"07:39:00";"23";"sem v�tima";"235,952";"BR-393/RJ";"Pista Norte";"Colis�o com ve�culos (traseira)";2;0;0;0;0;0;0;0;0;0;2;0;0;0;0
"25/06/2017";"10:10:00";"30";"sem v�tima";"195,149";"BR-393/RJ";"Pista Norte";"Colis�o com ve�culos (traseira)";1;0;1;0;0;0;0;0;0;0;5;0;0;0;0
"25/06/2017";"17:43:00";"51";"com v�tima";"240";"BR-393/RJ";"Pista Sul";"Colis�o lateral no sentido contr�rio";1;0;0;1;0;0;0;0;0;0;2;3;0;0;1
"25/06/2017";"18:37:00";"52";"com v�tima";"146";"BR-393/RJ";"Pista Sul";"Acidentes de outra natureza";0;0;0;1;0;0;0;0;0;0;0;1;0;0;0
"25/06/2017";"21:18:00";"60";"com v�tima";"191";"BR-393/RJ";"Pista Sul";"Sa�das de pista";1;0;0;0;0;0;0;0;0;0;0;1;0;0;0
"25/06/2017";"22:06:00";"63";"sem v�tima";"269";"BR-393/RJ";"Pista Norte";"Colis�o c/ obst�culos";1;0;0;0;0;0;0;0;0;0;1;0;0;0;0
"25/06/2017";"23:26:00";"64";"sem v�tima";"152,108";"BR-393/RJ";"Pista Sul";"Tombamento";0;0;1;0;0;0;0;0;0;0;1;0;0;0;0
"27/06/2017";"05:15:00";"19";"com v�tima";"218";"BR-393/RJ";"Pista Sul";"Colis�o com ve�culos (traseira)";0;0;2;0;0;0;0;0;0;0;2;2;0;0;0
"27/06/2017";"11:56:00";"45";"com v�tima";"282,272";"BR-393/RJ";"Pista Sul";"Colis�o lateral no sentido contr�rio";1;0;0;1;0;0;0;0;0;0;1;1;0;0;0
"27/06/2017";"17:03:00";"61";"sem v�tima";"257";"BR-393/RJ";"Pista Sul";"Acidentes de outra natureza";1;0;1;0;0;0;0;0;0;0;2;0;0;0;0
"27/06/2017";"20:25:00";"70";"sem v�tima";"283";"BR-393/RJ";"Pista Norte";"Engavetamento";2;0;1;0;0;0;0;0;0;0;4;0;0;0;0
"28/06/2017";"15:46:00";"50";"sem v�tima";"208,365";"BR-393/RJ";"Pista Norte";"Colis�o com ve�culos (traseira)";1;0;1;0;0;0;0;0;0;0;3;0;0;0;0
"28/06/2017";"17:00:00";"58";"com v�tima";"256,747";"BR-393/RJ";"Pista Norte";"Colis�o lateral no sentido contr�rio";1;0;0;1;0;0;0;0;0;0;1;0;1;0;0
"29/06/2017";"06:42:00";"15";"sem v�tima";"221,267";"BR-393/RJ";"Pista Sul";"Tombamento";0;0;1;0;0;0;0;0;0;0;2;0;0;0;0
"30/06/2017";"02:52:00";"12";"sem v�tima";"168,6";"BR-393/RJ";"Pista Norte";"Colis�o c/ obst�culos";1;0;0;0;0;0;0;0;0;0;3;0;0;0;0
"30/06/2017";"09:35:00";"35";"sem v�tima";"236";"BR-393/RJ";"Pista Sul";"Colis�o com ve�culos (traseira)";1;0;1;0;0;0;0;0;0;0;2;0;0;0;0
"30/06/2017";"17:11:00";"68";"com v�tima";"286";"BR-393/RJ";"Pista Norte";"Colis�o lateral no sentido contr�rio";2;0;0;0;0;0;0;0;0;0;1;2;0;0;0
"01/07/2017";"04:06:00";"12";"com v�tima";"102,7";"BR-393/RJ";"Pista Sul";"Colis�o c/ obst�culos";1;0;0;0;0;0;0;0;0;0;2;1;0;0;0
"01/07/2017";"07:52:00";"16";"sem v�tima";"273";"BR-393/RJ";"Pista Sul";"Colis�o lateral no mesmo sentido";2;0;0;0;0;0;0;0;0;0;2;0;0;0;0
"01/07/2017";"18:47:00";"57";"com v�tima";"132";"BR-393/RJ";"Pista Norte";"Colis�o lateral no mesmo sentido";0;0;0;1;0;0;0;0;0;1;1;0;0;1;0
"01/07/2017";"19:40:00";"60";"sem v�tima";"285";"BR-393/RJ";"Pista Sul";"Colis�o com ve�culos (traseira)";1;0;1;0;0;0;0;0;0;0;2;0;0;0;0
"01/07/2017";"20:15:00";"62";"com v�tima";"274";"BR-393/RJ";"Pista Sul";"Acidentes de outra natureza";0;0;0;1;0;0;0;0;0;0;1;1;0;0;0
"02/07/2017";"11:10:00";"32";"com v�tima";"282";"BR-393/RJ";"Pista Sul";"Colis�o lateral no sentido contr�rio";1;0;0;1;0;0;0;0;0;0;1;1;0;0;0
"02/07/2017";"18:33:00";"44";"sem v�tima";"282,4";"BR-393/RJ";"Pista Sul";"Engavetamento";3;0;0;0;0;0;0;0;0;0;4;0;0;0;0
"02/07/2017";"19:28:00";"46";"sem v�tima";"230,7";"BR-393/RJ";"Pista Sul";"Sa�das de pista";1;0;0;0;0;0;0;0;0;0;2;0;0;0;0
"03/07/2017";"15:59:00";"57";"sem v�tima";"255,715";"BR-393/RJ";"Pista Sul";"Colis�o lateral no sentido contr�rio";2;0;0;0;0;0;0;0;0;0;3;0;0;0;0
"03/07/2017";"19:25:00";"72";"com v�tima";"153,42";"BR-393/RJ";"Pista Sul";"Atropelamento de animais";0;0;1;0;0;0;0;0;0;0;0;1;0;0;0
"04/07/2017";"05:05:00";"13";"com v�tima";"126,302";"BR-393/RJ";"Pista Norte";"Colis�o com ve�culos (traseira)";1;0;1;0;0;0;0;0;0;0;1;0;1;0;0
"04/07/2017";"10:16:00";"33";"com v�tima";"205,962";"BR-393/RJ";"Pista Norte";"Colis�o lateral no mesmo sentido";2;0;2;0;0;0;0;0;0;0;3;1;1;0;0
"05/07/2017";"01:30:00";"4";"sem v�tima";"259,3";"BR-393/RJ";"Pista Sul";"Colis�o lateral no sentido contr�rio";0;0;2;0;0;0;0;0;0;0;2;0;0;0;0
"05/07/2017";"16:32:00";"57";"sem v�tima";"284,295";"BR-393/RJ";"Pista Norte";"Colis�o com ve�culos (traseira)";2;0;0;0;0;0;0;0;0;0;6;0;0;0;0
"06/07/2017";"06:29:00";"17";"com v�tima";"208,822";"BR-393/RJ";"Pista Norte";"Colis�o lateral no sentido contr�rio";3;0;1;0;0;0;0;0;0;0;4;1;0;0;0
"06/07/2017";"21:20:00";"75";"com v�tima";"202,281";"BR-393/RJ";"Pista Sul";"Acidentes de outra natureza";0;0;0;1;0;0;0;0;0;0;1;1;0;0;0
"07/07/2017";"02:17:00";"1";"sem v�tima";"202,408";"BR-393/RJ";"Pista Norte";"Colis�o c/ obst�culos";0;0;1;0;0;0;0;0;0;0;2;0;0;0;0
"07/07/2017";"07:12:00";"14";"com v�tima";"175";"BR-393/RJ";"Pista Norte";"Colis�o com ve�culos (traseira)";1;0;0;1;0;0;0;0;0;0;2;1;0;0;0
"07/07/2017";"10:56:00";"28";"sem v�tima";"271,803";"BR-393/RJ";"Pista Norte";"Colis�o lateral no mesmo sentido";1;0;1;0;0;0;0;0;0;0;2;0;0;0;0
"07/07/2017";"18:48:00";"55";"com v�tima";"281,29";"BR-393/RJ";"Pista Sul";"Colis�o com ve�culos (traseira)";1;0;0;1;0;0;0;0;0;0;1;0;1;0;0
"08/07/2017";"05:53:00";"10";"sem v�tima";"231,3";"BR-393/RJ";"Pista Sul";"Colis�o c/ obst�culos";0;0;1;0;0;0;0;0;0;0;1;0;0;0;0
"08/07/2017";"08:27:00";"19";"sem v�tima";"285";"BR-393/RJ";"Pista Norte";"Colis�o c/ obst�culos";1;0;0;0;0;0;0;0;0;0;1;0;0;0;0
"08/07/2017";"09:26:00";"25";"sem v�tima";"285";"BR-393/RJ";"Pista Sul";"Colis�o com ve�culos (traseira)";2;0;0;0;0;0;0;0;0;0;7;0;0;0;0
"08/07/2017";"13:32:00";"36";"com v�tima";"142,378";"BR-393/RJ";"Pista Sul";"Atropelamento de pedestre";1;0;0;0;0;0;0;0;0;0;1;1;0;0;0
"09/07/2017";"21:09:00";"57";"com v�tima";"248,8";"BR-393/RJ";"Pista Norte";"Colis�o lateral no sentido contr�rio";0;0;1;0;1;0;0;0;0;0;2;1;0;0;0
"09/07/2017";"23:16:00";"63";"com v�tima";"280,225";"BR-393/RJ";"Pista Norte";"Atropelamento de pedestre";0;0;0;1;0;0;0;0;0;0;0;1;0;1;0
"10/07/2017";"02:08:00";"4";"com v�tima";"146,35";"BR-393/RJ";"Pista Sul";"Colis�o c/ obst�culos";1;0;0;0;0;0;0;0;0;0;0;1;0;0;0
"11/07/2017";"18:28:00";"48";"sem v�tima";"282";"BR-393/RJ";"Pista Norte";"Colis�o com ve�culos (traseira)";1;0;1;0;0;0;0;0;0;0;3;0;0;0;0
"12/07/2017";"18:21:00";"54";"sem v�tima";"283,8";"BR-393/RJ";"Pista Norte";"Colis�o com ve�culos (traseira)";3;0;0;0;0;0;0;0;0;0;3;0;0;0;0
"13/07/2017";"07:56:00";"18";"com v�tima";"165,77";"BR-393/RJ";"Pista Norte";"Atropelamento de pedestre";0;0;0;1;0;0;0;0;0;0;1;1;0;0;0
"14/07/2017";"08:37:00";"25";"sem v�tima";"132,321";"BR-393/RJ";"Pista Sul";"Colis�o com ve�culos (traseira)";1;0;0;1;0;0;0;0;0;0;3;0;0;0;0
"14/07/2017";"11:10:00";"37";"sem v�tima";"285";"BR-393/RJ";"Pista Sul";"Colis�o com ve�culos (traseira)";2;0;0;0;0;0;0;0;0;0;2;0;0;0;0
"14/07/2017";"15:35:00";"50";"com v�tima";"240,497";"BR-393/RJ";"Pista Norte";"Colis�o lateral no mesmo sentido";1;0;1;0;0;0;0;0;0;0;1;2;0;0;0
"14/07/2017";"21:10:00";"64";"sem v�tima";"125";"BR-393/RJ";"Pista Sul";"Colis�o com ve�culos (traseira)";1;0;1;0;0;0;0;0;0;0;2;0;0;0;0
"15/07/2017";"00:02:00";"1";"sem v�tima";"215,022";"BR-393/RJ";"Pista Sul";"Capotamento";1;0;0;0;0;0;0;0;0;0;2;0;0;0;0
"15/07/2017";"01:20:00";"2";"com v�tima";"218,283";"BR-393/RJ";"Pista Norte";"Sa�das de pista";1;0;0;0;0;0;0;0;0;0;0;2;0;0;0
"15/07/2017";"02:53:00";"11";"com v�tima";"229,928";"BR-393/RJ";"Pista Sul";"Colis�o c/ obst�culos";1;0;0;0;0;0;0;0;0;0;0;1;0;0;0
"15/07/2017";"04:02:00";"13";"com v�tima";"238,602";"BR-393/RJ";"Pista Sul";"Colis�o c/ obst�culos";1;0;0;0;0;0;0;0;0;0;0;1;0;0;0
"15/07/2017";"18:15:00";"65";"sem v�tima";"255";"BR-393/RJ";"Pista Sul";"Colis�o lateral no sentido contr�rio";2;0;0;0;0;0;0;0;0;0;4;0;0;0;0
"17/07/2017";"11:17:00";"36";"com v�tima";"280";"BR-393/RJ";"Pista Norte";"Colis�o lateral no sentido contr�rio";1;0;0;1;0;0;0;0;0;0;1;0;1;0;0
"18/07/2017";"07:02:00";"23";"com v�tima";"234,835";"BR-393/RJ";"Pista Norte";"Acidentes de outra natureza";0;0;0;1;0;0;0;0;0;0;0;1;0;0;0
"18/07/2017";"11:23:00";"44";"com v�tima";"175";"BR-393/RJ";"Pista Norte";"Engavetamento";3;0;0;0;0;0;0;0;0;0;4;1;0;0;0
"19/07/2017";"23:14:00";"78";"sem v�tima";"252";"BR-393/RJ";"Pista Sul";"Colis�o com ve�culos (traseira)";2;0;0;0;0;0;0;0;0;0;2;0;0;0;0
"20/07/2017";"09:03:00";"30";"sem v�tima";"133,298";"BR-393/RJ";"Pista Norte";"Colis�o com ve�culos (traseira)";2;0;0;0;0;0;0;0;0;0;3;0;0;0;0
"21/07/2017";"10:29:00";"33";"sem v�tima";"282";"BR-393/RJ";"Pista Sul";"Engavetamento";3;0;0;0;0;0;0;0;0;0;3;0;0;0;0
"21/07/2017";"18:30:00";"57";"sem v�tima";"245,498";"BR-393/RJ";"Pista Norte";"Colis�o lateral no sentido contr�rio";1;0;1;0;0;0;0;0;0;0;5;0;0;0;0
"21/07/2017";"20:23:00";"67";"com v�tima";"281";"BR-393/RJ";"Pista Sul";"Engavetamento";2;0;1;0;0;0;0;0;0;0;3;2;0;0;0
"23/07/2017";"04:28:00";"5";"sem v�tima";"102";"BR-393/RJ";"Pista Norte";"Sa�das de pista";1;0;0;0;0;0;0;0;0;0;1;0;0;0;0
"23/07/2017";"08:23:00";"19";"com v�tima";"283,559";"BR-393/RJ";"Pista Norte";"Atropelamento de pedestre";1;0;0;0;0;0;0;0;0;0;1;0;0;0;1
"25/07/2017";"13:30:00";"51";"sem v�tima";"132";"BR-393/RJ";"Pista Norte";"Colis�o com ve�culos (traseira)";1;0;1;0;0;0;0;0;0;0;2;0;0;0;0
"26/07/2017";"18:37:00";"71";"sem v�tima";"285,407";"BR-393/RJ";"Pista Sul";"Colis�o lateral no sentido contr�rio";2;0;0;0;0;0;0;0;0;0;3;0;0;0;0
"28/07/2017";"14:49:00";"45";"sem v�tima";"175,257";"BR-393/RJ";"Pista Sul";"Colis�o com ve�culos (traseira)";2;0;0;0;0;0;0;0;0;0;5;0;0;0;0
"28/07/2017";"22:10:00";"62";"sem v�tima";"258,378";"BR-393/RJ";"Pista Sul";"Colis�o c/ obst�culos";0;0;0;0;0;0;0;0;0;1;1;0;0;0;0
"29/07/2017";"08:31:00";"25";"sem v�tima";"253,797";"BR-393/RJ";"Pista Norte";"Capotamento";1;0;0;0;0;0;0;0;0;0;1;0;0;0;0
"29/07/2017";"15:12:00";"42";"com v�tima";"1";"Al�a Sul";"Pista Sul";"Colis�o c/ obst�culos";1;0;0;0;0;0;0;0;0;0;4;2;0;0;0
"30/07/2017";"05:05:00";"11";"com v�tima";"281,9";"BR-393/RJ";"Pista Norte";"Colis�o c/ obst�culos";1;0;0;0;0;0;0;0;0;0;0;2;0;0;0
"30/07/2017";"07:38:00";"14";"sem v�tima";"232";"BR-393/RJ";"Pista Sul";"Colis�o lateral no mesmo sentido";2;0;0;0;0;0;0;0;0;0;2;0;0;0;0
"30/07/2017";"19:42:00";"52";"sem v�tima";"285,5";"BR-393/RJ";"Pista Norte";"Colis�o lateral no mesmo sentido";1;0;1;0;0;0;0;0;0;0;2;0;0;0;0
"30/07/2017";"19:58:00";"54";"com v�tima";"282,22";"BR-393/RJ";"Pista Norte";"Colis�o com ve�culos (traseira)";2;0;0;0;0;0;0;0;0;0;1;2;0;0;0
"31/07/2017";"01:22:00";"3";"com v�tima";"144,76";"BR-393/RJ";"Pista Norte";"Colis�o c/ obst�culos";1;0;0;0;0;0;0;0;0;0;0;1;0;0;0
"31/07/2017";"01:46:00";"12";"sem v�tima";"283";"BR-393/RJ";"Pista Sul";"Colis�o com ve�culos (traseira)";2;0;0;0;0;0;0;0;0;0;2;0;0;0;0
"31/07/2017";"07:54:00";"25";"com v�tima";"281,72";"BR-393/RJ";"Pista Sul";"Acidentes de outra natureza";0;0;0;1;0;0;0;0;0;0;0;1;0;0;0
"31/07/2017";"18:09:00";"64";"com v�tima";"285";"BR-393/RJ";"Pista Sul";"Colis�o lateral no mesmo sentido";1;0;1;0;0;0;0;0;0;0;0;3;0;0;0
"01/08/2017";"07:14:00";"16";"com v�tima";"241,866";"BR-393/RJ";"Pista Norte";"Colis�o com ve�culos (traseira)";2;0;0;0;0;0;0;0;0;0;1;1;0;0;0
"02/08/2017";"00:20:00";"2";"sem v�tima";"146,777";"BR-393/RJ";"Pista Norte";"Atropelamento de animais";1;0;0;0;0;0;0;0;0;0;1;0;0;0;0
"02/08/2017";"11:13:00";"40";"com v�tima";"105";"BR-393/RJ";"Pista Norte";"Colis�o lateral no sentido contr�rio";1;0;0;1;0;0;0;0;0;0;1;1;0;0;0
"02/08/2017";"18:55:00";"68";"sem v�tima";"285,8";"BR-393/RJ";"Pista Norte";"Sa�das de pista";1;0;0;0;0;0;0;0;0;0;1;0;0;0;0
"03/08/2017";"05:17:00";"14";"com v�tima";"246,2";"BR-393/RJ";"Pista Sul";"Colis�o c/ obst�culos";0;0;1;0;0;0;0;0;0;0;0;1;0;0;0
"03/08/2017";"12:24:00";"42";"com v�tima";"268,315";"BR-393/RJ";"Pista Norte";"Colis�o lateral no sentido contr�rio";1;0;0;1;0;0;0;0;0;0;1;2;0;0;0