fdata;horario;n_da_ocorrencia;tipo_de_ocorrencia;km;trecho;sentido;tipo_de_acidente;automovel;bicicleta;caminhao;moto;onibus;outros;tracao_animal;transporte_de_cargas_especiais;trator_maquinas;utilitarios;ilesos;levemente_feridos;moderadamente_feridos;gravemente_feridos;mortos
"03/08/2017";"23:21:00";"79";"com v�tima";"276";"BR-393/RJ";"Pista Sul";"Colis�o lateral no sentido contr�rio";1;0;0;1;0;0;0;0;0;0;1;0;1;0;0
"04/08/2017";"12:48:00";"48";"com v�tima";"236,6";"BR-393/RJ";"Pista Sul";"Colis�o lateral no sentido contr�rio";1;0;0;1;0;0;0;0;0;0;1;1;0;0;0
"05/08/2017";"12:04:00";"38";"sem v�tima";"274,081";"BR-393/RJ";"Pista Norte";"Colis�o c/ obst�culos";1;0;0;0;0;0;0;0;0;0;1;0;0;0;0
"05/08/2017";"14:55:00";"42";"com v�tima";"282,246";"BR-393/RJ";"Pista Sul";"Colis�o lateral no mesmo sentido";1;0;0;1;0;0;0;0;0;0;1;2;0;0;0
"05/08/2017";"18:29:00";"53";"com v�tima";"222,72";"BR-393/RJ";"Pista Norte";"Atropelamento de animais";1;0;0;0;0;0;0;0;0;0;1;1;0;0;0
"06/08/2017";"07:01:00";"16";"sem v�tima";"102";"BR-393/RJ";"Pista Norte";"Colis�o lateral no sentido contr�rio";1;0;1;0;0;0;0;0;0;0;2;0;0;0;0
"06/08/2017";"20:17:00";"49";"com v�tima";"187,446";"BR-393/RJ";"Pista Sul";"Atropelamento de animais";1;0;0;0;0;0;0;0;0;0;0;2;0;0;0
"07/08/2017";"07:54:00";"17";"sem v�tima";"267";"BR-393/RJ";"Pista Norte";"Colis�o lateral no mesmo sentido";1;0;1;0;0;0;0;0;0;0;2;0;0;0;0
"07/08/2017";"23:28:00";"75";"com v�tima";"112,482";"BR-393/RJ";"Pista Sul";"Colis�o com ve�culos (traseira)";1;0;1;0;0;0;0;0;0;0;2;1;0;0;0
"08/08/2017";"08:03:00";"23";"sem v�tima";"126,538";"BR-393/RJ";"Pista Norte";"Colis�o com ve�culos (traseira)";0;0;1;1;0;0;0;0;0;0;2;0;0;0;0
"08/08/2017";"10:25:00";"32";"com v�tima";"283,72";"BR-393/RJ";"Pista Sul";"Acidentes de outra natureza";0;0;0;1;0;0;0;0;0;0;0;1;0;0;0
"08/08/2017";"13:39:00";"40";"sem v�tima";"284";"BR-393/RJ";"Pista Sul";"Colis�o Lateral Mesmo Sentido";2;0;0;0;0;0;0;0;0;0;2;0;0;0;0
"08/08/2017";"15:54:00";"47";"com v�tima";"235";"BR-393/RJ";"Pista Norte";"Colis�o lateral no sentido contr�rio";0;0;0;1;0;0;0;0;0;1;1;0;1;0;0
"08/08/2017";"20:57:00";"58";"sem v�tima";"285,5";"BR-393/RJ";"Pista Norte";"Colis�o lateral no sentido contr�rio";2;0;0;0;0;0;0;0;0;0;2;0;0;0;0
"08/08/2017";"22:26:00";"62";"sem v�tima";"265";"BR-393/RJ";"Pista Sul";"Colis�o com ve�culos (traseira)";1;0;1;0;0;0;0;0;0;0;2;0;0;0;0
"09/08/2017";"15:50:00";"45";"com v�tima";"176,354";"BR-393/RJ";"Pista Norte";"Engavetamento";1;0;2;0;0;0;0;0;0;0;0;3;0;0;0
"09/08/2017";"19:50:00";"64";"com v�tima";"164";"BR-393/RJ";"Pista Sul";"Colis�o com ve�culos (traseira)";2;0;0;0;0;0;0;0;0;0;1;1;0;0;0
"09/08/2017";"20:30:00";"66";"com v�tima";"234,5";"BR-393/RJ";"Pista Norte";"Acidentes de outra natureza";0;0;0;1;0;0;0;0;0;0;0;2;0;0;0
"10/08/2017";"10:02:00";"35";"sem v�tima";"169,322";"BR-393/RJ";"Pista Sul";"Colis�o lateral no sentido contr�rio";1;0;0;0;0;0;0;0;0;1;3;0;0;0;0
"11/08/2017";"16:19:00";"59";"com v�tima";"155,451";"BR-393/RJ";"Pista Norte";"Capotamento";0;0;1;0;0;0;0;0;0;0;0;1;0;0;0
"11/08/2017";"18:12:00";"67";"sem v�tima";"1,466";"Al�a Sul";"Pista Norte";"Sa�das de pista";1;0;0;0;0;0;0;0;0;0;1;0;0;0;0
"12/08/2017";"22:20:00";"52";"com v�tima";"171";"BR-393/RJ";"Pista Norte";"Colis�o lateral no sentido contr�rio";0;0;1;1;0;0;0;0;0;0;1;1;0;0;0
"13/08/2017";"11:11:00";"24";"com v�tima";"169,292";"BR-393/RJ";"Pista Norte";"Capotamento";1;0;0;0;0;0;0;0;0;0;0;3;0;0;0
"14/08/2017";"14:25:00";"53";"com v�tima";"117,675";"BR-393/RJ";"Pista Norte";"Colis�o lateral no sentido contr�rio";1;0;1;0;0;0;0;0;0;0;1;1;0;0;0
"14/08/2017";"14:35:00";"54";"sem v�tima";"235,251";"BR-393/RJ";"Pista Sul";"Colis�o lateral no sentido contr�rio";2;0;0;0;0;0;0;0;0;0;3;0;0;0;0
"14/08/2017";"16:02:00";"60";"sem v�tima";"148,503";"BR-393/RJ";"Pista Norte";"Sa�das de pista";0;0;1;0;0;0;0;0;0;0;2;0;0;0;0
"15/08/2017";"05:36:00";"16";"sem v�tima";"1,551";"Al�a Sul";"Pista Norte";"Atropelamento de animais";0;0;1;0;0;0;0;0;0;0;1;0;0;0;0
"15/08/2017";"07:16:00";"20";"com v�tima";"176,95";"BR-393/RJ";"Pista Norte";"Colis�o lateral no sentido contr�rio";1;0;0;1;0;0;0;0;0;0;1;1;0;0;0
"15/08/2017";"13:55:00";"47";"com v�tima";"271,556";"BR-393/RJ";"Pista Norte";"Capotamento";1;0;0;0;0;0;0;0;0;0;0;1;0;0;0
"15/08/2017";"17:16:00";"51";"com v�tima";"283,631";"BR-393/RJ";"Pista Norte";"Colis�o lateral no sentido contr�rio";2;0;0;0;0;0;0;0;0;0;2;2;0;0;0
"16/08/2017";"07:45:00";"21";"sem v�tima";"278,923";"BR-393/RJ";"Pista Norte";"Colis�o lateral no mesmo sentido";1;0;1;0;0;0;0;0;0;0;2;0;0;0;0
"17/08/2017";"07:24:00";"15";"com v�tima";"156,182";"BR-393/RJ";"Pista Norte";"Colis�o com ve�culos (frontal)";1;0;2;0;0;0;0;0;0;0;1;2;0;0;2
"17/08/2017";"19:57:00";"47";"sem v�tima";"179,7";"BR-393/RJ";"Pista Sul";"Colis�o c/ obst�culos";1;0;0;0;0;0;0;0;0;0;1;0;0;0;0
"18/08/2017";"16:57:00";"44";"com v�tima";"178";"BR-393/RJ";"Pista Norte";"Acidentes de outra natureza";0;0;1;0;0;0;0;0;0;0;0;1;0;0;0
"18/08/2017";"21:47:00";"61";"sem v�tima";"166,755";"BR-393/RJ";"Pista Norte";"Colis�o com ve�culos (traseira)";1;0;0;0;0;0;0;0;0;0;2;0;0;0;0
"19/08/2017";"01:15:00";"3";"com v�tima";"103,461";"BR-393/RJ";"Pista Norte";"Atropelamento - Pedestre Andarilho";1;0;0;0;0;0;0;0;0;0;1;0;1;0;0
"19/08/2017";"07:47:00";"23";"sem v�tima";"265";"BR-393/RJ";"Pista Norte";"Colis�o lateral no mesmo sentido";1;0;1;0;0;0;0;0;0;0;2;0;0;0;0
"19/08/2017";"10:58:00";"34";"sem v�tima";"175,6";"BR-393/RJ";"Pista Norte";"Engavetamento";3;0;0;0;0;0;0;0;0;0;5;0;0;0;0
"19/08/2017";"22:27:00";"66";"sem v�tima";"282";"BR-393/RJ";"Pista Sul";"Colis�o com ve�culos (traseira)";2;0;0;0;0;0;0;0;0;0;3;0;0;0;0
"20/08/2017";"05:04:00";"14";"com v�tima";"286";"BR-393/RJ";"Pista Norte";"Colis�o lateral no sentido contr�rio";2;0;0;0;0;0;0;0;0;0;0;2;0;0;0
"20/08/2017";"20:27:00";"58";"com v�tima";"282";"BR-393/RJ";"Pista Sul";"Colis�o com ve�culos (traseira)";2;0;0;0;0;0;0;0;0;0;1;1;0;0;0
"20/08/2017";"23:12:00";"62";"com v�tima";"252";"BR-393/RJ";"Pista Norte";"Colis�o c/ obst�culos";1;0;0;0;0;0;0;0;0;0;0;1;0;0;0
"21/08/2017";"08:00:00";"17";"com v�tima";"146,345";"BR-393/RJ";"Pista Norte";"Colis�o lateral no sentido contr�rio";2;0;0;0;0;0;0;0;0;0;0;2;0;0;0
"22/08/2017";"06:38:00";"13";"sem v�tima";"253,202";"BR-393/RJ";"Pista Sul";"Colis�o lateral no mesmo sentido";0;0;2;0;0;0;0;0;0;0;2;0;0;0;0
"23/08/2017";"07:10:00";"19";"com v�tima";"104";"BR-393/RJ";"Pista Norte";"Colis�o lateral no sentido contr�rio";0;0;1;1;0;0;0;0;0;0;1;1;0;0;0
"24/08/2017";"11:24:00";"30";"sem v�tima";"280,202";"BR-393/RJ";"Pista Sul";"Colis�o lateral no mesmo sentido";1;0;0;1;0;0;0;0;0;0;2;0;0;0;0
"24/08/2017";"17:33:00";"46";"com v�tima";"171,5";"BR-393/RJ";"Pista Sul";"Colis�o lateral no sentido contr�rio";3;0;1;0;0;0;0;0;0;0;8;0;0;1;1
"25/08/2017";"07:22:00";"25";"sem v�tima";"286";"BR-393/RJ";"Pista Sul";"Colis�o lateral no mesmo sentido";1;0;1;0;0;0;0;0;0;0;2;0;0;0;0
"25/08/2017";"09:37:00";"38";"sem v�tima";"125,6";"BR-393/RJ";"Pista Norte";"Colis�o com ve�culos (traseira)";0;0;2;0;0;0;0;0;0;0;2;0;0;0;0
"25/08/2017";"12:13:00";"46";"com v�tima";"182";"BR-393/RJ";"Pista Norte";"Colis�o com ve�culos (traseira)";1;0;0;1;0;0;0;0;0;0;1;1;0;0;0
"25/08/2017";"18:07:00";"62";"com v�tima";"130,3";"BR-393/RJ";"Pista Sul";"Colis�o lateral no mesmo sentido";0;0;1;1;0;0;0;0;0;0;1;0;0;1;0
"26/08/2017";"06:34:00";"16";"com v�tima";"279,797";"BR-393/RJ";"Pista Sul";"Colis�o com ve�culos (traseira)";2;0;0;0;0;0;0;0;0;0;1;1;0;0;0
"26/08/2017";"18:38:00";"50";"com v�tima";"232,35";"BR-393/RJ";"Pista Sul";"Colis�o com ve�culos (traseira)";2;0;0;0;0;0;0;0;0;0;0;2;0;0;0
"26/08/2017";"19:07:00";"51";"com v�tima";"235";"BR-393/RJ";"Pista Norte";"Acidentes de outra natureza";0;0;0;1;0;0;0;0;0;0;1;1;0;0;0
"27/08/2017";"09:18:00";"17";"com v�tima";"285,483";"BR-393/RJ";"Pista Norte";"Colis�o lateral no sentido contr�rio";1;0;0;1;0;0;0;0;0;0;4;2;0;0;0
"27/08/2017";"12:14:00";"24";"com v�tima";"286";"BR-393/RJ";"Pista Sul";"Engavetamento";6;0;0;0;0;0;0;0;0;0;5;1;0;0;0
"27/08/2017";"19:03:00";"43";"com v�tima";"167,307";"BR-393/RJ";"Pista Norte";"Atropelamento de pedestre";0;1;0;1;0;0;0;0;0;0;0;1;2;0;0
"28/08/2017";"00:08:00";"1";"sem v�tima";"284";"BR-393/RJ";"Pista Norte";"Colis�o com ve�culos (traseira)";2;0;0;0;0;0;0;0;0;0;2;0;0;0;0
"29/08/2017";"03:01:00";"13";"sem v�tima";"185,3";"BR-393/RJ";"Pista Norte";"Atropelamento de animais";1;0;1;0;0;0;0;0;0;0;2;0;0;0;0
"29/08/2017";"14:07:00";"42";"sem v�tima";"224,694";"BR-393/RJ";"Pista Norte";"Sa�das de pista";0;0;1;0;0;0;0;0;0;0;1;0;0;0;0
"31/08/2017";"19:17:00";"72";"com v�tima";"142,299";"BR-393/RJ";"Pista Norte";"Colis�o com ve�culos (frontal)";1;0;0;1;0;0;0;0;0;0;1;1;0;0;0
"01/09/2017";"05:31:00";"5";"com v�tima";"156,684";"BR-393/RJ";"Pista Sul";"Tombamento";0;0;1;0;0;0;0;0;0;0;0;1;0;0;0
"01/09/2017";"09:49:00";"27";"sem v�tima";"195";"BR-393/RJ";"Pista Norte";"Colis�o com ve�culos (traseira)";1;0;1;0;0;0;0;0;0;0;5;0;0;0;0
"01/09/2017";"14:02:00";"42";"sem v�tima";"285,502";"BR-393/RJ";"Pista Sul";"Colis�o lateral no mesmo sentido";1;0;1;0;0;0;0;0;0;0;5;0;0;0;0
"02/09/2017";"21:00:00";"65";"com v�tima";"1";"Al�a Sul";"Pista Sul";"Colis�o lateral no mesmo sentido";1;0;0;1;0;0;0;0;0;0;1;0;2;0;0
"04/09/2017";"13:46:00";"52";"com v�tima";"268,558";"BR-393/RJ";"Pista Norte";"Colis�o lateral no sentido contr�rio";2;0;0;0;0;0;0;0;0;0;0;4;0;0;0
"04/09/2017";"14:28:00";"57";"com v�tima";"105,795";"BR-393/RJ";"Pista Norte";"Colis�o lateral no sentido contr�rio";1;0;0;1;0;0;0;0;0;0;0;1;1;0;0
"04/09/2017";"15:10:00";"63";"com v�tima";"187,244";"BR-393/RJ";"Pista Norte";"Colis�o com ve�culos (traseira)";0;0;1;0;1;0;0;0;0;0;1;2;0;0;0
"04/09/2017";"17:06:00";"67";"com v�tima";"282,133";"BR-393/RJ";"Pista Sul";"Acidentes de outra natureza";0;0;0;1;0;0;0;0;0;0;0;1;0;0;0
"06/09/2017";"17:33:00";"62";"sem v�tima";"284";"BR-393/RJ";"Pista Norte";"Colis�o com ve�culos (traseira)";1;0;0;1;0;0;0;0;0;0;2;0;0;0;0
"06/09/2017";"19:25:00";"71";"sem v�tima";"255";"BR-393/RJ";"Pista Norte";"Colis�o lateral no sentido contr�rio";2;0;0;0;0;0;0;0;0;0;2;0;0;0;0
"06/09/2017";"20:00:00";"75";"com v�tima";"104";"BR-393/RJ";"Pista Norte";"Colis�o lateral no sentido contr�rio";2;0;0;0;0;0;0;0;0;0;3;0;2;0;0
"06/09/2017";"20:06:00";"76";"sem v�tima";"178";"BR-393/RJ";"Pista Norte";"Engavetamento";3;0;0;0;0;0;0;0;0;0;10;0;0;0;0
"06/09/2017";"21:24:00";"80";"sem v�tima";"283,3";"BR-393/RJ";"Pista Norte";"Colis�o com ve�culos (traseira)";1;0;0;1;0;0;0;0;0;0;2;0;0;0;0
"06/09/2017";"22:03:00";"81";"sem v�tima";"280";"BR-393/RJ";"Pista Norte";"Colis�o lateral no sentido contr�rio";2;0;0;0;0;0;0;0;0;0;3;0;0;0;0
"07/09/2017";"23:14:00";"71";"com v�tima";"284,098";"BR-393/RJ";"Pista Sul";"Colis�o lateral no sentido contr�rio";1;0;0;1;0;0;0;0;0;0;1;1;0;0;0
"08/09/2017";"18:07:00";"50";"sem v�tima";"280";"BR-393/RJ";"Pista Norte";"Colis�o com ve�culos (traseira)";2;0;0;0;0;0;0;0;0;0;2;0;0;0;0
"09/09/2017";"08:22:00";"17";"com v�tima";"257,946";"BR-393/RJ";"Pista Norte";"Colis�o lateral no sentido contr�rio";1;0;1;0;0;0;0;0;0;0;2;0;1;0;0
"09/09/2017";"13:38:00";"27";"com v�tima";"268,383";"BR-393/RJ";"Pista Norte";"Colis�o lateral no sentido contr�rio";2;0;0;0;0;0;0;0;0;0;1;2;0;0;0
"09/09/2017";"17:32:00";"39";"sem v�tima";"281";"BR-393/RJ";"Pista Sul";"Colis�o lateral no sentido contr�rio";1;0;0;1;0;0;0;0;0;0;2;0;0;0;0
"10/09/2017";"04:37:00";"14";"sem v�tima";"274";"BR-393/RJ";"Pista Sul";"Colis�o c/ obst�culos";1;0;0;0;0;0;0;0;0;0;3;0;0;0;0
"10/09/2017";"05:26:00";"15";"sem v�tima";"140,6";"BR-393/RJ";"Pista Sul";"Colis�o c/ obst�culos";1;0;0;0;0;0;0;0;0;0;3;0;0;0;0
"10/09/2017";"18:03:00";"48";"com v�tima";"102,507";"BR-393/RJ";"Pista Sul";"Acidentes de outra natureza";0;0;0;1;0;0;0;0;0;0;0;2;0;0;0
"10/09/2017";"20:30:00";"61";"com v�tima";"267,7";"BR-393/RJ";"Pista Sul";"Colis�o com ve�culos (traseira)";2;0;0;1;0;0;0;0;0;0;3;1;0;1;0
"11/09/2017";"20:28:00";"85";"sem v�tima";"282,37";"BR-393/RJ";"Pista Norte";"Colis�o com ve�culos (traseira)";2;0;0;0;0;0;0;0;0;0;2;0;0;0;0
"12/09/2017";"10:59:00";"42";"com v�tima";"285,5";"BR-393/RJ";"Pista Norte";"Colis�o com ve�culos (traseira)";2;0;0;0;0;0;0;0;0;0;1;1;0;0;0
"13/09/2017";"04:31:00";"9";"com v�tima";"121,446";"BR-393/RJ";"Pista Sul";"Tombamento";0;0;1;0;0;0;0;0;0;0;0;0;0;0;1
"13/09/2017";"14:57:00";"33";"com v�tima";"105,184";"BR-393/RJ";"Pista Sul";"Engavetamento";3;0;0;0;0;0;0;0;0;0;0;4;0;0;0
"13/09/2017";"21:09:00";"56";"sem v�tima";"164";"BR-393/RJ";"Pista Norte";"Colis�o c/ obst�culos";1;0;0;0;0;0;0;0;0;0;1;0;0;0;0
"14/09/2017";"14:20:00";"53";"com v�tima";"265,178";"BR-393/RJ";"Pista Sul";"Colis�o com ve�culos (traseira)";1;0;1;0;0;0;0;0;0;0;0;4;0;0;0
"14/09/2017";"17:13:00";"66";"com v�tima";"233,944";"BR-393/RJ";"Pista Norte";"Colis�o lateral no sentido contr�rio";1;0;0;1;0;0;0;0;0;0;1;1;0;0;0
"15/09/2017";"13:32:00";"45";"com v�tima";"268,244";"BR-393/RJ";"Pista Norte";"Colis�o lateral no sentido contr�rio";1;0;1;0;0;0;0;0;0;0;1;1;0;1;0
"15/09/2017";"16:09:00";"59";"sem v�tima";"157";"BR-393/RJ";"Pista Sul";"Colis�o com ve�culos (traseira)";1;0;1;0;0;0;0;0;0;0;4;0;0;0;0
"15/09/2017";"21:54:00";"88";"sem v�tima";"284";"BR-393/RJ";"Pista Sul";"Sa�das de pista";1;0;0;0;0;0;0;0;0;0;1;0;0;0;0
"16/09/2017";"06:33:00";"16";"com v�tima";"165,85";"BR-393/RJ";"Pista Sul";"Colis�o lateral no sentido contr�rio";2;0;0;0;0;0;0;0;0;0;1;1;0;0;0
"16/09/2017";"08:35:00";"21";"com v�tima";"106,42";"BR-393/RJ";"Pista Sul";"Colis�o lateral no sentido contr�rio";1;0;0;1;0;0;0;0;0;0;1;0;1;0;0
"16/09/2017";"11:14:00";"27";"sem v�tima";"282";"BR-393/RJ";"Pista Sul";"Colis�o com ve�culos (traseira)";2;0;0;0;0;0;0;0;0;0;2;0;0;0;0
"17/09/2017";"06:40:00";"15";"sem v�tima";"240,481";"BR-393/RJ";"Pista Norte";"Sa�das de pista";1;0;0;0;0;0;0;0;0;0;2;0;0;0;0
"17/09/2017";"12:09:00";"25";"sem v�tima";"195,08";"BR-393/RJ";"Pista Norte";"Colis�o com ve�culos (traseira)";2;0;0;0;0;0;0;0;0;0;6;0;0;0;0
"17/09/2017";"14:20:00";"28";"com v�tima";"284";"BR-393/RJ";"Pista Sul";"Colis�o com ve�culos (traseira)";2;0;0;0;0;0;0;0;0;0;2;1;0;0;0
"19/09/2017";"09:49:00";"31";"com v�tima";"199,627";"BR-393/RJ";"Pista Norte";"Colis�o lateral no sentido contr�rio";0;0;2;0;0;0;0;0;0;0;1;2;0;0;0
"19/09/2017";"18:24:00";"60";"com v�tima";"160,178";"BR-393/RJ";"Pista Sul";"Atropelamento de pedestre";1;0;0;0;1;0;0;0;0;0;2;1;1;0;0
"19/09/2017";"19:25:00";"67";"com v�tima";"105";"BR-393/RJ";"Pista Norte";"Atropelamento de animais";1;0;0;0;0;0;0;0;0;0;2;1;0;0;0
"19/09/2017";"22:05:00";"72";"sem v�tima";"237";"BR-393/RJ";"Pista Sul";"Colis�o c/ obst�culos";2;0;0;0;0;0;0;0;0;0;2;0;0;0;0
"20/09/2017";"08:54:00";"22";"com v�tima";"266,148";"BR-393/RJ";"Pista Norte";"Tombamento";0;0;1;0;0;0;0;0;0;0;0;2;0;1;0
"20/09/2017";"12:53:00";"37";"com v�tima";"285,581";"BR-393/RJ";"Pista Norte";"Acidentes de outra natureza";0;0;0;1;0;0;0;0;0;0;0;0;1;0;0
"20/09/2017";"18:27:00";"61";"com v�tima";"238,462";"BR-393/RJ";"Pista Norte";"Acidentes de outra natureza";0;0;0;1;0;0;0;0;0;0;0;1;0;0;0
"21/09/2017";"01:19:00";"2";"sem v�tima";"265";"BR-393/RJ";"Pista Sul";"Colis�o lateral no mesmo sentido";1;0;1;0;0;0;0;0;0;0;2;0;0;0;0
"21/09/2017";"20:59:00";"63";"com v�tima";"218,9";"BR-393/RJ";"Pista Sul";"Sa�das de pista";1;0;0;0;0;0;0;0;0;0;0;2;0;0;0
"22/09/2017";"07:44:00";"12";"com v�tima";"269";"BR-393/RJ";"Pista Norte";"Sa�das de pista";1;0;0;0;0;0;0;0;0;0;0;1;0;0;0
"22/09/2017";"08:31:00";"14";"sem v�tima";"283";"BR-393/RJ";"Pista Norte";"Engavetamento";2;0;1;1;0;0;0;0;0;0;4;0;0;0;0
"23/09/2017";"15:58:00";"45";"com v�tima";"230,281";"BR-393/RJ";"Pista Sul";"Colis�o c/ obst�culos";0;0;1;0;0;0;0;0;0;0;0;1;0;0;0
"23/09/2017";"19:46:00";"59";"com v�tima";"277,45";"BR-393/RJ";"Pista Norte";"Sa�das de pista";1;0;0;0;0;0;0;0;0;0;0;1;0;0;0
"24/09/2017";"07:06:00";"15";"sem v�tima";"246";"BR-393/RJ";"Pista Norte";"Capotamento";1;0;0;0;0;0;0;0;0;0;1;0;0;0;0
"24/09/2017";"07:26:00";"17";"com v�tima";"188";"BR-393/RJ";"Pista Norte";"Atropelamento de pedestre";1;0;0;0;0;0;0;0;0;0;1;0;0;1;0
"24/09/2017";"18:22:00";"48";"com v�tima";"285";"BR-393/RJ";"Pista Norte";"Colis�o lateral no sentido contr�rio";2;0;0;0;0;0;0;0;0;0;2;2;0;0;0
"27/09/2017";"18:38:00";"83";"com v�tima";"178,302";"BR-393/RJ";"Pista Sul";"Colis�o com ve�culos (traseira)";2;0;0;0;0;0;0;0;0;0;1;1;0;0;0
"28/09/2017";"12:02:00";"39";"sem v�tima";"177,793";"BR-393/RJ";"Pista Norte";"Colis�o com ve�culos (traseira)";1;0;0;0;0;0;0;0;0;1;5;0;0;0;0
"29/09/2017";"11:48:00";"35";"com v�tima";"133,3";"BR-393/RJ";"Pista Sul";"Atropelamento de pedestre";1;0;0;0;0;0;0;0;0;0;0;2;0;0;0
"30/09/2017";"08:27:00";"18";"com v�tima";"107";"BR-393/RJ";"Pista Sul";"Colis�o lateral no mesmo sentido";1;0;1;0;0;0;0;0;0;0;1;1;0;0;0
"30/09/2017";"09:25:00";"21";"sem v�tima";"138";"BR-393/RJ";"Pista Sul";"Colis�o c/ obst�culos";0;0;1;0;0;0;0;0;0;0;1;0;0;0;0
"30/09/2017";"11:20:00";"26";"com v�tima";"263";"BR-393/RJ";"Pista Sul";"Sa�das de pista";1;0;0;0;0;0;0;0;0;0;0;1;0;0;0
"30/09/2017";"13:12:00";"33";"sem v�tima";"123,337";"BR-393/RJ";"Pista Norte";"Colis�o c/ obst�culos";1;0;0;0;0;0;0;0;0;0;1;0;0;0;0
"30/09/2017";"15:37:00";"35";"sem v�tima";"260";"BR-393/RJ";"Pista Norte";"Sa�das de pista";1;0;0;0;0;0;0;0;0;0;4;0;0;0;0
"01/10/2017";"06:17:00";"13";"com v�tima";"130,345";"BR-393/RJ";"Pista Norte";"Colis�o c/ obst�culos";1;0;0;0;0;0;0;0;0;0;0;1;0;0;0
"01/10/2017";"07:14:00";"16";"com v�tima";"169,381";"BR-393/RJ";"Pista Sul";"Colis�o c/ obst�culos";1;0;0;0;0;0;0;0;0;0;3;2;2;0;0
"01/10/2017";"17:34:00";"51";"sem v�tima";"284,569";"BR-393/RJ";"Pista Norte";"Colis�o com ve�culos (traseira)";1;0;0;1;0;0;0;0;0;0;3;0;0;0;0
"03/10/2017";"04:40:00";"12";"sem v�tima";"230";"BR-393/RJ";"Pista Sul";"Colis�o com ve�culos (traseira)";0;0;2;0;0;0;0;0;0;0;2;0;0;0;0
"04/10/2017";"01:59:00";"11";"com v�tima";"236,8";"BR-393/RJ";"Pista Norte";"Colis�o com ve�culos (traseira)";1;0;1;0;0;0;0;0;0;0;3;1;0;0;0
"06/10/2017";"15:33:00";"60";"sem v�tima";"285,6";"BR-393/RJ";"Pista Sul";"Colis�o lateral no mesmo sentido";1;0;1;0;0;0;0;0;0;0;2;0;0;0;0
"06/10/2017";"23:32:00";"80";"sem v�tima";"280,313";"BR-393/RJ";"Pista Norte";"Engavetamento";3;0;0;0;0;0;0;0;0;0;3;0;0;0;0
"07/10/2017";"17:50:00";"40";"com v�tima";"285,9";"BR-393/RJ";"Pista Norte";"Colis�o com ve�culos (frontal)";2;0;0;0;0;0;0;0;0;0;2;1;1;0;0
"07/10/2017";"19:37:00";"50";"sem v�tima";"286";"BR-393/RJ";"Pista Norte";"Colis�o lateral no sentido contr�rio";2;0;0;0;0;0;0;0;0;0;2;0;0;0;0
"07/10/2017";"20:32:00";"54";"com v�tima";"283,8";"BR-393/RJ";"Pista Norte";"Colis�o lateral no mesmo sentido";1;0;0;1;0;0;0;0;0;0;4;0;0;1;0
"07/10/2017";"23:41:00";"59";"sem v�tima";"211";"BR-393/RJ";"Pista Norte";"Atropelamento de animais";0;0;1;0;0;0;0;0;0;0;1;0;0;0;0
"08/10/2017";"00:05:00";"1";"com v�tima";"111,6";"BR-393/RJ";"Pista Norte";"Colis�o lateral no sentido contr�rio";1;0;1;0;0;0;0;0;0;0;1;0;0;1;0
"08/10/2017";"00:38:00";"2";"sem v�tima";"189,9";"BR-393/RJ";"Pista Norte";"Atropelamento de animais";0;0;1;0;0;0;0;0;0;0;1;0;0;0;0
"08/10/2017";"03:36:00";"15";"sem v�tima";"175";"BR-393/RJ";"Pista Norte";"Capotamento";1;0;0;0;0;0;0;0;0;0;1;0;0;0;0
"08/10/2017";"05:12:00";"18";"com v�tima";"112";"BR-393/RJ";"Pista Norte";"Colis�o com ve�culos (traseira)";1;0;0;1;0;0;0;0;0;0;4;1;0;0;0
"08/10/2017";"05:24:00";"19";"com v�tima";"136";"BR-393/RJ";"Pista Norte";"Capotamento";1;0;0;0;0;0;0;0;0;0;0;1;0;0;0
"08/10/2017";"17:21:00";"49";"com v�tima";"246,7";"BR-393/RJ";"Pista Norte";"Colis�o com ve�culos (frontal)";2;0;1;0;0;0;0;0;0;0;2;0;0;0;1
"08/10/2017";"19:10:00";"51";"com v�tima";"244,5";"BR-393/RJ";"Pista Sul";"Engavetamento";3;0;0;0;0;0;0;0;0;0;2;5;0;0;0
"08/10/2017";"19:40:00";"53";"com v�tima";"253,6";"BR-393/RJ";"Pista Sul";"Capotamento";1;0;0;0;0;0;0;0;0;0;0;2;0;0;0
"09/10/2017";"05:46:00";"14";"com v�tima";"263,172";"BR-393/RJ";"Pista Sul";"Acidentes de outra natureza";0;0;0;1;0;0;0;0;0;0;0;1;0;0;0