fdata;horario;n_da_ocorrencia;tipo_de_ocorrencia;km;trecho;sentido;tipo_de_acidente;automovel;bicicleta;caminhao;moto;onibus;outros;tracao_animal;transporte_de_cargas_especiais;trator_maquinas;utilitarios;ilesos;levemente_feridos;moderadamente_feridos;gravemente_feridos;mortos
"23/12/2017";"19:28:00";"89";"sem v�tima";"2,521";"Al�a Sul";"Pista Norte";"Capotamento";1;0;0;0;0;0;0;0;0;0;3;0;0;0;0
"23/12/2017";"21:34:00";"100";"com v�tima";"159,281";"BR-393/RJ";"Pista Norte";"Capotamento";1;0;0;0;0;0;0;0;0;0;0;0;1;0;0
"23/12/2017";"21:50:00";"101";"com v�tima";"244,233";"BR-393/RJ";"Pista Sul";"Acidentes de outra natureza";0;0;0;1;0;0;0;0;0;0;0;2;0;0;0
"24/12/2017";"14:49:00";"50";"sem v�tima";"182,359";"BR-393/RJ";"Pista Sul";"Colis�o c/ obst�culos";1;0;0;0;0;0;0;0;0;0;1;0;0;0;0
"24/12/2017";"17:55:00";"59";"com v�tima";"269,82";"BR-393/RJ";"Pista Norte";"Colis�o c/ obst�culos";0;0;0;1;0;0;0;0;0;0;0;0;0;1;0
"24/12/2017";"21:49:00";"67";"com v�tima";"235,762";"BR-393/RJ";"Pista Sul";"Colis�o c/ obst�culos";1;0;0;0;0;0;0;0;0;0;0;1;0;0;0
"25/12/2017";"02:38:00";"8";"sem v�tima";"283,088";"BR-393/RJ";"Pista Sul";"Colis�o lateral no sentido contr�rio";2;0;0;0;0;0;0;0;0;0;4;0;0;0;0
"25/12/2017";"07:40:00";"23";"com v�tima";"286,011";"BR-393/RJ";"Pista Norte";"Colis�o lateral no sentido contr�rio";2;0;0;0;0;0;0;0;0;0;1;1;0;0;0
"25/12/2017";"18:59:00";"65";"com v�tima";"176,8";"BR-393/RJ";"Pista Sul";"Colis�o com ve�culos (frontal)";2;0;0;0;0;0;0;0;0;0;0;0;3;3;3
"25/12/2017";"22:15:00";"73";"com v�tima";"151,414";"BR-393/RJ";"Pista Norte";"Colis�o c/ obst�culos";0;0;0;1;0;0;0;0;0;0;0;1;0;0;0
"25/12/2017";"22:21:00";"74";"sem v�tima";"244,101";"BR-393/RJ";"Pista Norte";"Acidentes de outra natureza";0;0;0;1;0;0;0;0;0;0;1;0;0;0;0
"26/12/2017";"08:42:00";"28";"sem v�tima";"285,557";"BR-393/RJ";"Pista Sul";"Colis�o lateral no sentido contr�rio";1;0;0;1;0;0;0;0;0;0;2;0;0;0;0
"26/12/2017";"17:30:00";"63";"sem v�tima";"263,654";"BR-393/RJ";"Pista Sul";"Acidentes de outra natureza";0;0;0;1;0;0;0;0;0;0;2;0;0;0;0
"26/12/2017";"18:35:00";"67";"sem v�tima";"254,305";"BR-393/RJ";"Pista Sul";"Colis�o c/ obst�culos";1;0;0;0;0;0;0;0;0;0;1;0;0;0;0
"26/12/2017";"18:50:00";"70";"com v�tima";"139,748";"BR-393/RJ";"Pista Sul";"Tombamento";0;0;1;0;0;0;0;0;0;0;1;1;0;0;0
"27/12/2017";"07:31:00";"18";"com v�tima";"283,359";"BR-393/RJ";"Pista Norte";"Colis�o lateral no sentido contr�rio";1;0;0;1;0;0;0;0;0;0;1;1;0;0;0
"27/12/2017";"11:10:00";"40";"com v�tima";"204,09";"BR-393/RJ";"Pista Norte";"Capotamento";1;0;0;0;0;0;0;0;0;0;0;2;0;0;0
"27/12/2017";"17:55:00";"68";"sem v�tima";"281,212";"BR-393/RJ";"Pista Norte";"Colis�o com ve�culos (traseira)";2;0;0;0;0;0;0;0;0;0;4;0;0;0;0
"28/12/2017";"13:40:00";"58";"sem v�tima";"213,858";"BR-393/RJ";"Pista Sul";"Colis�o c/ obst�culos";1;0;0;0;0;0;0;0;0;0;2;0;0;0;0
"28/12/2017";"14:07:00";"62";"sem v�tima";"281,335";"BR-393/RJ";"Pista Sul";"Colis�o lateral no mesmo sentido";2;0;0;0;0;0;0;0;0;0;2;0;0;0;0
"28/12/2017";"18:25:00";"79";"sem v�tima";"160,495";"BR-393/RJ";"Pista Sul";"Sa�das de pista";1;0;0;0;0;0;0;0;0;0;3;0;0;0;0
"28/12/2017";"18:52:00";"80";"sem v�tima";"217,096";"BR-393/RJ";"Pista Norte";"Colis�o c/ obst�culos";1;0;0;0;0;0;0;0;0;0;2;0;0;0;0
"29/12/2017";"07:40:00";"22";"sem v�tima";"254,184";"BR-393/RJ";"Pista Sul";"Colis�o lateral no sentido contr�rio";1;0;2;0;1;0;0;0;0;0;9;0;0;0;0
"29/12/2017";"14:58:00";"55";"com v�tima";"142,232";"BR-393/RJ";"Pista Norte";"Atropelamento de pedestre";1;1;0;0;0;0;0;0;0;0;1;0;1;0;0
"29/12/2017";"15:46:00";"58";"com v�tima";"236,337";"BR-393/RJ";"Pista Norte";"Colis�o lateral no sentido contr�rio";1;0;0;1;0;0;0;0;0;0;2;2;0;0;0
"30/12/2017";"05:10:00";"17";"sem v�tima";"172,228";"BR-393/RJ";"Pista Norte";"Colis�o c/ obst�culos";1;0;0;0;0;0;0;0;0;0;1;0;0;0;0
"30/12/2017";"10:53:00";"33";"sem v�tima";"257,95";"BR-393/RJ";"Pista Sul";"Colis�o c/ obst�culos";1;0;0;0;0;0;0;0;0;0;1;0;0;0;0
"30/12/2017";"12:13:00";"36";"sem v�tima";"164,72";"BR-393/RJ";"Pista Norte";"Colis�o c/ obst�culos";1;0;0;0;0;0;0;0;0;0;1;0;0;0;0
"30/12/2017";"18:03:00";"61";"sem v�tima";"144,6";"BR-393/RJ";"Pista Sul";"Colis�o lateral no sentido contr�rio";1;0;1;0;0;0;0;0;0;0;3;0;0;0;0
"30/12/2017";"18:52:00";"63";"com v�tima";"169,259";"BR-393/RJ";"Pista Sul";"Acidentes de outra natureza";0;0;0;1;0;0;0;0;0;0;0;0;1;0;0
"30/12/2017";"19:00:00";"64";"sem v�tima";"169,503";"BR-393/RJ";"Pista Sul";"Acidentes de outra natureza";0;0;0;1;0;0;0;0;0;0;1;0;0;0;0
"31/12/2017";"00:59:00";"2";"sem v�tima";"283,327";"BR-393/RJ";"Pista Norte";"Sa�das de pista";1;0;0;0;0;0;0;0;0;0;1;0;0;0;0
"31/12/2017";"09:01:00";"21";"com v�tima";"114,412";"BR-393/RJ";"Pista Norte";"Tombamento";0;0;1;0;0;0;0;0;0;0;0;1;1;0;0
"31/12/2017";"17:08:00";"44";"com v�tima";"263,748";"BR-393/RJ";"Pista Sul";"Colis�o c/ obst�culos";0;0;0;0;0;0;0;0;0;1;0;4;0;0;0
"31/12/2017";"20:33:00";"52";"com v�tima";"104,403";"BR-393/RJ";"Pista Norte";"Atropelamento de pedestre";1;0;0;0;0;0;0;0;0;0;5;0;1;0;0
"01/01/2018";"01:43:00";"2";"sem v�tima";"281,517";"BR-393/RJ";"Pista Norte";"Colis�o lateral no sentido contr�rio";2;0;0;0;0;0;0;0;0;0;2;0;0;0;0
"02/01/2018";"07:34:00";"24";"sem v�tima";"114,434";"BR-393/RJ";"Pista Norte";"Tombamento";0;0;1;0;0;0;0;0;0;0;1;0;0;0;0
"03/01/2018";"07:03:00";"29";"com v�tima";"164,68";"BR-393/RJ";"Pista Norte";"Acidentes de outra natureza";0;0;0;1;0;0;0;0;0;0;0;0;1;0;0
"03/01/2018";"10:12:00";"52";"sem v�tima";"175,52";"BR-393/RJ";"Pista Sul";"Colis�o com ve�culos (traseira)";1;0;0;0;1;0;0;0;0;0;2;0;0;0;0
"04/01/2018";"07:23:00";"18";"sem v�tima";"123,137";"BR-393/RJ";"Pista Norte";"Colis�o c/ obst�culos";1;0;0;0;0;0;0;0;0;0;1;0;0;0;0
"04/01/2018";"17:36:00";"56";"sem v�tima";"205,95";"BR-393/RJ";"Pista Norte";"Capotamento";1;0;0;0;0;0;0;0;0;0;3;0;0;0;0
"05/01/2018";"12:31:00";"50";"sem v�tima";"103,878";"BR-393/RJ";"Pista Norte";"Colis�o com ve�culos (traseira)";1;0;1;0;0;0;0;0;0;0;3;0;0;0;0
"05/01/2018";"17:24:00";"76";"sem v�tima";"250,897";"BR-393/RJ";"Pista Norte";"Colis�o lateral no sentido contr�rio";1;0;1;0;0;0;0;0;0;0;2;0;0;0;0
"06/01/2018";"18:46:00";"93";"com v�tima";"249,647";"BR-393/RJ";"Pista Sul";"Capotamento";1;0;0;0;0;0;0;0;0;0;0;1;0;0;0
"07/01/2018";"00:18:00";"1";"com v�tima";"281,066";"BR-393/RJ";"Pista Norte";"Colis�o lateral no sentido contr�rio";1;0;0;1;0;0;0;0;0;0;1;1;1;0;0
"07/01/2018";"01:35:00";"3";"sem v�tima";"273,42";"BR-393/RJ";"Pista Norte";"Atropelamento de animais";1;0;0;0;0;0;0;0;0;0;1;0;0;0;0
"07/01/2018";"07:02:00";"21";"sem v�tima";"207,817";"BR-393/RJ";"Pista Norte";"Sa�das de pista";1;0;0;0;0;0;0;0;0;0;4;0;0;0;0
"07/01/2018";"13:52:00";"40";"sem v�tima";"121,685";"BR-393/RJ";"Pista Sul";"Tombamento";0;0;1;0;0;0;0;0;0;0;1;0;0;0;0
"07/01/2018";"14:15:00";"41";"sem v�tima";"141,787";"BR-393/RJ";"Pista Norte";"Colis�o com ve�culos (traseira)";2;0;0;0;0;0;0;0;0;0;5;0;0;0;0
"07/01/2018";"15:25:00";"45";"sem v�tima";"236,504";"BR-393/RJ";"Pista Sul";"Colis�o c/ obst�culos";1;0;0;0;0;0;0;0;0;0;2;0;0;0;0
"07/01/2018";"21:32:00";"60";"sem v�tima";"284,2";"BR-393/RJ";"Pista Norte";"Colis�o lateral no mesmo sentido";1;0;1;0;0;0;0;0;0;0;3;0;0;0;0
"08/01/2018";"14:41:00";"66";"sem v�tima";"285,998";"BR-393/RJ";"Pista Norte";"Engavetamento";2;0;0;1;0;0;0;0;0;0;3;0;0;0;0
"09/01/2018";"06:12:00";"17";"sem v�tima";"184,463";"BR-393/RJ";"Pista Sul";"Colis�o lateral no sentido contr�rio";1;0;1;0;0;0;0;0;0;0;4;0;0;0;0
"09/01/2018";"12:25:00";"46";"sem v�tima";"142,295";"BR-393/RJ";"Pista Norte";"Colis�o lateral no sentido contr�rio";2;0;0;0;0;0;0;0;0;0;2;0;0;0;0
"09/01/2018";"17:13:00";"69";"sem v�tima";"135,392";"BR-393/RJ";"Pista Sul";"Engavetamento";3;0;0;0;0;0;0;0;0;0;8;0;0;0;0
"09/01/2018";"18:14:00";"75";"com v�tima";"282,552";"BR-393/RJ";"Pista Norte";"Colis�o c/ obst�culos";1;0;0;1;0;0;0;0;0;0;1;0;1;0;0
"10/01/2018";"01:59:00";"2";"sem v�tima";"282,096";"BR-393/RJ";"Pista Norte";"Sa�das de pista";1;0;0;0;0;0;0;0;0;0;1;0;0;0;0
"10/01/2018";"08:47:00";"32";"com v�tima";"258,144";"BR-393/RJ";"Pista Norte";"Colis�o com ve�culos (traseira)";2;0;0;0;0;0;0;0;0;0;4;1;0;0;0
"11/01/2018";"17:00:00";"77";"com v�tima";"281,451";"BR-393/RJ";"Pista Norte";"Colis�o com ve�culos (frontal)";1;0;0;1;0;0;0;0;0;0;1;1;0;0;0
"11/01/2018";"21:42:00";"97";"com v�tima";"286,02";"BR-393/RJ";"Pista Norte";"Colis�o lateral no sentido contr�rio";2;0;0;0;0;0;0;0;0;0;1;1;0;0;0
"12/01/2018";"16:39:00";"73";"sem v�tima";"181,27";"BR-393/RJ";"Pista Norte";"Colis�o lateral no sentido contr�rio";0;0;1;0;1;0;0;0;0;0;2;0;0;0;0
"13/01/2018";"11:14:00";"45";"com v�tima";"208,975";"BR-393/RJ";"Pista Norte";"Colis�o lateral no mesmo sentido";2;0;0;0;0;0;0;0;0;0;3;1;0;0;0
"13/01/2018";"17:21:00";"63";"com v�tima";"285,952";"BR-393/RJ";"Pista Sul";"Colis�o lateral no sentido contr�rio";2;0;0;0;0;0;0;0;0;0;4;2;0;0;0
"13/01/2018";"20:41:00";"72";"sem v�tima";"224,103";"BR-393/RJ";"Pista Sul";"Colis�o c/ obst�culos";1;0;0;0;0;0;0;0;0;0;2;0;0;0;0
"13/01/2018";"22:22:00";"81";"sem v�tima";"181,256";"BR-393/RJ";"Pista Norte";"Colis�o com ve�culos (traseira)";2;0;0;0;0;0;0;0;0;0;5;0;0;0;0
"14/01/2018";"15:26:00";"51";"com v�tima";"239,937";"BR-393/RJ";"Pista Sul";"Colis�o lateral no sentido contr�rio";1;0;0;1;0;0;0;0;0;0;2;1;0;0;0
"14/01/2018";"18:30:00";"66";"com v�tima";"278,202";"BR-393/RJ";"Pista Sul";"Colis�o com ve�culos (traseira)";1;0;0;1;0;0;0;0;0;0;1;1;0;0;0
"15/01/2018";"04:09:00";"7";"sem v�tima";"285,337";"BR-393/RJ";"Pista Sul";"Colis�o c/ obst�culos";1;0;0;0;0;0;0;0;0;0;1;0;0;0;0
"15/01/2018";"16:04:00";"67";"sem v�tima";"210,701";"BR-393/RJ";"Pista Sul";"Tombamento";0;0;1;0;0;0;0;0;0;0;1;0;0;0;0
"15/01/2018";"22:16:00";"87";"com v�tima";"181,017";"BR-393/RJ";"Pista Norte";"Colis�o com ve�culos (frontal)";0;0;1;0;1;0;0;0;0;0;37;1;0;0;0
"16/01/2018";"11:20:00";"40";"sem v�tima";"243,826";"BR-393/RJ";"Pista Sul";"Colis�o c/ obst�culos";1;0;0;0;0;0;0;0;0;0;1;0;0;0;0
"17/01/2018";"07:42:00";"16";"sem v�tima";"244,213";"BR-393/RJ";"Pista Norte";"Colis�o lateral no sentido contr�rio";1;0;1;0;0;0;0;0;0;0;4;0;0;0;0
"17/01/2018";"17:36:00";"63";"sem v�tima";"283,262";"BR-393/RJ";"Pista Norte";"Colis�o com ve�culos (traseira)";2;0;0;0;0;0;0;0;0;0;2;0;0;0;0
"19/01/2018";"12:37:00";"63";"sem v�tima";"177,726";"BR-393/RJ";"Pista Sul";"Colis�o com ve�culos (traseira)";1;0;1;0;0;0;0;0;0;0;3;0;0;0;0
"20/01/2018";"04:20:00";"15";"com v�tima";"248,902";"BR-393/RJ";"Pista Sul";"Colis�o lateral no sentido contr�rio";1;0;1;0;0;0;0;0;0;0;1;2;0;0;0
"20/01/2018";"13:20:00";"48";"com v�tima";"252,464";"BR-393/RJ";"Pista Norte";"Colis�o lateral no sentido contr�rio";2;0;0;0;0;0;0;0;0;0;0;4;1;0;0
"20/01/2018";"14:36:00";"51";"com v�tima";"284,159";"BR-393/RJ";"Pista Sul";"Colis�o c/ obst�culos";1;0;0;1;0;0;0;0;0;0;2;1;0;0;0
"20/01/2018";"18:56:00";"64";"sem v�tima";"233,84";"BR-393/RJ";"Pista Norte";"Colis�o c/ obst�culos";1;0;0;0;0;0;0;0;0;0;1;0;0;0;0
"20/01/2018";"21:52:00";"72";"sem v�tima";"265,044";"BR-393/RJ";"Pista Sul";"Colis�o lateral no mesmo sentido";1;0;0;0;1;0;0;0;0;0;2;0;0;0;0
"20/01/2018";"23:08:00";"76";"com v�tima";"155,189";"BR-393/RJ";"Pista Norte";"Colis�o com ve�culos (frontal)";2;0;0;0;0;0;0;0;0;0;0;5;0;1;0
"21/01/2018";"16:12:00";"45";"sem v�tima";"162,113";"BR-393/RJ";"Pista Norte";"Tombamento";0;0;1;0;0;0;0;0;0;0;1;0;0;0;0
"22/01/2018";"18:09:00";"88";"com v�tima";"160,474";"BR-393/RJ";"Pista Norte";"Colis�o com ve�culos (frontal)";1;0;2;0;0;0;0;0;0;0;1;0;3;1;0
"25/01/2018";"11:30:00";"44";"sem v�tima";"260,177";"BR-393/RJ";"Pista Sul";"Sa�das de pista";2;0;0;0;0;0;0;0;0;0;3;0;0;0;0
"25/01/2018";"17:28:00";"65";"com v�tima";"131,211";"BR-393/RJ";"Pista Norte";"Atropelamento de pedestre";0;1;1;0;0;0;0;0;0;0;1;1;0;0;0
"25/01/2018";"17:53:00";"67";"sem v�tima";"281,086";"BR-393/RJ";"Pista Norte";"Colis�o com ve�culos (traseira)";2;0;0;0;0;0;0;0;0;0;3;0;0;0;0
"25/01/2018";"18:17:00";"69";"sem v�tima";"267,6";"BR-393/RJ";"Pista Sul";"Colis�o com ve�culos (traseira)";1;0;1;0;0;0;0;0;0;0;2;0;0;0;0
"26/01/2018";"13:29:00";"51";"com v�tima";"234,037";"BR-393/RJ";"Pista Norte";"Colis�o lateral no mesmo sentido";0;0;1;1;0;0;0;0;0;0;1;1;0;0;0
"26/01/2018";"16:43:00";"58";"com v�tima";"124,323";"BR-393/RJ";"Pista Norte";"Capotamento";1;0;0;0;0;0;0;0;0;0;0;1;0;0;0
"27/01/2018";"02:39:00";"5";"sem v�tima";"131,481";"BR-393/RJ";"Pista Norte";"Colis�o lateral no sentido contr�rio";2;0;0;0;0;0;0;0;0;0;2;0;0;0;0
"27/01/2018";"16:42:00";"57";"com v�tima";"242,95";"BR-393/RJ";"Pista Sul";"Tombamento";0;0;1;0;0;0;0;0;0;0;0;1;0;0;0
"27/01/2018";"17:53:00";"61";"com v�tima";"110,152";"BR-393/RJ";"Pista Norte";"Capotamento";1;0;0;0;0;0;0;0;0;0;3;2;0;0;0
"28/01/2018";"01:23:00";"12";"com v�tima";"247,466";"BR-393/RJ";"Pista Sul";"Colis�o lateral no sentido contr�rio";1;0;1;0;0;0;0;0;0;0;1;2;0;0;0
"28/01/2018";"10:22:00";"30";"sem v�tima";"125,612";"BR-393/RJ";"Pista Sul";"Colis�o com ve�culos (traseira)";2;0;0;0;0;0;0;0;0;0;5;0;0;0;0
"28/01/2018";"22:13:00";"85";"com v�tima";"280,603";"BR-393/RJ";"Pista Sul";"Atropelamento de pedestre";1;0;0;0;0;0;0;0;0;0;1;1;0;0;0
"29/01/2018";"12:57:00";"45";"sem v�tima";"236,505";"BR-393/RJ";"Pista Norte";"Sa�das de pista";1;0;0;0;0;0;0;0;0;0;1;0;0;0;0
"29/01/2018";"14:50:00";"53";"sem v�tima";"185,377";"BR-393/RJ";"Pista Norte";"Colis�o com ve�culos (traseira)";1;0;1;0;0;0;0;0;0;0;6;0;0;0;0
"30/01/2018";"17:18:00";"63";"sem v�tima";"268,343";"BR-393/RJ";"Pista Norte";"Colis�o lateral no sentido contr�rio";2;0;0;0;0;0;0;0;0;0;2;0;0;0;0
"01/02/2018";"22:25:00";"92";"sem v�tima";"285,599";"BR-393/RJ";"Pista Norte";"Colis�o lateral no mesmo sentido";1;0;1;0;0;0;0;0;0;0;3;0;0;0;0
"02/02/2018";"23:12:00";"96";"com v�tima";"278,445";"BR-393/RJ";"Pista Norte";"Colis�o com ve�culos (traseira)";2;0;0;0;0;0;0;0;0;0;1;2;0;0;0
"03/02/2018";"02:01:00";"5";"com v�tima";"107,915";"BR-393/RJ";"Pista Sul";"Colis�o lateral no mesmo sentido";1;0;1;0;0;0;0;0;0;0;2;1;0;0;0
"03/02/2018";"04:14:00";"19";"sem v�tima";"235,485";"BR-393/RJ";"Pista Sul";"Atropelamento de animais";0;0;1;0;0;0;0;0;0;0;1;0;0;0;0
"03/02/2018";"04:15:00";"18";"com v�tima";"155,484";"BR-393/RJ";"Pista Norte";"Tombamento";0;0;1;0;0;0;0;0;0;0;0;4;0;0;0
"03/02/2018";"13:13:00";"48";"com v�tima";"279,873";"BR-393/RJ";"Pista Norte";"Colis�o com ve�culos (traseira)";1;0;0;0;1;0;0;0;0;0;0;2;0;0;0
"03/02/2018";"16:29:00";"66";"com v�tima";"171,1";"BR-393/RJ";"Pista Sul";"Acidentes de outra natureza";0;0;0;1;0;0;0;0;0;0;0;1;0;0;0
"04/02/2018";"22:12:00";"51";"com v�tima";"285,993";"BR-393/RJ";"Pista Norte";"Acidentes de outra natureza";0;0;0;1;0;0;0;0;0;0;1;1;0;0;0
"05/02/2018";"18:56:00";"66";"sem v�tima";"243,3";"BR-393/RJ";"Pista Norte";"Colis�o c/ obst�culos";1;0;0;0;0;0;0;0;0;0;1;0;0;0;0
"06/02/2018";"22:01:00";"86";"sem v�tima";"286,312";"BR-393/RJ";"Pista Norte";"Colis�o com ve�culos (traseira)";1;0;1;0;0;0;0;0;0;0;3;0;0;0;0
"06/02/2018";"22:26:00";"88";"sem v�tima";"286,02";"BR-393/RJ";"Pista Sul";"Colis�o lateral no sentido contr�rio";1;0;0;0;0;0;0;0;0;1;2;0;0;0;0
"07/02/2018";"04:00:00";"8";"sem v�tima";"238,522";"BR-393/RJ";"Pista Sul";"Colis�o lateral no sentido contr�rio";1;0;1;0;0;0;0;0;0;0;3;0;0;0;0
"07/02/2018";"13:57:00";"55";"com v�tima";"181,9";"BR-393/RJ";"Pista Sul";"Colis�o lateral no sentido contr�rio";1;0;0;1;0;0;0;0;0;0;2;1;0;0;0
"08/02/2018";"08:22:00";"32";"sem v�tima";"283,775";"BR-393/RJ";"Pista Sul";"Tombamento";0;0;1;0;0;0;0;0;0;0;2;0;0;0;0
"08/02/2018";"21:06:00";"80";"sem v�tima";"283,718";"BR-393/RJ";"Pista Sul";"Colis�o com ve�culos (traseira)";2;0;0;0;0;0;0;0;0;0;3;0;0;0;0
"09/02/2018";"06:48:00";"20";"com v�tima";"279,315";"BR-393/RJ";"Pista Norte";"Acidentes de outra natureza";0;0;0;1;0;0;0;0;0;0;0;1;0;0;0
"09/02/2018";"10:30:00";"31";"sem v�tima";"160,603";"BR-393/RJ";"Pista Sul";"Colis�o lateral no sentido contr�rio";2;0;0;0;0;0;0;0;0;0;4;0;0;0;0
"09/02/2018";"11:13:00";"34";"com v�tima";"102,944";"BR-393/RJ";"Pista Norte";"Atropelamento de pedestre";0;1;1;0;0;0;0;0;0;0;1;0;1;0;0
"10/02/2018";"06:15:00";"24";"com v�tima";"147,612";"BR-393/RJ";"Pista Norte";"Colis�o com ve�culos (traseira)";2;0;0;0;0;0;0;0;0;0;5;1;0;0;0
"10/02/2018";"14:24:00";"60";"com v�tima";"182,412";"BR-393/RJ";"Pista Norte";"Colis�o lateral no mesmo sentido";1;0;0;0;1;0;0;0;0;0;7;1;0;0;0
"11/02/2018";"12:16:00";"45";"com v�tima";"229,001";"BR-393/RJ";"Pista Norte";"Sa�das de pista";0;0;1;0;0;0;0;0;0;0;0;1;0;0;0
"12/02/2018";"12:28:00";"39";"sem v�tima";"211,16";"BR-393/RJ";"Pista Sul";"Colis�o c/ obst�culos";1;0;0;0;0;0;0;0;0;0;3;0;0;0;0
"13/02/2018";"21:46:00";"62";"com v�tima";"169,518";"BR-393/RJ";"Pista Sul";"Colis�o lateral no sentido contr�rio";1;0;0;0;0;0;0;0;0;1;10;2;0;0;0
"14/02/2018";"01:15:00";"3";"sem v�tima";"274,081";"BR-393/RJ";"Pista Sul";"Sa�das de pista";1;0;0;0;0;0;0;0;0;0;1;0;0;0;0
"14/02/2018";"02:04:00";"5";"sem v�tima";"238,713";"BR-393/RJ";"Pista Sul";"Colis�o c/ obst�culos";1;0;0;0;0;0;0;0;0;0;2;0;0;0;0
"14/02/2018";"11:17:00";"30";"com v�tima";"147,525";"BR-393/RJ";"Pista Norte";"Capotamento";1;0;0;0;0;0;0;0;0;0;0;0;1;0;0
"14/02/2018";"11:35:00";"32";"sem v�tima";"107,27";"BR-393/RJ";"Pista Sul";"Colis�o com ve�culos (traseira)";2;0;0;0;0;0;0;0;0;0;4;0;0;0;0
"14/02/2018";"15:02:00";"44";"sem v�tima";"147,713";"BR-393/RJ";"Pista Norte";"Colis�o com ve�culos (traseira)";0;0;1;0;0;0;0;0;0;1;3;0;0;0;0
"14/02/2018";"23:22:00";"65";"com v�tima";"122,9";"BR-393/RJ";"Pista Sul";"Atropelamento de pedestre";0;0;0;1;0;0;0;0;0;0;0;0;1;0;1
"14/02/2018";"23:33:00";"66";"sem v�tima";"181,215";"BR-393/RJ";"Pista Sul";"Colis�o com ve�culos (traseira)";2;0;0;0;0;0;0;0;0;0;3;0;0;0;0
"16/02/2018";"17:59:00";"69";"sem v�tima";"237,904";"BR-393/RJ";"Pista Norte";"Colis�o lateral no sentido contr�rio";2;0;0;0;0;0;0;0;0;0;6;0;0;0;0
"16/02/2018";"22:16:00";"87";"sem v�tima";"230,81";"BR-393/RJ";"Pista Norte";"Colis�o c/ obst�culos";0;0;0;0;1;0;0;0;0;0;1;0;0;0;0
"18/02/2018";"05:34:00";"16";"sem v�tima";"280,117";"BR-393/RJ";"Pista Sul";"Colis�o com ve�culos (traseira)";2;0;0;0;0;0;0;0;0;0;2;0;0;0;0
"18/02/2018";"18:39:00";"49";"com v�tima";"181,164";"BR-393/RJ";"Pista Sul";"Engavetamento";3;0;0;0;0;0;0;0;0;0;5;1;0;0;0
"18/02/2018";"18:49:00";"50";"sem v�tima";"124,263";"BR-393/RJ";"Pista Norte";"Colis�o c/ obst�culos";1;0;0;0;0;0;0;0;0;0;2;0;0;0;0
"19/02/2018";"12:36:00";"61";"sem v�tima";"238,938";"BR-393/RJ";"Pista Norte";"Capotamento";1;0;0;0;0;0;0;0;0;0;2;0;0;0;0
"19/02/2018";"20:59:00";"87";"sem v�tima";"236,487";"BR-393/RJ";"Pista Sul";"Colis�o com ve�culos (traseira)";2;0;0;0;0;0;0;0;0;0;3;0;0;0;0
"20/02/2018";"15:21:00";"62";"sem v�tima";"282,4";"BR-393/RJ";"Pista Norte";"Colis�o lateral no sentido contr�rio";1;0;0;0;0;0;0;0;0;1;3;0;0;0;0
"20/02/2018";"16:03:00";"65";"sem v�tima";"215,895";"BR-393/RJ";"Pista Norte";"Colis�o lateral no sentido contr�rio";1;0;1;0;0;0;0;0;0;0;2;0;0;0;0
"21/02/2018";"15:09:00";"52";"sem v�tima";"279,28";"BR-393/RJ";"Pista Norte";"Engavetamento";3;0;0;0;0;0;0;0;0;0;3;0;0;0;0
"21/02/2018";"17:55:00";"59";"com v�tima";"235,434";"BR-393/RJ";"Pista Norte";"Colis�o lateral no sentido contr�rio";2;0;0;0;0;0;0;0;0;0;0;1;2;0;0
"21/02/2018";"22:41:00";"63";"sem v�tima";"278,776";"BR-393/RJ";"Pista Norte";"Colis�o lateral no sentido contr�rio";2;0;0;0;0;0;0;0;0;0;2;0;0;0;0
"22/02/2018";"05:37:00";"13";"sem v�tima";"252,384";"BR-393/RJ";"Pista Sul";"Sa�das de pista";0;0;0;0;0;0;0;0;0;1;1;0;0;0;0
"22/02/2018";"13:28:00";"50";"sem v�tima";"282,15";"BR-393/RJ";"Pista Norte";"Colis�o lateral no sentido contr�rio";2;0;0;0;0;0;0;0;0;0;2;0;0;0;0
"22/02/2018";"13:48:00";"52";"sem v�tima";"282,05";"BR-393/RJ";"Pista Sul";"Colis�o com ve�culos (traseira)";2;0;0;0;0;0;0;0;0;0;2;0;0;0;0
"22/02/2018";"16:59:00";"62";"sem v�tima";"266,066";"BR-393/RJ";"Pista Norte";"Colis�o lateral no mesmo sentido";0;0;2;0;0;0;0;0;0;0;3;0;0;0;0
"24/02/2018";"05:11:00";"14";"com v�tima";"208,601";"BR-393/RJ";"Pista Norte";"Colis�o c/ obst�culos";1;0;0;0;0;0;0;0;0;0;0;1;1;0;0