fdata;horario;n_da_ocorrencia;tipo_de_ocorrencia;km;trecho;sentido;tipo_de_acidente;automovel;bicicleta;caminhao;moto;onibus;outros;tracao_animal;transporte_de_cargas_especiais;trator_maquinas;utilitarios;ilesos;levemente_feridos;moderadamente_feridos;gravemente_feridos;mortos
"24/02/2018";"05:49:00";"15";"com v�tima";"278,87";"BR-393/RJ";"Pista Sul";"Colis�o com ve�culos (traseira)";2;0;0;0;0;0;0;0;0;0;2;3;1;0;0
"24/02/2018";"13:35:00";"46";"sem v�tima";"230,802";"BR-393/RJ";"Pista Norte";"Colis�o lateral no sentido contr�rio";2;0;0;0;0;0;0;0;0;0;8;0;0;0;0
"24/02/2018";"20:29:00";"62";"com v�tima";"232,563";"BR-393/RJ";"Pista Sul";"Colis�o lateral no sentido contr�rio";2;0;0;0;0;0;0;0;0;0;1;2;0;0;0
"25/02/2018";"22:24:00";"52";"com v�tima";"167,92";"BR-393/RJ";"Pista Sul";"Atropelamento de pedestre";1;1;0;0;0;0;0;0;0;0;2;1;0;0;0
"26/02/2018";"12:49:00";"36";"sem v�tima";"283,471";"BR-393/RJ";"Pista Sul";"Colis�o com ve�culos (traseira)";2;0;0;0;0;0;0;0;0;0;5;0;0;0;0
"26/02/2018";"13:05:00";"37";"com v�tima";"236,594";"BR-393/RJ";"Pista Norte";"Colis�o lateral no mesmo sentido";0;0;0;1;1;0;0;0;0;0;1;1;0;0;0
"26/02/2018";"13:27:00";"39";"sem v�tima";"281,123";"BR-393/RJ";"Pista Norte";"Colis�o lateral no sentido contr�rio";2;0;0;0;0;0;0;0;0;0;2;0;0;0;0
"26/02/2018";"14:17:00";"41";"com v�tima";"245,495";"BR-393/RJ";"Pista Sul";"Colis�o lateral no mesmo sentido";1;0;0;1;0;0;0;0;0;0;1;1;0;0;0
"27/02/2018";"07:48:00";"24";"sem v�tima";"282,15";"BR-393/RJ";"Pista Sul";"Engavetamento";2;0;0;0;0;0;0;0;0;1;3;0;0;0;0
"27/02/2018";"12:25:00";"52";"sem v�tima";"251,851";"BR-393/RJ";"Pista Norte";"Engavetamento";0;0;3;0;0;0;0;0;0;0;3;0;0;0;0
"27/02/2018";"18:29:00";"75";"sem v�tima";"266,612";"BR-393/RJ";"Pista Sul";"Colis�o lateral no sentido contr�rio";0;0;1;0;1;0;0;0;0;0;23;0;0;0;0
"27/02/2018";"19:39:00";"84";"com v�tima";"279,303";"BR-393/RJ";"Pista Sul";"Atropelamento de pedestre";1;1;0;0;0;0;0;0;0;0;1;1;0;0;0
"28/02/2018";"19:38:00";"70";"sem v�tima";"194,503";"BR-393/RJ";"Pista Sul";"Colis�o com ve�culos (traseira)";1;0;0;0;1;0;0;0;0;0;2;0;0;0;0
"01/03/2018";"08:51:00";"24";"sem v�tima";"184,83";"BR-393/RJ";"Pista Sul";"Acidentes de outra natureza";0;0;1;0;0;0;0;0;0;0;1;0;0;0;0
"01/03/2018";"12:06:00";"46";"com v�tima";"151,95";"BR-393/RJ";"Pista Sul";"Tombamento";0;0;1;0;0;0;0;0;0;0;0;1;0;0;0
"01/03/2018";"14:50:00";"54";"sem v�tima";"232,696";"BR-393/RJ";"Pista Sul";"Colis�o c/ obst�culos";1;0;0;0;0;0;0;0;0;0;1;0;0;0;0
"02/03/2018";"05:20:00";"22";"sem v�tima";"2,52";"Al�a Sul";"Pista Norte";"Atropelamento de animais";0;0;0;0;1;0;0;0;0;0;1;0;0;0;0
"02/03/2018";"16:33:00";"62";"com v�tima";"238,237";"BR-393/RJ";"Pista Norte";"Colis�o com ve�culos (traseira)";2;0;0;0;0;0;0;0;0;0;4;1;0;0;0
"02/03/2018";"21:28:00";"77";"com v�tima";"158,8";"BR-393/RJ";"Pista Sul";"Colis�o lateral no sentido contr�rio";1;0;0;1;0;0;0;0;0;0;1;0;1;0;0
"03/03/2018";"17:41:00";"55";"com v�tima";"144,9";"BR-393/RJ";"Pista Norte";"Acidentes de outra natureza";0;0;0;1;0;0;0;0;0;0;0;0;1;0;0
"03/03/2018";"18:10:00";"58";"sem v�tima";"265,6";"BR-393/RJ";"Pista Norte";"Colis�o c/ obst�culos";0;0;1;0;0;0;0;0;0;0;1;0;0;0;0
"03/03/2018";"20:56:00";"69";"sem v�tima";"265,6";"BR-393/RJ";"Pista Norte";"Colis�o lateral no mesmo sentido";1;0;1;0;0;0;0;0;0;0;4;0;0;0;0
"04/03/2018";"22:40:00";"51";"com v�tima";"105,1";"BR-393/RJ";"Pista Sul";"Colis�o lateral no sentido contr�rio";2;0;0;0;0;0;0;0;0;0;0;2;0;0;0
"08/03/2018";"10:03:00";"37";"com v�tima";"259,386";"BR-393/RJ";"Pista Norte";"Colis�o lateral no sentido contr�rio";1;0;1;0;0;0;0;0;0;0;0;1;0;0;2
"10/03/2018";"04:36:00";"7";"sem v�tima";"286,003";"BR-393/RJ";"Pista Sul";"Colis�o lateral no sentido contr�rio";2;0;0;0;0;0;0;0;0;0;5;0;0;0;0
"10/03/2018";"18:02:00";"54";"sem v�tima";"281,74";"BR-393/RJ";"Pista Norte";"Colis�o c/ obst�culos";1;0;0;0;0;0;0;0;0;0;1;0;0;0;0
"10/03/2018";"23:50:00";"80";"sem v�tima";"284,35";"BR-393/RJ";"Pista Sul";"Colis�o com ve�culos (traseira)";2;0;0;0;0;0;0;0;0;0;2;0;0;0;0
"11/03/2018";"12:34:00";"42";"com v�tima";"238,526";"BR-393/RJ";"Pista Norte";"Acidentes de outra natureza";0;0;0;1;0;0;0;0;0;0;0;1;0;0;0
"11/03/2018";"16:40:00";"56";"com v�tima";"137,872";"BR-393/RJ";"Pista Norte";"Capotamento";1;0;0;0;0;0;0;0;0;0;0;1;0;0;0
"11/03/2018";"17:28:00";"58";"sem v�tima";"138,5";"BR-393/RJ";"Pista Sul";"Colis�o c/ obst�culos";1;0;1;0;0;0;0;0;0;0;2;0;0;0;0
"11/03/2018";"19:16:00";"64";"com v�tima";"180,4";"BR-393/RJ";"Pista Norte";"Atropelamento de pedestre";1;0;0;0;0;0;0;0;0;0;1;0;0;1;0
"11/03/2018";"21:01:00";"69";"sem v�tima";"268,34";"BR-393/RJ";"Pista Norte";"Colis�o lateral no sentido contr�rio";1;0;1;0;0;0;0;0;0;0;3;0;0;0;0
"12/03/2018";"06:28:00";"17";"com v�tima";"229,459";"BR-393/RJ";"Pista Norte";"Sa�das de pista";1;0;0;0;0;0;0;0;0;0;3;2;0;0;0
"12/03/2018";"23:15:00";"78";"sem v�tima";"164,779";"BR-393/RJ";"Pista Norte";"Colis�o c/ obst�culos";1;0;0;0;0;0;0;0;0;0;1;0;0;0;0
"13/03/2018";"21:11:00";"56";"com v�tima";"285,95";"BR-393/RJ";"Pista Norte";"Colis�o lateral no sentido contr�rio";1;0;0;1;0;0;0;0;0;0;1;0;2;0;0
"15/03/2018";"14:21:00";"54";"com v�tima";"282,213";"BR-393/RJ";"Pista Norte";"Capotamento";1;0;0;0;0;0;0;0;0;0;0;1;0;0;0
"15/03/2018";"19:48:00";"74";"sem v�tima";"224,663";"BR-393/RJ";"Pista Sul";"Colis�o com ve�culos (traseira)";1;0;1;0;0;0;0;0;0;0;2;0;0;0;0
"17/03/2018";"02:36:00";"5";"sem v�tima";"177,468";"BR-393/RJ";"Pista Sul";"Colis�o com ve�culos (traseira)";1;0;0;0;0;0;0;0;0;1;3;0;0;0;0
"17/03/2018";"12:42:00";"26";"com v�tima";"165,8";"BR-393/RJ";"Pista Norte";"Colis�o lateral no sentido contr�rio";1;0;1;0;0;0;0;0;0;0;0;3;0;0;0
"18/03/2018";"05:15:00";"20";"com v�tima";"242,95";"BR-393/RJ";"Pista Norte";"Colis�o com ve�culos (frontal)";2;0;0;0;0;0;0;0;0;0;1;0;0;3;0
"18/03/2018";"08:17:00";"26";"sem v�tima";"161,919";"BR-393/RJ";"Pista Sul";"Tombamento";0;0;1;0;0;0;0;0;0;0;1;0;0;0;0
"20/03/2018";"19:56:00";"62";"sem v�tima";"265,15";"BR-393/RJ";"Pista Sul";"Colis�o com ve�culos (traseira)";1;0;1;0;0;0;0;0;0;0;2;0;0;0;0
"21/03/2018";"07:56:00";"23";"com v�tima";"161,61";"BR-393/RJ";"Pista Sul";"Sa�das de pista";1;0;0;0;0;0;0;0;0;0;0;1;0;0;0
"21/03/2018";"08:34:00";"25";"com v�tima";"178,44";"BR-393/RJ";"Pista Norte";"Acidentes de outra natureza";0;0;0;1;0;0;0;0;0;0;0;1;0;0;0
"23/03/2018";"17:32:00";"63";"com v�tima";"102,753";"BR-393/RJ";"Pista Sul";"Colis�o lateral no sentido contr�rio";1;0;0;1;0;0;0;0;0;0;0;1;1;0;0
"23/03/2018";"20:05:00";"71";"sem v�tima";"218,297";"BR-393/RJ";"Pista Sul";"Sa�das de pista";0;0;1;0;0;0;0;0;0;0;1;0;0;0;0
"24/03/2018";"00:27:00";"2";"com v�tima";"236,783";"BR-393/RJ";"Pista Sul";"Colis�o lateral no sentido contr�rio";1;0;0;1;0;0;0;0;0;0;2;1;0;0;0
"24/03/2018";"14:24:00";"34";"com v�tima";"103,872";"BR-393/RJ";"Pista Sul";"Acidentes de outra natureza";0;0;0;1;0;0;0;0;0;0;0;1;0;0;0
"24/03/2018";"19:42:00";"53";"sem v�tima";"282,21";"BR-393/RJ";"Pista Norte";"Colis�o com ve�culos (traseira)";2;0;0;0;0;0;0;0;0;0;5;0;0;0;0
"24/03/2018";"20:48:00";"58";"com v�tima";"232,123";"BR-393/RJ";"Pista Norte";"Colis�o com ve�culos (traseira)";2;0;0;0;0;0;0;0;0;0;1;3;0;0;0
"24/03/2018";"20:54:00";"60";"com v�tima";"231,94";"BR-393/RJ";"Pista Norte";"Acidentes de outra natureza";0;0;0;1;0;0;0;0;0;0;0;0;1;0;0
"24/03/2018";"22:35:00";"65";"com v�tima";"283,8";"BR-393/RJ";"Pista Norte";"Atropelamento de pedestre";3;0;0;0;0;0;0;0;0;0;1;0;1;1;0
"25/03/2018";"01:20:00";"5";"sem v�tima";"140,137";"BR-393/RJ";"Pista Norte";"Colis�o c/ obst�culos";0;0;1;0;0;0;0;0;0;0;1;0;0;0;0
"25/03/2018";"14:35:00";"31";"com v�tima";"230,055";"BR-393/RJ";"Pista Sul";"Acidentes de outra natureza";0;0;0;1;0;0;0;0;0;0;0;1;0;0;0
"26/03/2018";"07:52:00";"17";"com v�tima";"189,021";"BR-393/RJ";"Pista Norte";"Colis�o c/ obst�culos";0;0;1;1;0;0;0;0;0;0;1;0;1;0;0
"27/03/2018";"01:46:00";"3";"com v�tima";"178,53";"BR-393/RJ";"Pista Norte";"Colis�o lateral no sentido contr�rio";1;0;1;0;0;0;0;0;0;0;1;1;0;0;0
"27/03/2018";"07:42:00";"27";"sem v�tima";"283,655";"BR-393/RJ";"Pista Sul";"Colis�o lateral no sentido contr�rio";2;0;0;0;0;0;0;0;0;0;2;0;0;0;0
"27/03/2018";"08:15:00";"28";"sem v�tima";"265,1";"BR-393/RJ";"Pista Norte";"Colis�o c/ obst�culos";0;0;0;0;1;0;0;0;0;0;1;0;0;0;0
"28/03/2018";"05:14:00";"12";"com v�tima";"271,597";"BR-393/RJ";"Pista Sul";"Colis�o lateral no sentido contr�rio";1;0;1;0;0;0;0;0;0;0;1;0;1;0;0
"28/03/2018";"09:08:00";"25";"com v�tima";"238,678";"BR-393/RJ";"Pista Norte";"Acidentes de outra natureza";0;0;0;1;0;0;0;0;0;0;0;1;0;0;0
"28/03/2018";"12:47:00";"41";"com v�tima";"133,344";"BR-393/RJ";"Pista Norte";"Atropelamento de pedestre";0;1;0;1;0;0;0;0;0;0;1;1;0;0;0
"29/03/2018";"02:11:00";"5";"sem v�tima";"155,51";"BR-393/RJ";"Pista Norte";"Capotamento";1;0;0;0;0;0;0;0;0;0;1;0;0;0;0
"29/03/2018";"06:57:00";"19";"sem v�tima";"134,231";"BR-393/RJ";"Pista Norte";"Colis�o com ve�culos (traseira)";1;0;1;0;0;0;0;0;0;0;6;0;0;0;0
"30/03/2018";"10:03:00";"23";"com v�tima";"107,8";"BR-393/RJ";"Pista Norte";"Colis�o c/ obst�culos";2;1;0;1;0;0;0;0;0;0;5;1;0;0;0
"30/03/2018";"13:26:00";"32";"sem v�tima";"165,265";"BR-393/RJ";"Pista Norte";"Colis�o c/ obst�culos";1;0;0;0;0;0;0;0;0;0;1;0;0;0;0
"30/03/2018";"16:13:00";"43";"sem v�tima";"278,882";"BR-393/RJ";"Pista Sul";"Colis�o com ve�culos (traseira)";2;0;0;0;0;0;0;0;0;0;2;0;0;0;0
"30/03/2018";"19:00:00";"52";"com v�tima";"247,165";"BR-393/RJ";"Pista Norte";"Colis�o c/ obst�culos";1;0;0;0;0;0;0;0;0;0;0;1;0;0;0
"31/03/2018";"10:43:00";"20";"sem v�tima";"107,2";"BR-393/RJ";"Pista Norte";"Colis�o lateral no mesmo sentido";1;0;1;0;0;0;0;0;0;0;4;0;0;0;0
"31/03/2018";"20:13:00";"43";"sem v�tima";"279,677";"BR-393/RJ";"Pista Norte";"Colis�o com ve�culos (traseira)";2;0;0;0;0;0;0;0;0;0;3;0;0;0;0
"01/04/2018";"12:39:00";"32";"com v�tima";"200,5";"BR-393/RJ";"Pista Norte";"Colis�o lateral no sentido contr�rio";2;0;0;0;0;0;0;0;0;0;1;1;0;0;0
"02/04/2018";"18:58:00";"58";"sem v�tima";"285,113";"BR-393/RJ";"Pista Norte";"Colis�o com ve�culos (traseira)";2;0;0;0;0;0;0;0;0;0;5;0;0;0;0
"03/04/2018";"08:25:00";"28";"com v�tima";"283,58";"BR-393/RJ";"Pista Norte";"Atropelamento de pedestre";0;1;1;0;0;0;0;0;0;0;2;0;0;1;0
"03/04/2018";"17:51:00";"61";"sem v�tima";"281,68";"BR-393/RJ";"Pista Norte";"Engavetamento";4;0;0;0;0;0;0;0;0;0;9;0;0;0;0
"03/04/2018";"18:53:00";"64";"sem v�tima";"138,347";"BR-393/RJ";"Pista Norte";"Colis�o c/ obst�culos";1;0;0;0;0;0;0;0;0;0;1;0;0;0;0
"04/04/2018";"22:38:00";"64";"com v�tima";"165,237";"BR-393/RJ";"Pista Norte";"Colis�o com ve�culos (frontal)";2;0;0;0;0;0;0;0;0;0;0;2;0;0;0
"05/04/2018";"01:35:00";"8";"sem v�tima";"211,704";"BR-393/RJ";"Pista Norte";"Atropelamento de animais";0;0;1;0;0;0;0;0;0;0;1;0;0;0;0
"05/04/2018";"10:03:00";"35";"com v�tima";"168";"BR-393/RJ";"Pista Norte";"Colis�o lateral no mesmo sentido";1;0;0;1;0;0;0;0;0;0;1;1;0;0;0
"08/04/2018";"03:40:00";"19";"sem v�tima";"244,367";"BR-393/RJ";"Pista Sul";"Colis�o c/ obst�culos";1;0;0;0;0;0;0;0;0;0;1;0;0;0;0
"08/04/2018";"22:45:00";"55";"com v�tima";"124";"BR-393/RJ";"Pista Norte";"Acidentes de outra natureza";0;0;0;1;0;0;0;0;0;0;1;1;0;0;0
"08/04/2018";"22:55:00";"56";"com v�tima";"163,929";"BR-393/RJ";"Pista Norte";"Colis�o com ve�culos (traseira)";1;0;1;0;0;0;0;0;0;0;1;1;0;0;0
"09/04/2018";"03:29:00";"2";"sem v�tima";"282,521";"BR-393/RJ";"Pista Sul";"Sa�das de pista";1;0;0;0;0;0;0;0;0;0;1;0;0;0;0
"10/04/2018";"16:50:00";"48";"sem v�tima";"175";"BR-393/RJ";"Pista Sul";"Acidentes de outra natureza";0;0;0;1;0;0;0;0;0;0;1;0;0;0;0
"10/04/2018";"17:33:00";"49";"com v�tima";"281,435";"BR-393/RJ";"Pista Sul";"Colis�o lateral no sentido contr�rio";1;0;0;1;0;0;0;0;0;0;1;1;0;0;0
"10/04/2018";"18:30:00";"54";"sem v�tima";"282";"BR-393/RJ";"Pista Norte";"Colis�o lateral no mesmo sentido";1;0;1;0;0;0;0;0;0;0;2;0;0;0;0
"10/04/2018";"22:30:00";"60";"com v�tima";"244,263";"BR-393/RJ";"Pista Sul";"Acidentes de outra natureza";0;0;0;1;0;0;0;0;0;0;0;2;0;0;0
"11/04/2018";"15:19:00";"59";"com v�tima";"281";"BR-393/RJ";"Pista Norte";"Colis�o c/ obst�culos";0;0;0;1;0;0;0;0;0;0;1;1;0;0;0
"12/04/2018";"18:47:00";"64";"com v�tima";"103,639";"BR-393/RJ";"Pista Norte";"Colis�o c/ obst�culos";1;0;1;1;0;0;0;0;0;0;2;0;0;1;1
"13/04/2018";"13:04:00";"35";"com v�tima";"177,673";"BR-393/RJ";"Pista Sul";"Colis�o lateral no mesmo sentido";1;0;0;1;0;0;0;0;0;0;1;1;0;0;0
"14/04/2018";"07:00:00";"19";"com v�tima";"161,701";"BR-393/RJ";"Pista Norte";"Tombamento";0;0;1;0;0;0;0;0;0;0;0;1;0;0;0
"14/04/2018";"13:32:00";"33";"com v�tima";"280,177";"BR-393/RJ";"Pista Norte";"Atropelamento de pedestre";1;1;0;0;0;0;0;0;0;0;1;1;0;0;0
"14/04/2018";"18:01:00";"52";"com v�tima";"161,348";"BR-393/RJ";"Pista Norte";"Acidentes de outra natureza";0;0;0;1;0;0;0;0;0;0;0;1;0;0;0
"14/04/2018";"22:26:00";"67";"com v�tima";"106,888";"BR-393/RJ";"Pista Norte";"Colis�o lateral no sentido contr�rio";1;0;0;1;0;0;0;0;0;0;3;0;1;0;0
"15/04/2018";"02:28:00";"4";"com v�tima";"280,13";"BR-393/RJ";"Pista Norte";"Colis�o com ve�culos (traseira)";1;0;0;0;1;0;0;0;0;0;1;1;0;0;0
"15/04/2018";"06:32:00";"17";"sem v�tima";"271,285";"BR-393/RJ";"Pista Norte";"Colis�o com ve�culos (traseira)";2;0;0;0;0;0;0;0;0;0;5;0;0;0;0
"15/04/2018";"13:49:00";"31";"com v�tima";"128,082";"BR-393/RJ";"Pista Sul";"Acidentes de outra natureza";0;0;0;1;0;0;0;0;0;0;0;2;0;0;0
"15/04/2018";"14:16:00";"34";"sem v�tima";"129,966";"BR-393/RJ";"Pista Sul";"Sa�das de pista";1;0;0;0;0;0;0;0;0;0;2;0;0;0;0
"15/04/2018";"19:12:00";"47";"sem v�tima";"282";"BR-393/RJ";"Pista Norte";"Colis�o lateral no sentido contr�rio";2;0;1;0;0;0;0;0;0;0;3;0;0;0;0
"16/04/2018";"14:38:00";"47";"com v�tima";"254";"BR-393/RJ";"Pista Norte";"Colis�o c/ obst�culos";1;0;0;0;0;0;0;0;0;0;2;2;0;0;0
"16/04/2018";"18:43:00";"64";"com v�tima";"250,954";"BR-393/RJ";"Pista Norte";"Colis�o lateral no mesmo sentido";1;0;0;0;0;0;0;0;0;1;1;3;0;0;0
"17/04/2018";"08:09:00";"17";"com v�tima";"282,38";"BR-393/RJ";"Pista Norte";"Acidentes de outra natureza";0;0;0;1;0;0;0;0;0;0;0;1;0;0;0
"17/04/2018";"19:56:00";"54";"com v�tima";"281,096";"BR-393/RJ";"Pista Sul";"Colis�o lateral no sentido contr�rio";1;0;1;0;1;0;0;0;0;0;2;1;0;0;0
"19/04/2018";"10:52:00";"34";"com v�tima";"114,337";"BR-393/RJ";"Pista Norte";"Colis�o c/ obst�culos";0;0;1;0;0;0;0;0;0;0;0;1;0;0;0
"19/04/2018";"11:57:00";"40";"sem v�tima";"286,077";"BR-393/RJ";"Pista Norte";"Colis�o com ve�culos (traseira)";1;0;1;0;0;0;0;0;0;0;2;0;0;0;0
"20/04/2018";"13:09:00";"49";"com v�tima";"281,8";"BR-393/RJ";"Pista Norte";"Atropelamento de pedestre";1;1;0;0;0;0;0;0;0;0;3;1;0;0;0
"21/04/2018";"06:08:00";"23";"com v�tima";"174,8";"BR-393/RJ";"Pista Sul";"Sa�das de pista";1;0;0;0;0;0;0;0;0;0;0;1;0;0;0
"22/04/2018";"06:21:00";"19";"com v�tima";"268,091";"BR-393/RJ";"Pista Sul";"Colis�o com ve�culos (frontal)";2;0;0;1;0;0;0;0;0;0;2;1;3;0;0
"22/04/2018";"09:56:00";"23";"com v�tima";"279,54";"BR-393/RJ";"Pista Norte";"Colis�o com ve�culos (traseira)";1;0;0;1;0;0;0;0;0;0;0;2;0;0;0
"22/04/2018";"11:20:00";"28";"sem v�tima";"146,705";"BR-393/RJ";"Pista Sul";"Sa�das de pista";0;0;1;0;0;0;0;0;0;0;1;0;0;0;0
"22/04/2018";"19:21:00";"42";"com v�tima";"184,442";"BR-393/RJ";"Pista Sul";"Colis�o com ve�culos (frontal)";2;0;0;0;0;0;0;0;0;0;1;2;0;0;0
"22/04/2018";"20:16:00";"43";"com v�tima";"282,532";"BR-393/RJ";"Pista Norte";"Acidentes de outra natureza";0;0;0;1;0;0;0;0;0;0;0;2;0;0;0
"23/04/2018";"17:38:00";"46";"com v�tima";"281,199";"BR-393/RJ";"Pista Norte";"Colis�o lateral no sentido contr�rio";0;0;1;1;0;0;0;0;0;0;1;0;1;0;0
"23/04/2018";"18:22:00";"48";"com v�tima";"179,334";"BR-393/RJ";"Pista Norte";"Colis�o lateral no sentido contr�rio";0;0;1;1;0;0;0;0;0;0;1;0;1;0;0
"24/04/2018";"18:47:00";"63";"sem v�tima";"181,938";"BR-393/RJ";"Pista Sul";"Engavetamento";3;0;0;0;0;0;0;0;0;0;7;0;0;0;0
"26/04/2018";"05:32:00";"13";"sem v�tima";"195,059";"BR-393/RJ";"Pista Norte";"Colis�o c/ obst�culos";0;0;1;0;0;0;0;0;0;0;1;0;0;0;0
"30/04/2018";"05:05:00";"19";"sem v�tima";"198,998";"BR-393/RJ";"Pista Sul";"Colis�o c/ obst�culos";1;0;1;0;0;0;0;0;0;0;6;0;0;0;0
"30/04/2018";"13:35:00";"31";"com v�tima";"238,63";"BR-393/RJ";"Pista Sul";"Colis�o lateral no sentido contr�rio";1;0;1;0;0;0;0;0;0;0;1;2;0;0;0
"30/04/2018";"21:54:00";"48";"sem v�tima";"172,317";"BR-393/RJ";"Pista Norte";"Colis�o c/ obst�culos";1;0;0;0;0;0;0;0;0;0;1;0;0;0;0
"01/05/2018";"10:59:00";"24";"sem v�tima";"280,227";"BR-393/RJ";"Norte";"Colis�o com ve�culos (traseira)";2;0;0;0;0;0;0;0;0;0;2;0;0;0;0
"01/05/2018";"14:15:00";"39";"sem v�tima";"216,129";"BR-393/RJ";"Sul";"Colis�o lateral no mesmo sentido";0;0;2;0;0;0;0;0;0;0;2;0;0;0;0
"01/05/2018";"16:21:00";"51";"sem v�tima";"258,481";"BR-393/RJ";"Sul";"Colis�o com ve�culos (frontal)";2;0;0;0;0;0;0;0;0;0;3;0;0;0;0
"04/05/2018";"12:21:00";"38";"com v�tima";"106,595";"BR-393/RJ";"Sul";"Colis�o lateral no sentido contr�rio";0;0;1;1;0;0;0;0;0;0;1;0;1;0;0
"05/05/2018";"09:50:00";"33";"com v�tima";"104,777";"BR-393/RJ";"Norte";"Colis�o lateral no sentido contr�rio";2;0;0;0;0;0;0;0;0;0;0;2;0;0;0
"06/05/2018";"21:21:00";"50";"com v�tima";"279,067";"BR-393/RJ";"Sul";"Colis�o com ve�culos (frontal)";1;0;0;1;0;0;0;0;0;0;1;0;0;1;0
"07/05/2018";"11:34:00";"43";"com v�tima";"106,629";"BR-393/RJ";"Norte";"Colis�o lateral no sentido contr�rio";1;0;0;1;0;0;0;0;0;0;1;1;0;0;0
"07/05/2018";"13:27:00";"48";"sem v�tima";"178,532";"BR-393/RJ";"Norte";"Colis�o lateral no sentido contr�rio";1;0;0;1;0;0;0;0;0;0;2;0;0;0;0
"08/05/2018";"09:04:00";"28";"sem v�tima";"273,033";"BR-393/RJ";"Norte";"Sa�das de pista";0;0;1;0;0;0;0;0;0;0;1;0;0;0;0
"08/05/2018";"16:03:00";"60";"sem v�tima";"274,89";"BR-393/RJ";"Sul";"Sa�das de pista";1;0;0;0;0;0;0;0;0;0;1;0;0;0;0
"09/05/2018";"10:02:00";"29";"com v�tima";"170,95";"BR-393/RJ";"Norte";"Tombamento";0;0;1;0;0;0;0;0;0;0;0;1;0;0;0
"10/05/2018";"01:39:00";"11";"com v�tima";"161,721";"BR-393/RJ";"Norte";"Capotamento";0;0;1;0;0;0;0;0;0;0;0;1;0;0;0
"10/05/2018";"07:36:00";"16";"com v�tima";"284,148";"BR-393/RJ";"Norte";"Atropelamento de pedestre";1;1;0;0;0;0;0;0;0;0;1;0;1;0;0
"10/05/2018";"19:32:00";"57";"com v�tima";"2,2";"Al�a Sul";"Norte";"Colis�o lateral no mesmo sentido";2;0;0;0;0;0;0;0;0;0;1;2;0;0;0
"11/05/2018";"12:09:00";"51";"sem v�tima";"103,907";"BR-393/RJ";"Norte";"Colis�o com ve�culos (traseira)";1;0;1;0;0;0;0;0;0;0;6;0;0;0;0
"11/05/2018";"19:17:00";"70";"com v�tima";"171,477";"BR-393/RJ";"Norte";"Colis�o lateral no sentido contr�rio";2;0;0;0;0;0;0;0;0;0;1;1;0;0;0
"13/05/2018";"10:34:00";"22";"sem v�tima";"121,37";"BR-393/RJ";"Norte";"Tombamento";0;0;1;0;0;0;0;0;0;0;2;0;0;0;0
"13/05/2018";"19:39:00";"39";"com v�tima";"280,721";"BR-393/RJ";"Norte";"Atropelamento de animais";0;0;0;1;0;0;0;0;0;0;0;1;0;0;0
"14/05/2018";"13:34:00";"43";"sem v�tima";"178,317";"BR-393/RJ";"Norte";"Colis�o com ve�culos (traseira)";1;0;1;0;0;0;0;0;0;0;4;0;0;0;0
"14/05/2018";"14:46:00";"47";"com v�tima";"274,78";"BR-393/RJ";"Sul";"Acidentes de outra natureza";0;0;0;1;0;0;0;0;0;0;0;1;0;0;0
"14/05/2018";"19:22:00";"62";"com v�tima";"178,222";"BR-393/RJ";"Norte";"Colis�o lateral no sentido contr�rio";1;0;0;0;1;0;0;0;0;0;0;2;0;0;0
"15/05/2018";"17:59:00";"63";"sem v�tima";"266,066";"BR-393/RJ";"Sul";"Colis�o c/ obst�culos";1;0;0;0;0;0;0;0;0;0;1;0;0;0;0
"16/05/2018";"18:20:00";"56";"sem v�tima";"236,761";"BR-393/RJ";"Sul";"Colis�o lateral no sentido contr�rio";2;0;0;0;0;0;0;0;0;0;2;0;0;0;0
"16/05/2018";"18:35:00";"57";"com v�tima";"251,377";"BR-393/RJ";"Sul";"Colis�o lateral no mesmo sentido";0;0;1;1;0;0;0;0;0;0;1;1;0;0;0
"16/05/2018";"18:52:00";"60";"com v�tima";"233,987";"BR-393/RJ";"Norte";"Colis�o lateral no sentido contr�rio";1;0;0;0;0;0;0;0;0;1;2;1;0;0;0
"17/05/2018";"00:44:00";"12";"sem v�tima";"232,103";"BR-393/RJ";"Norte";"Colis�o c/ obst�culos";1;0;0;0;0;0;0;0;0;0;2;0;0;0;0
"17/05/2018";"07:42:00";"20";"com v�tima";"252,393";"BR-393/RJ";"Sul";"Colis�o lateral no sentido contr�rio";2;0;0;0;0;0;0;0;0;0;1;3;0;0;0