fdata;horario;n_da_ocorrencia;tipo_de_ocorrencia;km;trecho;sentido;tipo_de_acidente;automovel;bicicleta;caminhao;moto;onibus;outros;tracao_animal;transporte_de_cargas_especiais;trator_maquinas;utilitarios;ilesos;levemente_feridos;moderadamente_feridos;gravemente_feridos;mortos
"17/05/2018";"19:12:00";"68";"sem v�tima";"265,553";"BR-393/RJ";"Sul";"Colis�o lateral no mesmo sentido";2;0;0;0;0;0;0;0;0;0;4;0;0;0;0
"18/05/2018";"05:30:00";"17";"com v�tima";"230,409";"BR-393/RJ";"Norte";"Colis�o com ve�culos (traseira)";1;0;0;0;0;0;0;0;1;0;1;2;0;0;0
"18/05/2018";"08:38:00";"32";"sem v�tima";"282,354";"BR-393/RJ";"Norte";"Colis�o lateral no mesmo sentido";1;0;1;0;0;0;0;0;0;0;2;0;0;0;0
"19/05/2018";"08:39:00";"20";"sem v�tima";"281,5";"BR-393/RJ";"Sul";"Colis�o lateral no sentido contr�rio";1;0;0;1;0;0;0;0;0;0;2;0;0;0;0
"19/05/2018";"13:14:00";"35";"com v�tima";"282,177";"BR-393/RJ";"Sul";"Atropelamento de pedestre";1;0;0;0;0;0;0;0;0;0;1;1;0;0;0
"19/05/2018";"20:58:00";"48";"sem v�tima";"124,478";"BR-393/RJ";"Norte";"Capotamento";1;0;0;0;0;0;0;0;0;0;5;0;0;0;0
"20/05/2018";"03:23:00";"6";"sem v�tima";"200,137";"BR-393/RJ";"Norte";"Atropelamento de animais";1;0;0;0;0;0;0;0;0;0;1;0;0;0;0
"20/05/2018";"05:41:00";"10";"sem v�tima";"286,02";"BR-393/RJ";"Sul";"Colis�o com ve�culos (traseira)";1;0;0;0;1;0;0;0;0;0;3;0;0;0;0
"20/05/2018";"12:09:00";"34";"sem v�tima";"109,617";"BR-393/RJ";"Norte";"Colis�o com ve�culos (traseira)";0;0;1;0;0;0;0;0;0;1;2;0;0;0;0
"20/05/2018";"19:19:00";"53";"com v�tima";"182,221";"BR-393/RJ";"Norte";"Colis�o com ve�culos (traseira)";1;0;0;1;0;0;0;0;0;0;0;5;0;0;0
"21/05/2018";"00:06:00";"1";"sem v�tima";"113,243";"BR-393/RJ";"Norte";"Atropelamento de animais";0;0;1;0;0;0;0;0;0;0;1;0;0;0;0
"22/05/2018";"06:37:00";"15";"sem v�tima";"278,319";"BR-393/RJ";"Sul";"Colis�o com ve�culos (traseira)";1;0;1;0;0;0;0;0;0;0;4;0;0;0;0
"22/05/2018";"11:28:00";"30";"com v�tima";"106,737";"BR-393/RJ";"Sul";"Colis�o lateral no sentido contr�rio";2;0;0;0;0;0;0;0;0;0;2;1;0;0;0
"22/05/2018";"18:01:00";"51";"sem v�tima";"138,206";"BR-393/RJ";"Sul";"Sa�das de pista";1;0;0;0;0;0;0;0;0;0;1;0;0;0;0
"23/05/2018";"11:27:00";"32";"sem v�tima";"178,543";"BR-393/RJ";"Norte";"Colis�o com ve�culos (traseira)";1;0;1;0;0;0;0;0;0;0;5;0;0;0;0
"23/05/2018";"21:44:00";"53";"com v�tima";"280,495";"BR-393/RJ";"Norte";"Atropelamento de pedestre";0;1;0;1;0;0;0;0;0;0;1;1;0;0;0
"24/05/2018";"17:44:00";"45";"com v�tima";"217,336";"BR-393/RJ";"Norte";"Acidentes de outra natureza";0;1;0;0;0;0;0;0;0;0;0;1;0;0;0
"28/05/2018";"18:15:00";"41";"com v�tima";"171,505";"BR-393/RJ";"Sul";"Atropelamento de pedestre";1;0;0;0;0;0;0;0;0;0;2;1;0;0;1
"29/05/2018";"20:19:00";"41";"com v�tima";"231,626";"BR-393/RJ";"Sul";"Colis�o com ve�culos (traseira)";1;0;1;0;0;0;0;0;0;0;0;2;0;0;0
"30/05/2018";"06:38:00";"16";"sem v�tima";"226,216";"BR-393/RJ";"Sul";"Sa�das de pista";1;0;0;0;0;0;0;0;0;0;1;0;0;0;0
"30/05/2018";"20:36:00";"43";"com v�tima";"257,1";"BR-393/RJ";"Norte";"Atropelamento de pedestre";1;1;0;0;0;0;0;0;0;0;1;0;1;0;0
"31/05/2018";"09:29:00";"22";"sem v�tima";"225,5";"BR-393/RJ";"Norte";"Atropelamento de animais";1;0;0;0;0;0;0;0;0;0;1;0;0;0;0
"31/05/2018";"09:45:00";"23";"sem v�tima";"254,017";"BR-393/RJ";"Norte";"Colis�o lateral no sentido contr�rio";1;0;1;0;0;0;0;0;0;0;2;0;0;0;0
"31/05/2018";"18:19:00";"42";"com v�tima";"244,402";"BR-393/RJ";"Norte";"Colis�o com ve�culos (traseira)";0;0;2;0;0;0;0;0;0;0;0;2;0;0;0
"01/06/2018";"08:16:00";"22";"com v�tima";"162,077";"BR-393/RJ";"Norte";"Tombamento";0;0;1;0;0;0;0;0;0;0;0;1;0;0;0
"01/06/2018";"18:10:00";"45";"sem v�tima";"229,607";"BR-393/RJ";"Norte";"Colis�o c/ obst�culos";0;0;1;0;0;0;0;0;0;0;1;0;0;0;0
"02/06/2018";"06:51:00";"19";"com v�tima";"229,502";"BR-393/RJ";"Norte";"Colis�o com ve�culos (traseira)";1;0;1;0;0;0;0;0;0;1;5;2;0;0;0
"02/06/2018";"07:03:00";"21";"com v�tima";"239,927";"BR-393/RJ";"Sul";"Capotamento";1;0;0;0;0;0;0;0;0;0;0;2;0;0;0
"02/06/2018";"07:28:00";"22";"com v�tima";"132,565";"BR-393/RJ";"Sul";"Colis�o com ve�culos (traseira)";1;0;0;1;0;0;0;0;0;0;1;1;0;0;0
"02/06/2018";"19:43:00";"57";"com v�tima";"283,778";"BR-393/RJ";"Sul";"Atropelamento de pedestre";1;1;0;0;0;0;0;0;0;0;0;1;1;0;0
"02/06/2018";"23:52:00";"71";"sem v�tima";"282,317";"BR-393/RJ";"Norte";"Acidentes de outra natureza";0;0;0;1;0;0;0;0;0;0;1;0;0;0;0
"03/06/2018";"03:34:00";"10";"sem v�tima";"195,87";"BR-393/RJ";"Sul";"Sa�das de pista";1;0;0;0;0;0;0;0;0;0;2;0;0;0;0
"04/06/2018";"10:26:00";"35";"com v�tima";"171,648";"BR-393/RJ";"Sul";"Acidentes de outra natureza";0;0;0;1;0;0;0;0;0;0;0;0;1;0;0
"04/06/2018";"19:36:00";"52";"com v�tima";"255,973";"BR-393/RJ";"Sul";"Atropelamento de pedestre";1;0;1;0;0;0;0;0;0;0;3;0;0;0;1
"04/06/2018";"21:47:00";"56";"com v�tima";"195,394";"BR-393/RJ";"Sul";"Colis�o com ve�culos (traseira)";0;0;2;0;0;0;0;0;0;0;1;1;0;0;0
"05/06/2018";"08:06:00";"22";"sem v�tima";"152,33";"BR-393/RJ";"Sul";"Colis�o c/ obst�culos";1;0;0;0;0;0;0;0;0;0;1;0;0;0;0
"05/06/2018";"17:15:00";"53";"sem v�tima";"283,8";"BR-393/RJ";"Norte";"Colis�o lateral no sentido contr�rio";2;0;0;0;0;0;0;0;0;0;3;0;0;0;0
"06/06/2018";"09:26:00";"22";"sem v�tima";"283,669";"BR-393/RJ";"Sul";"Colis�o lateral no sentido contr�rio";2;0;0;0;0;0;0;0;0;0;3;0;0;0;0
"07/06/2018";"16:52:00";"58";"com v�tima";"244,143";"BR-393/RJ";"Norte";"Tombamento";3;0;1;1;0;0;0;0;0;0;3;2;0;1;0
"07/06/2018";"19:27:00";"67";"com v�tima";"243,426";"BR-393/RJ";"Sul";"Atropelamento de pedestre";3;0;0;0;0;0;0;0;0;0;4;3;0;0;0
"08/06/2018";"21:46:00";"67";"com v�tima";"0,01";"Al�a Sul";"Norte";"Colis�o lateral no sentido contr�rio";1;0;0;1;0;0;0;0;0;0;0;2;0;0;0
"09/06/2018";"03:01:00";"15";"com v�tima";"2,461";"Al�a Sul";"Norte";"Colis�o c/ obst�culos";2;0;0;0;0;0;0;0;0;0;1;3;0;0;0
"09/06/2018";"10:10:00";"36";"sem v�tima";"265";"BR-393/RJ";"Sul";"Colis�o com ve�culos (traseira)";1;0;1;0;0;0;0;0;0;0;3;0;0;0;0
"09/06/2018";"10:29:00";"39";"com v�tima";"151,876";"BR-393/RJ";"Sul";"Tombamento";0;0;1;0;0;0;0;0;0;0;0;1;0;0;0
"10/06/2018";"04:28:00";"14";"com v�tima";"234,877";"BR-393/RJ";"Norte";"Colis�o c/ obst�culos";1;0;0;0;0;0;0;0;0;0;0;1;0;0;0
"10/06/2018";"14:14:00";"35";"com v�tima";"281,561";"BR-393/RJ";"Norte";"Colis�o c/ obst�culos";1;0;0;0;0;0;0;0;0;0;0;1;0;0;0
"10/06/2018";"23:58:00";"57";"sem v�tima";"266,26";"BR-393/RJ";"Norte";"Sa�das de pista";2;0;0;0;0;0;0;0;0;0;2;0;0;0;0
"11/06/2018";"05:43:00";"15";"com v�tima";"181,366";"BR-393/RJ";"Norte";"Acidentes de outra natureza";0;0;0;1;0;0;0;0;0;0;0;1;0;0;0
"11/06/2018";"08:47:00";"23";"com v�tima";"282,26";"BR-393/RJ";"Norte";"Colis�o com ve�culos (traseira)";0;2;0;1;0;0;0;0;0;0;2;1;0;0;0
"11/06/2018";"14:09:00";"42";"com v�tima";"280,126";"BR-393/RJ";"Sul";"Atropelamento de pedestre";0;0;0;1;0;0;0;0;0;0;0;2;0;0;0
"11/06/2018";"21:21:00";"57";"sem v�tima";"244,088";"BR-393/RJ";"Norte";"Sa�das de pista";1;0;0;0;0;0;0;0;0;0;1;0;0;0;0
"11/06/2018";"23:41:00";"64";"com v�tima";"283,1";"BR-393/RJ";"Norte";"Colis�o lateral no sentido contr�rio";1;0;0;0;1;0;0;0;0;0;1;2;0;0;0
"12/06/2018";"18:00:00";"69";"com v�tima";"235,304";"BR-393/RJ";"Sul";"Colis�o com ve�culos (traseira)";1;0;0;1;0;0;0;0;0;0;1;2;0;0;0
"12/06/2018";"18:23:00";"70";"com v�tima";"2,464";"Al�a Sul";"Norte";"Atropelamento de animais";0;0;0;1;0;0;0;0;0;0;0;1;0;0;0
"12/06/2018";"19:45:00";"74";"com v�tima";"125,416";"BR-393/RJ";"Norte";"Atropelamento de pedestre";1;0;0;0;0;0;0;0;0;0;1;0;0;1;0
"14/06/2018";"07:38:00";"26";"com v�tima";"257,941";"BR-393/RJ";"Norte";"Colis�o com ve�culos (frontal)";2;0;0;0;0;0;0;0;0;0;0;1;1;1;0
"15/06/2018";"00:21:00";"1";"sem v�tima";"3,02";"Al�a Sul";"Norte";"Colis�o c/ obst�culos";1;0;0;0;0;0;0;0;0;0;1;0;0;0;0
"15/06/2018";"18:02:00";"74";"com v�tima";"115,724";"BR-393/RJ";"Sul";"Colis�o lateral no sentido contr�rio";2;0;0;0;0;0;0;0;0;0;1;1;2;0;0
"16/06/2018";"17:27:00";"48";"com v�tima";"236,752";"BR-393/RJ";"Sul";"Colis�o lateral no sentido contr�rio";1;0;0;1;0;0;0;0;0;0;1;1;0;0;0
"17/06/2018";"07:21:00";"14";"sem v�tima";"285";"BR-393/RJ";"Norte";"Colis�o c/ obst�culos";1;0;0;0;0;0;0;0;0;0;1;0;0;0;0
"18/06/2018";"04:05:00";"5";"com v�tima";"246,183";"BR-393/RJ";"Norte";"Colis�o c/ obst�culos";1;0;0;0;0;0;0;0;0;0;0;1;0;0;0
"18/06/2018";"15:58:00";"49";"com v�tima";"143,288";"BR-393/RJ";"Norte";"Atropelamento de pedestre";1;0;0;0;0;0;0;0;0;0;4;0;1;0;0
"18/06/2018";"18:27:00";"54";"sem v�tima";"195,177";"BR-393/RJ";"Sul";"Colis�o com ve�culos (traseira)";1;0;0;0;0;0;0;0;0;1;3;0;0;0;0
"21/06/2018";"09:18:00";"29";"sem v�tima";"265,204";"BR-393/RJ";"Sul";"Colis�o c/ obst�culos";0;0;1;0;0;0;0;0;0;0;1;0;0;0;0
"21/06/2018";"18:44:00";"71";"com v�tima";"235,235";"BR-393/RJ";"Sul";"Colis�o lateral no mesmo sentido";0;0;1;1;0;0;0;0;0;0;1;0;0;1;0
"22/06/2018";"09:19:00";"18";"sem v�tima";"103,127";"BR-393/RJ";"Sul";"Colis�o com ve�culos (traseira)";1;0;0;1;0;0;0;0;0;0;2;0;0;0;0
"23/06/2018";"07:38:00";"19";"com v�tima";"258";"BR-393/RJ";"Sul";"Capotamento";1;0;0;0;0;0;0;0;0;0;0;1;0;0;0
"23/06/2018";"16:23:00";"48";"com v�tima";"181,022";"BR-393/RJ";"Sul";"Colis�o c/ obst�culos";1;0;0;0;0;0;0;0;0;0;0;1;0;0;0
"24/06/2018";"17:20:00";"31";"com v�tima";"138,9";"BR-393/RJ";"Sul";"Colis�o c/ obst�culos";0;0;1;0;1;0;0;0;0;0;1;1;0;0;0
"25/06/2018";"17:06:00";"52";"com v�tima";"258,712";"BR-393/RJ";"Norte";"Colis�o lateral no sentido contr�rio";0;0;1;0;0;0;0;0;0;1;1;1;0;0;0
"26/06/2018";"07:12:00";"17";"com v�tima";"234,95";"BR-393/RJ";"Sul";"Acidentes de outra natureza";0;0;0;1;0;0;0;0;0;0;0;1;0;0;0
"26/06/2018";"23:04:00";"76";"sem v�tima";"213,05";"BR-393/RJ";"Norte";"Atropelamento de animais";0;0;0;0;1;0;0;0;0;0;1;0;0;0;0
"28/06/2018";"13:58:00";"41";"com v�tima";"108,2";"BR-393/RJ";"Norte";"Colis�o com ve�culos (traseira)";1;0;1;0;0;0;0;0;0;0;2;1;0;0;0
"28/06/2018";"15:44:00";"50";"sem v�tima";"280";"BR-393/RJ";"Sul";"Colis�o com ve�culos (traseira)";2;0;0;0;0;0;0;0;0;0;3;0;0;0;0
"28/06/2018";"19:12:00";"62";"sem v�tima";"282";"BR-393/RJ";"Norte";"Colis�o com ve�culos (traseira)";2;0;0;0;0;0;0;0;0;0;2;0;0;0;0
"29/06/2018";"11:58:00";"37";"sem v�tima";"103";"BR-393/RJ";"Norte";"Colis�o com ve�culos (traseira)";2;0;0;0;0;0;0;0;0;0;2;0;0;0;0
"29/06/2018";"14:05:00";"40";"com v�tima";"286,3";"BR-393/RJ";"Sul";"Colis�o lateral no sentido contr�rio";2;0;0;0;0;0;0;0;0;0;2;2;0;0;0
"29/06/2018";"22:09:00";"64";"com v�tima";"282";"BR-393/RJ";"Norte";"Atropelamento de pedestre";1;1;0;0;0;0;0;0;0;0;1;1;0;0;0
"30/06/2018";"11:16:00";"29";"com v�tima";"167,396";"BR-393/RJ";"Sul";"Colis�o lateral no mesmo sentido";0;0;0;1;0;0;0;0;0;1;1;0;1;0;0
"30/06/2018";"15:55:00";"39";"com v�tima";"286,002";"BR-393/RJ";"Sul";"Acidentes de outra natureza";1;0;0;1;0;0;0;0;0;0;1;1;0;0;0
"01/07/2018";"03:58:00";"14";"com v�tima";"181,096";"BR-393/RJ";"Norte";"Colis�o lateral no mesmo sentido";1;0;0;1;0;0;0;0;0;0;1;1;0;0;0
"01/07/2018";"07:46:00";"19";"com v�tima";"145,797";"BR-393/RJ";"Norte";"Tombamento";0;0;1;0;0;0;0;0;0;0;0;1;0;0;0
"01/07/2018";"12:37:00";"33";"sem v�tima";"265,171";"BR-393/RJ";"Norte";"Colis�o lateral no mesmo sentido";2;0;0;0;0;0;0;0;0;0;6;0;0;0;0
"01/07/2018";"18:20:00";"48";"com v�tima";"171,239";"BR-393/RJ";"Sul";"Colis�o com ve�culos (frontal)";0;0;1;1;0;0;0;0;0;0;0;1;0;1;0
"01/07/2018";"23:18:00";"63";"com v�tima";"200";"BR-393/RJ";"Norte";"Acidentes de outra natureza";0;0;0;1;0;0;0;0;0;0;0;0;1;0;0
"03/07/2018";"12:01:00";"29";"sem v�tima";"282,5";"BR-393/RJ";"Sul";"Colis�o com ve�culos (traseira)";2;0;0;0;0;0;0;0;0;0;4;0;0;0;0
"03/07/2018";"15:56:00";"43";"sem v�tima";"285";"BR-393/RJ";"Sul";"Colis�o com ve�culos (traseira)";0;0;1;0;0;0;0;0;0;1;2;0;0;0;0
"03/07/2018";"18:40:00";"52";"sem v�tima";"280,132";"BR-393/RJ";"Norte";"Colis�o lateral no mesmo sentido";1;0;0;1;0;0;0;0;0;0;2;0;0;0;0
"03/07/2018";"18:42:00";"53";"com v�tima";"2,444";"Al�a Sul";"Sul";"Colis�o com ve�culos (traseira)";1;0;0;1;0;0;0;0;0;0;1;1;0;0;0
"05/07/2018";"16:14:00";"42";"com v�tima";"280,264";"BR-393/RJ";"Norte";"Acidentes de outra natureza";0;1;0;0;0;0;0;0;0;0;0;1;0;0;0
"06/07/2018";"19:40:00";"55";"sem v�tima";"153";"BR-393/RJ";"Norte";"Colis�o com ve�culos (frontal)";2;0;0;0;0;0;0;0;0;0;2;0;0;0;0
"07/07/2018";"20:58:00";"50";"com v�tima";"167,776";"BR-393/RJ";"Sul";"Colis�o lateral no sentido contr�rio";2;0;0;0;0;0;0;0;0;0;2;1;0;0;0
"08/07/2018";"03:53:00";"3";"com v�tima";"105,207";"BR-393/RJ";"Norte";"Acidentes de outra natureza";0;0;0;1;0;0;0;0;0;0;1;1;0;0;0
"08/07/2018";"07:33:00";"17";"com v�tima";"114,33";"BR-393/RJ";"Norte";"Tombamento";0;0;1;0;0;0;0;0;0;0;0;1;0;0;0
"08/07/2018";"13:59:00";"34";"com v�tima";"267,284";"BR-393/RJ";"Sul";"Capotamento";1;0;0;0;0;0;0;0;0;0;0;1;0;0;0
"08/07/2018";"18:51:00";"45";"sem v�tima";"284,584";"BR-393/RJ";"Norte";"Colis�o com ve�culos (traseira)";2;0;0;0;0;0;0;0;0;0;2;0;0;0;0
"08/07/2018";"19:55:00";"49";"sem v�tima";"284,566";"BR-393/RJ";"Norte";"Colis�o lateral no mesmo sentido";2;0;0;0;0;0;0;0;0;0;2;0;0;0;0
"09/07/2018";"18:32:00";"59";"sem v�tima";"159,7";"BR-393/RJ";"Norte";"Atropelamento de animais";2;0;0;0;0;0;0;0;0;0;2;0;0;0;0
"10/07/2018";"17:16:00";"44";"sem v�tima";"282";"BR-393/RJ";"Norte";"Engavetamento";3;0;0;0;0;0;0;0;0;0;3;0;0;0;0
"11/07/2018";"19:48:00";"56";"sem v�tima";"230,843";"BR-393/RJ";"Sul";"Colis�o com ve�culos (traseira)";1;0;2;0;0;0;0;0;0;0;4;0;0;0;0
"12/07/2018";"13:31:00";"50";"com v�tima";"255,64";"BR-393/RJ";"Norte";"Colis�o lateral no sentido contr�rio";2;0;0;0;0;0;0;0;0;0;0;2;1;0;0
"12/07/2018";"21:46:00";"77";"com v�tima";"111,123";"BR-393/RJ";"Norte";"Sa�das de pista";1;0;0;0;0;0;0;0;0;0;0;2;0;0;0
"13/07/2018";"00:47:00";"2";"com v�tima";"112,798";"BR-393/RJ";"Norte";"Colis�o com ve�culos (frontal)";1;0;1;0;0;0;0;0;0;0;0;1;0;0;1
"13/07/2018";"13:03:00";"37";"com v�tima";"135,506";"BR-393/RJ";"Sul";"Colis�o com ve�culos (traseira)";2;0;0;0;0;0;0;0;0;0;3;2;0;0;0
"13/07/2018";"18:15:00";"44";"com v�tima";"105,224";"BR-393/RJ";"Sul";"Colis�o lateral no sentido contr�rio";1;0;0;1;0;0;0;0;0;0;1;1;0;0;0
"14/07/2018";"04:02:00";"17";"sem v�tima";"279";"BR-393/RJ";"Sul";"Sa�das de pista";1;0;0;0;0;0;0;0;0;0;2;0;0;0;0
"14/07/2018";"11:58:00";"32";"com v�tima";"286,02";"BR-393/RJ";"Norte";"Atropelamento de pedestre";1;1;0;0;0;0;0;0;0;0;1;1;0;0;0
"15/07/2018";"00:35:00";"1";"sem v�tima";"279,673";"BR-393/RJ";"Norte";"Colis�o com ve�culos (traseira)";2;0;0;0;0;0;0;0;0;0;2;0;0;0;0
"15/07/2018";"06:26:00";"17";"com v�tima";"105,607";"BR-393/RJ";"Norte";"Colis�o com ve�culos (frontal)";0;0;1;1;1;0;0;0;0;0;24;0;1;0;0
"15/07/2018";"12:27:00";"29";"sem v�tima";"238,2";"BR-393/RJ";"Sul";"Colis�o c/ obst�culos";2;0;0;0;0;0;0;0;0;0;2;0;0;0;0
"15/07/2018";"21:12:00";"63";"com v�tima";"281";"BR-393/RJ";"Norte";"Colis�o lateral no sentido contr�rio";1;0;0;1;0;0;0;0;0;0;1;1;0;0;0
"16/07/2018";"06:32:00";"13";"com v�tima";"281,499";"BR-393/RJ";"Norte";"Colis�o c/ obst�culos";1;0;0;0;0;0;0;0;0;0;0;1;0;0;0
"18/07/2018";"14:39:00";"42";"com v�tima";"285,8";"BR-393/RJ";"Sul";"Colis�o com ve�culos (traseira)";1;0;0;1;0;0;0;0;0;0;1;1;0;0;0
"19/07/2018";"11:17:00";"34";"com v�tima";"255";"BR-393/RJ";"Norte";"Colis�o com ve�culos (traseira)";3;0;0;0;0;0;0;0;0;0;5;1;0;0;0
"19/07/2018";"14:44:00";"41";"sem v�tima";"110,949";"BR-393/RJ";"Norte";"Colis�o c/ obst�culos";1;0;0;0;0;0;0;0;0;0;2;0;0;0;0
"20/07/2018";"05:00:00";"15";"com v�tima";"183,859";"BR-393/RJ";"Norte";"Capotamento";1;0;0;0;0;0;0;0;0;0;0;3;2;0;0
"20/07/2018";"07:00:00";"19";"com v�tima";"249,242";"BR-393/RJ";"Norte";"Acidentes de outra natureza";0;0;0;1;0;0;0;0;0;0;0;1;0;0;0
"20/07/2018";"08:42:00";"20";"com v�tima";"238,677";"BR-393/RJ";"Norte";"Colis�o lateral no sentido contr�rio";2;0;0;0;0;0;0;0;0;0;1;3;0;0;0
"20/07/2018";"16:28:00";"40";"com v�tima";"168,637";"BR-393/RJ";"Norte";"Capotamento";1;0;0;0;0;0;0;0;0;0;0;2;0;0;0
"20/07/2018";"20:15:00";"59";"sem v�tima";"252,455";"BR-393/RJ";"Norte";"Colis�o lateral no sentido contr�rio";2;0;0;0;0;0;0;0;0;0;2;0;0;0;0
"21/07/2018";"09:36:00";"22";"com v�tima";"238,679";"BR-393/RJ";"Norte";"Colis�o lateral no sentido contr�rio";1;0;1;0;0;0;0;0;0;0;1;0;0;1;0
"21/07/2018";"12:26:00";"31";"com v�tima";"206,582";"BR-393/RJ";"Norte";"Colis�o lateral no sentido contr�rio";1;0;2;0;0;0;0;0;0;0;2;2;0;0;0
"21/07/2018";"19:58:00";"51";"sem v�tima";"200,677";"BR-393/RJ";"Sul";"Colis�o c/ obst�culos";1;0;0;0;0;0;0;0;0;0;1;0;0;0;0
"22/07/2018";"18:35:00";"66";"sem v�tima";"280,159";"BR-393/RJ";"Sul";"Colis�o c/ obst�culos";1;0;0;0;0;0;0;0;0;0;3;0;0;0;0
"23/07/2018";"14:04:00";"47";"sem v�tima";"282,29";"BR-393/RJ";"Norte";"Engavetamento";1;0;0;0;1;0;0;0;0;1;4;0;0;0;0
"24/07/2018";"13:27:00";"29";"com v�tima";"217,151";"BR-393/RJ";"Norte";"Colis�o c/ obst�culos";0;0;1;0;0;0;0;0;0;0;0;0;1;0;0
"25/07/2018";"05:18:00";"21";"com v�tima";"121,488";"BR-393/RJ";"Sul";"Tombamento";0;0;1;0;0;0;0;0;0;0;0;1;0;0;0
"25/07/2018";"10:58:00";"31";"com v�tima";"238";"BR-393/RJ";"Norte";"Colis�o c/ obst�culos";1;0;0;0;0;0;0;0;0;0;0;1;0;0;0
"25/07/2018";"14:46:00";"41";"com v�tima";"255,335";"BR-393/RJ";"Norte";"Colis�o Lateral Mesmo Sentido";0;0;1;1;0;0;0;0;0;0;2;1;0;0;0
"26/07/2018";"13:41:00";"51";"sem v�tima";"168,789";"BR-393/RJ";"Norte";"Colis�o lateral no sentido contr�rio";2;0;0;0;0;0;0;0;0;0;2;0;0;0;0
"26/07/2018";"19:14:00";"71";"sem v�tima";"210,325";"BR-393/RJ";"Sul";"Atropelamento de animais";0;0;1;0;0;0;0;0;0;0;3;0;0;0;0
"27/07/2018";"08:07:00";"17";"sem v�tima";"202,5";"BR-393/RJ";"Norte";"Atropelamento de animais";1;0;0;0;0;0;0;0;0;0;1;0;0;0;0
"27/07/2018";"08:45:00";"19";"sem v�tima";"283";"BR-393/RJ";"Norte";"Colis�o com ve�culos (frontal)";1;0;1;0;0;0;0;0;0;0;2;0;0;0;0
"27/07/2018";"12:45:00";"37";"com v�tima";"279,125";"BR-393/RJ";"Sul";"Colis�o Lateral Mesmo Sentido";1;0;0;1;0;0;0;0;0;0;1;1;0;0;0
"28/07/2018";"02:26:00";"2";"com v�tima";"123,642";"BR-393/RJ";"Sul";"Acidentes de outra natureza";0;0;0;1;0;0;0;0;0;0;1;0;1;0;0
"28/07/2018";"21:11:00";"56";"sem v�tima";"265,069";"BR-393/RJ";"Sul";"Colis�o Lateral Mesmo Sentido";2;0;0;0;0;0;0;0;0;0;4;0;0;0;0
"29/07/2018";"06:57:00";"20";"com v�tima";"250,341";"BR-393/RJ";"Norte";"Colis�o Lateral Mesmo Sentido";2;0;0;0;0;0;0;0;0;0;1;3;0;0;0
"29/07/2018";"19:42:00";"58";"com v�tima";"285,9";"BR-393/RJ";"Norte";"Colis�o lateral no sentido contr�rio";2;0;0;0;0;0;0;0;0;0;2;2;0;0;0
"30/07/2018";"13:17:00";"46";"com v�tima";"252";"BR-393/RJ";"Norte";"Acidentes de outra natureza";0;0;0;1;0;0;0;0;0;0;0;1;0;0;0
"30/07/2018";"16:43:00";"55";"com v�tima";"274";"BR-393/RJ";"Norte";"Atropelamento de pedestre";1;0;0;0;0;0;0;0;0;0;1;1;0;0;0
"31/07/2018";"04:47:00";"4";"sem v�tima";"218,3";"BR-393/RJ";"Sul";"Colis�o c/ obst�culos";0;0;0;1;0;0;0;0;0;0;1;0;0;0;0
"31/07/2018";"07:45:00";"19";"sem v�tima";"187";"BR-393/RJ";"Sul";"Colis�o c/ obst�culos";1;0;0;0;0;0;0;0;0;0;2;0;0;0;0
"01/08/2018";"08:44:00";"23";"sem v�tima";"236,748";"BR-393/RJ";"Sul";"Colis�o com ve�culos (traseira)";2;0;0;0;0;0;0;0;0;0;2;0;0;0;0
"01/08/2018";"16:15:00";"50";"sem v�tima";"254,099";"BR-393/RJ";"Sul";"Tombamento";0;0;1;0;0;0;0;0;0;0;1;0;0;0;0
"01/08/2018";"16:29:00";"51";"sem v�tima";"278,137";"BR-393/RJ";"Sul";"Colis�o com ve�culos (traseira)";0;0;2;0;0;0;0;0;0;0;2;0;0;0;0
"02/08/2018";"14:06:00";"42";"sem v�tima";"164,75";"BR-393/RJ";"Norte";"Tombamento";0;0;1;0;0;0;0;0;0;0;1;0;0;0;0
"02/08/2018";"15:00:00";"45";"sem v�tima";"173,809";"BR-393/RJ";"Norte";"Colis�o c/ obst�culos";1;0;0;0;0;0;0;0;0;0;1;0;0;0;0
"03/08/2018";"16:56:00";"48";"sem v�tima";"241,775";"BR-393/RJ";"Sul";"Sa�das de pista";1;0;0;0;0;0;0;0;0;0;3;0;0;0;0
"03/08/2018";"19:00:00";"60";"com v�tima";"284,235";"BR-393/RJ";"Norte";"Colis�o com ve�culos (traseira)";2;0;0;0;0;0;0;0;0;0;1;1;0;0;0
"03/08/2018";"19:23:00";"62";"com v�tima";"228,134";"BR-393/RJ";"Sul";"Colis�o com ve�culos (frontal)";1;0;1;0;0;0;0;0;0;0;1;0;0;1;0
"03/08/2018";"22:35:00";"66";"sem v�tima";"179,312";"BR-393/RJ";"Norte";"Colis�o com ve�culos (traseira)";1;0;1;0;0;0;0;0;0;0;4;0;0;0;0