fdata;horario;n_da_ocorrencia;tipo_de_ocorrencia;km;trecho;sentido;tipo_de_acidente;automovel;bicicleta;caminhao;moto;onibus;outros;tracao_animal;transporte_de_cargas_especiais;trator_maquinas;utilitarios;ilesos;levemente_feridos;moderadamente_feridos;gravemente_feridos;mortos
"04/08/2018";"00:55:00";"3";"com v�tima";"172,713";"BR-393/RJ";"Norte";"Sa�das de pista";1;0;0;0;0;0;0;0;0;0;0;1;0;0;0
"04/08/2018";"03:35:00";"15";"com v�tima";"229,874";"BR-393/RJ";"Norte";"Colis�o c/ obst�culos";1;0;0;0;0;0;0;0;0;0;0;2;0;0;0
"04/08/2018";"07:59:00";"20";"sem v�tima";"151,9";"BR-393/RJ";"Sul";"Sa�das de pista";1;0;0;0;0;0;0;0;0;0;2;0;0;0;0
"04/08/2018";"16:42:00";"50";"com v�tima";"268,315";"BR-393/RJ";"Sul";"Colis�o com ve�culos (traseira)";2;0;0;0;0;0;0;0;0;0;2;3;0;0;0
"04/08/2018";"17:29:00";"54";"com v�tima";"124,599";"BR-393/RJ";"Norte";"Tombamento";0;0;1;0;0;0;0;0;0;0;0;1;0;0;0
"05/08/2018";"22:13:00";"52";"sem v�tima";"218,295";"BR-393/RJ";"Sul";"Colis�o c/ obst�culos";0;0;1;0;0;0;0;0;0;0;1;0;0;0;0
"06/08/2018";"16:33:00";"48";"sem v�tima";"267,05";"BR-393/RJ";"Sul";"Sa�das de pista";1;0;0;0;0;0;0;0;0;0;1;0;0;0;0
"06/08/2018";"19:03:00";"52";"com v�tima";"236,554";"BR-393/RJ";"Sul";"Colis�o com ve�culos (traseira)";1;0;0;1;0;0;0;0;0;0;1;1;1;0;0
"06/08/2018";"19:20:00";"56";"com v�tima";"279,6";"BR-393/RJ";"Sul";"Atropelamento de pedestre";1;1;0;0;0;0;0;0;0;0;1;0;1;0;0
"06/08/2018";"21:09:00";"63";"com v�tima";"283,5";"BR-393/RJ";"Norte";"Colis�o lateral no sentido contr�rio";1;1;0;0;0;0;0;0;0;0;1;1;0;0;0
"07/08/2018";"06:49:00";"15";"com v�tima";"285,41";"BR-393/RJ";"Norte";"Colis�o lateral no sentido contr�rio";0;0;1;1;0;0;0;0;0;0;3;2;0;0;0
"07/08/2018";"07:50:00";"16";"com v�tima";"171,337";"BR-393/RJ";"Norte";"Sa�das de pista";1;0;1;0;0;0;0;0;0;0;0;2;0;0;0
"07/08/2018";"15:41:00";"34";"sem v�tima";"255,55";"BR-393/RJ";"Norte";"Colis�o lateral no sentido contr�rio";1;0;0;0;1;0;0;0;0;0;3;0;0;0;0
"09/08/2018";"08:56:00";"19";"sem v�tima";"175,8";"BR-393/RJ";"Norte";"Colis�o c/ obst�culos";1;0;0;0;0;0;0;0;0;0;2;0;0;0;0
"09/08/2018";"13:27:00";"34";"com v�tima";"283,594";"BR-393/RJ";"Sul";"Colis�o lateral no sentido contr�rio";1;0;0;1;0;0;0;0;0;0;1;1;0;0;0
"10/08/2018";"18:44:00";"66";"com v�tima";"106,729";"BR-393/RJ";"Norte";"Atropelamento - Outros";1;0;0;0;0;0;0;0;0;0;2;1;0;0;0
"11/08/2018";"16:28:00";"49";"sem v�tima";"283,607";"BR-393/RJ";"Sul";"Colis�o Lateral Mesmo Sentido";2;0;0;0;0;0;0;0;0;0;3;0;0;0;0
"12/08/2018";"02:28:00";"5";"com v�tima";"286,003";"BR-393/RJ";"Sul";"Colis�o com ve�culos (frontal)";1;0;0;1;0;0;0;0;0;0;0;2;0;0;1
"13/08/2018";"10:25:00";"28";"com v�tima";"106,341";"BR-393/RJ";"Norte";"Colis�o lateral no sentido contr�rio";1;0;0;1;0;0;0;0;0;0;1;1;0;0;0
"13/08/2018";"19:18:00";"60";"sem v�tima";"284,58";"BR-393/RJ";"Norte";"Colis�o com ve�culos (traseira)";2;0;0;0;0;0;0;0;0;0;2;0;0;0;0
"14/08/2018";"14:35:00";"36";"sem v�tima";"277,36";"BR-393/RJ";"Sul";"Capotamento";1;0;0;0;0;0;0;0;0;0;1;0;0;0;0
"15/08/2018";"00:44:00";"2";"com v�tima";"258,514";"BR-393/RJ";"Sul";"Colis�o lateral no sentido contr�rio";1;0;1;0;0;0;0;0;0;0;2;2;0;0;0
"16/08/2018";"10:06:00";"26";"com v�tima";"284,93";"BR-393/RJ";"Sul";"Colis�o c/ obst�culos";1;0;0;0;0;0;0;0;0;0;0;2;0;0;0
"16/08/2018";"20:19:00";"57";"com v�tima";"214,844";"BR-393/RJ";"Sul";"Colis�o lateral no sentido contr�rio";1;0;1;0;0;0;0;0;0;0;1;0;2;0;0
"16/08/2018";"21:52:00";"58";"com v�tima";"129,105";"BR-393/RJ";"Sul";"Atropelamento de pedestre";0;0;1;0;0;0;0;0;0;0;0;2;0;0;1
"17/08/2018";"12:24:00";"25";"com v�tima";"131,447";"BR-393/RJ";"Norte";"Atropelamento de pedestre";0;1;0;1;0;0;0;0;0;0;1;1;0;0;0
"17/08/2018";"16:38:00";"42";"com v�tima";"138,2";"BR-393/RJ";"Norte";"Sa�das de pista";1;0;0;0;0;0;0;0;0;0;1;1;0;0;0
"18/08/2018";"11:41:00";"34";"com v�tima";"246,167";"BR-393/RJ";"Norte";"Capotamento";0;0;0;1;0;0;0;0;0;0;0;0;0;0;1
"18/08/2018";"18:35:00";"53";"sem v�tima";"274,5";"BR-393/RJ";"Sul";"Colis�o com ve�culos (traseira)";2;0;0;0;0;0;0;0;0;0;2;0;0;0;0
"18/08/2018";"18:53:00";"57";"com v�tima";"236,788";"BR-393/RJ";"Norte";"Colis�o lateral no sentido contr�rio";1;0;0;1;0;0;0;0;0;0;1;2;0;0;0
"19/08/2018";"19:52:00";"52";"com v�tima";"278,917";"BR-393/RJ";"Norte";"Acidentes de outra natureza";0;0;0;1;0;0;0;0;0;0;0;1;0;0;0
"20/08/2018";"16:13:00";"42";"com v�tima";"268,35";"BR-393/RJ";"Sul";"Colis�o lateral no sentido contr�rio";2;0;0;0;0;0;0;0;0;0;0;2;0;0;0
"20/08/2018";"20:29:00";"58";"com v�tima";"280,444";"BR-393/RJ";"Sul";"Colis�o com ve�culos (traseira)";2;0;0;0;0;0;0;0;0;0;2;2;0;0;0
"22/08/2018";"03:08:00";"4";"sem v�tima";"206,308";"BR-393/RJ";"Sul";"Colis�o c/ obst�culos";0;0;1;0;0;0;0;0;0;0;1;0;0;0;0
"22/08/2018";"08:24:00";"20";"com v�tima";"168,039";"BR-393/RJ";"Norte";"Colis�o com ve�culos (frontal)";1;0;0;1;0;0;0;0;0;0;1;1;0;0;0
"22/08/2018";"16:09:00";"48";"com v�tima";"142,379";"BR-393/RJ";"Norte";"Atropelamento de pedestre";1;0;0;0;0;0;0;0;0;0;1;2;1;0;0
"22/08/2018";"19:00:00";"64";"com v�tima";"125,8";"BR-393/RJ";"Norte";"Colis�o com ve�culos (traseira)";1;0;1;0;0;0;0;0;0;0;1;1;0;0;0
"23/08/2018";"08:07:00";"28";"sem v�tima";"279,229";"BR-393/RJ";"Sul";"Colis�o com ve�culos (traseira)";2;0;0;0;0;0;0;0;0;0;2;0;0;0;0
"23/08/2018";"12:11:00";"38";"com v�tima";"202,548";"BR-393/RJ";"Sul";"Colis�o com ve�culos (traseira)";1;0;1;0;0;0;0;0;0;0;0;5;0;0;0
"23/08/2018";"19:32:00";"62";"com v�tima";"175,6";"BR-393/RJ";"Norte";"Colis�o Lateral Mesmo Sentido";1;0;0;1;0;0;0;0;0;0;1;1;0;0;0
"25/08/2018";"13:53:00";"38";"com v�tima";"252,403";"BR-393/RJ";"Norte";"Acidentes de outra natureza";0;0;0;1;0;0;0;0;0;0;0;1;0;0;0
"25/08/2018";"19:39:00";"54";"com v�tima";"167,77";"BR-393/RJ";"Norte";"Colis�o lateral no sentido contr�rio";1;0;0;1;0;0;0;0;0;0;1;1;0;0;0
"25/08/2018";"23:05:00";"64";"com v�tima";"285,61";"BR-393/RJ";"Norte";"Colis�o lateral no sentido contr�rio";2;0;0;0;0;0;0;0;0;0;3;1;0;0;0
"26/08/2018";"17:17:00";"42";"sem v�tima";"238,685";"BR-393/RJ";"Norte";"Colis�o lateral no sentido contr�rio";1;0;1;0;0;0;0;0;0;0;4;0;0;0;0
"27/08/2018";"08:23:00";"29";"sem v�tima";"258,045";"BR-393/RJ";"Norte";"Colis�o c/ obst�culos";1;0;0;0;0;0;0;0;0;0;1;0;0;0;0
"27/08/2018";"10:03:00";"35";"com v�tima";"144,337";"BR-393/RJ";"Sul";"Colis�o lateral no sentido contr�rio";0;0;1;1;0;0;0;0;0;0;0;1;0;1;0
"27/08/2018";"14:12:00";"47";"sem v�tima";"263,045";"BR-393/RJ";"Sul";"Colis�o c/ obst�culos";0;0;2;0;0;0;0;0;0;0;2;0;0;0;0
"28/08/2018";"17:20:00";"48";"com v�tima";"281,73";"BR-393/RJ";"Sul";"Colis�o com ve�culos (traseira)";1;0;0;1;0;0;0;0;0;0;1;1;0;0;0
"28/08/2018";"18:33:00";"50";"sem v�tima";"279";"BR-393/RJ";"Norte";"Colis�o lateral no sentido contr�rio";1;0;0;0;1;0;0;0;0;0;2;0;0;0;0
"29/08/2018";"06:15:00";"19";"com v�tima";"153,583";"BR-393/RJ";"Sul";"Tombamento";0;0;1;0;0;0;0;0;0;0;0;1;0;0;1
"29/08/2018";"22:26:00";"61";"com v�tima";"219";"BR-393/RJ";"Norte";"Colis�o com ve�culos (traseira)";0;0;0;1;1;0;0;0;0;0;18;0;1;0;0
"30/08/2018";"08:01:00";"28";"sem v�tima";"284";"BR-393/RJ";"Norte";"Colis�o lateral no sentido contr�rio";2;0;0;0;0;0;0;0;0;0;2;0;0;0;0
"30/08/2018";"19:32:00";"78";"sem v�tima";"134,113";"BR-393/RJ";"Norte";"Colis�o lateral no sentido contr�rio";1;0;1;0;0;0;0;0;0;0;4;0;0;0;0
"30/08/2018";"20:15:00";"81";"com v�tima";"285,4";"BR-393/RJ";"Sul";"Atropelamento de pedestre";1;1;0;0;0;0;0;0;0;0;1;0;1;0;0
"31/08/2018";"10:38:00";"46";"sem v�tima";"195";"BR-393/RJ";"Norte";"Colis�o c/ obst�culos";2;0;0;0;0;0;0;0;0;0;2;0;0;0;0
"31/08/2018";"13:38:00";"60";"com v�tima";"230,852";"BR-393/RJ";"Sul";"Sa�das de pista";1;0;0;0;0;0;0;0;0;0;0;3;0;0;0
"31/08/2018";"20:28:00";"89";"sem v�tima";"286,001";"BR-393/RJ";"Norte";"Colis�o com ve�culos (traseira)";2;0;0;0;0;0;0;0;0;0;2;0;0;0;0
"02/09/2018";"23:47:00";"66";"com v�tima";"238,628";"BR-393/RJ";"Norte";"Colis�o lateral no sentido contr�rio";1;0;0;0;1;0;0;0;0;0;1;1;0;0;0
"03/09/2018";"09:35:00";"24";"com v�tima";"103,937";"BR-393/RJ";"Norte";"Colis�o com ve�culos (traseira)";1;0;0;1;0;0;0;0;0;0;1;1;0;0;0
"03/09/2018";"10:22:00";"27";"com v�tima";"200,468";"BR-393/RJ";"Norte";"Colis�o lateral no sentido contr�rio";1;0;1;0;0;0;0;0;0;0;0;2;0;0;0
"03/09/2018";"12:15:00";"32";"sem v�tima";"136,502";"BR-393/RJ";"Norte";"Colis�o lateral no mesmo sentido";0;0;1;0;1;0;0;0;0;0;2;0;0;0;0
"03/09/2018";"20:37:00";"71";"sem v�tima";"236,595";"BR-393/RJ";"Norte";"Colis�o com ve�culos (traseira)";2;0;0;0;0;0;0;0;0;0;2;0;0;0;0
"04/09/2018";"04:05:00";"10";"com v�tima";"139,5";"BR-393/RJ";"Sul";"Sa�das de pista";0;0;1;0;0;0;0;0;0;0;0;1;0;0;0
"04/09/2018";"13:52:00";"48";"com v�tima";"188,318";"BR-393/RJ";"Sul";"Colis�o c/ obst�culos";1;0;0;0;0;0;0;0;0;0;0;1;0;0;0
"05/09/2018";"05:24:00";"15";"com v�tima";"239,615";"BR-393/RJ";"Norte";"Sa�das de pista";1;0;0;0;0;0;0;0;0;0;0;1;0;0;0
"05/09/2018";"17:10:00";"58";"com v�tima";"237,124";"BR-393/RJ";"Sul";"Colis�o lateral no mesmo sentido";2;0;0;0;0;0;0;0;0;0;2;1;0;0;0
"06/09/2018";"03:05:00";"5";"com v�tima";"132,05";"BR-393/RJ";"Norte";"Colis�o c/ obst�culos";1;0;0;0;0;0;0;0;0;0;1;1;0;0;0
"06/09/2018";"15:43:00";"53";"com v�tima";"103,79";"BR-393/RJ";"Norte";"Colis�o com ve�culos (frontal)";0;0;1;1;0;0;0;0;0;0;1;0;0;1;1
"06/09/2018";"18:14:00";"64";"com v�tima";"135,737";"BR-393/RJ";"Sul";"Sa�das de pista";1;0;0;0;0;0;0;0;0;0;0;1;0;0;0
"06/09/2018";"18:50:00";"68";"sem v�tima";"267,734";"BR-393/RJ";"Norte";"Atropelamento de animais";0;0;1;0;0;0;0;0;0;0;1;0;0;0;0
"06/09/2018";"21:15:00";"75";"sem v�tima";"110,5";"BR-393/RJ";"Norte";"Colis�o com ve�culos (traseira)";1;0;0;1;0;0;0;0;0;0;2;0;0;0;0
"07/09/2018";"21:08:00";"66";"com v�tima";"175,6";"BR-393/RJ";"Norte";"Acidentes de outra natureza";0;0;0;1;0;0;0;0;0;0;0;1;0;0;0
"08/09/2018";"09:51:00";"23";"com v�tima";"171,762";"BR-393/RJ";"Sul";"Colis�o com ve�culos (traseira)";2;0;0;0;0;0;0;0;0;0;4;1;0;0;0
"08/09/2018";"13:47:00";"38";"sem v�tima";"238";"BR-393/RJ";"Sul";"Colis�o c/ obst�culos";1;0;0;0;0;0;0;0;0;0;1;0;0;0;0
"08/09/2018";"20:02:00";"56";"sem v�tima";"284,225";"BR-393/RJ";"Norte";"Colis�o lateral no mesmo sentido";1;0;1;0;0;0;0;0;0;0;2;0;0;0;0
"09/09/2018";"16:30:00";"40";"sem v�tima";"212,087";"BR-393/RJ";"Norte";"Colis�o com ve�culos (traseira)";2;0;0;0;0;0;0;0;0;0;4;0;0;0;0
"09/09/2018";"17:19:00";"43";"com v�tima";"252,389";"BR-393/RJ";"Norte";"Colis�o lateral no sentido contr�rio";1;0;1;0;0;0;0;0;0;0;1;2;1;0;0
"09/09/2018";"19:28:00";"51";"com v�tima";"110,231";"BR-393/RJ";"Norte";"Capotamento";1;0;0;0;0;0;0;0;0;0;0;1;0;0;0
"10/09/2018";"08:28:00";"20";"sem v�tima";"282,178";"BR-393/RJ";"Sul";"Engavetamento";3;0;0;0;0;0;0;0;0;0;4;0;0;0;0
"10/09/2018";"18:31:00";"52";"sem v�tima";"130,361";"BR-393/RJ";"Sul";"Saida de Pista";0;0;1;0;0;0;0;0;0;0;1;0;0;0;0
"10/09/2018";"19:12:00";"54";"com v�tima";"232,7";"BR-393/RJ";"Sul";"Colis�o lateral no sentido contr�rio";2;0;0;0;0;0;0;0;0;0;1;2;1;0;0
"11/09/2018";"19:58:00";"99";"com v�tima";"286,003";"BR-393/RJ";"Sul";"Colis�o lateral no sentido contr�rio";1;0;0;1;0;0;0;0;0;0;0;2;0;0;0
"11/09/2018";"23:57:00";"111";"com v�tima";"224,408";"BR-393/RJ";"Norte";"Colis�o lateral no sentido contr�rio";0;0;1;0;0;0;0;0;0;1;0;2;0;0;0
"13/09/2018";"14:12:00";"36";"com v�tima";"190,342";"BR-393/RJ";"Norte";"Colis�o lateral no sentido contr�rio";2;0;0;0;0;0;0;0;0;0;0;3;1;0;0
"14/09/2018";"07:37:00";"18";"com v�tima";"274,8";"BR-393/RJ";"Sul";"Sa�das de pista";1;0;0;0;0;0;0;0;0;0;0;2;0;0;0
"14/09/2018";"22:23:00";"89";"sem v�tima";"265";"BR-393/RJ";"Sul";"Engavetamento";1;0;1;0;0;0;0;0;0;1;7;0;0;0;0
"15/09/2018";"00:02:00";"1";"sem v�tima";"284,349";"BR-393/RJ";"Norte";"Colis�o com ve�culos (traseira)";2;0;0;0;0;0;0;0;0;0;2;0;0;0;0
"15/09/2018";"01:39:00";"3";"com v�tima";"108,232";"BR-393/RJ";"Norte";"Colis�o c/ obst�culos";0;0;1;0;0;0;0;0;0;0;0;0;1;0;0
"15/09/2018";"09:11:00";"22";"sem v�tima";"274";"BR-393/RJ";"Sul";"Sa�das de pista";1;0;0;0;0;0;0;0;0;0;1;0;0;0;0
"15/09/2018";"16:11:00";"50";"sem v�tima";"168";"BR-393/RJ";"Sul";"Sa�das de pista";1;0;0;0;0;0;0;0;0;0;1;0;0;0;0
"15/09/2018";"18:40:00";"54";"sem v�tima";"209,649";"BR-393/RJ";"Sul";"Colis�o c/ obst�culos";0;0;0;1;0;0;0;0;0;0;2;0;0;0;0
"16/09/2018";"11:13:00";"36";"com v�tima";"190,705";"BR-393/RJ";"Norte";"Colis�o c/ obst�culos";1;0;0;0;0;0;0;0;0;0;0;2;0;0;0
"16/09/2018";"23:07:00";"65";"sem v�tima";"235,99";"BR-393/RJ";"Norte";"Sa�das de pista";1;0;0;0;0;0;0;0;0;0;2;0;0;0;0
"17/09/2018";"14:05:00";"38";"sem v�tima";"263";"BR-393/RJ";"Sul";"Sa�das de pista";1;0;0;0;0;0;0;0;0;0;1;0;0;0;0
"18/09/2018";"08:15:00";"24";"sem v�tima";"275,704";"BR-393/RJ";"Norte";"Colis�o com ve�culos (traseira)";2;0;0;0;0;0;0;0;0;0;4;0;0;0;0
"18/09/2018";"16:53:00";"67";"com v�tima";"275";"BR-393/RJ";"Norte";"Queda de Moto";0;0;0;1;0;0;0;0;0;0;0;1;0;0;0
"20/09/2018";"23:42:00";"61";"com v�tima";"101,9";"BR-393/RJ";"Norte";"Colis�o c/ obst�culos";1;0;0;0;0;0;0;0;0;0;0;0;0;1;0
"21/09/2018";"06:50:00";"18";"com v�tima";"278,715";"BR-393/RJ";"Norte";"Colis�o lateral no sentido contr�rio";2;0;0;0;0;0;0;0;0;0;0;2;0;0;0
"21/09/2018";"07:19:00";"21";"com v�tima";"285,18";"BR-393/RJ";"Sul";"Colis�o com ve�culos (frontal)";1;0;0;0;1;0;0;0;0;0;0;2;0;0;0
"21/09/2018";"09:01:00";"25";"sem v�tima";"155,5";"BR-393/RJ";"Norte";"Colis�o com ve�culos (traseira)";0;0;2;0;0;0;0;0;0;0;2;0;0;0;0
"21/09/2018";"14:40:00";"38";"sem v�tima";"159";"BR-393/RJ";"Norte";"Colis�o lateral no mesmo sentido";1;0;2;0;0;0;0;0;0;0;3;0;0;0;0
"21/09/2018";"18:39:00";"54";"com v�tima";"125,858";"BR-393/RJ";"Sul";"Colis�o com ve�culos (traseira)";0;0;1;0;1;0;0;0;0;0;3;1;0;0;0
"22/09/2018";"16:31:00";"42";"sem v�tima";"254";"BR-393/RJ";"Sul";"Colis�o lateral no mesmo sentido";1;0;1;0;0;0;0;0;0;0;3;0;0;0;0
"22/09/2018";"21:51:00";"56";"com v�tima";"282,9";"BR-393/RJ";"Sul";"Atropelamento de pedestre";0;1;1;0;0;0;0;0;0;0;1;0;0;1;0
"23/09/2018";"09:40:00";"30";"sem v�tima";"167,729";"BR-393/RJ";"Norte";"Engavetamento";2;0;1;0;0;0;0;0;0;0;5;0;0;0;0
"23/09/2018";"10:08:00";"33";"sem v�tima";"127,931";"BR-393/RJ";"Sul";"Colis�o c/ obst�culos";1;0;0;0;0;0;0;0;0;0;1;0;0;0;0
"24/09/2018";"00:22:00";"2";"sem v�tima";"278,891";"BR-393/RJ";"Sul";"Colis�o com ve�culos (traseira)";2;0;0;0;0;0;0;0;0;0;4;0;0;0;0
"24/09/2018";"08:07:00";"29";"com v�tima";"286,001";"BR-393/RJ";"Norte";"Colis�o lateral no mesmo sentido";1;0;1;0;0;0;0;0;0;0;1;1;0;0;0
"26/09/2018";"07:37:00";"20";"sem v�tima";"177,794";"BR-393/RJ";"Norte";"Colis�o com ve�culos (traseira)";1;0;1;0;0;0;0;0;0;0;2;0;0;0;0
"26/09/2018";"12:22:00";"47";"sem v�tima";"265,125";"BR-393/RJ";"Norte";"Acidentes de outra natureza";0;0;0;1;0;0;0;0;0;0;1;0;0;0;0
"26/09/2018";"19:21:00";"79";"com v�tima";"179,3";"BR-393/RJ";"Sul";"Colis�o com ve�culos (traseira)";0;0;1;1;0;0;0;0;0;0;1;0;1;0;0
"26/09/2018";"21:53:00";"94";"com v�tima";"134,96";"BR-393/RJ";"Norte";"Colis�o com ve�culos (frontal)";1;0;0;0;1;0;0;0;0;0;1;15;0;0;1
"27/09/2018";"06:00:00";"18";"com v�tima";"256,831";"BR-393/RJ";"Sul";"Objeto lan�ado contra ve�culo";2;0;0;0;0;0;0;0;0;0;4;1;0;0;0
"27/09/2018";"08:32:00";"25";"com v�tima";"189,488";"BR-393/RJ";"Norte";"Sa�das de pista";1;0;0;0;0;0;0;0;0;0;0;1;0;0;0
"27/09/2018";"10:04:00";"30";"sem v�tima";"286";"BR-393/RJ";"Norte";"Colis�o lateral no sentido contr�rio";2;0;0;0;0;0;0;0;0;0;2;0;0;0;0
"27/09/2018";"20:21:00";"73";"com v�tima";"235,2";"BR-393/RJ";"Sul";"Colis�o lateral no sentido contr�rio";2;0;0;0;0;0;0;0;0;0;0;2;0;0;0
"27/09/2018";"21:47:00";"75";"sem v�tima";"284,616";"BR-393/RJ";"Sul";"Engavetamento";3;0;0;0;0;0;0;0;0;0;7;0;0;0;0
"28/09/2018";"07:38:00";"9";"com v�tima";"110";"BR-393/RJ";"Norte";"Colis�o com ve�culos (traseira)";1;0;0;1;0;0;0;0;0;0;1;0;1;0;0
"28/09/2018";"09:47:00";"15";"com v�tima";"282";"BR-393/RJ";"Norte";"Colis�o lateral no sentido contr�rio";1;0;0;1;0;0;0;0;0;0;1;0;1;0;0
"28/09/2018";"17:56:00";"38";"sem v�tima";"139,5";"BR-393/RJ";"Sul";"Sa�das de pista";1;0;0;0;0;0;0;0;0;0;2;0;0;0;0
"28/09/2018";"18:40:00";"44";"sem v�tima";"254,465";"BR-393/RJ";"Sul";"Colis�o lateral no sentido contr�rio";1;0;1;0;0;0;0;0;0;0;2;0;0;0;0
"28/09/2018";"19:02:00";"47";"com v�tima";"133";"BR-393/RJ";"Sul";"Colis�o lateral no sentido contr�rio";1;0;1;0;0;0;0;0;0;0;1;1;0;0;0
"29/09/2018";"03:43:00";"11";"sem v�tima";"103,4";"BR-393/RJ";"Norte";"Capotamento";1;0;0;0;0;0;0;0;0;0;1;0;0;0;0
"29/09/2018";"07:27:00";"14";"com v�tima";"281,33";"BR-393/RJ";"Norte";"Colis�o c/ obst�culos";1;0;0;0;0;0;0;0;0;0;0;1;0;0;0
"30/09/2018";"01:01:00";"1";"sem v�tima";"186,903";"BR-393/RJ";"Sul";"Colis�o c/ obst�culos";1;0;0;0;0;0;0;0;0;0;3;0;0;0;0
"01/10/2018";"06:23:00";"18";"com v�tima";"284,456";"BR-393/RJ";"Sul";"Engavetamento";3;0;0;0;0;0;0;0;0;0;4;1;0;0;0
"01/10/2018";"22:08:00";"68";"sem v�tima";"125";"BR-393/RJ";"Norte";"Colis�o com ve�culos (traseira)";1;0;1;0;0;0;0;0;0;0;2;0;0;0;0
"02/10/2018";"03:54:00";"2";"sem v�tima";"249,025";"BR-393/RJ";"Sul";"Colis�o c/ obst�culos";0;0;1;0;0;0;0;0;0;0;1;0;0;0;0
"02/10/2018";"10:58:00";"25";"sem v�tima";"106,962";"BR-393/RJ";"Norte";"Colis�o com ve�culos (traseira)";0;0;2;0;0;0;0;0;0;0;2;0;0;0;0
"02/10/2018";"17:52:00";"50";"com v�tima";"103";"BR-393/RJ";"Norte";"Colis�o lateral no sentido contr�rio";0;0;1;1;0;0;0;0;0;0;1;1;1;0;0
"03/10/2018";"12:26:00";"38";"sem v�tima";"285,455";"BR-393/RJ";"Norte";"Colis�o lateral no sentido contr�rio";2;0;0;0;0;0;0;0;0;0;2;0;0;0;0
"03/10/2018";"15:22:00";"43";"sem v�tima";"178,226";"BR-393/RJ";"Sul";"Colis�o com ve�culos (traseira)";1;0;1;0;0;0;0;0;0;0;3;0;0;0;0
"03/10/2018";"17:56:00";"48";"sem v�tima";"281,162";"BR-393/RJ";"Sul";"Colis�o lateral no mesmo sentido";1;0;0;0;0;0;0;0;0;1;8;0;0;0;0
"04/10/2018";"12:21:00";"41";"sem v�tima";"285,2";"BR-393/RJ";"Norte";"Engavetamento";3;0;0;0;0;0;0;0;0;0;5;0;0;0;0
"04/10/2018";"19:17:00";"70";"com v�tima";"142,8";"BR-393/RJ";"Norte";"Colis�o lateral no sentido contr�rio";1;0;1;0;0;0;0;0;0;0;1;2;0;0;0
"05/10/2018";"13:37:00";"48";"com v�tima";"175,53";"BR-393/RJ";"Norte";"Colis�o lateral no mesmo sentido";1;0;1;0;0;0;0;0;0;0;0;2;0;0;0
"05/10/2018";"15:54:00";"54";"com v�tima";"274,2";"BR-393/RJ";"Norte";"Tombamento";0;0;1;0;0;0;0;0;0;0;0;2;0;0;0
"05/10/2018";"22:46:00";"67";"sem v�tima";"285,494";"BR-393/RJ";"Norte";"Colis�o lateral no mesmo sentido";1;0;0;1;0;0;0;0;0;0;3;0;0;0;0
"06/10/2018";"06:34:00";"15";"sem v�tima";"275,4";"BR-393/RJ";"Sul";"Colis�o lateral no sentido contr�rio";0;0;2;0;0;0;0;0;0;0;2;0;0;0;0
"06/10/2018";"15:42:00";"42";"com v�tima";"217,606";"BR-393/RJ";"Norte";"Colis�o lateral no sentido contr�rio";3;0;0;0;0;0;0;0;0;0;2;1;0;0;0
"07/10/2018";"05:43:00";"13";"sem v�tima";"283,638";"BR-393/RJ";"Norte";"Colis�o c/ obst�culos";1;0;0;0;0;0;0;0;0;0;1;0;0;0;0
"07/10/2018";"06:03:00";"14";"com v�tima";"246,923";"BR-393/RJ";"Norte";"Colis�o c/ obst�culos";1;0;0;0;0;0;0;0;0;0;0;0;1;0;0
"07/10/2018";"18:10:00";"45";"com v�tima";"238,587";"BR-393/RJ";"Norte";"Colis�o lateral no sentido contr�rio";1;0;1;0;0;0;0;0;0;0;0;3;0;0;0
"08/10/2018";"09:28:00";"25";"sem v�tima";"283,112";"BR-393/RJ";"Norte";"Colis�o lateral no sentido contr�rio";1;0;1;0;0;0;0;0;0;0;2;0;0;0;0
"10/10/2018";"23:25:00";"68";"sem v�tima";"280,077";"BR-393/RJ";"Norte";"Colis�o com ve�culos (traseira)";1;0;1;0;0;0;0;0;0;0;2;0;0;0;0
"11/10/2018";"16:23:00";"41";"com v�tima";"258";"BR-393/RJ";"Norte";"Colis�o lateral no sentido contr�rio";1;0;0;0;0;0;0;0;0;1;6;1;0;0;0
"11/10/2018";"18:49:00";"47";"com v�tima";"236,567";"BR-393/RJ";"Norte";"Engavetamento";2;0;0;1;0;0;0;0;0;0;2;1;0;0;0
"12/10/2018";"07:00:00";"16";"com v�tima";"114,37";"BR-393/RJ";"Norte";"Colis�o c/ obst�culos";1;0;0;0;0;0;0;0;0;0;0;1;0;0;0
"12/10/2018";"12:11:00";"25";"com v�tima";"232,081";"BR-393/RJ";"Norte";"Colis�o lateral no sentido contr�rio";2;0;0;0;0;0;0;0;0;0;5;2;0;0;0
"12/10/2018";"20:09:00";"47";"com v�tima";"199,849";"BR-393/RJ";"Sul";"Capotamento";1;0;0;0;0;0;0;0;0;0;0;1;0;0;0
"12/10/2018";"21:07:00";"49";"com v�tima";"114,369";"BR-393/RJ";"Norte";"Tombamento";0;0;1;0;0;0;0;0;0;0;0;1;0;0;0