fdata;horario;n_da_ocorrencia;tipo_de_ocorrencia;km;trecho;sentido;tipo_de_acidente;automovel;bicicleta;caminhao;moto;onibus;outros;tracao_animal;transporte_de_cargas_especiais;trator_maquinas;utilitarios;ilesos;levemente_feridos;moderadamente_feridos;gravemente_feridos;mortos
"12/10/2018";"22:51:00";"53";"com v�tima";"242,518";"BR-393/RJ";"Sul";"Saida de Pista";1;0;0;0;0;0;0;0;0;0;1;1;0;0;0
"13/10/2018";"00:47:00";"2";"sem v�tima";"233,173";"BR-393/RJ";"Sul";"Acidentes de outra natureza";0;0;0;1;0;0;0;0;0;0;1;0;0;0;0
"13/10/2018";"18:13:00";"41";"com v�tima";"281,429";"BR-393/RJ";"Sul";"Atropelamento de pedestre";1;0;0;0;0;0;0;0;0;0;1;0;1;0;0
"14/10/2018";"05:16:00";"16";"sem v�tima";"262,919";"BR-393/RJ";"Sul";"Capotamento";1;0;0;0;0;0;0;0;0;0;1;0;0;0;0
"14/10/2018";"11:59:00";"32";"com v�tima";"286,001";"BR-393/RJ";"Norte";"Atropelamento de pedestre";1;0;0;0;0;0;0;0;0;0;0;1;0;1;0
"17/10/2018";"10:43:00";"37";"com v�tima";"227,896";"BR-393/RJ";"Norte";"Colis�o lateral no mesmo sentido";1;0;0;1;0;0;0;0;0;0;1;1;0;0;0
"18/10/2018";"10:33:00";"30";"sem v�tima";"265";"BR-393/RJ";"Norte";"Colis�o c/ obst�culos";0;0;1;0;0;0;0;0;0;0;1;0;0;0;0
"19/10/2018";"05:02:00";"15";"com v�tima";"269,394";"BR-393/RJ";"Sul";"Capotamento";1;0;0;0;0;0;0;0;0;0;0;1;0;0;0
"19/10/2018";"12:00:00";"38";"sem v�tima";"132";"BR-393/RJ";"Sul";"Colis�o lateral no mesmo sentido";1;0;1;0;0;0;0;0;0;0;4;0;0;0;0
"19/10/2018";"16:35:00";"49";"com v�tima";"132,394";"BR-393/RJ";"Sul";"Colis�o com ve�culos (frontal)";1;0;0;1;0;0;0;0;0;0;1;0;0;1;0
"19/10/2018";"19:00:00";"53";"com v�tima";"282,614";"BR-393/RJ";"Sul";"Colis�o com ve�culos (traseira)";1;0;0;1;0;0;0;0;0;0;0;2;0;0;0
"20/10/2018";"13:43:00";"32";"sem v�tima";"271,953";"BR-393/RJ";"Sul";"Colis�o c/ obst�culos";1;0;1;0;0;0;0;0;0;0;7;0;0;0;0
"20/10/2018";"18:42:00";"44";"com v�tima";"256,87";"BR-393/RJ";"Norte";"Colis�o lateral no sentido contr�rio";1;0;0;1;0;0;0;0;0;0;1;0;1;0;0
"20/10/2018";"20:15:00";"48";"com v�tima";"283,048";"BR-393/RJ";"Sul";"Colis�o lateral no sentido contr�rio";2;0;0;0;0;0;0;0;0;0;0;2;1;0;0
"21/10/2018";"03:22:00";"6";"com v�tima";"281,936";"BR-393/RJ";"Sul";"Acidentes de outra natureza";0;0;0;1;0;0;0;0;0;0;0;1;0;0;0
"21/10/2018";"13:23:00";"44";"com v�tima";"155,528";"BR-393/RJ";"Norte";"Tombamento";0;0;1;0;0;0;0;0;0;0;0;1;0;0;0
"22/10/2018";"01:02:00";"12";"com v�tima";"0,6";"Al�a Sul";"Norte";"Colis�o com ve�culos (frontal)";2;0;0;0;0;0;0;0;0;0;0;0;0;1;1
"23/10/2018";"12:26:00";"40";"com v�tima";"167";"BR-393/RJ";"Norte";"Colis�o com ve�culos (traseira)";1;0;1;0;0;0;0;0;0;0;2;1;0;0;0
"24/10/2018";"02:06:00";"10";"com v�tima";"207,093";"BR-393/RJ";"Sul";"Saida de Pista";0;0;1;0;0;0;0;0;0;0;0;2;0;0;0
"24/10/2018";"02:17:00";"11";"com v�tima";"111,19";"BR-393/RJ";"Sul";"Colis�o c/ obst�culos";1;0;0;0;0;0;0;0;0;0;0;1;0;0;0
"24/10/2018";"04:51:00";"16";"sem v�tima";"168";"BR-393/RJ";"Sul";"Colis�o c/ obst�culos";1;0;0;0;0;0;0;0;0;0;2;0;0;0;0
"24/10/2018";"12:19:00";"43";"com v�tima";"274,098";"BR-393/RJ";"Sul";"Tombamento";0;0;1;0;0;0;0;0;0;0;0;0;2;0;0
"24/10/2018";"15:13:00";"49";"com v�tima";"107,091";"BR-393/RJ";"Sul";"Colis�o lateral no mesmo sentido";1;0;0;1;0;0;0;0;0;0;1;1;0;0;0
"24/10/2018";"15:33:00";"50";"sem v�tima";"238,6";"BR-393/RJ";"Sul";"Saida de Pista";1;0;0;0;0;0;0;0;0;0;4;0;0;0;0
"24/10/2018";"19:49:00";"71";"sem v�tima";"286";"BR-393/RJ";"Norte";"Colis�o com ve�culos (traseira)";2;0;0;0;0;0;0;0;0;0;2;0;0;0;0
"25/10/2018";"08:05:00";"21";"com v�tima";"181,61";"BR-393/RJ";"Norte";"Engavetamento";1;0;2;0;0;0;0;0;0;0;0;3;0;0;0
"25/10/2018";"08:53:00";"23";"com v�tima";"110,2";"BR-393/RJ";"Sul";"Saida de Pista";0;0;1;0;0;0;0;0;0;0;0;1;0;0;0
"25/10/2018";"10:33:00";"25";"sem v�tima";"251,662";"BR-393/RJ";"Norte";"Colis�o c/ obst�culos";1;0;0;0;0;0;0;0;0;0;2;0;0;0;0
"25/10/2018";"11:59:00";"29";"com v�tima";"262,992";"BR-393/RJ";"Norte";"Colis�o lateral no mesmo sentido";1;0;1;0;0;0;0;0;0;0;1;0;0;2;0
"25/10/2018";"14:00:00";"35";"sem v�tima";"265,072";"BR-393/RJ";"Sul";"Colis�o com ve�culos (traseira)";1;0;1;0;0;0;0;0;0;0;2;0;0;0;0
"25/10/2018";"15:25:00";"37";"com v�tima";"153,639";"BR-393/RJ";"Norte";"Capotamento";0;0;1;0;0;0;0;0;0;0;0;2;0;0;0
"25/10/2018";"19:25:00";"49";"com v�tima";"256,136";"BR-393/RJ";"Norte";"Colis�o com ve�culos (frontal)";2;0;0;0;0;0;0;0;0;0;2;1;0;1;0
"25/10/2018";"21:33:00";"54";"com v�tima";"252,384";"BR-393/RJ";"Sul";"Colis�o lateral no sentido contr�rio";1;0;1;0;0;0;0;0;0;0;1;1;0;0;0
"26/10/2018";"02:45:00";"3";"sem v�tima";"238,95";"BR-393/RJ";"Sul";"Colis�o c/ obst�culos";1;0;0;0;0;0;0;0;0;0;1;0;0;0;0
"26/10/2018";"03:13:00";"6";"sem v�tima";"191,613";"BR-393/RJ";"Norte";"Saida de Pista";0;0;1;0;0;0;0;0;0;0;1;0;0;0;0
"26/10/2018";"16:09:00";"41";"com v�tima";"168";"BR-393/RJ";"Sul";"Atropelamento de pedestre";1;1;0;0;0;0;0;0;0;0;1;1;0;0;0
"26/10/2018";"19:12:00";"49";"com v�tima";"218,353";"BR-393/RJ";"Norte";"Colis�o lateral no sentido contr�rio";1;0;0;1;0;0;0;0;0;0;1;0;2;0;0
"27/10/2018";"00:12:00";"1";"sem v�tima";"274,715";"BR-393/RJ";"Sul";"Saida de Pista";1;0;0;0;0;0;0;0;0;0;1;0;0;0;0
"27/10/2018";"11:01:00";"32";"sem v�tima";"286";"BR-393/RJ";"Norte";"Colis�o com ve�culos (traseira)";1;0;0;1;0;0;0;0;0;0;2;0;0;0;0
"27/10/2018";"18:43:00";"46";"sem v�tima";"285";"BR-393/RJ";"Norte";"Colis�o lateral no mesmo sentido";1;0;0;1;0;0;0;0;0;0;2;0;0;0;0
"28/10/2018";"00:28:00";"1";"com v�tima";"1,594";"Al�a Sul";"Sul";"Capotamento";1;0;0;0;0;0;0;0;0;0;3;2;0;0;0
"28/10/2018";"16:39:00";"43";"sem v�tima";"190,2";"BR-393/RJ";"Norte";"Capotamento";1;0;0;0;0;0;0;0;0;0;2;0;0;0;0
"29/10/2018";"06:54:00";"18";"sem v�tima";"204,538";"BR-393/RJ";"Norte";"Tombamento";0;0;1;0;0;0;0;0;0;0;1;0;0;0;0
"29/10/2018";"10:17:00";"25";"sem v�tima";"182,43";"BR-393/RJ";"Sul";"Colis�o c/ obst�culos";0;0;1;0;0;0;0;0;0;0;1;0;0;0;0
"30/10/2018";"11:48:00";"34";"com v�tima";"155";"BR-393/RJ";"Norte";"Colis�o lateral no sentido contr�rio";2;0;1;0;0;0;0;0;0;0;2;1;1;0;0
"31/10/2018";"11:21:00";"29";"com v�tima";"232,7";"BR-393/RJ";"Sul";"Colis�o lateral no sentido contr�rio";1;0;0;1;0;0;0;0;0;0;1;0;1;0;0
"31/10/2018";"16:58:00";"42";"com v�tima";"134,17";"BR-393/RJ";"Norte";"Colis�o lateral no mesmo sentido";2;0;0;0;0;0;0;0;0;0;1;2;1;0;0
"01/11/2018";"16:42:00";"50";"sem v�tima";"121";"BR-393/RJ";"Norte";"Sa�das de pista";1;0;0;0;0;0;0;0;0;0;3;0;0;0;0
"02/11/2018";"10:02:00";"37";"sem v�tima";"204,8";"BR-393/RJ";"Sul";"Colis�o com ve�culos (traseira)";1;0;0;1;0;0;0;0;0;0;2;0;0;0;0
"02/11/2018";"16:52:00";"58";"sem v�tima";"143";"BR-393/RJ";"Norte";"Colis�o com ve�culos (traseira)";2;0;0;0;0;0;0;0;0;0;7;0;0;0;0
"03/11/2018";"00:11:00";"1";"com v�tima";"251,47";"BR-393/RJ";"Norte";"Colis�o lateral no sentido contr�rio";2;0;0;0;0;0;0;0;0;0;0;2;0;1;0
"03/11/2018";"00:54:00";"3";"sem v�tima";"284,4";"BR-393/RJ";"Norte";"Colis�o com ve�culos (frontal)";2;0;0;0;0;0;0;0;0;0;3;0;0;0;0
"03/11/2018";"09:05:00";"30";"com v�tima";"280";"BR-393/RJ";"Norte";"Colis�o com ve�culos (traseira)";0;0;0;2;0;0;0;0;0;0;2;1;0;0;0
"03/11/2018";"10:47:00";"33";"com v�tima";"272";"BR-393/RJ";"Sul";"Acidentes de outra natureza";0;0;0;1;0;0;0;0;0;0;1;1;0;0;0
"03/11/2018";"18:50:00";"57";"sem v�tima";"235,45";"BR-393/RJ";"Norte";"Colis�o com ve�culos (traseira)";2;0;0;0;0;0;0;0;0;0;4;0;0;0;0
"03/11/2018";"20:02:00";"60";"com v�tima";"280,5";"BR-393/RJ";"Sul";"Sa�das de pista";1;0;0;0;0;0;0;0;0;0;0;1;0;0;0
"04/11/2018";"02:06:00";"1";"sem v�tima";"241,307";"BR-393/RJ";"Norte";"Sa�das de pista";1;0;0;0;0;0;0;0;0;0;1;0;0;0;0
"04/11/2018";"05:28:00";"13";"com v�tima";"178,723";"BR-393/RJ";"Sul";"Acidentes de outra natureza";0;0;0;1;0;0;0;0;0;0;0;2;0;0;0
"04/11/2018";"11:53:00";"29";"sem v�tima";"195";"BR-393/RJ";"Norte";"Colis�o com ve�culos (traseira)";2;0;0;0;0;0;0;0;0;0;7;0;0;0;0
"04/11/2018";"16:29:00";"46";"com v�tima";"131,442";"BR-393/RJ";"Sul";"Tombamento";0;0;1;0;0;0;0;0;0;0;0;1;0;0;0
"04/11/2018";"20:26:00";"54";"sem v�tima";"277";"BR-393/RJ";"Sul";"Colis�o lateral no sentido contr�rio";2;0;0;0;0;0;0;0;0;0;4;0;0;0;0
"05/11/2018";"14:37:00";"37";"com v�tima";"213";"BR-393/RJ";"Sul";"Colis�o lateral no sentido contr�rio";1;0;1;0;0;0;0;0;0;0;1;2;0;0;0
"06/11/2018";"18:31:00";"59";"com v�tima";"282,592";"BR-393/RJ";"Norte";"Colis�o com ve�culos (frontal)";1;0;1;0;0;0;0;0;0;0;2;2;0;0;0
"07/11/2018";"01:35:00";"6";"com v�tima";"174,735";"BR-393/RJ";"Norte";"Colis�o c/ obst�culos";0;0;0;1;0;0;0;0;0;0;0;2;0;0;0
"07/11/2018";"08:22:00";"25";"sem v�tima";"182";"BR-393/RJ";"Norte";"Colis�o lateral no mesmo sentido";1;0;1;0;0;0;0;0;0;0;2;0;0;0;0
"07/11/2018";"16:35:00";"57";"sem v�tima";"172,277";"BR-393/RJ";"Norte";"Sa�das de pista";1;0;0;0;0;0;0;0;0;0;1;0;0;0;0
"08/11/2018";"08:40:00";"18";"sem v�tima";"130";"BR-393/RJ";"Norte";"Colis�o c/ obst�culos";1;0;0;0;0;0;0;0;0;0;1;0;0;0;0
"08/11/2018";"09:54:00";"21";"sem v�tima";"285";"BR-393/RJ";"Sul";"Colis�o com ve�culos (traseira)";2;0;0;0;0;0;0;0;0;0;2;0;0;0;0
"08/11/2018";"11:00:00";"28";"sem v�tima";"106";"BR-393/RJ";"Sul";"Colis�o lateral no sentido contr�rio";2;0;0;0;0;0;0;0;0;0;2;0;0;0;0
"08/11/2018";"17:52:00";"48";"com v�tima";"266,656";"BR-393/RJ";"Norte";"Colis�o lateral no sentido contr�rio";2;0;0;0;0;0;0;0;0;0;0;1;0;2;0
"10/11/2018";"16:27:00";"60";"com v�tima";"280,135";"BR-393/RJ";"Norte";"Colis�o com ve�culos (traseira)";2;0;0;0;0;0;0;0;0;0;1;1;0;0;0
"10/11/2018";"16:32:00";"62";"sem v�tima";"145,09";"BR-393/RJ";"Sul";"Colis�o c/ obst�culos";1;0;0;0;0;0;0;0;0;0;2;0;0;0;0
"10/11/2018";"17:46:00";"67";"com v�tima";"169,466";"BR-393/RJ";"Norte";"Colis�o c/ obst�culos";1;0;0;0;0;0;0;0;0;0;0;0;0;1;0
"11/11/2018";"22:33:00";"50";"com v�tima";"285,425";"BR-393/RJ";"Sul";"Capotamento";1;0;0;0;0;0;0;0;0;0;0;1;0;0;0
"12/11/2018";"08:02:00";"18";"sem v�tima";"284";"BR-393/RJ";"Sul";"Colis�o com ve�culos (traseira)";2;0;0;0;0;0;0;0;0;0;2;0;0;0;0
"12/11/2018";"12:26:00";"32";"com v�tima";"139,74";"BR-393/RJ";"Sul";"Tombamento";0;0;1;0;0;0;0;0;0;0;0;1;0;0;0
"12/11/2018";"14:37:00";"38";"com v�tima";"193,2";"BR-393/RJ";"Sul";"Colis�o com ve�culos (traseira)";1;0;0;1;0;0;0;0;0;0;1;1;0;0;0
"13/11/2018";"09:15:00";"19";"com v�tima";"267,6";"BR-393/RJ";"Sul";"Acidentes de outra natureza";0;0;0;1;0;0;0;0;0;0;0;1;0;0;0
"13/11/2018";"19:02:00";"65";"sem v�tima";"281,733";"BR-393/RJ";"Norte";"Colis�o com ve�culos (traseira)";1;0;0;1;0;0;0;0;0;0;2;0;0;0;0
"14/11/2018";"07:04:00";"24";"com v�tima";"255,747";"BR-393/RJ";"Sul";"Colis�o lateral no sentido contr�rio";1;0;0;0;0;0;0;0;0;1;0;15;0;2;0
"14/11/2018";"18:05:00";"68";"com v�tima";"284,935";"BR-393/RJ";"Norte";"Colis�o com ve�culos (traseira)";2;0;0;0;0;0;0;0;0;0;0;6;0;0;0
"14/11/2018";"22:07:00";"85";"sem v�tima";"285,401";"BR-393/RJ";"Norte";"Colis�o lateral no sentido contr�rio";2;0;0;0;0;0;0;0;0;0;2;0;0;0;0
"14/11/2018";"22:59:00";"90";"sem v�tima";"178,3";"BR-393/RJ";"Norte";"Colis�o com ve�culos (traseira)";0;0;2;0;0;0;0;0;0;0;2;0;0;0;0
"15/11/2018";"09:28:00";"26";"sem v�tima";"281,445";"BR-393/RJ";"Norte";"Colis�o lateral no sentido contr�rio";1;0;1;0;0;0;0;0;0;0;2;0;0;0;0
"15/11/2018";"10:15:00";"29";"com v�tima";"224,37";"BR-393/RJ";"Norte";"Colis�o com ve�culos (traseira)";2;0;0;0;0;0;0;0;0;0;5;2;0;0;0
"15/11/2018";"14:44:00";"38";"com v�tima";"258,155";"BR-393/RJ";"Norte";"Sa�das de pista";1;0;0;0;0;0;0;0;0;0;0;2;0;0;0
"17/11/2018";"18:34:00";"62";"sem v�tima";"248,871";"BR-393/RJ";"Sul";"Colis�o c/ obst�culos";1;0;0;0;0;0;0;0;0;0;1;0;0;0;0
"18/11/2018";"06:40:00";"15";"com v�tima";"218,519";"BR-393/RJ";"Sul";"Colis�o c/ obst�culos";1;0;0;0;0;0;0;0;0;0;0;1;0;0;0
"18/11/2018";"14:45:00";"53";"com v�tima";"277,52";"BR-393/RJ";"Sul";"Atropelamento de pedestre";1;1;0;0;0;0;0;0;0;0;1;0;0;0;1
"18/11/2018";"20:02:00";"75";"com v�tima";"216,889";"BR-393/RJ";"Norte";"Capotamento";1;0;0;0;0;0;0;0;0;0;4;1;0;0;0
"19/11/2018";"00:03:00";"1";"com v�tima";"252,595";"BR-393/RJ";"Sul";"Colis�o lateral no sentido contr�rio";1;0;1;0;0;0;0;0;0;0;0;2;0;0;0
"19/11/2018";"14:48:00";"43";"com v�tima";"133,9";"BR-393/RJ";"Sul";"Engavetamento";1;0;2;0;0;0;0;0;0;0;3;1;0;0;0
"19/11/2018";"16:57:00";"48";"com v�tima";"213,939";"BR-393/RJ";"Sul";"Colis�o lateral no sentido contr�rio";1;0;0;0;1;0;0;0;0;0;1;1;0;0;0
"19/11/2018";"22:59:00";"59";"sem v�tima";"285,206";"BR-393/RJ";"Norte";"Colis�o c/ obst�culos";1;0;0;0;0;0;0;0;0;0;2;0;0;0;0
"20/11/2018";"02:09:00";"13";"sem v�tima";"242,554";"BR-393/RJ";"Norte";"Capotamento";1;0;0;0;0;0;0;0;0;0;1;0;0;0;0
"21/11/2018";"09:08:00";"28";"sem v�tima";"124,879";"BR-393/RJ";"Sul";"Sa�das de pista";1;0;0;0;0;0;0;0;0;0;2;0;0;0;0
"21/11/2018";"10:57:00";"37";"com v�tima";"205,175";"BR-393/RJ";"Sul";"Colis�o lateral no mesmo sentido";1;0;0;1;0;0;0;0;0;0;1;1;0;0;0
"21/11/2018";"15:55:00";"56";"com v�tima";"176,288";"BR-393/RJ";"Norte";"Colis�o lateral no sentido contr�rio";2;0;0;0;0;0;0;0;0;0;1;0;1;0;0
"22/11/2018";"06:50:00";"14";"com v�tima";"164,9";"BR-393/RJ";"Norte";"Tombamento";0;0;1;0;0;0;0;0;0;0;0;1;0;0;0
"24/11/2018";"13:45:00";"44";"sem v�tima";"263";"BR-393/RJ";"Norte";"Colis�o lateral no sentido contr�rio";2;0;0;0;0;0;0;0;0;0;6;0;0;0;0
"24/11/2018";"22:48:00";"61";"com v�tima";"236,739";"BR-393/RJ";"Norte";"Colis�o lateral no sentido contr�rio";1;0;0;1;0;0;0;0;0;0;3;0;1;0;0
"25/11/2018";"00:56:00";"3";"sem v�tima";"274,791";"BR-393/RJ";"Norte";"Colis�o lateral no mesmo sentido";1;0;1;0;0;0;0;0;0;0;2;0;0;0;0
"25/11/2018";"10:51:00";"33";"com v�tima";"241";"BR-393/RJ";"Sul";"Acidentes de outra natureza";0;1;0;0;0;0;0;0;0;0;0;1;0;0;0
"25/11/2018";"20:11:00";"66";"sem v�tima";"184,985";"BR-393/RJ";"Norte";"Sa�das de pista";0;0;1;0;0;0;0;0;0;0;1;0;0;0;0
"26/11/2018";"08:32:00";"21";"com v�tima";"239,286";"BR-393/RJ";"Sul";"Sa�das de pista";1;0;0;0;0;0;0;0;0;0;1;0;1;0;0
"26/11/2018";"08:49:00";"22";"com v�tima";"226,851";"BR-393/RJ";"Sul";"Capotamento";0;0;2;0;0;0;0;0;0;0;1;2;0;0;0
"26/11/2018";"12:24:00";"38";"com v�tima";"226,9";"BR-393/RJ";"Norte";"Colis�o com ve�culos (traseira)";2;0;0;0;0;0;0;0;0;0;2;2;0;0;0
"27/11/2018";"09:09:00";"25";"sem v�tima";"105,868";"BR-393/RJ";"Sul";"Colis�o com ve�culos (traseira)";2;0;0;0;0;0;0;0;0;0;2;0;0;0;0
"27/11/2018";"12:02:00";"46";"sem v�tima";"281,411";"BR-393/RJ";"Norte";"Colis�o com ve�culos (traseira)";2;0;0;0;0;0;0;0;0;0;2;0;0;0;0
"27/11/2018";"13:10:00";"49";"com v�tima";"285,484";"BR-393/RJ";"Norte";"Colis�o com ve�culos (traseira)";1;0;1;0;0;0;0;0;0;0;1;1;0;0;0
"27/11/2018";"16:23:00";"62";"com v�tima";"182";"BR-393/RJ";"Norte";"Colis�o com ve�culos (frontal)";1;0;0;1;0;0;0;0;0;0;1;1;0;0;0
"28/11/2018";"07:21:00";"20";"com v�tima";"279,734";"BR-393/RJ";"Sul";"Colis�o lateral no sentido contr�rio";2;0;0;0;0;0;0;0;0;0;1;1;0;0;0
"28/11/2018";"16:18:00";"49";"com v�tima";"238,863";"BR-393/RJ";"Norte";"Colis�o lateral no sentido contr�rio";1;0;1;0;0;0;0;0;0;0;0;5;0;0;0
"30/11/2018";"08:04:00";"36";"sem v�tima";"196,464";"BR-393/RJ";"Norte";"Colis�o c/ obst�culos";1;0;0;0;0;0;0;0;0;0;2;0;0;0;0
"30/11/2018";"08:18:00";"38";"com v�tima";"232,011";"BR-393/RJ";"Sul";"Colis�o lateral no sentido contr�rio";2;0;0;0;0;0;0;0;0;0;0;2;0;0;0
"30/11/2018";"16:02:00";"70";"sem v�tima";"281,9";"BR-393/RJ";"Sul";"Engavetamento";3;0;1;0;0;0;0;0;0;0;6;0;0;0;0
"30/11/2018";"19:06:00";"87";"sem v�tima";"282,6";"BR-393/RJ";"Norte";"Engavetamento";3;0;0;0;0;0;0;0;0;0;3;0;0;0;0
"01/12/2018";"02:11:00";"5";"sem v�tima";"123,2";"BR-393/RJ";"Sul";"Colis�o c/ obst�culos";0;0;1;0;0;0;0;0;0;0;1;0;0;0;0
"01/12/2018";"19:27:00";"59";"sem v�tima";"241,279";"BR-393/RJ";"Sul";"Colis�o lateral no sentido contr�rio";1;0;1;0;0;0;0;0;0;0;3;0;0;0;0
"02/12/2018";"01:06:00";"11";"sem v�tima";"254,578";"BR-393/RJ";"Sul";"Colis�o c/ obst�culos";1;0;0;0;0;0;0;0;0;0;1;0;0;0;0
"02/12/2018";"02:08:00";"14";"sem v�tima";"255,68";"BR-393/RJ";"Norte";"Sa�das de pista";1;0;0;0;0;0;0;0;0;0;1;0;0;0;0
"02/12/2018";"19:33:00";"48";"sem v�tima";"161,254";"BR-393/RJ";"Norte";"Colis�o c/ obst�culos";1;0;0;0;0;0;0;0;0;0;1;0;0;0;0
"03/12/2018";"09:23:00";"24";"sem v�tima";"278,986";"BR-393/RJ";"Sul";"Colis�o c/ obst�culos";0;1;0;0;1;0;0;0;0;0;2;0;0;0;0
"04/12/2018";"22:04:00";"83";"com v�tima";"0,7";"Al�a Sul";"Norte";"Atropelamento de pedestre";0;0;0;1;0;0;0;0;0;0;0;2;0;0;0
"05/12/2018";"00:48:00";"6";"com v�tima";"241,325";"BR-393/RJ";"Norte";"Colis�o c/ obst�culos";0;0;2;0;0;0;0;0;0;0;0;2;0;1;0
"05/12/2018";"06:45:00";"21";"com v�tima";"248,166";"BR-393/RJ";"Sul";"Colis�o com ve�culos (frontal)";1;0;0;1;0;0;0;0;0;0;1;0;2;0;0
"05/12/2018";"10:57:00";"37";"sem v�tima";"146,653";"BR-393/RJ";"Sul";"Tombamento";0;0;1;0;0;0;0;0;0;0;1;0;0;0;0
"05/12/2018";"16:38:00";"54";"sem v�tima";"125";"BR-393/RJ";"Norte";"Colis�o com ve�culos (traseira)";1;0;1;0;0;0;0;0;0;0;4;0;0;0;0
"05/12/2018";"19:08:00";"60";"com v�tima";"151,805";"BR-393/RJ";"Sul";"Acidentes de outra natureza";0;0;0;1;0;0;0;0;0;0;0;1;0;0;0
"05/12/2018";"20:16:00";"64";"sem v�tima";"151,812";"BR-393/RJ";"Sul";"Colis�o c/ obst�culos";1;0;0;0;0;0;0;0;0;0;1;0;0;0;0
"05/12/2018";"20:37:00";"66";"sem v�tima";"246,915";"BR-393/RJ";"Norte";"Colis�o com ve�culos (traseira)";2;0;0;0;0;0;0;0;0;0;2;0;0;0;0
"07/12/2018";"07:25:00";"22";"com v�tima";"263,866";"BR-393/RJ";"Sul";"Colis�o com ve�culos (frontal)";1;0;1;0;0;0;0;0;0;0;0;1;0;0;3
"07/12/2018";"18:00:00";"62";"sem v�tima";"238,1";"BR-393/RJ";"Norte";"Colis�o Lateral Mesmo Sentido";1;0;1;0;0;0;0;0;0;0;2;0;0;0;0
"07/12/2018";"22:36:00";"75";"com v�tima";"220,373";"BR-393/RJ";"Sul";"Atropelamento de pedestre";1;0;0;0;0;0;0;0;0;0;1;0;1;0;0
"08/12/2018";"05:33:00";"22";"sem v�tima";"167,887";"BR-393/RJ";"Sul";"Colis�o Transversal";1;0;0;0;1;0;0;0;0;0;3;0;0;0;0
"08/12/2018";"11:40:00";"32";"sem v�tima";"284,521";"BR-393/RJ";"Norte";"Colis�o com ve�culos (traseira)";2;0;0;0;0;0;0;0;0;0;3;0;0;0;0
"08/12/2018";"13:28:00";"39";"com v�tima";"183,3";"BR-393/RJ";"Sul";"Colis�o Transversal";2;0;0;0;0;0;0;0;0;0;0;4;0;0;0
"08/12/2018";"22:44:00";"69";"com v�tima";"242,921";"BR-393/RJ";"Norte";"Colis�o com ve�culos (traseira)";1;0;0;1;0;0;0;0;0;0;0;2;0;0;0
"08/12/2018";"23:08:00";"72";"com v�tima";"143,3";"BR-393/RJ";"Sul";"Colis�o c/ obst�culos";1;0;0;0;0;0;0;0;0;0;0;2;0;0;0
"09/12/2018";"01:49:00";"4";"com v�tima";"157,98";"BR-393/RJ";"Sul";"Colis�o com ve�culos (frontal)";0;0;1;1;0;0;0;0;0;0;0;2;0;1;0
"09/12/2018";"10:21:00";"16";"sem v�tima";"279,05";"BR-393/RJ";"Sul";"Colis�o Transversal";1;0;0;1;0;0;0;0;0;0;2;0;0;0;0
"09/12/2018";"21:11:00";"50";"sem v�tima";"113,711";"BR-393/RJ";"Norte";"Atropelamento de Animal";1;0;0;0;0;0;0;0;0;0;4;0;0;0;0
"10/12/2018";"05:15:00";"14";"sem v�tima";"175,615";"BR-393/RJ";"Sul";"Engavetamento";3;0;0;0;0;0;0;0;0;0;9;0;0;0;0
"10/12/2018";"16:32:00";"49";"sem v�tima";"278,618";"BR-393/RJ";"Sul";"Capotamento";1;0;0;0;0;0;0;0;0;0;1;0;0;0;0
"11/12/2018";"09:04:00";"22";"com v�tima";"179,39";"BR-393/RJ";"Norte";"Colis�o lateral no sentido contr�rio";2;0;0;0;0;0;0;0;0;0;0;2;0;0;0
"11/12/2018";"19:58:00";"78";"com v�tima";"255,758";"BR-393/RJ";"Norte";"Atropelamento de pedestre";0;0;0;1;0;0;0;0;0;0;0;2;1;0;0
"11/12/2018";"22:37:00";"84";"sem v�tima";"253,6";"BR-393/RJ";"Norte";"Colis�o c/ obst�culos";0;0;1;0;0;0;0;0;0;0;1;0;0;0;0
"12/12/2018";"08:31:00";"27";"sem v�tima";"281,858";"BR-393/RJ";"Norte";"Colis�o c/ obst�culos";0;0;1;0;0;0;0;0;0;0;1;0;0;0;0
"12/12/2018";"11:15:00";"35";"com v�tima";"178,532";"BR-393/RJ";"Norte";"Acidentes de outra natureza";0;0;0;1;0;0;0;0;0;0;0;1;0;0;0
"12/12/2018";"11:51:00";"38";"com v�tima";"235,194";"BR-393/RJ";"Norte";"Colis�o Transversal";1;0;0;1;0;0;0;0;0;0;2;2;0;0;0
"13/12/2018";"06:32:00";"23";"sem v�tima";"125";"BR-393/RJ";"Sul";"Colis�o com ve�culos (traseira)";0;0;2;0;0;0;0;0;0;0;2;0;0;0;0
"15/12/2018";"21:10:00";"93";"com v�tima";"201,317";"BR-393/RJ";"Sul";"Colis�o c/ obst�culos";1;0;1;0;1;0;0;0;0;0;2;3;0;0;0