fdata;horario;n_da_ocorrencia;tipo_de_ocorrencia;km;trecho;sentido;tipo_de_acidente;automovel;bicicleta;caminhao;moto;onibus;outros;tracao_animal;transporte_de_cargas_especiais;trator_maquinas;utilitarios;ilesos;levemente_feridos;moderadamente_feridos;gravemente_feridos;mortos
"16/12/2018";"03:40:00";"14";"sem v�tima";"167,342";"BR-393/RJ";"Sul";"Colis�o Lateral Mesmo Sentido";2;0;0;0;0;0;0;0;0;0;4;0;0;0;0
"16/12/2018";"15:50:00";"59";"sem v�tima";"142,4";"BR-393/RJ";"Sul";"Colis�o com ve�culos (traseira)";1;0;1;0;0;0;0;0;0;0;5;0;0;0;0
"16/12/2018";"22:46:00";"103";"com v�tima";"226,564";"BR-393/RJ";"Sul";"Colis�o Transversal";1;0;0;0;0;0;0;0;0;1;0;0;2;0;0
"17/12/2018";"09:55:00";"32";"sem v�tima";"280,205";"BR-393/RJ";"Norte";"Colis�o Lateral Mesmo Sentido";1;0;0;1;0;0;0;0;0;0;2;0;0;0;0
"17/12/2018";"11:45:00";"38";"sem v�tima";"262,233";"BR-393/RJ";"Norte";"Sa�das de pista";1;0;0;0;0;0;0;0;0;0;1;0;0;0;0
"17/12/2018";"14:44:00";"44";"com v�tima";"284,116";"BR-393/RJ";"Norte";"Colis�o Lateral Mesmo Sentido";1;0;0;1;0;0;0;0;0;0;3;1;0;0;0
"17/12/2018";"17:52:00";"57";"sem v�tima";"269";"BR-393/RJ";"Norte";"Colis�o c/ obst�culos";2;0;0;0;0;0;0;0;0;0;4;0;0;0;0
"18/12/2018";"14:10:00";"42";"sem v�tima";"119,165";"BR-393/RJ";"Norte";"Sa�das de pista";1;0;0;0;0;0;0;0;0;0;3;0;0;0;0
"18/12/2018";"22:51:00";"83";"com v�tima";"184,321";"BR-393/RJ";"Sul";"Atropelamento de pedestre";0;1;0;1;0;0;0;0;0;0;0;0;2;0;0
"19/12/2018";"14:52:00";"55";"com v�tima";"234,979";"BR-393/RJ";"Norte";"Tombamento";0;0;1;0;0;0;0;0;0;0;0;1;0;0;0
"19/12/2018";"15:21:00";"57";"com v�tima";"236,5";"BR-393/RJ";"Norte";"Acidentes de outra natureza";0;0;0;1;0;0;0;0;0;0;0;1;0;0;0
"19/12/2018";"17:12:00";"63";"com v�tima";"238";"BR-393/RJ";"Norte";"Acidentes de outra natureza";0;0;0;1;0;0;0;0;0;0;0;1;0;0;0
"20/12/2018";"10:44:00";"28";"sem v�tima";"135,589";"BR-393/RJ";"Norte";"Colis�o com ve�culos (traseira)";2;0;0;0;0;0;0;0;0;0;2;0;0;0;0
"20/12/2018";"23:51:00";"90";"sem v�tima";"284,4";"BR-393/RJ";"Norte";"Engavetamento";3;0;0;0;0;0;0;0;0;0;7;0;0;0;0
"21/12/2018";"05:57:00";"13";"sem v�tima";"279,581";"BR-393/RJ";"Norte";"Colis�o lateral no sentido contr�rio";1;0;0;1;0;0;0;0;0;0;2;0;0;0;0
"21/12/2018";"08:22:00";"27";"sem v�tima";"285,106";"BR-393/RJ";"Norte";"Colis�o com ve�culos (traseira)";2;0;0;0;0;0;0;0;0;0;2;0;0;0;0
"21/12/2018";"12:26:00";"52";"com v�tima";"277,84";"BR-393/RJ";"Sul";"Colis�o lateral no mesmo sentido";1;0;0;1;0;0;0;0;0;0;1;1;0;0;0
"21/12/2018";"14:49:00";"70";"sem v�tima";"275,2";"BR-393/RJ";"Norte";"Colis�o com ve�culos (traseira)";2;0;0;0;0;0;0;0;0;0;2;0;0;0;0
"22/12/2018";"08:18:00";"25";"sem v�tima";"102,1";"BR-393/RJ";"Sul";"Colis�o com ve�culos (traseira)";1;0;0;0;0;0;0;0;0;1;2;0;0;0;0
"22/12/2018";"08:48:00";"29";"com v�tima";"103,1";"BR-393/RJ";"Sul";"Colis�o Transversal";2;0;0;0;0;0;0;0;0;0;1;1;0;0;0
"22/12/2018";"09:04:00";"31";"sem v�tima";"280,182";"BR-393/RJ";"Sul";"Colis�o com ve�culos (traseira)";2;0;0;0;0;0;0;0;0;0;2;0;0;0;0
"22/12/2018";"18:42:00";"72";"com v�tima";"157,083";"BR-393/RJ";"Sul";"Acidentes de outra natureza";0;1;0;0;0;0;0;0;0;0;0;1;0;0;0
"23/12/2018";"06:54:00";"22";"com v�tima";"232,142";"BR-393/RJ";"Norte";"Sa�das de pista";1;0;0;0;0;0;0;0;0;0;4;1;0;0;0
"23/12/2018";"19:31:00";"67";"sem v�tima";"147,65";"BR-393/RJ";"Sul";"Sa�das de pista";1;0;0;0;0;0;0;0;0;0;2;0;0;0;0
"24/12/2018";"05:17:00";"15";"com v�tima";"284,277";"BR-393/RJ";"Sul";"Acidentes de outra natureza";0;0;0;1;0;0;0;0;0;0;0;1;0;0;0
"24/12/2018";"07:37:00";"16";"com v�tima";"139,519";"BR-393/RJ";"Norte";"Colis�o c/ obst�culos";0;0;1;0;0;0;0;0;0;0;0;1;0;0;0
"24/12/2018";"11:14:00";"27";"com v�tima";"284,365";"BR-393/RJ";"Sul";"Engavetamento";1;0;1;0;0;0;0;0;0;1;2;1;0;0;0
"25/12/2018";"11:02:00";"26";"sem v�tima";"226,597";"BR-393/RJ";"Sul";"Sa�das de pista";1;0;0;0;0;0;0;0;0;0;3;0;0;0;0
"25/12/2018";"11:54:00";"30";"sem v�tima";"141,483";"BR-393/RJ";"Norte";"Colis�o com ve�culos (traseira)";2;0;0;0;0;0;0;0;0;0;3;0;0;0;0
"25/12/2018";"22:40:00";"55";"com v�tima";"164,791";"BR-393/RJ";"Norte";"Tombamento";0;0;1;0;0;0;0;0;0;0;0;0;1;0;0
"26/12/2018";"05:23:00";"7";"com v�tima";"169,528";"BR-393/RJ";"Sul";"Acidentes de outra natureza";0;0;0;1;0;0;0;0;0;0;0;1;0;0;0
"26/12/2018";"10:54:00";"32";"sem v�tima";"256,8";"BR-393/RJ";"Sul";"Sa�das de pista";1;0;0;0;0;0;0;0;0;0;3;0;0;0;0
"26/12/2018";"11:12:00";"35";"com v�tima";"138,199";"BR-393/RJ";"Norte";"Capotamento";1;0;0;0;0;0;0;0;0;0;1;1;0;0;0
"26/12/2018";"16:33:00";"60";"com v�tima";"168,847";"BR-393/RJ";"Norte";"Colis�o com ve�culos (traseira)";2;0;0;0;0;0;0;0;0;0;0;2;0;0;0
"26/12/2018";"16:35:00";"61";"com v�tima";"258,312";"BR-393/RJ";"Sul";"Colis�o Lateral Mesmo Sentido";2;0;0;0;0;0;0;0;0;0;2;2;0;0;0
"26/12/2018";"17:41:00";"64";"com v�tima";"256,406";"BR-393/RJ";"Norte";"Colis�o Transversal";2;0;0;0;0;0;0;0;0;0;5;2;0;0;0
"26/12/2018";"18:19:00";"66";"com v�tima";"121,553";"BR-393/RJ";"Norte";"Sa�das de pista";1;0;0;0;0;0;0;0;0;0;0;1;0;0;0
"27/12/2018";"14:38:00";"52";"com v�tima";"213,712";"BR-393/RJ";"Norte";"Colis�o c/ obst�culos";2;0;0;0;0;0;0;0;0;0;1;2;0;0;0
"28/12/2018";"11:12:00";"36";"com v�tima";"188,292";"BR-393/RJ";"Sul";"Sa�das de pista";1;0;0;0;0;0;0;0;0;0;0;5;0;0;0
"28/12/2018";"18:12:00";"62";"sem v�tima";"284,5";"BR-393/RJ";"Norte";"Engavetamento";3;0;0;0;0;0;0;0;0;0;3;0;0;0;0
"28/12/2018";"19:16:00";"66";"com v�tima";"278,5";"BR-393/RJ";"Sul";"Acidentes de outra natureza";0;1;0;0;0;0;0;0;0;0;0;1;0;0;0
"28/12/2018";"19:18:00";"67";"sem v�tima";"170,955";"BR-393/RJ";"Sul";"Tombamento";0;0;1;0;0;0;0;0;0;0;1;0;0;0;0
"28/12/2018";"23:54:00";"79";"com v�tima";"279,174";"BR-393/RJ";"Norte";"Colis�o com ve�culos (traseira)";1;0;1;0;0;0;0;0;0;0;1;2;0;0;0
"29/12/2018";"11:42:00";"38";"sem v�tima";"284,056";"BR-393/RJ";"Norte";"Engavetamento";2;0;1;0;0;0;0;0;0;0;4;0;0;0;0
"29/12/2018";"11:54:00";"39";"com v�tima";"168,066";"BR-393/RJ";"Sul";"Colis�o Transversal";1;0;0;1;0;0;0;0;0;0;2;1;0;0;0
"29/12/2018";"20:07:00";"77";"com v�tima";"284,118";"BR-393/RJ";"Sul";"Colis�o com ve�culos (frontal)";1;0;0;1;0;0;0;0;0;0;1;1;0;0;0
"30/12/2018";"06:00:00";"15";"com v�tima";"187,801";"BR-393/RJ";"Norte";"Colis�o com ve�culos (frontal)";1;0;0;0;1;0;0;0;0;0;31;0;0;1;0
"30/12/2018";"23:41:00";"58";"com v�tima";"284,394";"BR-393/RJ";"Sul";"Colis�o com ve�culos (traseira)";1;0;0;1;0;0;0;0;0;0;2;1;0;0;0
"31/12/2018";"03:34:00";"5";"com v�tima";"225,929";"BR-393/RJ";"Norte";"Atropelamento de pedestre";0;0;0;1;0;0;0;0;0;0;0;1;1;0;1
"31/12/2018";"12:38:00";"29";"sem v�tima";"286";"BR-393/RJ";"Norte";"Colis�o com ve�culos (traseira)";2;0;0;0;0;0;0;0;0;0;3;0;0;0;0
"31/12/2018";"13:20:00";"37";"sem v�tima";"286";"BR-393/RJ";"Sul";"Engavetamento";3;0;0;0;0;0;0;0;0;0;3;0;0;0;0
"31/12/2018";"18:51:00";"56";"com v�tima";"268,298";"BR-393/RJ";"Norte";"Colis�o com ve�culos (frontal)";0;0;0;1;1;0;0;0;0;0;4;1;0;0;0
"31/12/2018";"21:54:00";"63";"com v�tima";"247,556";"BR-393/RJ";"Sul";"Atropelamento de pedestre";1;0;0;0;0;0;0;0;0;0;1;0;0;0;1
"03/01/2019";"14:32:00";"49";"com v�tima";"106,5";"BR-393/RJ";"Norte";"Colis�o Traseira";1;0;1;1;0;0;0;0;0;0;2;1;0;0;0
"03/01/2019";"16:56:00";"60";"sem v�tima";"280";"BR-393/RJ";"Norte";"Colis�o Traseira";2;0;0;0;0;0;0;0;0;0;6;0;0;0;0
"04/01/2019";"12:47:00";"47";"sem v�tima";"282,7";"BR-393/RJ";"Norte";"Colis�o Transversal";2;0;0;0;0;0;0;0;0;0;3;0;0;0;0
"04/01/2019";"16:43:00";"66";"sem v�tima";"168,111";"BR-393/RJ";"Norte";"Engavetamento";3;0;0;0;0;0;0;0;0;0;3;0;0;0;0
"04/01/2019";"19:01:00";"77";"sem v�tima";"266,711";"BR-393/RJ";"Norte";"Colis�o Lateral Mesmo Sentido";1;0;1;0;0;0;0;0;0;0;2;0;0;0;0
"07/01/2019";"15:06:00";"62";"sem v�tima";"200,548";"BR-393/RJ";"Norte";"Colis�o Traseira";2;0;0;0;0;0;0;0;0;0;3;0;0;0;0
"07/01/2019";"16:05:00";"67";"com v�tima";"178,195";"BR-393/RJ";"Norte";"Colis�o Traseira";2;0;0;0;0;0;0;0;0;0;0;3;0;0;0
"11/01/2019";"13:56:00";"49";"com v�tima";"106";"BR-393/RJ";"Sul";"Colis�o Lateral Mesmo Sentido";1;0;1;0;0;0;0;0;0;0;2;1;0;0;0
"13/01/2019";"05:28:00";"19";"com v�tima";"104,288";"BR-393/RJ";"Sul";"Colis�o Traseira";2;0;0;0;0;0;0;0;0;0;1;0;1;0;0
"13/01/2019";"12:03:00";"31";"com v�tima";"128,188";"BR-393/RJ";"Sul";"Derramamento de Carga";0;0;1;0;0;0;0;0;0;0;0;1;0;0;0
"14/01/2019";"01:37:00";"4";"com v�tima";"285,286";"BR-393/RJ";"Sul";"Tombamento";1;0;0;0;0;0;0;0;0;0;2;1;0;0;0
"15/01/2019";"12:08:00";"33";"com v�tima";"230,019";"BR-393/RJ";"Norte";"Capotamento";1;0;0;0;0;0;0;0;0;0;0;4;0;0;0
"16/01/2019";"16:35:00";"63";"com v�tima";"174,9";"BR-393/RJ";"Sul";"Colis�o Frontal";1;0;2;0;0;0;0;0;0;0;2;0;0;1;0
"17/01/2019";"09:28:00";"25";"com v�tima";"103";"BR-393/RJ";"Norte";"Saida de Pista";1;0;0;0;0;0;0;0;0;0;0;1;0;0;0
"17/01/2019";"15:28:00";"49";"sem v�tima";"235,237";"BR-393/RJ";"Norte";"Colis�o Transversal";2;0;0;0;0;0;0;0;0;0;3;0;0;0;0
"18/01/2019";"07:38:00";"24";"sem v�tima";"168,8";"BR-393/RJ";"Sul";"Saida de Pista";1;0;0;0;0;0;0;0;0;0;1;0;0;0;0
"18/01/2019";"18:22:00";"60";"com v�tima";"161,731";"BR-393/RJ";"Norte";"Tombamento";0;0;1;0;0;0;0;0;0;0;0;0;0;1;0
"18/01/2019";"19:28:00";"61";"sem v�tima";"104,087";"BR-393/RJ";"Norte";"Choque - Defensa, barreira ou "submarino"";1;0;1;0;0;0;0;0;0;0;2;0;0;0;0
"19/01/2019";"11:29:00";"36";"sem v�tima";"279,606";"BR-393/RJ";"Norte";"Colis�o Transversal";2;0;0;0;0;0;0;0;0;0;2;0;0;0;0
"19/01/2019";"18:41:00";"59";"sem v�tima";"274,64";"BR-393/RJ";"Norte";"Saida de Pista";1;0;0;0;0;0;0;0;0;0;3;0;0;0;0
"20/01/2019";"03:13:00";"12";"com v�tima";"285,278";"BR-393/RJ";"Norte";"Capotamento";1;0;0;0;0;0;0;0;0;0;0;1;0;0;0
"22/01/2019";"13:56:00";"53";"sem v�tima";"195";"BR-393/RJ";"Norte";"Colis�o Traseira";1;0;1;0;0;0;0;0;0;0;6;0;0;0;0
"23/01/2019";"09:25:00";"30";"com v�tima";"279";"BR-393/RJ";"Norte";"Colis�o Transversal";1;0;0;1;0;0;0;0;0;0;1;1;0;0;0
"23/01/2019";"16:54:00";"61";"sem v�tima";"255";"BR-393/RJ";"Norte";"Colis�o Traseira";1;0;1;0;0;0;0;0;0;0;4;0;0;0;0
"24/01/2019";"07:53:00";"23";"sem v�tima";"125,6";"BR-393/RJ";"Norte";"Colis�o Traseira";1;0;1;0;0;0;0;0;0;0;7;0;0;0;0
"24/01/2019";"09:00:00";"31";"sem v�tima";"190";"BR-393/RJ";"Sul";"Colis�o Traseira";1;0;1;0;0;0;0;0;0;0;2;0;0;0;0
"25/01/2019";"00:07:00";"1";"sem v�tima";"105,059";"BR-393/RJ";"Norte";"Colis�o Traseira";2;0;0;0;0;0;0;0;0;0;3;0;0;0;0
"26/01/2019";"01:34:00";"12";"sem v�tima";"265,103";"BR-393/RJ";"Sul";"Colis�o Traseira";1;0;0;0;0;0;0;0;0;1;4;0;0;0;0
"28/01/2019";"04:20:00";"54";"sem v�tima";"160";"BR-393/RJ";"Norte";"Saida de Pista";1;0;0;0;0;0;0;0;0;0;1;0;0;0;0
"29/01/2019";"07:11:00";"23";"com v�tima";"175,125";"BR-393/RJ";"Sul";"Queda de Moto";0;0;0;1;0;0;0;0;0;0;0;1;0;0;0
"29/01/2019";"14:12:00";"52";"com v�tima";"180,344";"BR-393/RJ";"Sul";"Choque - Defensa, barreira ou "submarino"";1;0;0;0;0;0;0;0;0;0;0;1;0;0;0
"29/01/2019";"21:02:00";"77";"com v�tima";"281,01";"BR-393/RJ";"Norte";"Colis�o Transversal";1;0;0;1;0;0;0;0;0;0;1;1;0;0;0
"31/01/2019";"08:07:00";"20";"com v�tima";"179,9";"BR-393/RJ";"Sul";"Saida de Pista";1;0;0;0;0;0;0;0;0;0;0;1;0;0;0
"31/01/2019";"14:17:00";"49";"com v�tima";"171,504";"BR-393/RJ";"Sul";"Colis�o Lateral Mesmo Sentido";1;0;1;0;0;0;0;0;0;0;1;1;0;0;0
"31/01/2019";"18:43:00";"61";"sem v�tima";"280,75";"BR-393/RJ";"Sul";"Engavetamento";3;0;0;0;0;0;0;0;0;0;7;0;0;0;0
"31/01/2019";"19:17:00";"65";"com v�tima";"280,074";"BR-393/RJ";"Norte";"Colis�o Frontal";1;0;0;1;0;0;0;0;0;0;1;1;0;0;0
"02/02/2019";"07:37:00";"20";"com v�tima";"160,486";"BR-393/RJ";"Norte";"Colis�o com ve�culos (traseira)";0;0;2;0;0;0;0;0;0;0;0;2;0;0;0
"02/02/2019";"09:34:00";"26";"sem v�tima";"255";"BR-393/RJ";"Sul";"Colis�o lateral no sentido contr�rio";1;0;0;0;1;0;0;0;0;0;2;0;0;0;0
"02/02/2019";"09:46:00";"27";"com v�tima";"155,467";"BR-393/RJ";"Norte";"Capotamento";0;0;1;0;0;0;0;0;0;0;0;1;0;0;0
"02/02/2019";"21:19:00";"69";"sem v�tima";"284,747";"BR-393/RJ";"Norte";"Colis�o lateral no mesmo sentido";2;0;1;0;0;0;0;0;0;0;3;0;0;0;0
"04/02/2019";"17:45:00";"60";"sem v�tima";"239,482";"BR-393/RJ";"Sul";"Colis�o c/ obst�culos";0;0;0;0;0;0;0;0;0;1;2;0;0;0;0
"04/02/2019";"20:15:00";"66";"sem v�tima";"281,261";"BR-393/RJ";"Norte";"Colis�o com ve�culos (traseira)";1;0;1;0;0;0;0;0;0;0;2;0;0;0;0
"05/02/2019";"02:58:00";"4";"sem v�tima";"175,836";"BR-393/RJ";"Norte";"Colis�o c/ obst�culos";0;0;1;0;0;0;0;0;0;0;1;0;0;0;0
"05/02/2019";"03:49:00";"7";"sem v�tima";"153,72";"BR-393/RJ";"Norte";"Colis�o c/ obst�culos";0;0;1;0;0;0;0;0;0;0;1;0;0;0;0
"06/02/2019";"00:55:00";"3";"sem v�tima";"201,145";"BR-393/RJ";"Norte";"Atropelamento de animais";0;0;1;0;0;0;0;0;0;0;1;0;0;0;0
"06/02/2019";"09:13:00";"18";"com v�tima";"241,202";"BR-393/RJ";"Norte";"Colis�o com ve�culos (traseira)";1;0;1;0;0;0;0;0;0;0;1;1;1;0;0
"06/02/2019";"16:40:00";"39";"com v�tima";"238,64";"BR-393/RJ";"Sul";"Colis�o lateral no sentido contr�rio";0;0;1;1;0;0;0;0;0;0;1;1;0;1;0
"06/02/2019";"16:43:00";"40";"sem v�tima";"284";"BR-393/RJ";"Norte";"Colis�o com ve�culos (traseira)";2;0;0;0;0;0;0;0;0;0;2;0;0;0;0
"06/02/2019";"19:09:00";"44";"sem v�tima";"127,6";"BR-393/RJ";"Norte";"Sa�das de pista";1;0;0;0;0;0;0;0;0;0;1;0;0;0;0
"06/02/2019";"21:22:00";"48";"sem v�tima";"268,392";"BR-393/RJ";"Sul";"Sa�das de pista";1;0;0;0;0;0;0;0;0;0;1;0;0;0;0
"07/02/2019";"00:43:00";"1";"com v�tima";"156,8";"BR-393/RJ";"Sul";"Colis�o com ve�culos (frontal)";1;0;1;0;0;0;0;0;0;0;1;0;0;1;0
"07/02/2019";"23:06:00";"66";"com v�tima";"215,394";"BR-393/RJ";"Sul";"Atropelamento de pedestre";0;0;1;0;0;0;0;0;0;0;0;2;0;0;0
"08/02/2019";"20:20:00";"71";"com v�tima";"245,377";"BR-393/RJ";"Norte";"Acidentes de outra natureza";0;0;0;1;0;0;0;0;0;0;0;1;0;0;0
"08/02/2019";"22:39:00";"77";"sem v�tima";"279,691";"BR-393/RJ";"Sul";"Colis�o com ve�culos (traseira)";1;0;1;0;0;0;0;0;0;0;2;0;0;0;0
"09/02/2019";"22:29:00";"47";"sem v�tima";"284,352";"BR-393/RJ";"Norte";"Colis�o com ve�culos (traseira)";2;0;0;0;0;0;0;0;0;0;4;0;0;0;0
"10/02/2019";"02:25:00";"7";"sem v�tima";"136,376";"BR-393/RJ";"Sul";"Colis�o lateral no sentido contr�rio";1;0;1;0;0;0;0;0;0;0;2;0;0;0;0
"10/02/2019";"06:00:00";"27";"sem v�tima";"285";"BR-393/RJ";"Norte";"Colis�o c/ obst�culos";1;0;0;0;0;0;0;0;0;0;1;0;0;0;0
"10/02/2019";"09:38:00";"39";"sem v�tima";"261,146";"BR-393/RJ";"Norte";"Atropelamento de animais";1;0;0;0;0;0;0;0;0;0;1;0;0;0;0
"10/02/2019";"15:39:00";"53";"sem v�tima";"215,315";"BR-393/RJ";"Norte";"Colis�o c/ obst�culos";1;0;0;0;0;0;0;0;0;0;1;0;0;0;0
"11/02/2019";"10:53:00";"24";"sem v�tima";"238,374";"BR-393/RJ";"Norte";"Colis�o lateral no mesmo sentido";1;0;1;0;0;0;0;0;0;0;2;0;0;0;0
"11/02/2019";"20:01:00";"50";"sem v�tima";"282,577";"BR-393/RJ";"Norte";"Engavetamento";3;0;0;0;0;0;0;0;0;0;3;0;0;0;0
"12/02/2019";"21:54:00";"66";"com v�tima";"236,711";"BR-393/RJ";"Norte";"Colis�o lateral no sentido contr�rio";1;0;1;0;0;0;0;0;0;0;1;1;0;0;0
"14/02/2019";"15:23:00";"54";"sem v�tima";"171,247";"BR-393/RJ";"Norte";"Sa�das de pista";0;0;0;0;1;0;0;0;0;0;1;0;0;0;0
"15/02/2019";"04:15:00";"4";"sem v�tima";"193,3";"BR-393/RJ";"Norte";"Atropelamento de animais";0;0;1;0;0;0;0;0;0;0;1;0;0;0;0
"16/02/2019";"02:06:00";"4";"sem v�tima";"283,8";"BR-393/RJ";"Sul";"Colis�o lateral no sentido contr�rio";2;0;0;0;0;0;0;0;0;0;2;0;0;0;0
"16/02/2019";"10:02:00";"25";"com v�tima";"132,068";"BR-393/RJ";"Norte";"Colis�o com ve�culos (traseira)";2;0;0;0;0;0;0;0;0;0;4;1;0;0;0
"16/02/2019";"15:56:00";"44";"sem v�tima";"285,645";"BR-393/RJ";"Norte";"Colis�o com ve�culos (traseira)";2;0;0;0;0;0;0;0;0;0;2;0;0;0;0
"16/02/2019";"16:20:00";"46";"com v�tima";"285,75";"BR-393/RJ";"Sul";"Colis�o c/ obst�culos";1;0;0;0;0;0;0;0;0;0;0;2;0;0;0
"16/02/2019";"16:47:00";"48";"com v�tima";"278,838";"BR-393/RJ";"Sul";"Colis�o com ve�culos (traseira)";0;0;2;0;0;0;0;0;0;0;1;1;0;0;0
"17/02/2019";"05:23:00";"20";"com v�tima";"256,853";"BR-393/RJ";"Norte";"Atropelamento de pedestre";1;1;0;0;0;0;0;0;0;0;1;1;0;0;0
"17/02/2019";"05:33:00";"22";"com v�tima";"240,728";"BR-393/RJ";"Sul";"Colis�o com ve�culos (frontal)";2;0;0;0;0;0;0;0;0;0;1;4;0;0;0
"17/02/2019";"14:29:00";"52";"com v�tima";"238,8";"BR-393/RJ";"Norte";"Colis�o c/ obst�culos";1;0;0;0;0;0;0;0;0;0;0;4;0;0;0
"17/02/2019";"16:00:00";"54";"sem v�tima";"114,356";"BR-393/RJ";"Norte";"Capotamento";1;0;0;0;0;0;0;0;0;0;3;0;0;0;0
"17/02/2019";"17:13:00";"61";"sem v�tima";"140,777";"BR-393/RJ";"Sul";"Sa�das de pista";0;0;1;0;0;0;0;0;0;0;1;0;0;0;0
"18/02/2019";"03:16:00";"5";"sem v�tima";"217,572";"BR-393/RJ";"Sul";"Atropelamento de animais";1;0;0;0;0;0;0;0;0;0;1;0;0;0;0
"18/02/2019";"14:50:00";"58";"sem v�tima";"123,573";"BR-393/RJ";"Norte";"Colis�o c/ obst�culos";1;0;0;0;0;0;0;0;0;0;1;0;0;0;0
"19/02/2019";"18:03:00";"72";"com v�tima";"138,222";"BR-393/RJ";"Norte";"Colis�o c/ obst�culos";1;0;0;0;0;0;0;0;0;0;0;1;0;0;0
"19/02/2019";"19:00:00";"77";"sem v�tima";"182,436";"BR-393/RJ";"Sul";"Colis�o c/ obst�culos";0;0;1;0;0;0;0;0;0;0;1;0;0;0;0
"19/02/2019";"19:14:00";"78";"com v�tima";"174,319";"BR-393/RJ";"Sul";"Acidentes de outra natureza";0;0;1;1;0;0;0;0;0;0;1;1;0;0;0
"20/02/2019";"00:33:00";"1";"sem v�tima";"158,232";"BR-393/RJ";"Norte";"Colis�o com ve�culos (traseira)";0;0;2;0;0;0;0;0;0;0;2;0;0;0;0
"20/02/2019";"18:26:00";"62";"sem v�tima";"280,467";"BR-393/RJ";"Norte";"Engavetamento";3;0;0;0;0;0;0;0;0;0;3;0;0;0;0
"20/02/2019";"19:15:00";"64";"com v�tima";"155,442";"BR-393/RJ";"Norte";"Colis�o com ve�culos (frontal)";1;0;1;0;0;0;0;0;0;0;1;1;1;0;0
"21/02/2019";"03:54:00";"5";"com v�tima";"201,556";"BR-393/RJ";"Sul";"Capotamento";1;0;0;0;0;0;0;0;0;0;2;1;0;0;0
"21/02/2019";"12:42:00";"49";"com v�tima";"265";"BR-393/RJ";"Sul";"Colis�o com ve�culos (traseira)";1;0;1;0;0;0;0;0;0;0;0;3;0;0;0
"21/02/2019";"15:32:00";"63";"com v�tima";"236,758";"BR-393/RJ";"Norte";"Colis�o lateral no mesmo sentido";0;0;2;0;1;0;0;0;0;0;1;3;0;0;0
"22/02/2019";"21:53:00";"87";"com v�tima";"253,343";"BR-393/RJ";"Norte";"Sa�das de pista";1;0;0;0;0;0;0;0;0;0;0;1;0;0;0
"23/02/2019";"11:21:00";"33";"sem v�tima";"273,844";"BR-393/RJ";"Norte";"Tombamento";0;0;1;0;0;0;0;0;0;0;1;0;0;0;0
"23/02/2019";"17:14:00";"49";"sem v�tima";"253,414";"BR-393/RJ";"Sul";"Capotamento";1;0;0;0;0;0;0;0;0;0;2;0;0;0;0
"23/02/2019";"17:47:00";"50";"sem v�tima";"246,183";"BR-393/RJ";"Sul";"Capotamento";1;0;0;0;0;0;0;0;0;0;2;0;0;0;0
"23/02/2019";"19:39:00";"57";"sem v�tima";"284,334";"BR-393/RJ";"Norte";"Colis�o com ve�culos (traseira)";2;0;0;0;0;0;0;0;0;0;2;0;0;0;0
"24/02/2019";"07:58:00";"15";"com v�tima";"284";"BR-393/RJ";"Norte";"Colis�o c/ obst�culos";1;0;0;0;0;0;0;0;0;0;0;1;0;0;0
"24/02/2019";"15:09:00";"26";"com v�tima";"279";"BR-393/RJ";"Norte";"Colis�o lateral no sentido contr�rio";1;0;0;1;0;0;0;0;0;0;0;2;0;0;0
"25/02/2019";"13:26:00";"46";"com v�tima";"133";"BR-393/RJ";"Norte";"Acidentes de outra natureza";0;1;0;0;0;0;0;0;0;0;0;0;1;0;0
"26/02/2019";"02:16:00";"8";"sem v�tima";"155,1";"BR-393/RJ";"Norte";"Colis�o c/ obst�culos";0;0;1;0;0;0;0;0;0;0;1;0;0;0;0
"26/02/2019";"14:24:00";"59";"com v�tima";"117";"BR-393/RJ";"Norte";"Colis�o com ve�culos (frontal)";1;0;1;0;0;0;0;0;0;0;0;1;0;0;1
"26/02/2019";"16:56:00";"70";"com v�tima";"138,3";"BR-393/RJ";"Sul";"Colis�o c/ obst�culos";1;0;0;0;0;0;0;0;0;0;0;1;0;0;0
"27/02/2019";"17:27:00";"72";"com v�tima";"212,067";"BR-393/RJ";"Norte";"Colis�o com ve�culos (traseira)";1;0;0;0;0;0;0;0;1;0;0;4;0;0;0
"28/02/2019";"06:09:00";"14";"sem v�tima";"266,444";"BR-393/RJ";"Norte";"Colis�o com ve�culos (traseira)";2;0;0;0;0;0;0;0;0;0;3;0;0;0;0
"28/02/2019";"09:33:00";"28";"com v�tima";"106,277";"BR-393/RJ";"Norte";"Colis�o lateral no mesmo sentido";1;0;0;1;0;0;0;0;0;0;1;1;0;0;0
"28/02/2019";"17:32:00";"67";"com v�tima";"262,032";"BR-393/RJ";"Norte";"Colis�o c/ obst�culos";1;0;0;0;0;0;0;0;0;0;0;2;0;0;0
"01/03/2019";"21:16:00";"84";"sem v�tima";"282,29";"BR-393/RJ";"Sul";"Colis�o com ve�culos (traseira)";0;0;2;0;0;0;0;0;0;0;2;0;0;0;0
"01/03/2019";"22:12:00";"88";"sem v�tima";"243,6";"BR-393/RJ";"Norte";"Acidentes de outra natureza";0;0;1;0;0;0;0;0;0;0;1;0;0;0;0