fdata;horario;n_da_ocorrencia;tipo_de_ocorrencia;km;trecho;sentido;tipo_de_acidente;automovel;bicicleta;caminhao;moto;onibus;outros;tracao_animal;transporte_de_cargas_especiais;trator_maquinas;utilitarios;ilesos;levemente_feridos;moderadamente_feridos;gravemente_feridos;mortos
"02/03/2019";"12:53:00";"49";"sem v�tima";"229,045";"BR-393/RJ";"Norte";"Colis�o lateral no mesmo sentido";0;0;2;0;0;0;0;0;0;0;6;0;0;0;0
"02/03/2019";"15:13:00";"64";"sem v�tima";"155,474";"BR-393/RJ";"Norte";"Tombamento";0;0;1;0;0;0;0;0;0;0;1;0;0;0;0
"03/03/2019";"02:11:00";"3";"com v�tima";"253,588";"BR-393/RJ";"Sul";"Acidentes de outra natureza";1;0;0;0;0;0;0;0;0;0;0;2;0;0;0
"03/03/2019";"10:02:00";"31";"sem v�tima";"195,046";"BR-393/RJ";"Sul";"Colis�o lateral no mesmo sentido";2;0;0;0;0;0;0;0;0;0;3;0;0;0;0
"03/03/2019";"14:58:00";"43";"com v�tima";"265,565";"BR-393/RJ";"Sul";"Colis�o com ve�culos (traseira)";1;0;0;1;0;0;0;0;0;0;1;1;1;0;0
"05/03/2019";"10:55:00";"26";"com v�tima";"268";"BR-393/RJ";"Sul";"Colis�o lateral no sentido contr�rio";2;0;0;0;0;0;0;0;0;0;1;3;1;0;0
"05/03/2019";"13:18:00";"31";"com v�tima";"182,362";"BR-393/RJ";"Sul";"Colis�o lateral no sentido contr�rio";1;0;0;1;0;0;0;0;0;0;1;1;0;0;0
"06/03/2019";"03:22:00";"13";"sem v�tima";"265,15";"BR-393/RJ";"Sul";"Colis�o com ve�culos (traseira)";2;0;0;0;0;0;0;0;0;0;2;0;0;0;0
"06/03/2019";"20:16:00";"64";"sem v�tima";"280,117";"BR-393/RJ";"Norte";"Colis�o com ve�culos (traseira)";2;0;0;0;0;0;0;0;0;0;2;0;0;0;0
"07/03/2019";"16:21:00";"47";"sem v�tima";"286,3";"BR-393/RJ";"Sul";"Engavetamento";3;0;0;0;0;0;0;0;0;0;5;0;0;0;0
"08/03/2019";"20:04:00";"81";"sem v�tima";"238,672";"BR-393/RJ";"Sul";"Colis�o Transversal";1;0;1;0;0;0;0;0;0;0;4;0;0;0;0
"09/03/2019";"18:39:00";"71";"sem v�tima";"280,544";"BR-393/RJ";"Norte";"Colis�o lateral no mesmo sentido";1;0;0;1;0;0;0;0;0;0;3;0;0;0;0
"09/03/2019";"22:44:00";"87";"com v�tima";"132,29";"BR-393/RJ";"Sul";"Colis�o com ve�culos (traseira)";0;0;1;1;0;0;0;0;0;0;1;0;1;0;0
"10/03/2019";"00:07:00";"2";"sem v�tima";"187,57";"BR-393/RJ";"Norte";"Acidentes de outra natureza";1;0;0;0;0;0;0;0;0;0;1;0;0;0;0
"10/03/2019";"14:27:00";"44";"com v�tima";"151,839";"BR-393/RJ";"Norte";"Tombamento";0;0;1;0;0;0;0;0;0;0;0;1;0;0;0
"10/03/2019";"19:37:00";"60";"com v�tima";"236,6";"BR-393/RJ";"Norte";"Colis�o c/ obst�culos";2;0;0;0;0;0;0;0;0;0;2;2;1;0;0
"11/03/2019";"06:53:00";"18";"com v�tima";"281,697";"BR-393/RJ";"Sul";"Engavetamento";4;0;0;0;0;0;0;0;0;0;5;1;0;0;0
"12/03/2019";"12:15:00";"50";"com v�tima";"240,598";"BR-393/RJ";"Sul";"Colis�o lateral no mesmo sentido";1;0;1;0;0;0;0;0;0;0;1;1;0;0;0
"12/03/2019";"16:02:00";"64";"sem v�tima";"237,692";"BR-393/RJ";"Norte";"Colis�o com ve�culos (traseira)";1;0;1;0;0;0;0;0;0;0;2;0;0;0;0
"13/03/2019";"04:02:00";"5";"sem v�tima";"224,747";"BR-393/RJ";"Sul";"Capotamento";1;0;0;0;0;0;0;0;0;0;1;0;0;0;0
"13/03/2019";"15:58:00";"66";"com v�tima";"196";"BR-393/RJ";"Sul";"Atropelamento de animais";1;0;0;0;0;0;0;0;0;0;0;2;0;0;0
"13/03/2019";"16:30:00";"68";"com v�tima";"238,722";"BR-393/RJ";"Sul";"Colis�o Transversal";1;0;1;0;0;0;0;0;0;0;1;2;2;0;0
"13/03/2019";"17:53:00";"73";"com v�tima";"232,146";"BR-393/RJ";"Norte";"Atropelamento de pedestre";1;0;0;0;0;0;0;0;0;0;0;2;1;1;0
"15/03/2019";"04:23:00";"8";"com v�tima";"203,432";"BR-393/RJ";"Norte";"Colis�o c/ obst�culos";0;0;0;1;0;0;0;0;0;0;0;0;1;0;0
"16/03/2019";"19:09:00";"59";"com v�tima";"168,116";"BR-393/RJ";"Sul";"Colis�o Transversal";1;0;0;1;0;0;0;0;0;0;0;1;1;0;0
"17/03/2019";"01:28:00";"5";"com v�tima";"185,809";"BR-393/RJ";"Sul";"Acidentes de outra natureza";0;0;0;1;0;0;0;0;0;0;1;0;1;0;0
"17/03/2019";"03:59:00";"8";"com v�tima";"181,413";"BR-393/RJ";"Norte";"Capotamento";1;0;0;0;0;0;0;0;0;0;0;2;0;0;0
"17/03/2019";"06:42:00";"21";"com v�tima";"282";"BR-393/RJ";"Sul";"Colis�o com ve�culos (traseira)";1;0;0;0;1;0;0;0;0;0;0;2;0;0;0
"17/03/2019";"20:25:00";"67";"com v�tima";"235,616";"BR-393/RJ";"Sul";"Colis�o com ve�culos (frontal)";2;0;0;0;0;0;0;0;0;0;0;1;3;4;0
"17/03/2019";"21:19:00";"69";"sem v�tima";"281,459";"BR-393/RJ";"Sul";"Colis�o com ve�culos (traseira)";1;0;0;0;0;0;0;0;0;1;2;0;0;0;0
"19/03/2019";"10:06:00";"35";"sem v�tima";"195";"BR-393/RJ";"Sul";"Colis�o com ve�culos (traseira)";0;0;2;0;0;0;0;0;0;0;2;0;0;0;0
"19/03/2019";"12:40:00";"46";"com v�tima";"155,464";"BR-393/RJ";"Norte";"Tombamento";0;0;1;0;0;0;0;0;0;0;0;1;0;0;0
"19/03/2019";"13:24:00";"48";"sem v�tima";"150,539";"BR-393/RJ";"Norte";"Tombamento";0;0;1;0;0;0;0;0;0;0;3;0;0;0;0
"20/03/2019";"00:34:00";"2";"sem v�tima";"204,129";"BR-393/RJ";"Norte";"Acidentes de outra natureza";1;0;0;0;0;0;0;0;0;0;4;0;0;0;0
"20/03/2019";"04:25:00";"4";"com v�tima";"223,689";"BR-393/RJ";"Norte";"Tombamento";0;0;1;0;0;0;0;0;0;0;0;1;0;0;0
"20/03/2019";"15:16:00";"56";"sem v�tima";"278,866";"BR-393/RJ";"Sul";"Colis�o com ve�culos (traseira)";2;0;0;0;0;0;0;0;0;0;2;0;0;0;0
"20/03/2019";"17:11:00";"60";"com v�tima";"280,166";"BR-393/RJ";"Sul";"Atropelamento de pedestre";0;1;1;0;0;0;0;0;0;0;1;1;0;0;0
"21/03/2019";"09:18:00";"31";"sem v�tima";"251,192";"BR-393/RJ";"Norte";"Colis�o com ve�culos (traseira)";1;0;1;0;0;0;0;0;0;0;2;0;0;0;0
"21/03/2019";"22:38:00";"70";"sem v�tima";"255,764";"BR-393/RJ";"Sul";"Colis�o Transversal";1;0;0;0;1;0;0;0;0;0;2;0;0;0;0
"22/03/2019";"03:14:00";"2";"com v�tima";"244,485";"BR-393/RJ";"Norte";"Capotamento";0;0;1;0;0;0;0;0;0;0;0;1;0;0;0
"22/03/2019";"11:04:00";"30";"com v�tima";"279,5";"BR-393/RJ";"Sul";"Acidentes de outra natureza";0;1;0;0;0;0;0;0;0;0;0;1;0;0;0
"22/03/2019";"19:01:00";"56";"com v�tima";"243,501";"BR-393/RJ";"Norte";"Colis�o lateral no mesmo sentido";2;0;0;0;0;1;0;0;0;0;2;1;0;0;0
"23/03/2019";"13:40:00";"36";"com v�tima";"151,789";"BR-393/RJ";"Sul";"Tombamento";0;0;1;0;0;0;0;0;0;0;0;1;0;0;0
"23/03/2019";"19:17:00";"47";"sem v�tima";"285,288";"BR-393/RJ";"Sul";"Colis�o com ve�culos (traseira)";3;0;0;0;0;0;0;0;0;0;3;0;0;0;0
"23/03/2019";"20:19:00";"51";"com v�tima";"146,359";"BR-393/RJ";"Sul";"Acidentes de outra natureza";0;0;0;1;0;0;0;0;0;0;0;1;0;0;0
"24/03/2019";"00:39:00";"4";"sem v�tima";"246,083";"BR-393/RJ";"Sul";"Colis�o Transversal";2;0;0;0;0;0;0;0;0;0;7;0;0;0;0
"24/03/2019";"01:50:00";"6";"com v�tima";"285,595";"BR-393/RJ";"Sul";"Colis�o Transversal";2;0;0;0;0;0;0;0;0;0;2;1;0;0;0
"27/03/2019";"19:18:00";"57";"com v�tima";"168,508";"BR-393/RJ";"Norte";"Atropelamento de pedestre";0;1;0;0;1;0;0;0;0;0;15;1;0;0;0
"28/03/2019";"10:43:00";"34";"com v�tima";"131,397";"BR-393/RJ";"Norte";"Tombamento";0;0;1;0;0;0;0;0;0;0;0;1;0;0;0
"29/03/2019";"14:47:00";"57";"sem v�tima";"135,891";"BR-393/RJ";"Sul";"Colis�o c/ obst�culos";0;0;0;0;1;0;0;0;0;0;1;0;0;0;0
"31/03/2019";"13:16:00";"34";"com v�tima";"217,678";"BR-393/RJ";"Norte";"Colis�o Transversal";2;0;0;0;0;0;0;0;0;0;0;2;0;0;2
"31/03/2019";"19:48:00";"52";"com v�tima";"281,746";"BR-393/RJ";"Sul";"Colis�o com ve�culos (frontal)";1;0;0;1;0;0;0;0;0;0;2;0;0;1;0
"02/04/2019";"08:59:00";"25";"com v�tima";"156,074";"BR-393/RJ";"RJ";"Norte";1;0;1;0;0;0;0;0;0;0;2;1;0;0;0
"02/04/2019";"19:17:00";"66";"sem v�tima";"281";"BR-393/RJ";"RJ";"Norte";0;0;1;0;1;0;0;0;0;0;2;0;0;0;0
"03/04/2019";"22:46:00";"73";"sem v�tima";"280,105";"BR-393/RJ";"RJ";"Norte";2;0;0;0;0;0;0;0;0;0;2;0;0;0;0
"03/04/2019";"23:14:00";"74";"sem v�tima";"230,755";"BR-393/RJ";"RJ";"Sul";0;0;1;0;0;0;0;0;0;0;1;0;0;0;0
"05/04/2019";"12:35:00";"44";"com v�tima";"168";"BR-393/RJ";"RJ";"Norte";0;0;1;1;0;0;0;0;0;0;1;0;0;3;0
"05/04/2019";"15:49:00";"54";"com v�tima";"102,3";"BR-393/RJ";"RJ";"Sul";1;0;0;1;0;0;0;0;0;0;1;1;0;0;0
"05/04/2019";"21:45:00";"79";"sem v�tima";"253,763";"BR-393/RJ";"RJ";"Norte";1;0;0;0;0;0;0;0;0;0;1;0;0;0;0
"05/04/2019";"22:28:00";"82";"sem v�tima";"243,404";"BR-393/RJ";"RJ";"Norte";0;0;1;0;0;0;0;0;0;0;2;0;0;0;0
"06/04/2019";"03:40:00";"15";"sem v�tima";"246,173";"BR-393/RJ";"RJ";"Sul";0;0;1;0;0;0;0;0;0;0;1;0;0;0;0
"06/04/2019";"04:10:00";"16";"com v�tima";"158,491";"BR-393/RJ";"RJ";"Norte";1;0;0;0;0;0;0;0;0;0;0;1;0;0;0
"06/04/2019";"11:52:00";"41";"com v�tima";"220,818";"BR-393/RJ";"RJ";"Norte";1;0;0;0;0;0;0;0;0;0;0;0;0;1;0
"07/04/2019";"00:21:00";"2";"sem v�tima";"282";"BR-393/RJ";"RJ";"Norte";1;0;0;0;0;0;0;0;0;0;1;0;0;0;0
"08/04/2019";"14:36:00";"57";"com v�tima";"171";"BR-393/RJ";"RJ";"Norte";0;0;2;0;0;0;0;0;0;0;0;3;1;0;0
"10/04/2019";"10:12:00";"25";"com v�tima";"279,678";"BR-393/RJ";"RJ";"Norte";2;0;0;0;0;0;0;0;0;0;1;2;0;0;0
"10/04/2019";"18:57:00";"54";"com v�tima";"171,517";"BR-393/RJ";"RJ";"Sul";1;0;0;0;0;0;0;0;0;0;0;2;2;0;0
"13/04/2019";"09:08:00";"23";"sem v�tima";"255,779";"BR-393/RJ";"RJ";"Norte";2;0;0;0;0;0;0;0;0;0;4;0;0;0;0
"13/04/2019";"18:27:00";"44";"sem v�tima";"280";"BR-393/RJ";"RJ";"Norte";1;0;1;0;0;0;0;0;0;0;2;0;0;0;0
"13/04/2019";"21:40:00";"52";"com v�tima";"114,969";"BR-393/RJ";"RJ";"Norte";0;0;1;0;0;0;0;0;0;0;1;0;1;0;0
"14/04/2019";"23:07:00";"53";"com v�tima";"103,95";"BR-393/RJ";"RJ";"Sul";1;0;0;0;0;0;0;0;0;0;0;1;0;0;0
"15/04/2019";"06:02:00";"22";"sem v�tima";"172,227";"BR-393/RJ";"RJ";"Norte";1;0;0;0;0;0;0;0;0;0;2;0;0;0;0
"15/04/2019";"08:48:00";"35";"com v�tima";"133,132";"BR-393/RJ";"RJ";"Norte";1;0;0;1;0;0;0;0;0;0;3;1;0;0;0
"15/04/2019";"18:32:00";"75";"sem v�tima";"117,326";"BR-393/RJ";"RJ";"Sul";1;0;0;0;0;0;0;0;0;0;1;0;0;0;0
"16/04/2019";"10:11:00";"30";"sem v�tima";"133,742";"BR-393/RJ";"RJ";"Sul";0;0;2;0;0;0;0;0;0;0;2;0;0;0;0
"16/04/2019";"16:30:00";"55";"com v�tima";"240,436";"BR-393/RJ";"RJ";"Sul";2;0;0;0;0;0;0;0;0;0;1;1;0;0;0
"16/04/2019";"18:21:00";"62";"com v�tima";"280,281";"BR-393/RJ";"RJ";"Sul";3;0;0;0;0;0;0;0;0;0;3;1;0;0;0
"17/04/2019";"12:11:00";"32";"com v�tima";"251,823";"BR-393/RJ";"RJ";"Norte";0;0;2;0;0;0;0;0;0;0;1;0;0;0;1
"17/04/2019";"12:24:00";"33";"com v�tima";"131,376";"BR-393/RJ";"RJ";"Sul";0;0;1;0;0;0;0;0;0;0;0;1;0;0;0
"17/04/2019";"19:10:00";"51";"sem v�tima";"281,459";"BR-393/RJ";"RJ";"Sul";3;0;0;0;0;0;0;0;0;0;4;0;0;0;0
"18/04/2019";"10:46:00";"30";"sem v�tima";"282,483";"BR-393/RJ";"RJ";"Norte";1;0;1;0;0;0;0;0;0;0;2;0;0;0;0
"18/04/2019";"11:33:00";"33";"sem v�tima";"133,483";"BR-393/RJ";"RJ";"Norte";1;0;1;0;0;0;0;0;0;0;2;0;0;0;0
"19/04/2019";"09:53:00";"37";"sem v�tima";"146,52";"BR-393/RJ";"RJ";"Norte";2;0;0;0;0;0;0;0;0;0;6;0;0;0;0
"19/04/2019";"11:17:00";"41";"sem v�tima";"204,094";"BR-393/RJ";"RJ";"Norte";1;0;1;0;0;0;0;0;0;0;2;0;0;0;0
"20/04/2019";"05:42:00";"18";"com v�tima";"177,2";"BR-393/RJ";"RJ";"Norte";1;0;0;1;0;0;0;0;0;0;1;1;0;0;0
"20/04/2019";"15:29:00";"42";"sem v�tima";"264,59";"BR-393/RJ";"RJ";"Sul";1;0;0;0;0;0;0;0;0;0;1;0;0;0;0
"21/04/2019";"01:20:00";"3";"com v�tima";"210,484";"BR-393/RJ";"RJ";"Norte";1;0;0;0;0;0;0;0;0;0;0;1;0;0;0
"21/04/2019";"07:39:00";"28";"sem v�tima";"170,9";"BR-393/RJ";"RJ";"Norte";0;0;1;0;0;0;0;0;0;0;1;0;0;0;0
"21/04/2019";"14:18:00";"37";"com v�tima";"182,372";"BR-393/RJ";"RJ";"Sul";2;0;0;0;0;0;0;0;0;0;0;5;0;0;0
"21/04/2019";"20:07:00";"64";"com v�tima";"280,252";"BR-393/RJ";"RJ";"Norte";1;0;0;1;0;0;0;0;0;0;1;1;0;0;0
"23/04/2019";"19:42:00";"64";"sem v�tima";"169,642";"BR-393/RJ";"RJ";"Sul";1;0;0;0;0;0;0;0;0;0;1;0;0;0;0
"23/04/2019";"22:16:00";"66";"com v�tima";"192,35";"BR-393/RJ";"RJ";"Sul";1;0;1;0;0;0;0;0;0;0;2;1;0;0;0
"24/04/2019";"14:22:00";"35";"com v�tima";"284,51";"BR-393/RJ";"RJ";"Norte";0;0;0;1;0;0;0;0;0;1;0;2;0;0;0
"24/04/2019";"15:32:00";"45";"sem v�tima";"2,141";"Al�a Sul";"RJ";"Norte";1;0;0;0;0;0;0;0;0;0;1;0;0;0;0
"24/04/2019";"15:37:00";"46";"com v�tima";"179,347";"BR-393/RJ";"RJ";"Sul";0;0;1;0;0;0;0;0;0;0;0;0;0;0;1
"24/04/2019";"16:42:00";"48";"sem v�tima";"175";"BR-393/RJ";"RJ";"Norte";3;0;0;0;0;0;0;0;0;0;5;0;0;0;0
"24/04/2019";"21:54:00";"59";"com v�tima";"274,494";"BR-393/RJ";"RJ";"Norte";0;0;0;1;0;0;0;0;0;0;0;1;1;0;0
"25/04/2019";"15:15:00";"41";"com v�tima";"124,431";"BR-393/RJ";"RJ";"Sul";0;0;1;0;0;0;0;0;0;0;0;2;0;0;0
"26/04/2019";"19:30:00";"60";"sem v�tima";"175,889";"BR-393/RJ";"RJ";"Sul";1;0;1;0;0;0;0;0;0;0;2;0;0;0;0
"27/04/2019";"01:27:00";"6";"sem v�tima";"142,485";"BR-393/RJ";"RJ";"Norte";1;0;0;0;0;0;0;0;0;0;1;0;0;0;0
"27/04/2019";"08:29:00";"35";"com v�tima";"182,416";"BR-393/RJ";"RJ";"Sul";0;0;0;1;0;0;0;0;0;0;0;0;1;0;0
"27/04/2019";"09:26:00";"42";"sem v�tima";"252";"BR-393/RJ";"RJ";"Norte";2;0;0;0;0;0;0;0;0;0;3;0;0;0;0
"27/04/2019";"18:07:00";"73";"com v�tima";"270,736";"BR-393/RJ";"RJ";"Norte";1;0;0;0;0;0;0;0;0;0;3;0;0;0;1
"28/04/2019";"17:18:00";"39";"sem v�tima";"178";"BR-393/RJ";"RJ";"Norte";0;0;1;0;0;0;0;0;0;0;1;0;0;0;0
"29/04/2019";"07:31:00";"20";"com v�tima";"268,316";"BR-393/RJ";"RJ";"Sul";2;0;0;0;0;0;0;0;0;0;0;2;0;0;0
"29/04/2019";"12:47:00";"36";"sem v�tima";"269,8";"BR-393/RJ";"RJ";"Norte";1;0;0;0;0;0;0;0;0;0;1;0;0;0;0
"30/04/2019";"07:40:00";"19";"com v�tima";"259,179";"BR-393/RJ";"RJ";"Sul";0;0;1;0;1;0;0;0;0;0;3;2;0;0;0
"02/05/2019";"11:34:00";"34";"com v�tima";"282,236";"BR-393/RJ";"RJ";"Norte";1;0;0;1;0;0;0;0;0;0;1;1;0;0;0
"02/05/2019";"17:29:00";"55";"com v�tima";"168,164";"BR-393/RJ";"RJ";"Norte";1;0;0;1;0;0;0;0;0;0;1;1;0;0;0
"03/05/2019";"13:35:00";"34";"com v�tima";"238,714";"BR-393/RJ";"RJ";"Sul";1;0;0;1;0;0;0;0;0;0;1;0;1;0;0
"03/05/2019";"16:12:00";"44";"com v�tima";"155,515";"BR-393/RJ";"RJ";"Norte";0;0;0;1;0;0;0;0;0;0;0;1;0;0;0
"05/05/2019";"03:58:00";"10";"com v�tima";"202,538";"BR-393/RJ";"RJ";"Norte";1;0;0;0;0;0;0;0;0;0;0;0;1;0;0
"05/05/2019";"18:34:00";"55";"sem v�tima";"281,839";"BR-393/RJ";"RJ";"Sul";1;0;0;1;0;0;0;0;0;0;3;0;0;0;0
"05/05/2019";"20:07:00";"59";"com v�tima";"168,8";"BR-393/RJ";"RJ";"Sul";1;0;1;0;0;0;0;0;0;0;4;1;0;0;0
"06/05/2019";"00:51:00";"5";"sem v�tima";"286";"BR-393/RJ";"RJ";"Sul";1;0;0;0;1;0;0;0;0;0;2;0;0;0;0
"07/05/2019";"08:29:00";"18";"com v�tima";"178,572";"BR-393/RJ";"RJ";"Sul";1;0;1;0;0;0;0;0;0;0;0;2;0;0;0
"08/05/2019";"00:45:00";"2";"sem v�tima";"217,835";"BR-393/RJ";"RJ";"Sul";0;0;1;0;0;0;0;0;0;0;1;0;0;0;0
"08/05/2019";"14:02:00";"42";"sem v�tima";"129";"BR-393/RJ";"RJ";"Norte";0;0;1;0;0;0;0;0;0;0;1;0;0;0;0
"08/05/2019";"18:26:00";"58";"com v�tima";"221,734";"BR-393/RJ";"RJ";"Sul";0;0;0;1;0;0;0;0;0;0;0;2;0;0;0
"09/05/2019";"17:53:00";"43";"com v�tima";"269,332";"BR-393/RJ";"RJ";"Sul";0;1;0;1;0;0;0;0;0;0;0;2;0;0;0
"10/05/2019";"08:11:00";"11";"com v�tima";"279,232";"BR-393/RJ";"RJ";"Sul";0;0;0;1;0;0;0;0;0;0;1;0;1;0;0
"10/05/2019";"10:25:00";"18";"com v�tima";"227,2";"BR-393/RJ";"RJ";"Sul";1;0;0;0;0;0;0;0;0;0;0;2;0;0;0
"11/05/2019";"03:09:00";"3";"com v�tima";"104,798";"BR-393/RJ";"RJ";"Norte";1;0;0;0;0;0;0;0;0;0;1;0;0;1;0
"11/05/2019";"19:46:00";"54";"com v�tima";"284,594";"BR-393/RJ";"RJ";"Norte";2;0;0;0;0;0;0;0;0;0;1;4;0;0;0
"12/05/2019";"10:05:00";"21";"sem v�tima";"132";"BR-393/RJ";"RJ";"Norte";3;0;0;0;0;0;0;0;0;0;3;0;0;0;0
"14/05/2019";"18:15:00";"48";"com v�tima";"157,849";"BR-393/RJ";"RJ";"Norte";1;0;1;0;0;0;0;0;0;0;5;1;0;0;0
"15/05/2019";"01:36:00";"1";"com v�tima";"268,923";"BR-393/RJ";"RJ";"Sul";1;0;0;0;0;0;0;0;0;0;1;0;0;0;1
"15/05/2019";"13:06:00";"42";"com v�tima";"155,465";"BR-393/RJ";"RJ";"Norte";0;0;1;0;0;0;0;0;0;0;0;1;0;0;0
"15/05/2019";"20:56:00";"67";"com v�tima";"149,689";"BR-393/RJ";"RJ";"Sul";1;0;0;0;0;0;0;0;0;0;2;1;1;0;0
"16/05/2019";"16:14:00";"62";"com v�tima";"279";"BR-393/RJ";"RJ";"Sul";2;0;0;0;0;0;0;0;0;0;1;2;0;0;0
"17/05/2019";"14:43:00";"41";"sem v�tima";"138";"BR-393/RJ";"RJ";"Norte";1;0;0;0;0;0;0;0;0;0;1;0;0;0;0
"18/05/2019";"09:49:00";"15";"sem v�tima";"177,795";"BR-393/RJ";"RJ";"Sul";2;0;0;0;0;0;0;0;0;0;2;0;0;0;0
"18/05/2019";"12:08:00";"26";"sem v�tima";"161,948";"BR-393/RJ";"RJ";"Norte";1;0;0;0;0;0;0;0;0;0;3;0;0;0;0
"18/05/2019";"16:43:00";"41";"com v�tima";"282,875";"BR-393/RJ";"RJ";"Norte";1;0;1;0;0;0;0;0;0;0;1;1;0;0;0
"19/05/2019";"09:32:00";"21";"com v�tima";"286,001";"BR-393/RJ";"RJ";"Sul";1;0;0;0;0;0;0;0;0;0;1;0;0;1;0
"19/05/2019";"11:30:00";"25";"sem v�tima";"285,431";"BR-393/RJ";"RJ";"Norte";1;0;0;1;0;0;0;0;0;0;3;0;0;0;0
"19/05/2019";"19:48:00";"42";"com v�tima";"105,093";"BR-393/RJ";"RJ";"Norte";0;0;0;1;0;0;0;0;0;0;0;1;0;0;0
"20/05/2019";"18:24:00";"57";"com v�tima";"164,865";"BR-393/RJ";"RJ";"Sul";1;0;0;0;0;0;0;0;0;0;0;1;0;0;0
"22/05/2019";"12:10:00";"34";"sem v�tima";"175";"BR-393/RJ";"RJ";"Sul";2;0;0;0;0;0;0;0;0;0;2;0;0;0;0
"23/05/2019";"16:32:00";"59";"com v�tima";"246,269";"BR-393/RJ";"RJ";"Sul";0;0;1;0;0;0;0;0;0;0;0;0;0;1;0
"23/05/2019";"17:00:00";"61";"com v�tima";"121,186";"BR-393/RJ";"RJ";"Norte";0;0;1;0;0;0;0;0;0;0;0;1;0;0;0
"24/05/2019";"11:51:00";"42";"com v�tima";"246,25";"BR-393/RJ";"RJ";"Norte";3;0;0;0;0;0;0;0;0;0;6;1;0;0;0
"25/05/2019";"20:35:00";"65";"sem v�tima";"3,024";"Al�a Sul";"RJ";"Sul";1;0;0;0;0;0;0;0;0;0;1;0;0;0;0
"26/05/2019";"02:26:00";"9";"com v�tima";"285,402";"BR-393/RJ";"RJ";"Sul";1;0;0;1;0;0;0;0;0;0;2;0;1;0;0
"27/05/2019";"01:35:00";"2";"sem v�tima";"242,552";"BR-393/RJ";"RJ";"Sul";1;0;0;0;0;0;0;0;0;0;2;0;0;0;0
"27/05/2019";"19:18:00";"71";"com v�tima";"280,527";"BR-393/RJ";"RJ";"Norte";2;0;0;0;0;0;0;0;0;0;2;1;0;0;0
"28/05/2019";"04:43:00";"4";"com v�tima";"263,129";"BR-393/RJ";"RJ";"Sul";0;0;2;0;0;0;0;0;0;0;0;3;0;0;3
"30/05/2019";"20:01:00";"70";"com v�tima";"106,957";"BR-393/RJ";"RJ";"Sul";1;0;0;1;0;0;0;0;0;0;1;1;0;0;0
"31/05/2019";"00:26:00";"3";"sem v�tima";"280,228";"BR-393/RJ";"RJ";"Norte";0;0;0;1;0;0;0;0;0;0;1;0;0;0;0
"31/05/2019";"08:52:00";"28";"sem v�tima";"231,663";"BR-393/RJ";"RJ";"Norte";0;0;2;0;0;0;0;0;0;0;2;0;0;0;0
"31/05/2019";"19:41:00";"79";"com v�tima";"282,249";"BR-393/RJ";"RJ";"Norte";0;0;0;1;0;0;0;0;0;1;1;0;1;0;0
"31/05/2019";"21:51:00";"84";"com v�tima";"213,037";"BR-393/RJ";"RJ";"Norte";1;0;2;0;0;0;0;0;0;0;2;0;0;0;2
"01/06/2019";"09:22:00";"23";"com v�tima";"195";"BR-393/RJ";"RJ";"Norte";1;0;2;0;0;0;0;0;0;0;5;2;0;0;0
"01/06/2019";"20:33:00";"53";"sem v�tima";"280";"BR-393/RJ";"RJ";"Sul";2;0;0;0;0;0;0;0;0;0;2;0;0;0;0
"02/06/2019";"06:17:00";"19";"sem v�tima";"270,619";"BR-393/RJ";"RJ";"Sul";1;0;0;0;0;0;0;0;0;0;3;0;0;0;0
"03/06/2019";"01:04:00";"2";"com v�tima";"280,254";"BR-393/RJ";"RJ";"Norte";1;0;0;0;0;0;0;0;0;0;1;1;0;0;0
"03/06/2019";"14:57:00";"47";"com v�tima";"263,9";"BR-393/RJ";"RJ";"Norte";1;0;0;0;0;0;0;0;0;0;0;2;0;0;0
"04/06/2019";"08:07:00";"21";"sem v�tima";"281";"BR-393/RJ";"RJ";"Norte";1;0;1;0;0;0;0;0;0;0;2;0;0;0;0
"04/06/2019";"16:56:00";"45";"com v�tima";"182,286";"BR-393/RJ";"RJ";"Norte";1;0;1;0;0;0;0;0;0;0;0;4;0;0;0
"05/06/2019";"17:32:00";"64";"sem v�tima";"154";"BR-393/RJ";"RJ";"Sul";0;0;0;0;0;0;0;0;0;1;1;0;0;0;0
"05/06/2019";"19:49:00";"78";"sem v�tima";"118,9";"BR-393/RJ";"RJ";"Sul";0;0;2;0;0;0;0;0;0;0;3;0;0;0;0
"06/06/2019";"12:07:00";"43";"com v�tima";"1";"Al�a Sul";"RJ";"Norte";1;0;0;1;0;0;0;0;0;0;1;1;0;0;0
"07/06/2019";"01:52:00";"14";"com v�tima";"218,901";"BR-393/RJ";"RJ";"Sul";1;0;0;1;0;0;0;0;0;0;1;2;1;0;0
"07/06/2019";"13:08:00";"39";"sem v�tima";"118,132";"BR-393/RJ";"RJ";"Sul";0;0;2;0;0;0;0;0;0;0;2;0;0;0;0
"07/06/2019";"18:57:00";"55";"sem v�tima";"279,303";"BR-393/RJ";"RJ";"Norte";2;0;0;0;0;0;0;0;0;0;5;0;0;0;0
"08/06/2019";"15:12:00";"44";"com v�tima";"121,426";"BR-393/RJ";"RJ";"Norte";0;0;4;0;0;0;0;0;0;0;3;1;0;0;0
"09/06/2019";"06:09:00";"18";"sem v�tima";"201,543";"BR-393/RJ";"RJ";"Norte";1;0;0;0;0;0;0;0;0;0;1;0;0;0;0
"09/06/2019";"21:54:00";"58";"sem v�tima";"139,508";"BR-393/RJ";"RJ";"Sul";0;0;0;1;0;0;0;0;0;0;1;0;0;0;0
"10/06/2019";"07:35:00";"28";"sem v�tima";"281";"BR-393/RJ";"RJ";"Norte";2;0;1;0;0;0;0;0;0;0;4;0;0;0;0
"11/06/2019";"13:57:00";"38";"com v�tima";"255";"BR-393/RJ";"RJ";"Norte";2;0;0;0;0;0;0;0;0;0;0;2;0;0;0
"13/06/2019";"02:56:00";"5";"com v�tima";"253,122";"BR-393/RJ";"RJ";"Norte";0;0;2;0;0;0;0;0;0;1;0;10;0;0;0
"13/06/2019";"19:17:00";"46";"sem v�tima";"282,8";"BR-393/RJ";"RJ";"Sul";2;0;0;0;0;0;0;0;0;0;2;0;0;0;0
"14/06/2019";"03:33:00";"13";"com v�tima";"190,197";"BR-393/RJ";"RJ";"Sul";1;0;0;0;0;0;0;0;0;0;0;4;0;0;0
"14/06/2019";"16:09:00";"62";"sem v�tima";"284,662";"BR-393/RJ";"RJ";"Norte";3;0;0;0;0;0;0;0;0;0;9;0;0;0;0
"15/06/2019";"09:33:00";"23";"sem v�tima";"282,103";"BR-393/RJ";"RJ";"Sul";2;0;0;0;0;0;0;0;0;0;2;0;0;0;0