fdata;horario;n_da_ocorrencia;tipo_de_ocorrencia;km;trecho;sentido;tipo_de_acidente;automovel;bicicleta;caminhao;moto;onibus;outros;tracao_animal;transporte_de_cargas_especiais;trator_maquinas;utilitarios;ilesos;levemente_feridos;moderadamente_feridos;gravemente_feridos;mortos
"16/06/2019";"03:45:00";"17";"com v�tima";"169,088";"BR-393/RJ";"RJ";"Sul";0;0;0;1;0;0;0;0;0;0;0;0;2;0;0
"16/06/2019";"21:21:00";"60";"com v�tima";"232,61";"BR-393/RJ";"RJ";"Sul";0;0;1;0;0;0;0;0;0;0;0;1;0;0;1
"17/06/2019";"10:10:00";"39";"com v�tima";"203,5";"BR-393/RJ";"RJ";"Sul";1;0;0;0;0;0;0;0;0;0;0;3;0;0;0
"18/06/2019";"20:23:00";"56";"sem v�tima";"195";"BR-393/RJ";"RJ";"Sul";2;0;0;0;0;0;0;0;0;0;4;0;0;0;0
"19/06/2019";"09:55:00";"26";"sem v�tima";"195,052";"BR-393/RJ";"RJ";"Norte";1;0;1;0;0;0;0;0;0;0;3;0;0;0;0
"19/06/2019";"13:23:00";"49";"com v�tima";"268,355";"BR-393/RJ";"RJ";"Sul";2;0;0;0;0;0;0;0;0;0;0;2;0;0;0
"20/06/2019";"21:48:00";"57";"com v�tima";"174,271";"BR-393/RJ";"RJ";"Sul";1;0;0;1;0;0;0;0;0;0;1;0;2;0;0
"22/06/2019";"10:39:00";"33";"com v�tima";"286";"BR-393/RJ";"RJ";"Sul";1;0;0;1;0;0;0;0;0;0;2;1;0;0;0
"25/06/2019";"07:01:00";"13";"com v�tima";"154";"BR-393/RJ";"RJ";"Sul";1;0;1;0;0;0;0;0;0;0;1;0;1;0;0
"25/06/2019";"16:42:00";"60";"sem v�tima";"234";"BR-393/RJ";"RJ";"Sul";1;0;1;0;0;0;0;0;0;0;3;0;0;0;0
"25/06/2019";"18:39:00";"69";"sem v�tima";"151";"BR-393/RJ";"RJ";"Sul";0;0;2;0;0;0;0;0;0;0;2;0;0;0;0
"25/06/2019";"19:34:00";"72";"sem v�tima";"177,688";"BR-393/RJ";"RJ";"Norte";2;0;0;0;0;0;0;0;0;0;2;0;0;0;0
"26/06/2019";"15:00:00";"60";"sem v�tima";"132";"BR-393/RJ";"RJ";"Sul";1;0;0;1;0;0;0;0;0;0;2;0;0;0;0
"26/06/2019";"21:41:00";"88";"sem v�tima";"178,266";"BR-393/RJ";"RJ";"Norte";1;0;1;0;0;0;0;0;0;0;2;0;0;0;0
"27/06/2019";"02:35:00";"11";"sem v�tima";"169,325";"BR-393/RJ";"RJ";"Sul";0;0;1;0;0;0;0;0;0;0;1;0;0;0;0
"27/06/2019";"07:24:00";"18";"sem v�tima";"284,623";"BR-393/RJ";"RJ";"Sul";2;0;0;0;0;0;0;0;0;0;2;0;0;0;0
"28/06/2019";"11:37:00";"36";"com v�tima";"182,05";"BR-393/RJ";"RJ";"Norte";0;0;0;1;0;0;0;0;0;0;0;1;0;0;0
"28/06/2019";"16:44:00";"56";"sem v�tima";"285";"BR-393/RJ";"RJ";"Sul";2;0;0;0;0;0;0;0;0;0;3;0;0;0;0
"29/06/2019";"16:21:00";"60";"sem v�tima";"283,762";"BR-393/RJ";"RJ";"Norte";2;0;0;0;0;0;0;0;0;0;5;0;0;0;0
"30/06/2019";"07:10:00";"29";"com v�tima";"190,45";"BR-393/RJ";"RJ";"Norte";0;0;1;1;0;0;0;0;0;0;0;1;0;1;0
"30/06/2019";"22:59:00";"68";"sem v�tima";"258";"BR-393/RJ";"RJ";"Sul";1;0;0;0;0;0;0;0;0;0;1;0;0;0;0
"01/07/2019";"00:16:00";"1";"com v�tima";"284,388";"BR-393/RJ";"RJ";"Norte";0;0;0;1;0;0;0;0;0;0;0;1;0;0;0
"01/07/2019";"18:34:00";"45";"sem v�tima";"269,283";"BR-393/RJ";"RJ";"Norte";1;0;0;0;0;0;0;0;0;0;1;0;0;0;0
"02/07/2019";"10:16:00";"24";"sem v�tima";"195,003";"BR-393/RJ";"RJ";"Sul";1;0;1;0;0;0;0;0;0;0;2;0;0;0;0
"04/07/2019";"07:51:00";"18";"com v�tima";"149,9";"BR-393/RJ";"RJ";"Norte";1;0;0;0;1;0;0;0;0;0;5;2;0;0;0
"04/07/2019";"09:13:00";"22";"com v�tima";"114,018";"BR-393/RJ";"RJ";"Norte";0;0;1;0;0;0;0;0;0;0;0;1;0;0;0
"04/07/2019";"16:03:00";"61";"com v�tima";"227,5";"BR-393/RJ";"RJ";"Norte";0;0;1;0;0;0;0;0;0;0;0;1;0;0;0
"05/07/2019";"07:40:00";"15";"com v�tima";"172,2";"BR-393/RJ";"RJ";"Sul";1;0;0;0;0;0;0;0;0;0;0;1;0;0;0
"05/07/2019";"14:05:00";"35";"com v�tima";"239,8";"BR-393/RJ";"RJ";"Norte";1;0;0;0;0;0;0;0;0;0;0;1;0;0;0
"05/07/2019";"14:20:00";"36";"com v�tima";"161,945";"BR-393/RJ";"RJ";"Sul";0;0;1;0;0;0;0;0;0;0;0;1;0;0;0
"05/07/2019";"15:30:00";"38";"com v�tima";"121";"BR-393/RJ";"RJ";"Sul";1;0;0;0;0;0;0;0;0;0;0;1;0;0;0
"05/07/2019";"18:07:00";"45";"sem v�tima";"125,679";"BR-393/RJ";"RJ";"Norte";2;0;0;0;0;0;0;0;0;0;4;0;0;0;0
"06/07/2019";"02:22:00";"5";"com v�tima";"103,252";"BR-393/RJ";"RJ";"Norte";1;0;0;1;0;0;0;0;0;0;2;1;0;0;0
"06/07/2019";"06:53:00";"17";"com v�tima";"217,5";"BR-393/RJ";"RJ";"Norte";0;0;0;1;0;0;0;0;0;0;0;1;0;0;0
"07/07/2019";"18:22:00";"56";"com v�tima";"173,718";"BR-393/RJ";"RJ";"Norte";1;0;0;0;0;0;0;0;0;0;0;4;0;0;0
"07/07/2019";"18:41:00";"57";"com v�tima";"235,518";"BR-393/RJ";"RJ";"Sul";1;0;0;1;0;0;0;0;0;0;1;2;0;0;0
"08/07/2019";"12:13:00";"45";"com v�tima";"168,079";"BR-393/RJ";"RJ";"Norte";1;0;0;1;0;0;0;0;0;0;0;2;0;0;0
"08/07/2019";"19:13:00";"69";"com v�tima";"280,229";"BR-393/RJ";"RJ";"Sul";1;0;0;1;0;0;0;0;0;0;1;0;0;1;0
"09/07/2019";"07:52:00";"19";"sem v�tima";"177,135";"BR-393/RJ";"RJ";"Sul";2;0;0;0;0;0;0;0;0;0;5;0;0;0;0
"09/07/2019";"10:36:00";"32";"sem v�tima";"178,571";"BR-393/RJ";"RJ";"Norte";1;0;1;0;0;0;0;0;0;0;2;0;0;0;0
"09/07/2019";"12:53:00";"37";"sem v�tima";"161,214";"BR-393/RJ";"RJ";"Sul";1;0;0;0;0;0;0;0;0;0;4;0;0;0;0
"10/07/2019";"02:03:00";"3";"com v�tima";"114,7";"BR-393/RJ";"RJ";"Norte";0;0;1;0;0;0;0;0;0;0;0;0;1;0;0
"11/07/2019";"02:15:00";"4";"com v�tima";"130,291";"BR-393/RJ";"RJ";"Sul";0;0;1;0;0;0;0;0;0;0;0;1;0;0;0
"11/07/2019";"09:27:00";"22";"sem v�tima";"282,6";"BR-393/RJ";"RJ";"Norte";1;0;1;0;0;0;0;0;0;0;2;0;0;0;0
"11/07/2019";"09:50:00";"24";"com v�tima";"252";"BR-393/RJ";"RJ";"Norte";1;0;0;1;0;0;0;0;0;0;1;1;0;0;0
"11/07/2019";"10:31:00";"26";"sem v�tima";"279,306";"BR-393/RJ";"RJ";"Norte";1;0;1;0;0;0;0;0;0;0;2;0;0;0;0
"11/07/2019";"18:52:00";"56";"sem v�tima";"188,034";"BR-393/RJ";"RJ";"Sul";0;0;0;0;0;1;0;0;0;0;1;0;0;0;0
"12/07/2019";"14:02:00";"53";"com v�tima";"104,8";"BR-393/RJ";"RJ";"Norte";1;0;0;1;0;0;0;0;0;0;1;0;1;0;0
"12/07/2019";"16:19:00";"64";"sem v�tima";"125,6";"BR-393/RJ";"RJ";"Norte";1;0;1;0;0;0;0;0;0;0;2;0;0;0;0
"12/07/2019";"17:29:00";"72";"sem v�tima";"285,458";"BR-393/RJ";"RJ";"Norte";3;0;1;0;0;0;0;0;0;0;7;0;0;0;0
"13/07/2019";"04:04:00";"7";"com v�tima";"102,5";"BR-393/RJ";"RJ";"Sul";0;0;0;0;1;0;0;0;0;0;5;3;0;1;0
"13/07/2019";"07:26:00";"9";"com v�tima";"176,946";"BR-393/RJ";"RJ";"Norte";2;0;0;0;0;0;0;0;0;0;4;3;0;0;0
"13/07/2019";"21:25:00";"47";"com v�tima";"281";"BR-393/RJ";"RJ";"Norte";2;0;0;0;0;0;0;0;0;0;1;1;0;0;0
"14/07/2019";"03:38:00";"8";"sem v�tima";"247,429";"BR-393/RJ";"RJ";"Norte";1;0;0;0;0;0;0;0;0;0;1;0;0;0;0
"14/07/2019";"04:48:00";"14";"sem v�tima";"259,447";"BR-393/RJ";"RJ";"Sul";1;0;0;0;0;0;0;0;0;0;1;0;0;0;0
"15/07/2019";"13:46:00";"56";"com v�tima";"274,085";"BR-393/RJ";"RJ";"Sul";0;0;1;0;0;0;0;0;0;0;0;0;0;0;1
"15/07/2019";"16:48:00";"63";"com v�tima";"235";"BR-393/RJ";"RJ";"Norte";0;0;0;2;0;0;0;0;0;0;1;1;0;0;0
"16/07/2019";"07:01:00";"19";"com v�tima";"138,119";"BR-393/RJ";"RJ";"Norte";0;0;1;0;0;0;0;0;0;0;0;1;0;0;0
"16/07/2019";"10:39:00";"30";"sem v�tima";"175,5";"BR-393/RJ";"RJ";"Norte";0;0;2;0;0;0;0;0;0;0;2;0;0;0;0
"16/07/2019";"23:06:00";"71";"com v�tima";"281,5";"BR-393/RJ";"RJ";"Sul";1;0;0;1;0;0;0;0;0;0;1;0;1;0;0
"18/07/2019";"17:28:00";"51";"sem v�tima";"116,346";"BR-393/RJ";"RJ";"Norte";2;0;1;0;0;0;0;0;0;0;5;0;0;0;0
"18/07/2019";"17:51:00";"53";"sem v�tima";"241,728";"BR-393/RJ";"RJ";"Norte";1;0;0;1;0;0;0;0;0;0;2;0;0;0;0
"19/07/2019";"18:33:00";"60";"com v�tima";"284,586";"BR-393/RJ";"RJ";"Sul";1;0;0;0;1;0;0;0;0;0;0;4;0;0;0
"19/07/2019";"20:14:00";"65";"com v�tima";"105";"BR-393/RJ";"RJ";"Norte";2;0;0;0;0;0;0;0;0;0;1;1;0;0;0
"20/07/2019";"21:30:00";"70";"sem v�tima";"285,105";"BR-393/RJ";"RJ";"Sul";1;0;0;1;0;0;0;0;0;0;3;0;0;0;0
"21/07/2019";"06:53:00";"19";"sem v�tima";"106,1";"BR-393/RJ";"RJ";"Sul";1;0;0;0;0;0;0;0;0;0;1;0;0;0;0
"21/07/2019";"16:46:00";"48";"sem v�tima";"239,317";"BR-393/RJ";"RJ";"Norte";1;0;0;0;0;0;0;0;0;1;4;0;0;0;0
"21/07/2019";"22:57:00";"68";"com v�tima";"283,077";"BR-393/RJ";"RJ";"Norte";1;0;0;0;0;0;0;0;0;0;0;1;0;0;0
"24/07/2019";"10:49:00";"38";"sem v�tima";"281,565";"BR-393/RJ";"RJ";"Sul";2;0;0;0;0;0;0;0;0;0;2;0;0;0;0
"24/07/2019";"11:04:00";"40";"sem v�tima";"281,565";"BR-393/RJ";"RJ";"Sul";0;0;0;2;0;0;0;0;0;0;2;0;0;0;0
"24/07/2019";"13:46:00";"49";"sem v�tima";"233,7";"BR-393/RJ";"RJ";"Sul";2;0;0;0;0;0;0;0;0;0;4;0;0;0;0
"26/07/2019";"06:51:00";"19";"com v�tima";"169,738";"BR-393/RJ";"RJ";"Norte";1;0;0;0;1;0;0;0;0;0;1;1;0;0;0
"26/07/2019";"19:22:00";"86";"com v�tima";"196,083";"BR-393/RJ";"RJ";"Norte";1;0;0;0;0;0;0;0;0;0;0;2;0;0;0
"27/07/2019";"00:52:00";"11";"com v�tima";"285,377";"BR-393/RJ";"RJ";"Norte";2;0;0;0;0;0;0;0;0;0;3;1;0;0;0
"27/07/2019";"18:51:00";"69";"com v�tima";"248,6";"BR-393/RJ";"RJ";"Sul";1;0;0;0;0;0;0;0;0;0;0;2;0;0;0
"28/07/2019";"15:56:00";"61";"com v�tima";"168";"BR-393/RJ";"RJ";"Norte";1;0;1;0;0;0;0;0;0;0;0;2;0;0;0
"30/07/2019";"07:27:00";"20";"sem v�tima";"266,3";"BR-393/RJ";"RJ";"Norte";1;0;0;0;0;0;0;0;0;0;1;0;0;0;0
"02/08/2019";"13:22:00";"43";"sem v�tima";"284,3";"BR-393/RJ";"RJ";"Sul";2;0;0;0;0;0;0;0;0;0;4;0;0;0;0
"02/08/2019";"16:37:00";"52";"sem v�tima";"281";"BR-393/RJ";"RJ";"Norte";1;0;1;0;0;0;0;0;0;0;2;0;0;0;0
"03/08/2019";"14:10:00";"32";"com v�tima";"274";"BR-393/RJ";"RJ";"Sul";1;0;0;0;0;0;0;0;0;0;0;3;0;0;1
"03/08/2019";"14:13:00";"33";"sem v�tima";"266,5";"BR-393/RJ";"RJ";"Norte";2;0;0;0;0;0;0;0;0;0;2;0;0;0;0
"03/08/2019";"14:40:00";"36";"sem v�tima";"177,5";"BR-393/RJ";"RJ";"Norte";2;0;0;0;0;0;0;0;0;0;3;0;0;0;0
"03/08/2019";"16:31:00";"45";"com v�tima";"155,7";"BR-393/RJ";"RJ";"Sul";1;0;0;0;0;0;0;0;0;0;0;0;1;0;0
"04/08/2019";"04:48:00";"18";"com v�tima";"267,3";"BR-393/RJ";"RJ";"Norte";1;0;0;0;0;0;0;0;0;0;0;1;0;1;0
"04/08/2019";"10:27:00";"36";"com v�tima";"280";"BR-393/RJ";"RJ";"Norte";1;0;0;0;0;0;0;0;0;0;0;0;0;0;1
"04/08/2019";"13:36:00";"44";"sem v�tima";"131,5";"BR-393/RJ";"RJ";"Norte";0;0;1;0;0;0;0;0;0;0;1;0;0;0;0
"04/08/2019";"17:47:00";"59";"sem v�tima";"268,849";"BR-393/RJ";"RJ";"Norte";3;0;0;0;0;0;0;0;0;0;3;0;0;0;0
"04/08/2019";"21:55:00";"69";"sem v�tima";"132,846";"BR-393/RJ";"RJ";"Norte";1;0;0;0;0;0;0;0;0;0;1;0;0;0;0
"04/08/2019";"22:08:00";"70";"com v�tima";"151,8";"BR-393/RJ";"RJ";"Norte";1;0;1;0;0;0;0;0;0;0;1;1;1;1;0
"06/08/2019";"15:57:00";"53";"com v�tima";"250,478";"BR-393/RJ";"RJ";"Sul";2;0;0;0;0;0;0;0;0;0;1;1;0;0;0
"06/08/2019";"20:44:00";"80";"com v�tima";"284,509";"BR-393/RJ";"RJ";"Norte";1;0;0;1;0;0;0;0;0;0;1;1;0;0;0
"07/08/2019";"07:30:00";"21";"com v�tima";"283,8";"BR-393/RJ";"RJ";"Sul";0;0;1;1;0;0;0;0;0;0;1;0;0;1;0
"07/08/2019";"22:07:00";"58";"sem v�tima";"227,4";"BR-393/RJ";"RJ";"Norte";0;0;0;0;0;0;0;0;0;1;7;0;0;0;0
"07/08/2019";"22:28:00";"59";"com v�tima";"2,25";"BR-393/RJ";"RJ";"Sul";1;0;0;1;0;0;0;0;0;0;1;1;0;0;0
"07/08/2019";"23:07:00";"61";"com v�tima";"286,002";"BR-393/RJ";"RJ";"Norte";1;0;0;1;0;0;0;0;0;0;3;1;0;0;0
"08/08/2019";"08:57:00";"23";"com v�tima";"244,2";"BR-393/RJ";"RJ";"Norte";1;0;0;0;0;0;0;0;0;0;0;1;0;1;0
"08/08/2019";"09:44:00";"26";"sem v�tima";"280,828";"BR-393/RJ";"RJ";"Sul";3;0;0;0;0;0;0;0;0;0;3;0;0;0;0
"08/08/2019";"14:58:00";"46";"sem v�tima";"168,784";"BR-393/RJ";"RJ";"Sul";1;0;0;1;0;0;0;0;0;0;2;0;0;0;0
"08/08/2019";"16:16:00";"50";"com v�tima";"143,44";"BR-393/RJ";"RJ";"Sul";1;0;1;0;0;0;0;0;0;0;1;2;0;0;0
"09/08/2019";"11:13:00";"35";"sem v�tima";"236";"BR-393/RJ";"RJ";"Sul";2;0;0;0;0;0;0;0;0;0;5;0;0;0;0
"09/08/2019";"23:20:00";"85";"com v�tima";"178,876";"BR-393/RJ";"RJ";"Sul";0;0;0;1;0;0;0;0;0;0;0;1;0;0;0
"10/08/2019";"02:57:00";"5";"sem v�tima";"253,607";"BR-393/RJ";"RJ";"Norte";1;0;0;0;0;0;0;0;0;0;2;0;0;0;0
"10/08/2019";"13:54:00";"36";"com v�tima";"175";"BR-393/RJ";"RJ";"Norte";1;0;0;1;0;0;0;0;0;0;1;1;0;0;0
"11/08/2019";"11:56:00";"28";"com v�tima";"282";"BR-393/RJ";"RJ";"Sul";1;0;0;1;0;0;0;0;0;0;0;2;0;0;0
"11/08/2019";"16:19:00";"45";"com v�tima";"161,187";"BR-393/RJ";"RJ";"Sul";0;0;1;0;0;0;0;0;0;0;0;1;0;0;0
"11/08/2019";"18:49:00";"52";"com v�tima";"267,583";"BR-393/RJ";"RJ";"Norte";1;0;0;0;0;0;0;0;0;0;0;2;0;0;0
"11/08/2019";"19:35:00";"56";"sem v�tima";"173,822";"BR-393/RJ";"RJ";"Norte";0;0;1;0;0;0;0;0;0;0;1;0;0;0;0
"12/08/2019";"12:27:00";"40";"com v�tima";"105,946";"BR-393/RJ";"RJ";"Sul";2;0;0;0;0;0;0;0;0;0;0;4;0;0;0
"15/08/2019";"13:19:00";"35";"com v�tima";"282";"BR-393/RJ";"RJ";"Sul";1;0;0;1;0;0;0;0;0;0;1;2;0;0;0
"16/08/2019";"04:54:00";"18";"com v�tima";"277,8";"BR-393/RJ";"RJ";"Norte";1;0;0;0;0;0;0;0;0;0;0;2;0;0;0
"16/08/2019";"06:47:00";"21";"com v�tima";"178";"BR-393/RJ";"RJ";"Norte";2;0;0;0;0;0;0;0;0;0;0;2;0;0;0
"17/08/2019";"07:53:00";"13";"sem v�tima";"161,95";"BR-393/RJ";"RJ";"Norte";0;0;1;0;0;0;0;0;0;0;1;0;0;0;0
"17/08/2019";"13:17:00";"31";"com v�tima";"251";"BR-393/RJ";"RJ";"Norte";1;0;0;1;0;0;0;0;0;0;0;1;1;0;0
"17/08/2019";"21:17:00";"52";"sem v�tima";"252,145";"BR-393/RJ";"RJ";"Norte";1;0;0;1;0;0;0;0;0;0;2;0;0;0;0
"18/08/2019";"18:13:00";"57";"sem v�tima";"269,4";"BR-393/RJ";"RJ";"Sul";1;0;0;1;0;0;0;0;0;0;3;0;0;0;0
"18/08/2019";"21:29:00";"69";"com v�tima";"209,2";"BR-393/RJ";"RJ";"Norte";0;0;0;1;0;0;0;0;0;0;0;0;1;0;0
"21/08/2019";"18:32:00";"54";"sem v�tima";"281,746";"BR-393/RJ";"RJ";"Norte";3;0;0;0;0;0;0;0;0;0;3;0;0;0;0
"23/08/2019";"07:46:00";"20";"com v�tima";"248,588";"BR-393/RJ";"RJ";"Sul";0;0;1;1;0;0;0;0;0;0;1;0;1;0;0
"23/08/2019";"16:25:00";"56";"com v�tima";"155,634";"BR-393/RJ";"RJ";"Norte";0;0;0;1;0;0;0;0;0;0;0;2;0;0;0
"24/08/2019";"03:37:00";"12";"sem v�tima";"281,853";"BR-393/RJ";"RJ";"Norte";0;0;1;0;0;0;0;0;0;0;2;0;0;0;0
"24/08/2019";"04:37:00";"15";"com v�tima";"223,942";"BR-393/RJ";"RJ";"Norte";1;0;0;0;0;0;0;0;0;1;0;2;0;2;0
"24/08/2019";"07:40:00";"18";"com v�tima";"179";"BR-393/RJ";"RJ";"Sul";1;0;0;0;0;0;0;0;0;0;0;1;0;0;0
"24/08/2019";"11:14:00";"25";"com v�tima";"285,4";"BR-393/RJ";"RJ";"Norte";2;0;0;0;0;0;0;0;0;0;2;1;0;0;0
"24/08/2019";"12:06:00";"28";"com v�tima";"282,713";"BR-393/RJ";"RJ";"Norte";0;1;0;1;0;0;0;0;0;0;1;0;1;0;0
"24/08/2019";"16:25:00";"37";"com v�tima";"115,5";"BR-393/RJ";"RJ";"Sul";1;0;0;0;0;0;0;0;0;0;0;0;0;0;1
"24/08/2019";"20:19:00";"47";"com v�tima";"235,2";"BR-393/RJ";"RJ";"Sul";0;0;0;1;0;0;0;0;0;0;0;0;1;0;0
"25/08/2019";"16:37:00";"46";"com v�tima";"236,559";"BR-393/RJ";"RJ";"Norte";3;0;0;0;0;0;0;0;0;0;5;1;0;0;0
"27/08/2019";"05:45:00";"14";"com v�tima";"250,186";"BR-393/RJ";"RJ";"Norte";1;0;0;0;0;0;0;0;0;0;0;1;1;0;0
"27/08/2019";"18:16:00";"52";"com v�tima";"267";"BR-393/RJ";"RJ";"Norte";0;2;1;0;0;0;0;0;0;0;1;2;0;0;0
"29/08/2019";"07:46:00";"21";"sem v�tima";"254,409";"BR-393/RJ";"RJ";"Norte";0;0;0;1;0;0;0;0;0;0;2;0;0;0;0
"30/08/2019";"09:15:00";"28";"sem v�tima";"251,703";"BR-393/RJ";"RJ";"Norte";1;0;1;0;0;0;0;0;0;0;2;0;0;0;0
"30/08/2019";"16:11:00";"53";"com v�tima";"104,735";"BR-393/RJ";"RJ";"Norte";0;0;1;1;0;0;0;0;0;0;1;1;0;0;0
"31/08/2019";"18:05:00";"67";"com v�tima";"278,051";"BR-393/RJ";"RJ";"Sul";0;0;0;2;0;0;0;0;0;0;2;2;0;0;0
"01/09/2019";"00:22:00";"2";"com v�tima";"218,647";"BR-393/RJ";"RJ";"Norte";0;0;1;1;0;0;0;0;0;0;0;1;0;0;1
"01/09/2019";"17:02:00";"46";"com v�tima";"193,53";"BR-393/RJ";"RJ";"Norte";1;0;0;0;0;0;0;0;0;0;0;2;0;0;0
"01/09/2019";"17:31:00";"48";"com v�tima";"232";"BR-393/RJ";"RJ";"Sul";1;0;1;0;0;0;0;0;0;0;1;1;0;0;0
"01/09/2019";"17:32:00";"49";"com v�tima";"193";"BR-393/RJ";"RJ";"Norte";3;0;0;0;0;0;0;0;0;0;0;6;1;0;0
"01/09/2019";"18:44:00";"53";"com v�tima";"219,95";"BR-393/RJ";"RJ";"Norte";0;0;0;1;0;0;0;0;0;0;0;1;0;0;0
"01/09/2019";"19:08:00";"54";"sem v�tima";"282,5";"BR-393/RJ";"RJ";"Norte";4;0;0;0;0;0;0;0;0;0;5;0;0;0;0
"01/09/2019";"21:18:00";"61";"sem v�tima";"153";"BR-393/RJ";"RJ";"Sul";0;0;1;0;0;0;0;0;0;0;1;0;0;0;0
"02/09/2019";"12:17:00";"41";"com v�tima";"285";"BR-393/RJ";"RJ";"Norte";2;0;0;0;0;0;0;0;0;0;1;1;0;0;0
"02/09/2019";"12:46:00";"45";"com v�tima";"123,504";"BR-393/RJ";"RJ";"Norte";0;0;1;0;0;0;0;0;0;0;0;1;0;0;0
"02/09/2019";"18:01:00";"61";"com v�tima";"103,677";"BR-393/RJ";"RJ";"Norte";0;0;0;1;0;0;0;0;0;0;1;1;0;0;0
"03/09/2019";"23:18:00";"73";"com v�tima";"242,947";"BR-393/RJ";"RJ";"Norte";0;0;0;1;0;0;0;0;0;0;0;0;1;0;0
"04/09/2019";"21:27:00";"62";"com v�tima";"105,826";"BR-393/RJ";"RJ";"Norte";1;0;0;1;0;0;0;0;0;0;0;3;0;0;0
"05/09/2019";"18:20:00";"63";"com v�tima";"284,819";"BR-393/RJ";"RJ";"Norte";2;0;0;0;0;0;0;0;0;0;2;1;0;0;0
"05/09/2019";"22:42:00";"79";"com v�tima";"172,092";"BR-393/RJ";"RJ";"Sul";1;0;0;0;0;0;0;0;0;0;0;4;1;0;0
"07/09/2019";"20:00:00";"61";"sem v�tima";"0,4";"Al�a Sul";"RJ";"Sul";1;0;0;0;0;0;0;0;0;0;1;0;0;0;0
"08/09/2019";"03:33:00";"16";"sem v�tima";"164,768";"BR-393/RJ";"RJ";"Norte";1;0;0;0;0;0;0;0;0;0;1;0;0;0;0
"08/09/2019";"13:48:00";"37";"com v�tima";"169,645";"BR-393/RJ";"RJ";"Norte";1;0;0;0;0;0;0;0;0;0;0;1;0;0;0
"09/09/2019";"07:16:00";"15";"com v�tima";"248,04";"BR-393/RJ";"RJ";"Sul";0;0;0;1;0;0;0;0;0;0;0;1;0;0;0
"10/09/2019";"09:00:00";"28";"com v�tima";"106,184";"BR-393/RJ";"RJ";"Norte";2;0;0;0;0;0;0;0;0;0;2;3;0;0;0
"10/09/2019";"19:17:00";"69";"sem v�tima";"284,648";"BR-393/RJ";"RJ";"Sul";4;0;0;0;0;0;0;0;0;0;6;0;0;0;0
"12/09/2019";"02:35:00";"12";"com v�tima";"151,915";"BR-393/RJ";"RJ";"Sul";0;0;1;0;0;0;0;0;0;0;0;1;0;0;0
"12/09/2019";"08:03:00";"18";"com v�tima";"177,772";"BR-393/RJ";"RJ";"Norte";2;0;1;0;0;0;0;0;0;0;0;4;0;0;0
"12/09/2019";"16:49:00";"45";"com v�tima";"194,275";"BR-393/RJ";"RJ";"Norte";0;0;0;1;0;0;0;0;0;0;0;2;0;0;0
"14/09/2019";"02:07:00";"5";"com v�tima";"242,536";"BR-393/RJ";"RJ";"Norte";1;0;1;0;0;0;0;0;0;0;1;0;1;0;0
"14/09/2019";"12:34:00";"36";"com v�tima";"2,486";"Al�a Sul";"RJ";"Norte";1;0;0;0;0;0;0;0;0;0;0;0;1;1;0
"14/09/2019";"13:20:00";"37";"com v�tima";"280";"BR-393/RJ";"RJ";"Sul";0;0;1;1;1;0;0;0;0;0;2;0;2;0;0
"15/09/2019";"07:39:00";"17";"com v�tima";"214,585";"BR-393/RJ";"RJ";"Sul";1;0;1;1;0;0;0;0;0;0;2;1;1;0;0
"15/09/2019";"17:35:00";"42";"com v�tima";"274,158";"BR-393/RJ";"RJ";"Sul";1;0;0;0;1;0;0;0;0;0;7;1;0;1;3
"15/09/2019";"19:14:00";"45";"com v�tima";"279";"BR-393/RJ";"RJ";"Norte";1;0;1;0;0;0;0;0;0;0;1;1;0;0;0
"16/09/2019";"17:35:00";"50";"sem v�tima";"172,9";"BR-393/RJ";"RJ";"Norte";1;0;0;0;0;0;0;0;0;0;2;0;0;0;0
"16/09/2019";"18:40:00";"53";"sem v�tima";"283,565";"BR-393/RJ";"RJ";"Sul";2;0;0;0;0;0;0;0;0;0;2;0;0;0;0
"17/09/2019";"15:00:00";"40";"com v�tima";"133,075";"BR-393/RJ";"RJ";"Norte";4;0;0;0;0;0;0;0;0;0;5;1;0;0;0
"17/09/2019";"21:03:00";"62";"com v�tima";"124";"BR-393/RJ";"RJ";"Norte";0;0;0;1;0;0;0;0;0;0;0;2;0;0;0
"19/09/2019";"07:02:00";"25";"sem v�tima";"193,834";"BR-393/RJ";"RJ";"Norte";0;0;1;0;0;0;0;0;0;0;2;0;0;0;0
"19/09/2019";"07:38:00";"31";"sem v�tima";"276,945";"BR-393/RJ";"RJ";"Sul";1;0;1;0;0;0;0;0;0;0;2;0;0;0;0
"19/09/2019";"12:56:00";"50";"com v�tima";"168,819";"BR-393/RJ";"RJ";"Sul";1;0;1;0;0;0;0;0;0;0;1;1;0;0;0
"20/09/2019";"10:32:00";"36";"sem v�tima";"226,838";"BR-393/RJ";"RJ";"Norte";1;0;1;0;0;0;0;0;0;0;5;0;0;0;0
"20/09/2019";"10:48:00";"38";"com v�tima";"171,629";"BR-393/RJ";"RJ";"Norte";0;0;0;1;0;0;0;0;0;1;1;0;1;0;0
"21/09/2019";"00:33:00";"1";"sem v�tima";"183";"BR-393/RJ";"RJ";"Sul";0;0;1;0;0;0;0;0;0;0;1;0;0;0;0
"21/09/2019";"05:23:00";"20";"com v�tima";"217";"BR-393/RJ";"RJ";"Sul";1;0;0;0;0;0;0;0;0;0;0;1;0;0;0
"21/09/2019";"23:43:00";"72";"com v�tima";"175,161";"BR-393/RJ";"RJ";"Sul";1;0;0;0;0;0;0;0;0;0;0;1;1;0;0
"22/09/2019";"05:57:00";"19";"sem v�tima";"242,549";"BR-393/RJ";"RJ";"Sul";1;0;0;0;0;0;0;0;0;0;2;0;0;0;0
"23/09/2019";"00:34:00";"1";"sem v�tima";"234,952";"BR-393/RJ";"RJ";"Sul";1;0;0;0;0;0;0;0;0;0;2;0;0;0;0
"24/09/2019";"05:50:00";"17";"sem v�tima";"195,396";"BR-393/RJ";"RJ";"Sul";0;0;0;0;1;0;0;0;0;0;1;0;0;0;0
"25/09/2019";"07:08:00";"13";"com v�tima";"230,8";"BR-393/RJ";"RJ";"Sul";2;0;0;0;0;0;0;0;0;0;0;1;1;2;0
"25/09/2019";"15:22:00";"28";"com v�tima";"136";"BR-393/RJ";"RJ";"Norte";0;1;0;0;0;0;0;0;0;0;0;1;0;0;0
"26/09/2019";"13:45:00";"35";"com v�tima";"201,315";"BR-393/RJ";"RJ";"Norte";1;0;0;0;0;0;0;0;0;0;1;1;0;0;0
"26/09/2019";"15:20:00";"37";"sem v�tima";"148";"BR-393/RJ";"RJ";"Norte";1;0;0;0;0;0;0;0;0;0;1;0;0;0;0
"27/09/2019";"18:53:00";"69";"com v�tima";"285,114";"BR-393/RJ";"RJ";"Norte";3;0;0;0;0;0;0;0;0;0;3;1;0;0;0
"28/09/2019";"02:52:00";"2";"sem v�tima";"278";"BR-393/RJ";"RJ";"Norte";1;0;0;0;0;0;0;0;0;0;1;0;0;0;0
"28/09/2019";"04:21:00";"5";"sem v�tima";"133,27";"BR-393/RJ";"RJ";"Sul";0;0;1;0;0;0;0;0;0;0;1;0;0;0;0
"28/09/2019";"18:56:00";"73";"sem v�tima";"114,312";"BR-393/RJ";"RJ";"Sul";1;0;0;0;0;0;0;0;0;0;1;0;0;0;0
"01/10/2019";"06:42:00";"24";"com v�tima";"161,95";"BR-393/RJ";"RJ";"Norte";0;0;1;0;0;0;0;0;0;0;0;1;0;0;0