fdata;horario;n_da_ocorrencia;tipo_de_ocorrencia;km;trecho;sentido;tipo_de_acidente;automovel;bicicleta;caminhao;moto;onibus;outros;tracao_animal;transporte_de_cargas_especiais;trator_maquinas;utilitarios;ilesos;levemente_feridos;moderadamente_feridos;gravemente_feridos;mortos
"01/10/2019";"17:26:00";"67";"com v�tima";"274,08";"BR-393/RJ";"RJ";"Sul";0;0;1;0;0;0;0;0;0;0;0;1;0;0;0
"01/10/2019";"19:41:00";"73";"sem v�tima";"147,401";"BR-393/RJ";"RJ";"Norte";1;0;0;0;0;0;0;0;0;0;1;0;0;0;0
"01/10/2019";"21:37:00";"76";"com v�tima";"268";"BR-393/RJ";"RJ";"Sul";1;0;0;1;0;0;0;0;0;0;1;0;2;0;0
"03/10/2019";"14:40:00";"42";"com v�tima";"223";"BR-393/RJ";"RJ";"Sul";1;0;0;0;0;0;0;0;0;0;0;2;0;0;0
"04/10/2019";"18:50:00";"69";"com v�tima";"102,5";"BR-393/RJ";"RJ";"Sul";1;0;0;1;0;0;0;0;0;0;2;0;1;0;0
"05/10/2019";"17:24:00";"57";"com v�tima";"276,497";"BR-393/RJ";"RJ";"Norte";0;0;1;0;0;0;0;0;0;1;1;1;0;0;0
"06/10/2019";"18:59:00";"59";"sem v�tima";"244,719";"BR-393/RJ";"RJ";"Sul";1;0;0;0;0;0;1;0;0;0;2;0;0;0;0
"07/10/2019";"07:55:00";"24";"sem v�tima";"284";"BR-393/RJ";"RJ";"Norte";1;0;0;1;0;0;0;0;0;0;2;0;0;0;0
"07/10/2019";"18:07:00";"64";"com v�tima";"220";"BR-393/RJ";"RJ";"Norte";2;0;0;0;0;0;0;0;0;0;2;1;0;0;0
"08/10/2019";"06:18:00";"17";"sem v�tima";"283,399";"BR-393/RJ";"RJ";"Sul";1;0;1;0;0;0;0;0;0;0;2;0;0;0;0
"08/10/2019";"17:48:00";"53";"sem v�tima";"282";"BR-393/RJ";"RJ";"Sul";3;0;0;0;0;0;0;0;0;0;4;0;0;0;0
"08/10/2019";"19:03:00";"57";"com v�tima";"284,244";"BR-393/RJ";"RJ";"Sul";8;0;0;0;0;0;0;0;0;0;1;7;0;0;0
"08/10/2019";"22:23:00";"65";"sem v�tima";"239,6";"BR-393/RJ";"RJ";"Norte";0;0;2;0;0;0;0;0;0;0;2;0;0;0;0
"09/10/2019";"11:44:00";"27";"com v�tima";"281,3";"BR-393/RJ";"RJ";"Sul";1;0;0;1;0;0;0;0;0;0;0;2;0;0;0
"09/10/2019";"16:08:00";"43";"com v�tima";"274,6";"BR-393/RJ";"RJ";"Norte";1;0;0;0;0;0;0;0;0;0;0;4;0;0;0
"09/10/2019";"22:16:00";"54";"sem v�tima";"256,693";"BR-393/RJ";"RJ";"Norte";2;0;1;0;1;0;0;0;0;0;4;0;0;0;0
"10/10/2019";"07:33:00";"20";"sem v�tima";"145,8";"BR-393/RJ";"RJ";"Sul";2;0;0;0;0;0;0;0;0;0;2;0;0;0;0
"11/10/2019";"07:11:00";"21";"sem v�tima";"182,4";"BR-393/RJ";"RJ";"Sul";1;0;1;0;0;0;0;0;0;0;2;0;0;0;0
"11/10/2019";"14:00:00";"53";"sem v�tima";"236,3";"BR-393/RJ";"RJ";"Norte";0;0;2;0;0;0;0;0;0;0;4;0;0;0;0
"12/10/2019";"01:51:00";"5";"sem v�tima";"253";"BR-393/RJ";"RJ";"Sul";0;0;1;0;0;0;0;0;0;0;2;0;0;0;0
"12/10/2019";"16:19:00";"32";"com v�tima";"199,1";"BR-393/RJ";"RJ";"Sul";0;0;1;0;0;0;0;0;0;0;0;1;0;0;0
"13/10/2019";"12:58:00";"36";"com v�tima";"238,129";"BR-393/RJ";"RJ";"Norte";2;0;0;0;0;0;0;0;0;0;0;4;0;1;1
"13/10/2019";"17:18:00";"52";"sem v�tima";"195,3";"BR-393/RJ";"RJ";"Sul";0;0;2;0;0;0;0;0;0;0;2;0;0;0;0
"15/10/2019";"09:47:00";"28";"com v�tima";"238,515";"BR-393/RJ";"RJ";"Norte";2;0;0;0;0;0;0;0;0;0;1;5;0;0;0
"15/10/2019";"18:21:00";"55";"sem v�tima";"278,362";"BR-393/RJ";"RJ";"Sul";2;0;0;0;0;0;0;0;0;0;2;0;0;0;0
"16/10/2019";"00:13:00";"1";"sem v�tima";"145,6";"BR-393/RJ";"RJ";"Sul";0;0;2;0;0;0;0;0;0;0;2;0;0;0;0
"16/10/2019";"01:10:00";"4";"sem v�tima";"223,6";"BR-393/RJ";"RJ";"Norte";0;0;1;0;0;0;0;0;0;0;1;0;0;0;0
"18/10/2019";"15:11:00";"46";"com v�tima";"129,599";"BR-393/RJ";"RJ";"Sul";0;0;1;0;0;0;0;0;0;0;0;1;0;1;0
"18/10/2019";"21:36:00";"69";"sem v�tima";"125";"BR-393/RJ";"RJ";"Norte";1;0;1;0;0;0;0;0;0;0;8;0;0;0;0
"19/10/2019";"07:52:00";"15";"com v�tima";"134,233";"BR-393/RJ";"RJ";"Sul";0;0;2;0;1;0;0;0;0;0;0;4;0;0;0
"20/10/2019";"19:04:00";"58";"sem v�tima";"280,899";"BR-393/RJ";"RJ";"Norte";1;0;0;0;0;0;0;0;0;1;2;0;0;0;0
"21/10/2019";"14:47:00";"53";"com v�tima";"124,599";"BR-393/RJ";"RJ";"Sul";0;0;0;1;0;0;0;0;0;0;0;1;0;0;0
"21/10/2019";"15:54:00";"56";"com v�tima";"172,774";"BR-393/RJ";"RJ";"Norte";1;0;1;0;0;0;0;0;0;0;0;2;0;0;0
"21/10/2019";"17:17:00";"60";"com v�tima";"174,3";"BR-393/RJ";"RJ";"Norte";1;0;0;0;1;0;0;0;0;0;1;1;0;0;0
"22/10/2019";"04:29:00";"11";"sem v�tima";"253,5";"BR-393/RJ";"RJ";"Norte";2;0;0;0;0;0;0;0;0;0;2;0;0;0;0
"22/10/2019";"06:32:00";"13";"com v�tima";"192,858";"BR-393/RJ";"RJ";"Norte";0;0;1;1;0;0;0;0;0;0;0;2;0;0;0
"22/10/2019";"12:36:00";"39";"sem v�tima";"141,8";"BR-393/RJ";"RJ";"Sul";0;0;2;0;0;0;0;0;0;0;2;0;0;0;0
"22/10/2019";"17:51:00";"51";"sem v�tima";"131,835";"BR-393/RJ";"RJ";"Norte";2;0;0;0;0;0;0;0;0;0;4;0;0;0;0
"23/10/2019";"18:45:00";"59";"com v�tima";"236,867";"BR-393/RJ";"RJ";"Norte";0;0;1;0;0;0;0;0;0;0;1;1;0;0;0
"24/10/2019";"09:49:00";"34";"sem v�tima";"106,799";"BR-393/RJ";"RJ";"Norte";2;0;0;0;0;0;0;0;0;0;2;0;0;0;0
"24/10/2019";"18:39:00";"65";"sem v�tima";"284,263";"BR-393/RJ";"RJ";"Sul";2;0;0;0;0;0;0;0;0;0;2;0;0;0;0
"26/10/2019";"07:56:00";"31";"com v�tima";"169,1";"BR-393/RJ";"RJ";"Norte";1;0;0;0;0;0;0;0;0;0;0;2;0;0;0
"26/10/2019";"10:18:00";"35";"com v�tima";"169,699";"BR-393/RJ";"RJ";"Sul";1;0;0;0;0;0;0;0;0;0;0;2;0;0;0
"26/10/2019";"19:30:00";"66";"com v�tima";"279,6";"BR-393/RJ";"RJ";"Sul";1;0;0;1;0;0;0;0;0;0;1;1;0;0;0
"27/10/2019";"13:37:00";"36";"com v�tima";"102";"BR-393/RJ";"RJ";"Sul";1;0;0;1;0;0;0;0;0;0;1;2;0;0;0
"28/10/2019";"14:28:00";"55";"sem v�tima";"179,462";"BR-393/RJ";"RJ";"Sul";2;0;0;0;0;0;0;0;0;0;2;0;0;0;0
"28/10/2019";"15:14:00";"57";"com v�tima";"123";"BR-393/RJ";"RJ";"Norte";0;0;0;0;0;0;0;0;0;1;1;1;1;0;0
"28/10/2019";"15:59:00";"63";"sem v�tima";"193";"BR-393/RJ";"RJ";"Norte";0;0;3;0;0;0;0;0;0;0;3;0;0;0;0
"28/10/2019";"20:14:00";"79";"com v�tima";"279,491";"BR-393/RJ";"RJ";"Norte";1;0;1;0;0;0;0;0;0;0;1;1;0;0;0
"29/10/2019";"05:31:00";"22";"com v�tima";"238,8";"BR-393/RJ";"RJ";"Norte";1;0;1;0;0;0;0;0;0;0;1;0;1;0;0
"29/10/2019";"07:18:00";"28";"com v�tima";"124,5";"BR-393/RJ";"RJ";"Norte";0;0;1;0;0;0;0;0;0;0;1;1;0;0;0
"29/10/2019";"07:45:00";"30";"com v�tima";"280,703";"BR-393/RJ";"RJ";"Sul";0;0;0;1;0;0;0;0;0;0;0;1;0;0;0
"29/10/2019";"22:52:00";"76";"com v�tima";"177,4";"BR-393/RJ";"RJ";"Sul";1;0;1;0;0;0;0;0;0;0;2;1;0;0;0
"30/10/2019";"02:11:00";"2";"sem v�tima";"163,599";"BR-393/RJ";"RJ";"Sul";0;0;1;0;0;0;0;0;0;0;1;0;0;0;0
"30/10/2019";"08:00:00";"10";"sem v�tima";"177,609";"BR-393/RJ";"RJ";"Norte";1;0;1;0;0;0;0;0;0;0;2;0;0;0;0
"30/10/2019";"08:17:00";"12";"com v�tima";"235,66";"BR-393/RJ";"RJ";"Sul";0;0;0;2;0;0;0;0;0;0;1;0;1;0;0
"31/10/2019";"07:14:00";"19";"com v�tima";"251,5";"BR-393/RJ";"RJ";"Sul";0;0;1;0;0;0;0;0;0;0;2;1;0;0;0
"31/10/2019";"07:44:00";"20";"sem v�tima";"255,5";"BR-393/RJ";"RJ";"Norte";0;0;2;0;0;0;0;0;0;0;2;0;0;0;0
"31/10/2019";"17:25:00";"59";"sem v�tima";"274,5";"BR-393/RJ";"RJ";"Norte";1;0;1;0;0;0;0;0;0;0;2;0;0;0;0
"01/11/2019";"03:00:00";"6";"sem v�tima";"252,442";"BR-393/RJ";"RJ";"Sul";0;0;1;0;0;0;0;0;0;0;1;0;0;0;0
"01/11/2019";"04:00:00";"7";"sem v�tima";"285";"BR-393/RJ";"RJ";"Sul";1;0;0;0;0;0;0;0;0;0;1;0;0;0;0
"02/11/2019";"05:09:00";"12";"com v�tima";"256,399";"BR-393/RJ";"RJ";"Sul";1;0;0;0;0;0;0;0;0;0;0;3;0;0;0
"02/11/2019";"06:58:00";"17";"com v�tima";"285,199";"BR-393/RJ";"RJ";"Norte";1;0;0;0;0;0;0;0;0;0;0;1;0;0;0
"02/11/2019";"15:10:00";"61";"com v�tima";"284,05";"BR-393/RJ";"RJ";"Norte";1;0;0;1;0;0;0;0;0;0;1;1;0;0;0
"04/11/2019";"17:59:00";"47";"com v�tima";"131,4";"BR-393/RJ";"RJ";"Norte";0;0;1;0;0;0;0;0;0;0;0;1;0;0;0
"06/11/2019";"21:33:00";"74";"sem v�tima";"284";"BR-393/RJ";"RJ";"Sul";3;0;0;0;0;0;0;0;0;0;4;0;0;0;0
"07/11/2019";"03:16:00";"2";"com v�tima";"1,961";"Al�a Sul";"RJ";"Norte";1;0;0;0;0;0;0;0;0;0;0;1;0;0;0
"07/11/2019";"19:51:00";"67";"com v�tima";"150,9";"BR-393/RJ";"RJ";"Sul";1;0;1;0;0;0;0;0;0;0;1;0;1;0;0
"08/11/2019";"07:18:00";"16";"sem v�tima";"284,168";"BR-393/RJ";"RJ";"Norte";2;0;1;0;0;0;0;0;0;0;3;0;0;0;0
"08/11/2019";"20:26:00";"72";"com v�tima";"262,6";"BR-393/RJ";"RJ";"Norte";0;0;1;0;0;0;0;0;0;0;0;2;0;0;0
"08/11/2019";"23:14:00";"82";"com v�tima";"222,857";"BR-393/RJ";"RJ";"Sul";0;0;0;1;0;0;0;0;0;0;0;1;0;0;0
"09/11/2019";"11:51:00";"45";"sem v�tima";"151,8";"BR-393/RJ";"RJ";"Sul";0;0;1;0;0;0;0;0;0;0;1;0;0;0;0
"09/11/2019";"15:18:00";"53";"com v�tima";"274,6";"BR-393/RJ";"RJ";"Sul";1;0;0;0;0;0;0;0;0;0;3;1;0;0;0
"09/11/2019";"15:35:00";"55";"sem v�tima";"174,8";"BR-393/RJ";"RJ";"Sul";1;0;0;0;0;0;0;0;0;0;1;0;0;0;0
"10/11/2019";"00:46:00";"4";"com v�tima";"235,25";"BR-393/RJ";"RJ";"Norte";1;0;0;1;0;0;0;0;0;0;2;1;1;0;0
"11/11/2019";"09:19:00";"27";"sem v�tima";"136,5";"BR-393/RJ";"RJ";"Sul";1;0;0;0;0;0;0;0;0;0;2;0;0;0;0
"11/11/2019";"10:25:00";"31";"sem v�tima";"282,1";"BR-393/RJ";"RJ";"Norte";1;0;1;0;0;0;0;0;0;0;2;0;0;0;0
"11/11/2019";"22:30:00";"64";"com v�tima";"285";"BR-393/RJ";"RJ";"Sul";1;0;0;0;0;0;0;0;0;0;1;0;1;0;0
"12/11/2019";"10:56:00";"40";"com v�tima";"242,199";"BR-393/RJ";"RJ";"Sul";2;0;0;0;0;0;0;0;0;0;4;1;2;0;0
"12/11/2019";"17:00:00";"52";"com v�tima";"211,729";"BR-393/RJ";"RJ";"Norte";0;0;1;0;0;0;0;0;0;0;0;1;0;0;0
"13/11/2019";"09:01:00";"22";"com v�tima";"123";"BR-393/RJ";"RJ";"Norte";0;0;1;0;0;0;0;0;0;0;0;1;0;0;0
"13/11/2019";"10:34:00";"28";"com v�tima";"151,9";"BR-393/RJ";"RJ";"Sul";0;0;1;0;0;0;0;0;0;0;0;1;0;0;0
"14/11/2019";"09:53:00";"33";"com v�tima";"159,599";"BR-393/RJ";"RJ";"Sul";1;0;1;0;0;0;0;0;0;0;1;2;0;0;0
"14/11/2019";"14:42:00";"47";"sem v�tima";"238,699";"BR-393/RJ";"RJ";"Norte";1;0;0;0;0;0;0;0;0;0;4;0;0;0;0
"14/11/2019";"16:15:00";"49";"sem v�tima";"142";"BR-393/RJ";"RJ";"Sul";1;0;0;0;1;0;0;0;0;0;3;0;0;0;0
"14/11/2019";"21:50:00";"61";"com v�tima";"110,2";"BR-393/RJ";"RJ";"Norte";1;0;0;0;0;0;0;0;0;0;0;2;1;0;0
"15/11/2019";"02:06:00";"13";"com v�tima";"284,399";"BR-393/RJ";"RJ";"Norte";2;0;0;1;0;0;0;0;0;0;2;1;1;0;0
"15/11/2019";"02:39:00";"14";"sem v�tima";"215";"BR-393/RJ";"RJ";"Norte";0;0;0;0;1;0;0;0;0;0;1;0;0;0;0
"17/11/2019";"17:36:00";"47";"com v�tima";"177,8";"BR-393/RJ";"RJ";"Sul";2;0;0;0;0;0;0;0;0;0;6;1;0;0;0
"18/11/2019";"14:46:00";"58";"com v�tima";"131,3";"BR-393/RJ";"RJ";"Norte";1;0;1;0;0;0;0;0;0;0;1;4;0;0;0
"19/11/2019";"20:08:00";"50";"sem v�tima";"177";"BR-393/RJ";"RJ";"Norte";2;0;0;0;0;0;0;0;0;0;2;0;0;0;0
"20/11/2019";"18:09:00";"55";"com v�tima";"169,4";"BR-393/RJ";"RJ";"Norte";1;0;0;0;0;0;0;0;0;0;0;2;0;0;0
"22/11/2019";"14:35:00";"64";"com v�tima";"104,4";"BR-393/RJ";"RJ";"Sul";1;0;0;1;0;0;0;0;0;0;2;2;0;0;0
"22/11/2019";"19:34:00";"80";"sem v�tima";"286,3";"BR-393/RJ";"RJ";"Norte";2;0;0;0;0;0;0;0;0;0;2;0;0;0;0
"23/11/2019";"15:36:00";"50";"com v�tima";"280,87";"BR-393/RJ";"RJ";"Norte";0;0;1;1;0;0;0;0;0;0;1;1;0;0;0
"23/11/2019";"23:18:00";"77";"com v�tima";"284,289";"BR-393/RJ";"RJ";"Norte";2;0;0;0;0;0;0;0;0;0;2;1;0;0;0
"24/11/2019";"17:45:00";"48";"com v�tima";"181,3";"BR-393/RJ";"RJ";"Sul";0;2;0;0;0;0;0;0;0;0;0;1;0;1;0
"26/11/2019";"04:01:00";"10";"sem v�tima";"237,481";"BR-393/RJ";"RJ";"Norte";0;0;1;0;0;0;0;0;0;0;1;0;0;0;0
"27/11/2019";"02:28:00";"12";"sem v�tima";"266,5";"BR-393/RJ";"RJ";"Sul";0;0;1;0;1;0;0;0;0;0;2;0;0;0;0
"27/11/2019";"18:51:00";"69";"sem v�tima";"243";"BR-393/RJ";"RJ";"Norte";1;0;0;0;0;0;0;0;0;0;1;0;0;0;0
"28/11/2019";"09:05:00";"24";"com v�tima";"233,8";"BR-393/RJ";"RJ";"Norte";2;0;0;0;0;0;0;0;0;0;2;1;0;0;0
"28/11/2019";"15:30:00";"50";"sem v�tima";"131,199";"BR-393/RJ";"RJ";"Norte";0;0;2;0;0;0;0;0;0;0;2;0;0;0;0
"28/11/2019";"19:13:00";"64";"sem v�tima";"282,199";"BR-393/RJ";"RJ";"Norte";0;0;0;0;0;0;0;0;0;2;2;0;0;0;0
"28/11/2019";"19:43:00";"66";"sem v�tima";"282,1";"BR-393/RJ";"RJ";"Norte";2;0;0;0;0;0;0;0;0;0;2;0;0;0;0
"29/11/2019";"07:40:00";"23";"com v�tima";"247,508";"BR-393/RJ";"RJ";"Norte";1;0;0;1;0;0;0;0;0;0;1;0;1;0;0
"29/11/2019";"09:50:00";"30";"com v�tima";"155,895";"BR-393/RJ";"RJ";"Sul";0;0;0;1;0;0;0;0;0;0;0;1;0;0;0
"29/11/2019";"15:30:00";"61";"sem v�tima";"265";"BR-393/RJ";"RJ";"Sul";2;0;0;0;0;0;0;0;0;0;2;0;0;0;0
"29/11/2019";"19:40:00";"76";"sem v�tima";"200";"BR-393/RJ";"RJ";"Sul";1;0;0;0;0;0;0;0;0;0;1;0;0;0;0
"29/11/2019";"23:15:00";"87";"sem v�tima";"284,2";"BR-393/RJ";"RJ";"Norte";2;0;0;0;0;0;0;0;0;0;2;0;0;0;0
"30/11/2019";"09:54:00";"32";"com v�tima";"280,02";"BR-393/RJ";"RJ";"Norte";0;0;0;0;1;0;0;0;0;0;1;0;0;0;1
"30/11/2019";"11:50:00";"35";"sem v�tima";"178,281";"BR-393/RJ";"RJ";"Norte";2;0;0;0;0;0;0;0;0;0;5;0;0;0;0
"01/12/2019";"15:08:00";"36";"sem v�tima";"139";"BR-393/RJ";"Norte";"Colis�o lateral no sentido contr�rio";0;0;2;0;0;0;0;0;0;0;2;0;0;0;0
"04/12/2019";"17:20:00";"53";"sem v�tima";"253,9";"BR-393/RJ";"Sul";"Colis�o c/ obst�culos";1;0;0;0;0;0;0;0;0;0;1;0;0;0;0
"04/12/2019";"19:02:00";"58";"com v�tima";"285,876";"BR-393/RJ";"Norte";"Colis�o com ve�culos (traseira)";1;0;0;1;0;0;0;0;0;0;1;0;1;0;0
"05/12/2019";"10:50:00";"41";"sem v�tima";"177";"BR-393/RJ";"Norte";"Colis�o com ve�culos (traseira)";2;0;0;0;0;0;0;0;0;0;2;0;0;0;0
"05/12/2019";"14:30:00";"50";"sem v�tima";"146";"BR-393/RJ";"Norte";"Colis�o lateral no mesmo sentido";1;0;1;0;0;0;0;0;0;0;2;0;0;0;0
"05/12/2019";"21:22:00";"64";"com v�tima";"280,108";"BR-393/RJ";"Sul";"Acidentes de outra natureza";0;0;0;1;0;0;0;0;0;0;0;0;1;0;0
"06/12/2019";"14:38:00";"50";"com v�tima";"175,699";"BR-393/RJ";"Norte";"Colis�o com ve�culos (traseira)";2;0;0;0;0;0;0;0;0;0;1;3;0;0;0
"06/12/2019";"17:13:00";"63";"sem v�tima";"157,4";"BR-393/RJ";"Norte";"Saida de Pista";0;0;1;0;0;0;0;0;0;0;1;0;0;0;0
"06/12/2019";"21:59:00";"78";"com v�tima";"134,118";"BR-393/RJ";"Norte";"Colis�o com ve�culos (frontal)";1;0;0;0;0;0;0;0;0;1;2;1;0;0;0
"07/12/2019";"12:01:00";"37";"sem v�tima";"2";"Al�a Sul";"Norte";"Acidentes de outra natureza";0;0;0;1;0;0;0;0;0;0;1;0;0;0;0
"07/12/2019";"20:04:00";"68";"com v�tima";"284,315";"BR-393/RJ";"Sul";"Colis�o com ve�culos (traseira)";0;0;0;0;0;0;0;0;0;2;4;1;0;0;0
"07/12/2019";"23:43:00";"75";"com v�tima";"285,3";"BR-393/RJ";"Norte";"Colis�o Transversal";1;0;0;1;0;0;0;0;0;0;1;1;0;1;0
"09/12/2019";"06:26:00";"13";"com v�tima";"281";"BR-393/RJ";"Sul";"Colis�o lateral no mesmo sentido";0;0;1;0;0;0;0;0;0;1;0;2;0;0;0
"09/12/2019";"09:20:00";"20";"com v�tima";"106";"BR-393/RJ";"Norte";"Colis�o com ve�culos (frontal)";1;0;0;1;0;0;0;0;0;0;1;0;1;0;0
"09/12/2019";"19:07:00";"56";"com v�tima";"284,228";"BR-393/RJ";"Norte";"Colis�o com ve�culos (traseira)";1;0;0;1;0;0;0;0;0;0;2;1;0;0;0
"09/12/2019";"21:34:00";"63";"sem v�tima";"265";"BR-393/RJ";"Norte";"Colis�o com ve�culos (traseira)";1;0;1;0;0;0;0;0;0;0;3;0;0;0;0
"10/12/2019";"02:26:00";"2";"sem v�tima";"237,425";"BR-393/RJ";"Norte";"Colis�o c/ obst�culos";1;0;0;0;0;0;0;0;0;0;1;0;0;0;0
"10/12/2019";"02:57:00";"3";"sem v�tima";"280,5";"BR-393/RJ";"Sul";"Saida de Pista";1;0;0;0;0;0;0;0;0;0;1;0;0;0;0
"10/12/2019";"22:06:00";"71";"com v�tima";"242,199";"BR-393/RJ";"Sul";"Saida de Pista";1;0;0;0;0;0;0;0;0;0;1;1;0;0;0
"10/12/2019";"23:04:00";"73";"com v�tima";"148,8";"BR-393/RJ";"Norte";"Saida de Pista";1;0;0;0;0;0;0;0;0;0;2;2;0;0;0
"11/12/2019";"19:23:00";"75";"com v�tima";"261,2";"BR-393/RJ";"Sul";"Atropelamento de pedestre";0;0;1;0;0;0;0;0;0;0;3;0;0;0;1
"11/12/2019";"19:49:00";"76";"com v�tima";"213,9";"BR-393/RJ";"Sul";"Colis�o com ve�culos (frontal)";1;0;1;0;0;0;0;0;0;0;1;0;0;0;2
"12/12/2019";"00:16:00";"1";"sem v�tima";"213,9";"BR-393/RJ";"Norte";"Colis�o com ve�culos (traseira)";0;0;2;0;0;0;0;0;0;0;3;0;0;0;0
"12/12/2019";"00:47:00";"6";"sem v�tima";"172,199";"BR-393/RJ";"Sul";"Colis�o c/ obst�culos";1;0;0;0;0;0;0;0;0;0;1;0;0;0;0
"12/12/2019";"04:53:00";"9";"sem v�tima";"132,521";"BR-393/RJ";"Sul";"Colis�o c/ obst�culos";0;0;0;0;0;0;0;0;0;1;1;0;0;0;0
"12/12/2019";"07:36:00";"13";"sem v�tima";"281,5";"BR-393/RJ";"Norte";"Colis�o com ve�culos (traseira)";1;0;0;0;0;0;0;0;0;1;3;0;0;0;0
"12/12/2019";"07:37:00";"14";"com v�tima";"237";"BR-393/RJ";"Norte";"Colis�o lateral no mesmo sentido";1;0;1;0;0;0;0;0;0;0;0;2;0;0;0
"12/12/2019";"20:49:00";"69";"sem v�tima";"217";"BR-393/RJ";"Sul";"Colis�o c/ obst�culos";0;0;1;0;0;0;0;0;0;0;1;0;0;0;0
"12/12/2019";"20:58:00";"70";"sem v�tima";"281";"BR-393/RJ";"Sul";"Colis�o Transversal";2;0;0;0;0;0;0;0;0;0;2;0;0;0;0
"13/12/2019";"11:56:00";"66";"sem v�tima";"239";"BR-393/RJ";"Sul";"Saida de Pista";1;0;0;0;0;0;0;0;0;0;4;0;0;0;0
"13/12/2019";"19:52:00";"98";"sem v�tima";"262";"BR-393/RJ";"Norte";"Colis�o lateral no sentido contr�rio";0;0;2;0;0;0;0;0;0;0;2;0;0;0;0
"14/12/2019";"00:35:00";"2";"com v�tima";"110";"BR-393/RJ";"Norte";"Colis�o c/ obst�culos";0;0;1;0;0;0;0;0;0;0;0;1;0;0;0
"14/12/2019";"11:49:00";"30";"sem v�tima";"138";"BR-393/RJ";"Sul";"Colis�o c/ obst�culos";1;0;0;0;0;0;0;0;0;0;1;0;0;0;0
"14/12/2019";"15:57:00";"34";"sem v�tima";"239,139";"BR-393/RJ";"Sul";"Colis�o com ve�culos (traseira)";1;0;1;0;0;0;0;0;0;0;3;0;0;0;0
"14/12/2019";"17:42:00";"36";"sem v�tima";"229";"BR-393/RJ";"Norte";"Colis�o lateral no mesmo sentido";1;0;1;0;0;0;0;0;0;0;4;0;0;0;0
"15/12/2019";"14:00:00";"51";"com v�tima";"157";"BR-393/RJ";"Sul";"Acidentes de outra natureza";0;0;0;1;0;0;0;0;0;0;0;2;0;0;0
"16/12/2019";"06:48:00";"20";"com v�tima";"279";"BR-393/RJ";"Sul";"Colis�o lateral no mesmo sentido";1;0;0;1;0;0;0;0;0;0;0;2;0;0;0
"17/12/2019";"10:35:00";"38";"com v�tima";"207";"BR-393/RJ";"Sul";"Saida de Pista";1;0;0;0;0;0;0;0;0;0;0;0;1;0;0
"17/12/2019";"19:56:00";"80";"com v�tima";"106";"BR-393/RJ";"Norte";"Atropelamento de pedestre";0;0;0;1;0;0;0;0;0;0;1;0;0;1;0
"18/12/2019";"12:09:00";"36";"com v�tima";"102";"BR-393/RJ";"Norte";"Colis�o lateral no mesmo sentido";1;0;0;0;1;0;0;0;0;0;1;1;0;0;0
"18/12/2019";"12:54:00";"38";"com v�tima";"234,8";"BR-393/RJ";"Sul";"Colis�o Transversal";2;0;0;0;0;0;0;0;0;0;3;1;0;0;0
"18/12/2019";"15:13:00";"44";"sem v�tima";"253";"BR-393/RJ";"Norte";"Saida de Pista";0;0;1;0;0;0;0;0;0;0;1;0;0;0;0
"18/12/2019";"23:46:00";"64";"sem v�tima";"130,199";"BR-393/RJ";"Norte";"Saida de Pista";1;0;0;0;0;0;0;0;0;0;3;0;0;0;0
"19/12/2019";"21:02:00";"73";"sem v�tima";"284,309";"BR-393/RJ";"Norte";"Colis�o com ve�culos (traseira)";2;0;0;0;0;0;0;0;0;0;7;0;0;0;0
"20/12/2019";"18:06:00";"63";"com v�tima";"250,137";"BR-393/RJ";"Norte";"Colis�o lateral no mesmo sentido";1;0;1;1;0;0;0;0;0;0;4;1;0;0;0
"20/12/2019";"19:19:00";"66";"sem v�tima";"256,094";"BR-393/RJ";"Norte";"Saida de Pista";1;0;0;0;0;0;0;0;0;0;1;0;0;0;0
"20/12/2019";"22:40:00";"75";"sem v�tima";"233";"BR-393/RJ";"Sul";"Colis�o lateral no sentido contr�rio";1;0;1;0;0;0;0;0;0;0;3;0;0;0;0
"21/12/2019";"00:26:00";"1";"com v�tima";"280,072";"BR-393/RJ";"Sul";"Colis�o Transversal";1;0;0;1;0;0;0;0;0;0;1;1;0;0;0
"21/12/2019";"11:44:00";"44";"com v�tima";"283,6";"BR-393/RJ";"Sul";"Colis�o lateral no mesmo sentido";2;0;0;0;0;0;0;0;0;0;0;2;0;0;0
"21/12/2019";"19:23:00";"79";"sem v�tima";"255";"BR-393/RJ";"Norte";"Colis�o com ve�culos (traseira)";1;0;0;0;1;0;0;0;0;0;5;0;0;0;0
"22/12/2019";"16:51:00";"54";"com v�tima";"102,5";"BR-393/RJ";"Norte";"Colis�o Transversal";1;0;1;0;0;0;0;0;0;0;1;1;0;0;0
"23/12/2019";"00:21:00";"1";"com v�tima";"123";"BR-393/RJ";"Sul";"Saida de Pista";0;0;1;0;0;0;0;0;0;0;0;1;0;0;0
"23/12/2019";"11:28:00";"30";"com v�tima";"281,199";"BR-393/RJ";"Sul";"Colis�o Transversal";1;0;0;1;0;0;0;0;0;0;1;1;0;0;0
"23/12/2019";"14:33:00";"40";"sem v�tima";"161";"BR-393/RJ";"Sul";"Saida de Pista";1;0;0;0;0;0;0;0;0;0;1;0;0;0;0
"23/12/2019";"16:46:00";"45";"com v�tima";"281";"BR-393/RJ";"Sul";"Colis�o lateral no sentido contr�rio";1;0;0;1;0;0;0;0;0;0;1;1;0;0;0
"23/12/2019";"19:54:00";"57";"sem v�tima";"283,399";"BR-393/RJ";"Norte";"Colis�o com ve�culos (traseira)";2;0;0;0;0;0;0;0;0;0;2;0;0;0;0
"23/12/2019";"20:28:00";"59";"sem v�tima";"142,3";"BR-393/RJ";"Norte";"Colis�o lateral no mesmo sentido";1;0;1;0;0;0;0;0;0;0;2;0;0;0;0
"24/12/2019";"08:01:00";"24";"sem v�tima";"145";"BR-393/RJ";"Norte";"Saida de Pista";1;0;0;0;0;0;0;0;0;0;1;0;0;0;0
"25/12/2019";"14:18:00";"41";"com v�tima";"124";"BR-393/RJ";"Norte";"Tombamento";0;0;1;0;0;0;0;0;0;0;0;1;0;0;0
"25/12/2019";"21:31:00";"57";"com v�tima";"135,599";"BR-393/RJ";"Norte";"Colis�o com ve�culos (traseira)";1;0;0;1;0;0;0;0;0;0;1;1;0;0;0
"26/12/2019";"10:17:00";"22";"com v�tima";"102";"BR-393/RJ";"Norte";"Colis�o c/ obst�culos";1;0;0;0;0;0;0;0;0;0;0;1;0;0;0
"26/12/2019";"10:37:00";"23";"sem v�tima";"106,9";"BR-393/RJ";"Norte";"Engavetamento";4;0;0;0;0;0;0;0;0;0;9;0;0;0;0
"27/12/2019";"10:23:00";"32";"sem v�tima";"177,8";"BR-393/RJ";"Norte";"Colis�o com ve�culos (traseira)";2;0;0;0;0;0;0;0;0;0;7;0;0;0;0