fdata;horario;n_da_ocorrencia;tipo_de_ocorrencia;km;trecho;sentido;tipo_de_acidente;automovel;bicicleta;caminhao;moto;onibus;outros;tracao_animal;transporte_de_cargas_especiais;trator_maquinas;utilitarios;ilesos;levemente_feridos;moderadamente_feridos;gravemente_feridos;mortos
"27/12/2019";"16:38:00";"50";"sem v�tima";"175";"BR-393/RJ";"Sul";"Colis�o lateral no mesmo sentido";1;0;0;1;0;0;0;0;0;0;4;0;0;0;0
"27/12/2019";"18:42:00";"60";"com v�tima";"284,704";"BR-393/RJ";"Norte";"Colis�o com ve�culos (traseira)";1;0;0;1;0;0;0;0;0;0;1;1;0;0;0
"28/12/2019";"06:45:00";"18";"com v�tima";"127";"BR-393/RJ";"Norte";"Capotamento";1;0;0;0;0;0;0;0;0;0;0;4;0;0;0
"28/12/2019";"10:50:00";"45";"sem v�tima";"255";"BR-393/RJ";"Norte";"Colis�o lateral no mesmo sentido";2;0;0;0;0;0;0;0;0;0;7;0;0;0;0
"28/12/2019";"19:52:00";"85";"com v�tima";"278,475";"BR-393/RJ";"Sul";"Colis�o lateral no sentido contr�rio";2;0;0;0;0;0;0;0;0;0;0;1;0;1;0
"29/12/2019";"23:47:00";"72";"sem v�tima";"139,599";"BR-393/RJ";"Sul";"Colis�o lateral no mesmo sentido";1;0;1;0;0;0;0;0;0;0;3;0;0;0;0
"30/12/2019";"06:54:00";"21";"com v�tima";"281,1";"BR-393/RJ";"Sul";"Colis�o com ve�culos (traseira)";1;0;1;0;0;0;0;0;0;0;2;1;0;1;0
"30/12/2019";"09:05:00";"26";"com v�tima";"278";"BR-393/RJ";"Norte";"Acidentes de outra natureza";0;1;0;0;0;0;0;0;0;0;0;1;0;0;0
"30/12/2019";"18:44:00";"45";"com v�tima";"164,7";"BR-393/RJ";"Norte";"Capotamento";0;0;1;0;0;0;0;0;0;0;0;0;0;0;1
"30/12/2019";"19:06:00";"47";"com v�tima";"250,294";"BR-393/RJ";"Sul";"Colis�o Transversal";1;0;0;1;0;0;0;0;0;0;0;3;0;0;0
"31/12/2019";"06:51:00";"14";"com v�tima";"218";"BR-393/RJ";"Sul";"Colis�o c/ obst�culos";1;0;0;0;0;0;0;0;0;0;0;1;0;0;0
"01/01/2020";"04:34:00";"7";"sem v�tima";"201,491";"BR-393/RJ";"Norte";"Capotamento";1;0;0;0;0;0;0;0;0;0;5;0;0;0;0
"01/01/2020";"11:05:00";"40";"sem v�tima";"264,8";"BR-393/RJ";"Norte";"Colis�o lateral no mesmo sentido";0;0;0;0;0;0;0;0;0;2;3;0;0;0;0
"01/01/2020";"16:20:00";"62";"com v�tima";"243,599";"BR-393/RJ";"Sul";"Colis�o Transversal";2;0;0;0;0;0;0;0;0;0;0;1;1;0;0
"02/01/2020";"12:57:00";"38";"com v�tima";"172,1";"BR-393/RJ";"Sul";"Capotamento";1;0;0;0;0;0;0;0;0;0;0;1;0;0;0
"02/01/2020";"15:30:00";"45";"com v�tima";"161,95";"BR-393/RJ";"Sul";"Sa�das de pista";1;0;0;0;0;0;0;0;0;0;2;1;0;0;0
"02/01/2020";"16:37:00";"47";"sem v�tima";"239,5";"BR-393/RJ";"Norte";"Sa�das de pista";1;0;0;0;0;0;0;0;0;0;2;0;0;0;0
"02/01/2020";"20:35:00";"63";"sem v�tima";"255";"BR-393/RJ";"Norte";"Colis�o Transversal";2;0;0;0;0;0;0;0;0;0;2;0;0;0;0
"03/01/2020";"08:44:00";"28";"sem v�tima";"224,75";"BR-393/RJ";"Sul";"Colis�o lateral no mesmo sentido";1;0;1;0;0;0;0;0;0;0;5;0;0;0;0
"04/01/2020";"08:31:00";"29";"sem v�tima";"182";"BR-393/RJ";"Sul";"Colis�o Transversal";2;0;0;0;0;0;0;0;0;0;4;0;0;0;0
"04/01/2020";"20:41:00";"60";"com v�tima";"235,4";"BR-393/RJ";"Norte";"Colis�o com ve�culos (traseira)";0;0;0;1;0;0;0;0;0;0;0;0;1;0;0
"05/01/2020";"10:14:00";"32";"sem v�tima";"281,4";"BR-393/RJ";"Sul";"Colis�o com ve�culos (traseira)";3;0;0;0;0;0;0;0;0;0;3;0;0;0;0
"05/01/2020";"16:25:00";"56";"sem v�tima";"178";"BR-393/RJ";"Norte";"Sa�das de pista";1;0;0;0;0;0;0;0;0;0;1;0;0;0;0
"06/01/2020";"11:59:00";"35";"com v�tima";"123";"BR-393/RJ";"Sul";"Colis�o lateral no sentido contr�rio";1;0;0;0;0;0;0;0;0;1;4;2;0;0;0
"09/01/2020";"14:46:00";"44";"sem v�tima";"280,869";"BR-393/RJ";"Norte";"Colis�o lateral no mesmo sentido";2;0;0;0;0;0;0;0;0;0;2;0;0;0;0
"11/01/2020";"19:09:00";"48";"sem v�tima";"218,099";"BR-393/RJ";"Sul";"Sa�das de pista";1;0;0;0;0;0;0;0;0;0;2;0;0;0;0
"13/01/2020";"15:35:00";"39";"sem v�tima";"133,797";"BR-393/RJ";"Norte";"Colis�o com ve�culos (traseira)";1;0;1;0;0;0;0;0;0;0;3;0;0;0;0
"13/01/2020";"19:31:00";"53";"com v�tima";"147,544";"BR-393/RJ";"Sul";"Sa�das de pista";1;0;0;0;0;0;0;0;0;0;0;1;0;0;0
"14/01/2020";"09:35:00";"21";"sem v�tima";"265,013";"BR-393/RJ";"Norte";"Colis�o lateral no mesmo sentido";1;0;1;0;0;0;0;0;0;0;3;0;0;0;0
"14/01/2020";"09:41:00";"22";"com v�tima";"147,636";"BR-393/RJ";"Sul";"Tombamento";0;0;1;0;0;0;0;0;0;0;0;2;0;0;0
"15/01/2020";"09:19:00";"24";"sem v�tima";"282,294";"BR-393/RJ";"Sul";"Colis�o com ve�culos (frontal)";0;0;3;0;0;0;0;0;0;0;3;0;0;0;0
"16/01/2020";"17:44:00";"60";"sem v�tima";"147,8";"BR-393/RJ";"Sul";"Colis�o c/ obst�culos";1;0;0;0;0;0;0;0;0;0;4;0;0;0;0
"18/01/2020";"04:50:00";"15";"sem v�tima";"256,399";"BR-393/RJ";"Norte";"Colis�o lateral no mesmo sentido";1;0;1;0;0;0;0;0;0;0;2;0;0;0;0
"18/01/2020";"05:54:00";"18";"sem v�tima";"177,452";"BR-393/RJ";"Norte";"Colis�o c/ obst�culos";1;0;0;0;0;0;0;0;0;0;1;0;0;0;0
"18/01/2020";"10:20:00";"33";"sem v�tima";"109,599";"BR-393/RJ";"Norte";"Sa�das de pista";1;0;0;0;0;0;0;0;0;0;3;0;0;0;0
"18/01/2020";"22:07:00";"58";"com v�tima";"231,935";"BR-393/RJ";"Norte";"Colis�o com ve�culos (frontal)";0;0;0;2;0;0;0;0;0;0;0;0;1;1;0
"18/01/2020";"22:30:00";"59";"com v�tima";"253,599";"BR-393/RJ";"Norte";"Tombamento";0;0;1;0;0;0;0;0;0;0;0;1;0;0;0
"19/01/2020";"04:44:00";"1";"com v�tima";"170,1";"BR-393/RJ";"Sul";"Sa�das de pista";1;0;0;0;0;0;0;0;0;0;0;1;0;0;0
"20/01/2020";"08:36:00";"23";"sem v�tima";"217,599";"BR-393/RJ";"Sul";"Colis�o lateral no mesmo sentido";1;0;1;0;0;0;0;0;0;0;2;0;0;0;0
"21/01/2020";"07:19:00";"23";"com v�tima";"238,514";"BR-393/RJ";"Norte";"Colis�o Transversal";2;0;0;0;0;0;0;0;0;0;0;3;0;0;0
"22/01/2020";"11:02:00";"31";"sem v�tima";"264,99";"BR-393/RJ";"Norte";"Colis�o com ve�culos (traseira)";1;0;1;0;0;0;0;0;0;0;3;0;0;0;0
"22/01/2020";"23:14:00";"73";"com v�tima";"285,8";"BR-393/RJ";"Norte";"Atropelamento de pedestre";1;0;0;0;0;0;0;0;0;0;2;0;0;1;0
"23/01/2020";"06:54:00";"18";"com v�tima";"285,7";"BR-393/RJ";"Norte";"Colis�o lateral no mesmo sentido";1;0;0;0;1;0;0;0;0;0;2;3;0;0;0
"24/01/2020";"11:17:00";"38";"sem v�tima";"172,4";"BR-393/RJ";"Norte";"Sa�das de pista";0;0;1;0;0;0;0;0;0;0;1;0;0;0;0
"24/01/2020";"13:34:00";"45";"sem v�tima";"283";"BR-393/RJ";"Sul";"Colis�o lateral no sentido contr�rio";1;0;1;0;0;0;0;0;0;0;2;0;0;0;0
"25/01/2020";"05:37:00";"17";"sem v�tima";"226,2";"BR-393/RJ";"Norte";"Colis�o c/ obst�culos";1;0;0;0;0;0;0;0;0;0;4;0;0;0;0
"28/01/2020";"08:42:00";"27";"com v�tima";"273,8";"BR-393/RJ";"Sul";"Tombamento";0;0;1;0;0;0;0;0;0;1;1;1;0;0;0
"30/01/2020";"22:28:00";"84";"com v�tima";"245";"BR-393/RJ";"Norte";"Colis�o lateral no sentido contr�rio";2;0;0;0;0;0;0;0;0;0;1;1;0;0;0
"31/01/2020";"17:41:00";"47";"sem v�tima";"282,447";"BR-393/RJ";"Sul";"Engavetamento";3;0;0;0;0;0;0;0;0;0;4;0;0;0;0
"01/02/2020";"11:26:00";"28";"sem v�tima";"279,8";"BR-393/RJ";"Sul";"Colis�o com ve�culos (traseira)";2;0;0;0;0;0;0;0;0;0;2;0;0;0;0
"01/02/2020";"15:46:00";"48";"com v�tima";"109,4";"BR-393/RJ";"Norte";"Sa�das de pista";1;0;0;0;0;0;0;0;0;0;1;3;0;0;0
"01/02/2020";"15:55:00";"50";"com v�tima";"175";"BR-393/RJ";"Sul";"Atropelamento de pedestre";1;0;0;0;0;0;0;0;0;0;1;0;1;0;0
"02/02/2020";"11:37:00";"35";"com v�tima";"155";"BR-393/RJ";"Norte";"Colis�o com ve�culos (traseira)";2;0;0;0;0;0;0;0;0;0;3;1;0;0;0
"03/02/2020";"15:13:00";"52";"sem v�tima";"263,399";"BR-393/RJ";"Sul";"Sa�das de pista";1;0;0;0;0;0;0;0;0;0;4;0;0;0;0
"03/02/2020";"19:14:00";"63";"sem v�tima";"285,699";"BR-393/RJ";"Sul";"Engavetamento";3;0;0;0;0;0;0;0;0;0;5;0;0;0;0
"04/02/2020";"20:30:00";"70";"com v�tima";"102,904";"BR-393/RJ";"Norte";"Colis�o Transversal";0;0;1;1;0;0;0;0;0;0;1;1;0;0;0
"05/02/2020";"02:44:00";"8";"sem v�tima";"219,246";"BR-393/RJ";"Sul";"Colis�o lateral no mesmo sentido";0;0;2;0;0;0;0;0;0;0;2;0;0;0;0
"05/02/2020";"16:50:00";"51";"com v�tima";"273,8";"BR-393/RJ";"Sul";"Colis�o c/ obst�culos";1;0;0;0;0;0;0;0;0;0;1;2;0;0;0
"05/02/2020";"17:30:00";"54";"sem v�tima";"274,901";"BR-393/RJ";"Sul";"Atropelamento de pedestre";1;1;0;0;0;0;0;0;0;0;2;0;0;0;0
"07/02/2020";"21:38:00";"66";"sem v�tima";"202,752";"BR-393/RJ";"Norte";"Colis�o lateral no mesmo sentido";1;0;0;0;1;0;0;0;0;0;2;0;0;0;0
"08/02/2020";"10:36:00";"34";"com v�tima";"178,483";"BR-393/RJ";"Norte";"Colis�o com ve�culos (traseira)";2;0;0;0;0;0;0;0;0;0;0;2;0;0;0
"09/02/2020";"02:57:00";"5";"com v�tima";"147,4";"BR-393/RJ";"Sul";"Colis�o c/ obst�culos";1;0;0;0;0;0;0;0;0;0;0;1;0;0;0
"09/02/2020";"05:02:00";"7";"com v�tima";"136,4";"BR-393/RJ";"Sul";"Colis�o c/ obst�culos";1;0;0;0;0;0;0;0;0;0;0;1;0;0;0
"09/02/2020";"08:40:00";"19";"com v�tima";"270";"BR-393/RJ";"Sul";"Sa�das de pista";1;0;0;0;0;0;0;0;0;0;0;1;0;0;0
"09/02/2020";"14:03:00";"42";"com v�tima";"282";"BR-393/RJ";"Sul";"Engavetamento";4;0;0;0;0;0;0;0;0;0;12;1;0;0;0
"09/02/2020";"15:22:00";"48";"sem v�tima";"195";"BR-393/RJ";"Sul";"Colis�o com ve�culos (traseira)";2;0;0;0;0;0;0;0;0;0;4;0;0;0;0
"10/02/2020";"18:39:00";"57";"com v�tima";"133,254";"BR-393/RJ";"Norte";"Colis�o lateral no mesmo sentido";1;0;0;1;0;0;0;0;0;0;2;1;0;0;0
"11/02/2020";"11:15:00";"27";"sem v�tima";"142,9";"BR-393/RJ";"Sul";"Capotamento";1;0;0;0;0;0;0;0;0;0;2;0;0;0;0
"13/02/2020";"12:42:00";"46";"sem v�tima";"126";"BR-393/RJ";"Sul";"Colis�o lateral no mesmo sentido";0;0;1;0;1;0;0;0;0;0;42;0;0;0;0
"13/02/2020";"18:39:00";"65";"com v�tima";"178,699";"BR-393/RJ";"Sul";"Colis�o com ve�culos (frontal)";1;0;0;1;0;0;0;0;0;0;1;0;0;0;1
"13/02/2020";"20:35:00";"71";"sem v�tima";"262,199";"BR-393/RJ";"Norte";"Sa�das de pista";1;0;0;0;0;0;0;0;0;0;1;0;0;0;0
"14/02/2020";"09:55:00";"27";"com v�tima";"178,358";"BR-393/RJ";"Sul";"Colis�o com ve�culos (traseira)";1;0;1;0;0;0;0;0;0;0;0;2;0;0;0
"15/02/2020";"07:28:00";"22";"com v�tima";"235";"BR-393/RJ";"Sul";"Colis�o Transversal";2;0;0;0;0;0;0;0;0;0;4;1;0;0;0
"16/02/2020";"21:34:00";"56";"sem v�tima";"284,692";"BR-393/RJ";"Sul";"Sa�das de pista";1;0;0;0;0;0;0;0;0;0;2;0;0;0;0
"17/02/2020";"12:19:00";"45";"com v�tima";"285";"BR-393/RJ";"Norte";"Colis�o com ve�culos (traseira)";2;0;0;0;0;0;0;0;0;0;2;1;0;0;0
"17/02/2020";"17:12:00";"60";"com v�tima";"3";"Al�a Sul";"Sul";"Colis�o com ve�culos (frontal)";2;0;0;1;0;0;0;0;0;0;1;1;1;0;0
"17/02/2020";"18:01:00";"63";"com v�tima";"268,112";"BR-393/RJ";"Sul";"Colis�o Transversal";1;0;1;0;0;0;0;0;0;0;1;2;0;0;0
"20/02/2020";"07:32:00";"21";"com v�tima";"265";"BR-393/RJ";"Norte";"Colis�o com ve�culos (traseira)";1;0;0;0;1;0;0;0;0;0;1;4;0;0;0
"20/02/2020";"17:46:00";"82";"com v�tima";"241";"BR-393/RJ";"Norte";"Colis�o com ve�culos (frontal)";1;0;1;0;0;0;0;0;0;0;0;1;2;0;0
"20/02/2020";"20:56:00";"93";"com v�tima";"1,1";"Al�a Sul";"Norte";"Capotamento";1;0;0;0;0;0;0;0;0;0;0;1;0;0;0
"21/02/2020";"01:27:00";"4";"com v�tima";"188,8";"BR-393/RJ";"Sul";"Atropelamento de animais";0;0;1;0;0;0;0;0;0;0;0;1;0;0;0
"22/02/2020";"01:32:00";"5";"sem v�tima";"284,096";"BR-393/RJ";"Sul";"Sa�das de pista";1;0;0;0;0;0;0;0;0;0;1;0;0;0;0
"22/02/2020";"05:50:00";"26";"com v�tima";"208,777";"BR-393/RJ";"Sul";"Colis�o com ve�culos (traseira)";2;0;0;0;0;0;0;0;0;0;0;6;0;0;0
"22/02/2020";"08:50:00";"33";"com v�tima";"238,9";"BR-393/RJ";"Norte";"Colis�o Transversal";1;0;1;0;0;0;0;0;0;0;3;3;0;0;0
"23/02/2020";"00:42:00";"2";"com v�tima";"161,8";"BR-393/RJ";"Sul";"Capotamento";1;0;0;0;0;0;0;0;0;0;0;4;0;0;0
"23/02/2020";"06:02:00";"19";"com v�tima";"118,4";"BR-393/RJ";"Norte";"Sa�das de pista";1;0;0;0;0;0;0;0;0;0;0;4;0;0;0
"23/02/2020";"12:58:00";"42";"sem v�tima";"109,599";"BR-393/RJ";"Norte";"Colis�o c/ obst�culos";1;0;0;0;0;0;0;0;0;0;1;0;0;0;0
"24/02/2020";"23:42:00";"47";"sem v�tima";"172,4";"BR-393/RJ";"Sul";"Colis�o c/ obst�culos";1;0;0;0;0;0;0;0;0;0;1;0;0;0;0
"26/02/2020";"02:02:00";"6";"sem v�tima";"233,6";"BR-393/RJ";"Norte";"Acidentes de outra natureza";0;0;0;1;0;0;0;0;0;0;1;0;0;0;0
"26/02/2020";"10:07:00";"31";"com v�tima";"103,618";"BR-393/RJ";"Norte";"Colis�o com ve�culos (frontal)";1;0;1;0;0;0;0;0;0;0;1;0;1;0;0
"26/02/2020";"20:19:00";"73";"sem v�tima";"178";"BR-393/RJ";"Norte";"Colis�o com ve�culos (traseira)";2;0;0;0;0;0;0;0;0;0;4;0;0;0;0
"27/02/2020";"03:14:00";"12";"sem v�tima";"243";"BR-393/RJ";"Sul";"Sa�das de pista";1;0;0;0;0;0;0;0;0;0;3;0;0;0;0
"28/02/2020";"06:02:00";"10";"com v�tima";"242,3";"BR-393/RJ";"Sul";"Capotamento";1;0;0;0;0;0;0;0;0;0;0;1;0;0;0
"28/02/2020";"15:31:00";"45";"sem v�tima";"237,49";"BR-393/RJ";"Sul";"Acidentes de outra natureza";0;0;0;1;0;0;0;0;0;0;1;0;0;0;0
"28/02/2020";"16:07:00";"46";"sem v�tima";"234,4";"BR-393/RJ";"Norte";"Colis�o lateral no mesmo sentido";1;0;1;0;0;0;0;0;0;0;2;0;0;0;0
"29/02/2020";"16:49:00";"50";"sem v�tima";"239,4";"BR-393/RJ";"Norte";"Sa�das de pista";1;0;0;0;0;0;0;0;0;0;1;0;0;0;0
"01/03/2020";"09:07:00";"28";"com v�tima";"105,12";"BR-393/RJ";"Sul";"Saida de Pista";1;0;0;0;0;0;0;0;0;0;0;1;0;0;0
"01/03/2020";"12:15:00";"45";"com v�tima";"105,435";"BR-393/RJ";"Norte";"Colis�o Traseira";1;0;0;1;0;0;0;0;0;0;4;1;0;0;0
"02/03/2020";"00:08:00";"1";"com v�tima";"177,8";"BR-393/RJ";"Sul";"Colis�o Traseira";1;0;1;0;0;0;0;0;0;0;1;1;0;0;0
"03/03/2020";"08:27:00";"24";"sem v�tima";"104";"BR-393/RJ";"Sul";"Colis�o Lateral Mesmo Sentido";1;0;1;0;0;0;0;0;0;0;2;0;0;0;0
"03/03/2020";"12:42:00";"47";"com v�tima";"285";"BR-393/RJ";"Norte";"Colis�o Transversal";1;0;0;1;0;0;0;0;0;0;0;2;0;0;0
"03/03/2020";"18:15:00";"59";"com v�tima";"258,6";"BR-393/RJ";"Sul";"Colis�o Transversal";1;0;0;0;1;0;0;0;0;0;1;1;1;0;0
"03/03/2020";"20:49:00";"72";"com v�tima";"189,199";"BR-393/RJ";"Norte";"Tombamento";0;0;1;0;0;0;0;0;0;0;0;1;0;0;0
"04/03/2020";"12:11:00";"56";"com v�tima";"281,1";"BR-393/RJ";"Sul";"Colis�o Transversal";1;0;0;1;0;0;0;0;0;0;1;1;0;0;0
"04/03/2020";"18:53:00";"74";"sem v�tima";"284,399";"BR-393/RJ";"Norte";"Colis�o Traseira";2;0;0;0;0;0;0;0;0;0;5;0;0;0;0
"05/03/2020";"12:21:00";"70";"com v�tima";"268,126";"BR-393/RJ";"Norte";"Colis�o Transversal";1;0;0;1;0;0;0;0;0;0;2;0;0;1;0
"05/03/2020";"18:37:00";"90";"sem v�tima";"258,5";"BR-393/RJ";"Sul";"Colis�o Lateral Mesmo Sentido";0;0;2;0;0;0;0;0;0;0;3;0;0;0;0
"06/03/2020";"18:09:00";"59";"com v�tima";"255,9";"BR-393/RJ";"Norte";"Colis�o Transversal";2;0;0;0;0;0;0;0;0;0;1;3;0;0;0
"06/03/2020";"20:11:00";"66";"com v�tima";"140";"BR-393/RJ";"Norte";"Colis�o Frontal";0;0;1;1;0;0;0;0;0;0;1;0;0;0;1
"07/03/2020";"13:28:00";"56";"sem v�tima";"286,3";"BR-393/RJ";"Sul";"Colis�o Traseira";2;0;0;0;0;0;0;0;0;0;3;0;0;0;0
"07/03/2020";"14:32:00";"59";"sem v�tima";"286,3";"BR-393/RJ";"Sul";"Engavetamento";3;0;0;0;0;0;0;0;0;0;3;0;0;0;0
"07/03/2020";"19:34:00";"77";"com v�tima";"285,699";"BR-393/RJ";"Norte";"Queda de Moto";0;0;0;1;0;0;0;0;0;0;0;1;0;0;0
"10/03/2020";"10:01:00";"27";"com v�tima";"178,8";"BR-393/RJ";"Sul";"Colis�o Transversal";1;0;0;1;0;0;0;0;0;0;0;1;1;0;0
"10/03/2020";"14:01:00";"42";"com v�tima";"231,924";"BR-393/RJ";"Sul";"Colis�o Transversal";1;0;0;1;0;0;0;0;0;0;1;1;0;0;0
"11/03/2020";"06:41:00";"15";"com v�tima";"131,4";"BR-393/RJ";"Sul";"Tombamento";0;0;1;0;0;0;0;0;0;0;0;1;0;0;0
"11/03/2020";"07:23:00";"17";"com v�tima";"144,099";"BR-393/RJ";"Norte";"Saida de Pista";0;0;0;0;1;0;0;0;0;0;6;1;0;0;0
"12/03/2020";"16:38:00";"59";"com v�tima";"265";"BR-393/RJ";"Sul";"Choque - Outros";0;0;0;0;0;0;0;0;0;1;2;1;0;0;0
"13/03/2020";"13:42:00";"45";"sem v�tima";"255,6";"BR-393/RJ";"Sul";"Colis�o Traseira";1;0;1;0;0;0;0;0;0;0;2;0;0;0;0
"14/03/2020";"05:14:00";"13";"sem v�tima";"196";"BR-393/RJ";"Norte";"Tombamento";0;0;1;0;0;0;0;0;0;0;1;0;0;0;0
"15/03/2020";"10:38:00";"22";"com v�tima";"235,691";"BR-393/RJ";"Norte";"Atropelamento - Ciclista";0;1;1;0;0;0;0;0;0;0;1;0;0;0;1
"15/03/2020";"11:36:00";"24";"com v�tima";"155";"BR-393/RJ";"Norte";"Queda de Moto";0;0;0;1;0;0;0;0;0;0;0;1;0;0;0
"16/03/2020";"14:00:00";"50";"sem v�tima";"174";"BR-393/RJ";"Sul";"Saida de Pista";0;0;2;0;0;0;0;0;0;0;3;0;0;0;0
"16/03/2020";"15:57:00";"61";"com v�tima";"104,17";"BR-393/RJ";"Norte";"Engavetamento";2;0;0;0;0;0;0;0;0;1;3;1;0;0;0
"17/03/2020";"11:49:00";"45";"com v�tima";"108,054";"BR-393/RJ";"Norte";"Capotamento";1;0;0;0;0;0;0;0;0;0;2;1;0;0;0
"18/03/2020";"15:30:00";"43";"sem v�tima";"253,199";"BR-393/RJ";"Norte";"Colis�o Lateral Sentido Oposto";1;0;1;0;0;0;0;0;0;0;3;0;0;0;0
"19/03/2020";"17:52:00";"60";"sem v�tima";"279,87";"BR-393/RJ";"Sul";"Engavetamento";3;0;1;0;0;0;0;0;0;0;4;0;0;0;0
"20/03/2020";"07:41:00";"24";"com v�tima";"138,15";"BR-393/RJ";"Sul";"Tombamento";0;0;1;0;0;0;0;0;0;0;0;1;0;0;0
"20/03/2020";"12:29:00";"41";"com v�tima";"267,8";"BR-393/RJ";"Norte";"Queda de Moto";0;0;1;1;0;0;0;0;0;0;2;1;0;0;0
"20/03/2020";"17:22:00";"60";"com v�tima";"285,6";"BR-393/RJ";"Norte";"Colis�o Transversal";2;0;0;0;0;0;0;0;0;0;1;0;1;0;0
"20/03/2020";"19:13:00";"66";"com v�tima";"168,04";"BR-393/RJ";"Norte";"Atropelamento - Ciclista";1;1;0;0;0;0;0;0;0;0;1;1;0;0;0
"20/03/2020";"20:57:00";"68";"sem v�tima";"285,6";"BR-393/RJ";"Norte";"Abalroamento Mesmo Sentido ";1;0;1;0;0;0;0;0;0;0;2;0;0;0;0
"20/03/2020";"22:03:00";"71";"sem v�tima";"123";"BR-393/RJ";"Sul";"Saida de Pista";0;0;1;0;0;0;0;0;0;0;1;0;0;0;0
"22/03/2020";"17:41:00";"45";"com v�tima";"175";"BR-393/RJ";"Sul";"Queda de Moto";0;0;0;1;0;0;0;0;0;0;1;1;0;0;0
"22/03/2020";"23:15:00";"59";"sem v�tima";"283";"BR-393/RJ";"Sul";"Saida de Pista";1;0;0;0;0;0;0;0;0;0;1;0;0;0;0
"25/03/2020";"04:27:00";"15";"sem v�tima";"253,4";"BR-393/RJ";"Norte";"Saida de Pista";1;0;0;0;0;0;0;0;0;0;2;0;0;0;0
"25/03/2020";"13:43:00";"30";"com v�tima";"124";"BR-393/RJ";"Norte";"Tombamento";0;0;1;0;0;0;0;0;0;0;0;1;0;0;0
"26/03/2020";"07:30:00";"13";"com v�tima";"0,1";"Al�a Sul";"Norte";"Saida de Pista";1;0;0;0;0;0;0;0;0;0;0;2;0;0;0
"27/03/2020";"17:05:00";"37";"com v�tima";"169";"BR-393/RJ";"Sul";"Colis�o Transversal";1;0;0;1;0;0;0;0;0;0;4;1;0;0;0
"28/03/2020";"05:56:00";"11";"com v�tima";"137,618";"BR-393/RJ";"Norte";"Tombamento";0;0;1;0;0;0;0;0;0;0;0;0;1;0;0
"28/03/2020";"13:50:00";"17";"sem v�tima";"255,6";"BR-393/RJ";"Sul";"Colis�o Transversal";2;0;0;0;0;0;0;0;0;0;2;0;0;0;0
"30/03/2020";"08:22:00";"18";"com v�tima";"177,099";"BR-393/RJ";"Norte";"Atropelamento de Animal";0;0;0;1;0;0;0;0;0;0;0;0;2;0;0
"30/03/2020";"18:22:00";"33";"com v�tima";"282,1";"BR-393/RJ";"Norte";"Colis�o Transversal";1;0;0;1;0;0;0;0;0;0;0;2;0;0;0
"30/03/2020";"20:05:00";"35";"com v�tima";"111,099";"BR-393/RJ";"Norte";"Saida de Pista";1;0;0;0;0;0;0;0;0;0;0;1;0;0;0
"31/03/2020";"11:30:00";"26";"com v�tima";"235";"BR-393/RJ";"Norte";"Colis�o Lateral Sentido Oposto";1;0;0;1;0;0;0;0;0;0;1;0;1;0;0
"02/04/2020";"22:17:00";"47";"com v�tima";"249";"BR-393/RJ";"Norte";"Saida de Pista";1;0;0;0;0;0;0;0;0;0;0;2;0;0;0
"03/04/2020";"17:02:00";"47";"sem v�tima";"281,3";"BR-393/RJ";"Norte";"Colis�o Lateral Sentido Oposto";1;0;0;0;1;0;0;0;0;0;5;0;0;0;0
"04/04/2020";"10:05:00";"23";"com v�tima";"175,699";"BR-393/RJ";"Sul";"Tombamento";0;0;1;0;0;0;0;0;0;0;0;1;0;0;0
"04/04/2020";"21:16:00";"38";"sem v�tima";"265";"BR-393/RJ";"Sul";"Colis�o Traseira";2;0;0;0;0;0;0;0;0;0;3;0;0;0;0
"05/04/2020";"23:11:00";"34";"com v�tima";"154,4";"BR-393/RJ";"Sul";"Saida de Pista";1;0;0;0;0;0;0;0;0;0;3;1;0;0;0
"06/04/2020";"18:17:00";"44";"com v�tima";"171,563";"BR-393/RJ";"Norte";"Colis�o Frontal";0;0;1;1;0;0;0;0;0;0;1;0;1;0;0
"08/04/2020";"14:25:00";"33";"com v�tima";"190,8";"BR-393/RJ";"Sul";"Capotamento";1;0;0;0;0;0;0;0;0;0;0;1;0;0;0
"09/04/2020";"18:45:00";"38";"com v�tima";"175,699";"BR-393/RJ";"Sul";"Queda de Moto";0;0;0;1;0;0;0;0;0;0;1;1;0;0;0
"10/04/2020";"04:56:00";"7";"sem v�tima";"173,152";"BR-393/RJ";"Sul";"Atropelamento de Animal";0;0;1;0;0;0;0;0;0;0;1;0;0;0;0
"12/04/2020";"02:15:00";"5";"com v�tima";"243";"BR-393/RJ";"Sul";"Saida de Pista";1;0;0;0;0;0;0;0;0;0;0;1;0;0;0
"12/04/2020";"19:12:00";"47";"sem v�tima";"282";"BR-393/RJ";"Norte";"Queda de Bicicleta";0;1;0;0;0;0;0;0;0;0;1;0;0;0;0
"16/04/2020";"14:39:00";"35";"com v�tima";"211";"BR-393/RJ";"Norte";"Colis�o Lateral Sentido Oposto";0;0;2;0;0;0;0;0;0;0;1;1;0;0;0
"18/04/2020";"18:44:00";"42";"sem v�tima";"218,931";"BR-393/RJ";"Sul";"Saida de Pista";1;0;0;0;0;0;0;0;0;0;1;0;0;0;0
"20/04/2020";"12:52:00";"18";"sem v�tima";"271";"BR-393/RJ";"Sul";"Colis�o Lateral Mesmo Sentido";1;0;1;0;0;0;0;0;0;0;5;0;0;0;0
"22/04/2020";"06:46:00";"15";"com v�tima";"114,299";"BR-393/RJ";"Norte";"Tombamento";0;0;1;0;0;0;0;0;0;0;0;1;0;0;0