fdata;horario;n_da_ocorrencia;tipo_de_ocorrencia;km;trecho;sentido;tipo_de_acidente;automovel;bicicleta;caminhao;moto;onibus;outros;tracao_animal;transporte_de_cargas_especiais;trator_maquinas;utilitarios;ilesos;levemente_feridos;moderadamente_feridos;gravemente_feridos;mortos
"22/04/2020";"17:49:00";"39";"com v�tima";"168,984";"BR-393/RJ";"Sul";"Colis�o Transversal";2;0;0;0;0;0;0;0;0;0;2;3;0;0;0
"23/04/2020";"19:45:00";"39";"com v�tima";"168,044";"BR-393/RJ";"Sul";"Colis�o Lateral Mesmo Sentido";2;0;0;0;0;0;0;0;0;0;1;2;0;0;0
"24/04/2020";"09:42:00";"23";"com v�tima";"107";"BR-393/RJ";"Sul";"Colis�o Traseira";1;0;0;1;0;0;0;0;0;0;1;0;1;0;0
"24/04/2020";"09:51:00";"24";"sem v�tima";"283,699";"BR-393/RJ";"Norte";"Colis�o Traseira";2;0;0;0;0;0;0;0;0;0;3;0;0;0;0
"27/04/2020";"16:11:00";"33";"com v�tima";"283,699";"BR-393/RJ";"Norte";"Engavetamento";3;0;0;0;0;0;0;0;0;0;0;3;0;0;0
"29/04/2020";"05:30:00";"12";"com v�tima";"200,199";"BR-393/RJ";"Norte";"Colis�o Transversal";0;0;1;0;0;0;0;0;0;1;12;3;0;0;0
"29/04/2020";"06:02:00";"14";"com v�tima";"242,3";"BR-393/RJ";"Sul";"Saida de Pista";1;0;0;0;0;0;0;0;0;0;0;1;0;0;0
"30/04/2020";"07:22:00";"18";"com v�tima";"178,199";"BR-393/RJ";"Sul";"Colis�o Frontal";1;0;1;0;0;0;0;0;0;0;1;0;1;0;0
"30/04/2020";"14:50:00";"40";"com v�tima";"216,9";"BR-393/RJ";"Norte";"Colis�o Transversal";0;0;1;1;0;0;0;0;0;0;1;0;1;0;0
"30/04/2020";"15:34:00";"41";"sem v�tima";"285,9";"BR-393/RJ";"Sul";"Engavetamento";3;0;1;0;0;0;0;0;0;0;4;0;0;0;0
"01/05/2020";"04:16:00";"3";"sem v�tima";"190,732";"BR-393/RJ";"Sul";"Atropelamento de animais";0;0;1;0;0;0;0;0;0;0;1;0;0;0;0
"02/05/2020";"20:38:00";"32";"com v�tima";"283,6";"BR-393/RJ";"Sul";"Acidentes de outra natureza";1;0;0;1;0;0;0;0;0;0;1;1;0;0;0
"03/05/2020";"13:40:00";"23";"com v�tima";"286";"BR-393/RJ";"Norte";"Colis�o c/ obst�culos";1;0;0;0;0;0;0;0;0;0;0;2;0;0;0
"03/05/2020";"18:16:00";"35";"sem v�tima";"228";"BR-393/RJ";"Sul";"Sa�das de pista";1;0;0;0;0;0;0;0;0;0;1;0;0;0;0
"05/05/2020";"01:31:00";"3";"sem v�tima";"280";"BR-393/RJ";"Norte";"Atropelamento de animais";0;0;1;0;0;0;0;0;0;0;1;0;0;0;0
"05/05/2020";"14:55:00";"40";"sem v�tima";"195,3";"BR-393/RJ";"Sul";"Colis�o lateral no mesmo sentido";1;0;1;0;0;0;0;0;0;0;2;0;0;0;0
"05/05/2020";"19:17:00";"54";"com v�tima";"278,899";"BR-393/RJ";"Sul";"Atropelamento de pedestre";0;1;1;0;0;0;0;0;0;0;1;0;1;0;0
"06/05/2020";"01:26:00";"5";"com v�tima";"280,6";"BR-393/RJ";"Norte";"Colis�o c/ obst�culos";1;0;0;0;0;0;0;0;0;0;1;0;1;0;0
"06/05/2020";"12:21:00";"27";"com v�tima";"106";"BR-393/RJ";"Norte";"Atropelamento de pedestre";1;1;0;0;0;0;0;0;0;0;2;0;1;0;0
"06/05/2020";"14:43:00";"36";"sem v�tima";"285,98";"BR-393/RJ";"Sul";"Engavetamento";4;0;0;0;0;0;0;0;0;0;5;0;0;0;0
"06/05/2020";"23:13:00";"47";"com v�tima";"284,399";"BR-393/RJ";"Sul";"Acidentes de outra natureza";2;0;0;0;0;0;0;0;0;0;0;5;0;0;0
"08/05/2020";"19:50:00";"60";"sem v�tima";"255,5";"BR-393/RJ";"Sul";"Colis�o lateral no mesmo sentido";2;0;0;0;0;0;0;0;0;0;2;0;0;0;0
"08/05/2020";"20:57:00";"64";"sem v�tima";"219";"BR-393/RJ";"Sul";"Acidentes de outra natureza";1;0;0;1;0;0;0;0;0;0;2;0;0;0;0
"09/05/2020";"11:43:00";"30";"sem v�tima";"286";"BR-393/RJ";"Sul";"Colis�o com ve�culos (traseira)";1;0;1;0;0;0;0;0;0;0;2;0;0;0;0
"10/05/2020";"14:59:00";"20";"sem v�tima";"283,399";"BR-393/RJ";"Sul";"Colis�o com ve�culos (traseira)";2;0;0;0;0;0;0;0;0;0;2;0;0;0;0
"10/05/2020";"15:39:00";"21";"sem v�tima";"286,3";"BR-393/RJ";"Sul";"Colis�o com ve�culos (traseira)";2;0;0;0;0;0;0;0;0;0;2;0;0;0;0
"10/05/2020";"16:15:00";"23";"sem v�tima";"179,8";"BR-393/RJ";"Norte";"Capotamento";1;0;0;0;0;0;0;0;0;0;1;0;0;0;0
"10/05/2020";"18:10:00";"29";"com v�tima";"266,969";"BR-393/RJ";"Sul";"Acidentes de outra natureza";0;0;1;0;0;0;0;0;0;1;2;0;0;1;0
"12/05/2020";"07:52:00";"20";"sem v�tima";"285";"BR-393/RJ";"Sul";"Acidentes de outra natureza";1;0;1;0;0;0;0;0;0;0;2;0;0;0;0
"12/05/2020";"17:55:00";"52";"com v�tima";"238,414";"BR-393/RJ";"Norte";"Acidentes de outra natureza";1;0;1;0;0;0;0;0;0;0;1;1;1;0;0
"14/05/2020";"17:17:00";"42";"com v�tima";"168,039";"BR-393/RJ";"Sul";"Acidentes de outra natureza";0;0;1;1;0;0;0;0;0;0;1;1;0;0;0
"14/05/2020";"17:29:00";"43";"sem v�tima";"1";"Al�a Sul";"Sul";"Sa�das de pista";1;0;0;0;0;0;0;0;0;0;2;0;0;0;0
"15/05/2020";"07:46:00";"22";"sem v�tima";"216,5";"BR-393/RJ";"Norte";"Sa�das de pista";1;0;0;0;0;0;0;0;0;0;2;0;0;0;0
"15/05/2020";"10:45:00";"28";"com v�tima";"257,8";"BR-393/RJ";"Norte";"Colis�o com ve�culos (frontal)";1;0;0;1;0;0;0;0;0;0;1;0;0;0;1
"15/05/2020";"15:42:00";"42";"com v�tima";"144,699";"BR-393/RJ";"Norte";"Colis�o c/ obst�culos";1;0;0;0;0;0;0;0;0;0;0;1;0;0;0
"16/05/2020";"06:10:00";"12";"sem v�tima";"2,399";"Al�a Sul";"Sul";"Atropelamento de animais";1;0;0;0;0;0;0;0;0;0;1;0;0;0;0
"16/05/2020";"11:21:00";"24";"com v�tima";"170";"BR-393/RJ";"Norte";"Capotamento";1;0;0;0;0;0;0;0;0;0;0;1;0;0;0
"16/05/2020";"17:30:00";"39";"com v�tima";"220,299";"BR-393/RJ";"Sul";"Acidentes de outra natureza";0;0;0;1;0;0;0;0;0;0;0;1;0;0;0
"16/05/2020";"19:24:00";"43";"com v�tima";"251";"BR-393/RJ";"Sul";"Acidentes de outra natureza";0;0;0;1;0;0;0;0;0;0;0;1;0;0;0
"17/05/2020";"22:20:00";"38";"sem v�tima";"284,723";"BR-393/RJ";"Sul";"Colis�o com ve�culos (traseira)";2;0;0;0;0;0;0;0;0;0;5;0;0;0;0
"20/05/2020";"13:04:00";"40";"sem v�tima";"286";"BR-393/RJ";"Norte";"Colis�o com ve�culos (frontal)";2;0;0;0;0;0;0;0;0;0;2;0;0;0;0
"20/05/2020";"19:03:00";"55";"com v�tima";"281";"BR-393/RJ";"Norte";"Acidentes de outra natureza";1;0;0;1;0;0;0;0;0;0;1;0;1;0;0
"21/05/2020";"08:14:00";"17";"sem v�tima";"145";"BR-393/RJ";"Norte";"Colis�o c/ obst�culos";1;0;0;0;0;0;0;0;0;0;1;0;0;0;0
"22/05/2020";"12:32:00";"31";"com v�tima";"286,399";"BR-393/RJ";"Sul";"Engavetamento";4;0;0;0;0;0;0;0;0;0;4;1;0;0;0
"23/05/2020";"08:32:00";"25";"sem v�tima";"195";"BR-393/RJ";"Norte";"Colis�o com ve�culos (traseira)";0;0;2;0;0;0;0;0;0;0;3;0;0;0;0
"23/05/2020";"18:47:00";"50";"sem v�tima";"285,699";"BR-393/RJ";"Norte";"Acidentes de outra natureza";1;0;0;1;0;0;0;0;0;0;3;0;0;0;0
"24/05/2020";"19:38:00";"34";"sem v�tima";"265";"BR-393/RJ";"Sul";"Colis�o lateral no mesmo sentido";2;0;0;0;0;0;0;0;0;0;2;0;0;0;0
"25/05/2020";"16:49:00";"40";"com v�tima";"195";"BR-393/RJ";"Norte";"Colis�o com ve�culos (traseira)";0;0;2;0;0;0;0;0;0;0;0;2;0;0;0
"25/05/2020";"20:18:00";"51";"com v�tima";"176,1";"BR-393/RJ";"Norte";"Acidentes de outra natureza";1;0;0;1;0;0;0;0;0;0;1;1;0;0;0
"25/05/2020";"20:39:00";"53";"sem v�tima";"136";"BR-393/RJ";"Norte";"Colis�o com ve�culos (traseira)";1;0;0;1;0;0;0;0;0;0;5;0;0;0;0
"26/05/2020";"07:02:00";"16";"com v�tima";"182";"BR-393/RJ";"Norte";"Colis�o com ve�culos (traseira)";1;0;0;1;0;0;0;0;0;0;1;1;0;0;0
"26/05/2020";"15:16:00";"41";"com v�tima";"175";"BR-393/RJ";"Sul";"Acidentes de outra natureza";0;0;0;1;0;0;0;0;0;0;0;1;0;0;0
"26/05/2020";"18:37:00";"49";"sem v�tima";"122";"BR-393/RJ";"Sul";"Acidentes de outra natureza";0;0;1;0;0;0;0;0;0;0;1;0;0;0;0
"28/05/2020";"23:25:00";"53";"com v�tima";"167,5";"BR-393/RJ";"Norte";"Atropelamento de pedestre";0;0;0;1;0;0;0;0;0;0;0;1;1;0;0
"29/05/2020";"03:26:00";"13";"sem v�tima";"204";"BR-393/RJ";"Norte";"Atropelamento de animais";0;0;1;0;0;0;0;0;0;0;1;0;0;0;0
"30/05/2020";"03:39:00";"10";"sem v�tima";"263,5";"BR-393/RJ";"Sul";"Capotamento";1;0;0;0;0;0;0;0;0;0;1;0;0;0;0
"30/05/2020";"18:29:00";"25";"com v�tima";"147,5";"BR-393/RJ";"Norte";"Capotamento";1;0;0;0;0;0;0;0;0;0;0;1;0;0;0
"30/05/2020";"22:01:00";"29";"sem v�tima";"283,699";"BR-393/RJ";"Norte";"Colis�o c/ obst�culos";2;0;1;0;0;0;0;0;0;0;3;0;0;0;0
"31/05/2020";"12:46:00";"26";"com v�tima";"103";"BR-393/RJ";"Sul";"Colis�o com ve�culos (traseira)";2;0;0;0;0;0;0;0;0;0;1;2;0;0;0
"31/05/2020";"20:47:00";"40";"com v�tima";"257,171";"BR-393/RJ";"Sul";"Sa�das de pista";1;0;0;0;0;0;0;0;0;0;1;1;0;0;0
"05/06/2020";"16:07:00";"40";"sem v�tima";"286";"BR-393/RJ";"Sul";"Colis�o com ve�culos (traseira)";3;0;0;0;0;0;0;0;0;0;3;0;0;0;0
"05/06/2020";"22:21:00";"50";"com v�tima";"153,599";"BR-393/RJ";"Norte";"Colis�o com ve�culos (frontal)";1;0;0;1;0;0;0;0;0;0;2;0;0;0;1
"06/06/2020";"10:55:00";"23";"com v�tima";"106,5";"BR-393/RJ";"Norte";"Atropelamento de pedestre";1;0;0;0;0;0;0;0;0;0;1;2;0;0;0
"06/06/2020";"21:40:00";"46";"sem v�tima";"228,8";"BR-393/RJ";"Norte";"Capotamento";1;0;0;0;0;0;0;0;0;0;2;0;0;0;0
"07/06/2020";"14:10:00";"23";"com v�tima";"178";"BR-393/RJ";"Sul";"Colis�o c/ obst�culos";1;0;0;0;0;0;0;0;0;0;1;1;0;0;0
"07/06/2020";"20:23:00";"36";"sem v�tima";"225,5";"BR-393/RJ";"Sul";"Colis�o c/ obst�culos";1;0;0;0;0;0;0;0;0;0;2;0;0;0;0
"08/06/2020";"18:17:00";"44";"sem v�tima";"231,641";"BR-393/RJ";"Sul";"Colis�o lateral no sentido contr�rio";1;0;0;0;0;0;0;0;0;1;4;0;0;0;0
"09/06/2020";"18:26:00";"43";"com v�tima";"283,399";"BR-393/RJ";"Norte";"Colis�o lateral no mesmo sentido";0;0;0;2;0;0;0;0;0;0;1;1;0;0;0
"10/06/2020";"23:29:00";"68";"sem v�tima";"282,199";"BR-393/RJ";"Sul";"Colis�o c/ obst�culos";3;0;0;0;0;0;0;0;0;0;4;0;0;0;0
"11/06/2020";"18:11:00";"46";"com v�tima";"159,9";"BR-393/RJ";"Norte";"Colis�o com ve�culos (traseira)";1;0;1;0;0;0;0;0;0;0;2;0;1;0;0
"12/06/2020";"16:29:00";"35";"sem v�tima";"284,194";"BR-393/RJ";"Norte";"Engavetamento";3;0;0;0;0;0;0;0;0;0;4;0;0;0;0
"15/06/2020";"05:53:00";"13";"com v�tima";"181";"BR-393/RJ";"Norte";"Acidentes de outra natureza";0;0;0;1;0;0;0;0;0;0;0;1;0;0;0
"16/06/2020";"13:43:00";"34";"com v�tima";"238,5";"BR-393/RJ";"Norte";"Acidentes de outra natureza";2;0;0;0;0;0;0;0;0;0;1;1;1;0;0
"18/06/2020";"13:27:00";"42";"com v�tima";"238,521";"BR-393/RJ";"Norte";"Acidentes de outra natureza";1;0;1;0;0;0;0;0;0;0;2;1;1;0;0
"19/06/2020";"08:25:00";"21";"sem v�tima";"238,448";"BR-393/RJ";"Norte";"Acidentes de outra natureza";2;0;0;0;0;0;0;0;0;0;4;0;0;0;0
"21/06/2020";"02:18:00";"3";"com v�tima";"182,4";"BR-393/RJ";"Norte";"Acidentes de outra natureza";0;0;0;1;0;0;0;0;0;0;0;1;0;0;0
"21/06/2020";"18:56:00";"57";"com v�tima";"241,099";"BR-393/RJ";"Norte";"Acidentes de outra natureza";0;0;0;1;0;0;1;0;0;0;1;0;1;0;0
"21/06/2020";"22:07:00";"63";"com v�tima";"1,399";"Al�a Sul";"Norte";"Colis�o c/ obst�culos";1;0;0;0;0;0;0;0;0;0;0;1;0;0;0
"25/06/2020";"06:33:00";"8";"sem v�tima";"284,751";"BR-393/RJ";"Sul";"Acidentes de outra natureza";1;0;0;1;0;0;0;0;0;0;2;0;0;0;0
"26/06/2020";"16:18:00";"54";"com v�tima";"285,699";"BR-393/RJ";"Norte";"Acidentes de outra natureza";1;0;0;1;0;0;0;0;0;0;1;1;0;0;0
"26/06/2020";"17:13:00";"61";"com v�tima";"286,3";"BR-393/RJ";"Norte";"Acidentes de outra natureza";2;0;0;0;0;0;0;0;0;0;2;1;0;0;0
"27/06/2020";"13:47:00";"36";"com v�tima";"161,599";"BR-393/RJ";"Norte";"Tombamento";0;0;1;0;0;0;0;0;0;0;0;1;0;0;0
"27/06/2020";"19:00:00";"46";"com v�tima";"242,3";"BR-393/RJ";"Sul";"Sa�das de pista";1;0;0;0;0;0;0;0;0;0;0;0;1;0;0
"27/06/2020";"19:48:00";"48";"sem v�tima";"281,1";"BR-393/RJ";"Sul";"Colis�o lateral no mesmo sentido";1;0;1;0;0;0;0;0;0;0;2;0;0;0;0
"28/06/2020";"10:56:00";"32";"sem v�tima";"282";"BR-393/RJ";"Sul";"Engavetamento";5;0;0;0;0;0;0;0;0;0;10;0;0;0;0
"28/06/2020";"12:17:00";"34";"com v�tima";"266,5";"BR-393/RJ";"Sul";"Acidentes de outra natureza";0;0;0;0;0;0;0;0;0;1;1;1;0;0;0
"28/06/2020";"17:53:00";"46";"com v�tima";"285,913";"BR-393/RJ";"Sul";"Sa�das de pista";2;0;0;0;0;0;0;0;0;0;2;1;0;0;0
"28/06/2020";"17:55:00";"47";"sem v�tima";"170,999";"BR-393/RJ";"Sul";"Sa�das de pista";1;0;0;0;0;0;0;0;0;0;1;0;0;0;0
"28/06/2020";"18:25:00";"48";"com v�tima";"286";"BR-393/RJ";"Sul";"Sa�das de pista";2;0;0;0;0;0;0;0;0;0;2;3;0;0;0
"29/06/2020";"12:38:00";"39";"com v�tima";"168,029";"BR-393/RJ";"Sul";"Acidentes de outra natureza";0;0;1;1;0;0;0;0;0;0;1;1;0;0;0
"30/06/2020";"15:53:00";"55";"sem v�tima";"195,019";"BR-393/RJ";"Sul";"Colis�o com ve�culos (traseira)";1;0;1;0;0;0;0;0;0;0;2;0;0;0;0
"03/07/2020";"10:42:00";"37";"com v�tima";"217,64";"BR-393/RJ";"Pista Sul";"Acidentes de outra natureza";0;0;0;1;0;0;0;0;0;0;0;1;0;0;0
"03/07/2020";"12:29:00";"46";"com v�tima";"200";"BR-393/RJ";"Pista Norte";"Acidentes de outra natureza";0;0;1;0;0;0;0;0;0;1;0;0;3;0;0
"05/07/2020";"03:14:00";"10";"sem v�tima";"168,8";"BR-393/RJ";"Pista Sul";"Atropelamento de animais";0;0;1;0;0;0;0;0;0;0;1;0;0;0;0
"05/07/2020";"09:37:00";"21";"sem v�tima";"139,4";"BR-393/RJ";"Pista Norte";"Tombamento";0;0;1;0;0;0;0;0;0;0;1;0;0;0;0
"05/07/2020";"14:58:00";"31";"com v�tima";"187,255";"BR-393/RJ";"Pista Sul";"Tombamento";0;0;1;0;0;0;0;0;0;0;0;1;0;0;0
"06/07/2020";"00:52:00";"3";"com v�tima";"251,199";"BR-393/RJ";"Pista Norte";"Acidentes de outra natureza";0;0;0;1;0;0;0;0;0;0;0;1;0;0;0
"06/07/2020";"04:48:00";"5";"sem v�tima";"273,899";"BR-393/RJ";"Pista Norte";"Colis�o c/ obst�culos";1;0;0;0;0;0;0;0;0;0;1;0;0;0;0
"07/07/2020";"16:26:00";"48";"sem v�tima";"243,049";"BR-393/RJ";"Pista Norte";"Colis�o lateral no mesmo sentido";1;0;1;0;0;0;0;0;0;0;3;0;0;0;0
"08/07/2020";"07:46:00";"24";"com v�tima";"285,399";"BR-393/RJ";"Pista Norte";"Atropelamento de pedestre";1;0;0;0;0;0;0;0;0;0;1;0;1;0;0
"08/07/2020";"08:17:00";"27";"com v�tima";"286,2";"BR-393/RJ";"Pista Sul";"Colis�o com ve�culos (traseira)";2;0;0;0;0;0;0;0;0;0;2;1;0;0;0
"10/07/2020";"23:44:00";"82";"sem v�tima";"253";"BR-393/RJ";"Pista Sul";"Sa�das de pista";0;0;1;0;0;0;0;0;0;0;1;0;0;0;0
"11/07/2020";"23:53:00";"66";"com v�tima";"251,5";"BR-393/RJ";"Pista Sul";"Atropelamento de pedestre";1;0;0;0;0;0;0;0;0;0;1;1;0;0;0
"12/07/2020";"11:46:00";"22";"sem v�tima";"245,3";"BR-393/RJ";"Pista Sul";"Colis�o com ve�culos (traseira)";2;0;0;0;0;0;0;0;0;0;4;0;0;0;0
"12/07/2020";"15:53:00";"35";"com v�tima";"1,6";"Al�a Sul";"Pista Norte";"Colis�o c/ obst�culos";2;0;0;0;0;0;0;0;0;0;0;3;0;0;0
"12/07/2020";"23:00:00";"54";"com v�tima";"168,018";"BR-393/RJ";"Pista Norte";"Acidentes de outra natureza";1;0;0;1;0;0;0;0;0;0;1;1;0;0;0
"13/07/2020";"06:36:00";"16";"sem v�tima";"223,296";"BR-393/RJ";"Pista Sul";"Acidentes de outra natureza";0;0;2;0;0;0;0;0;0;0;2;0;0;0;0
"13/07/2020";"07:53:00";"17";"sem v�tima";"125,7";"BR-393/RJ";"Pista Norte";"Colis�o com ve�culos (traseira)";2;0;0;0;0;0;0;0;0;0;3;0;0;0;0
"13/07/2020";"10:26:00";"22";"com v�tima";"282,259";"BR-393/RJ";"Pista Sul";"Acidentes de outra natureza";2;0;0;0;0;0;0;0;0;0;1;1;0;0;0
"13/07/2020";"22:55:00";"63";"sem v�tima";"280,888";"BR-393/RJ";"Pista Sul";"Colis�o com ve�culos (traseira)";1;0;0;0;0;0;0;0;0;1;2;0;0;0;0
"14/07/2020";"02:49:00";"7";"sem v�tima";"265,399";"BR-393/RJ";"Pista Sul";"Colis�o c/ obst�culos";0;0;1;0;0;0;0;0;0;0;1;0;0;0;0
"14/07/2020";"07:51:00";"24";"com v�tima";"105,9";"BR-393/RJ";"Pista Norte";"Acidentes de outra natureza";1;0;0;1;0;0;0;0;0;0;1;1;0;0;0
"15/07/2020";"10:07:00";"25";"com v�tima";"168,4";"BR-393/RJ";"Pista Sul";"Atropelamento de animais";1;0;0;1;0;0;0;0;0;0;1;0;1;0;0
"15/07/2020";"13:50:00";"48";"sem v�tima";"255,5";"BR-393/RJ";"Pista Norte";"Colis�o lateral no mesmo sentido";1;0;1;0;0;0;0;0;0;0;2;0;0;0;0
"15/07/2020";"20:12:00";"64";"sem v�tima";"256,6";"BR-393/RJ";"Pista Sul";"Colis�o c/ obst�culos";1;0;0;0;0;0;0;0;0;0;1;0;0;0;0
"16/07/2020";"07:17:00";"16";"com v�tima";"123";"BR-393/RJ";"Pista Sul";"Sa�das de pista";1;0;0;0;0;0;0;0;0;0;0;0;1;0;0
"17/07/2020";"15:09:00";"45";"com v�tima";"282,15";"BR-393/RJ";"Pista Norte";"Colis�o com ve�culos (frontal)";1;0;0;1;0;0;0;0;0;0;1;0;2;0;0
"18/07/2020";"03:08:00";"6";"sem v�tima";"270,6";"BR-393/RJ";"Pista Sul";"Sa�das de pista";1;0;0;0;0;0;0;0;0;0;1;0;0;0;0
"18/07/2020";"11:39:00";"30";"com v�tima";"137,501";"BR-393/RJ";"Pista Norte";"Acidentes de outra natureza";0;1;0;0;0;0;0;0;0;0;0;1;0;0;0
"18/07/2020";"18:30:00";"51";"sem v�tima";"157,5";"BR-393/RJ";"Pista Sul";"Acidentes de outra natureza";0;0;0;1;0;0;0;0;0;0;1;0;0;0;0
"19/07/2020";"08:11:00";"19";"com v�tima";"103";"BR-393/RJ";"Pista Norte";"Acidentes de outra natureza";0;0;0;1;0;0;0;0;0;0;0;1;0;0;0
"19/07/2020";"20:31:00";"45";"com v�tima";"133,289";"BR-393/RJ";"Pista Norte";"Colis�o com ve�culos (frontal)";1;0;0;1;0;0;0;0;0;0;1;1;0;0;0
"20/07/2020";"03:38:00";"10";"sem v�tima";"248,4";"BR-393/RJ";"Pista Norte";"Sa�das de pista";1;0;0;0;0;0;0;0;0;0;1;0;0;0;0
"20/07/2020";"15:07:00";"50";"com v�tima";"2,299";"Al�a Sul";"Pista Norte";"Acidentes de outra natureza";0;1;1;0;0;0;0;0;0;0;0;1;0;0;1
"22/07/2020";"16:01:00";"51";"com v�tima";"169";"BR-393/RJ";"Pista Norte";"Colis�o c/ obst�culos";2;0;0;0;0;0;0;0;0;1;1;3;0;0;0
"22/07/2020";"19:32:00";"58";"com v�tima";"179,1";"BR-393/RJ";"Pista Sul";"Colis�o lateral no mesmo sentido";0;0;0;2;0;0;0;0;0;0;0;2;0;0;0
"23/07/2020";"10:14:00";"32";"sem v�tima";"281,1";"BR-393/RJ";"Pista Norte";"Colis�o com ve�culos (traseira)";2;0;0;0;0;0;0;0;0;0;2;0;0;0;0
"24/07/2020";"04:35:00";"14";"sem v�tima";"284,225";"BR-393/RJ";"Pista Norte";"Capotamento";1;0;0;0;0;0;0;0;0;0;1;0;0;0;0
"24/07/2020";"13:45:00";"33";"sem v�tima";"241,742";"BR-393/RJ";"Pista Norte";"Colis�o com ve�culos (frontal)";1;0;1;0;0;0;0;0;0;0;2;0;0;0;0
"24/07/2020";"19:44:00";"57";"sem v�tima";"110,2";"BR-393/RJ";"Pista Norte";"Sa�das de pista";1;0;0;0;0;0;0;0;0;0;1;0;0;0;0
"26/07/2020";"05:29:00";"17";"sem v�tima";"175,5";"BR-393/RJ";"Pista Sul";"Colis�o c/ obst�culos";1;0;0;0;0;0;0;0;0;0;1;0;0;0;0
"26/07/2020";"21:20:00";"56";"com v�tima";"222,392";"BR-393/RJ";"Pista Sul";"Tombamento";0;0;2;0;0;0;0;0;0;0;1;2;1;0;0
"27/07/2020";"00:59:00";"4";"com v�tima";"121,7";"BR-393/RJ";"Pista Norte";"Capotamento";1;0;0;0;0;0;0;0;0;0;0;2;0;0;0
"29/07/2020";"07:49:00";"31";"com v�tima";"285";"BR-393/RJ";"Pista Sul";"Acidentes de outra natureza";0;1;0;1;0;0;0;0;0;0;1;2;0;0;0
"29/07/2020";"08:14:00";"32";"sem v�tima";"285,5";"BR-393/RJ";"Pista Norte";"Engavetamento";3;0;0;0;0;0;0;0;0;0;3;0;0;0;0
"29/07/2020";"23:46:00";"71";"sem v�tima";"274,6";"BR-393/RJ";"Pista Norte";"Sa�das de pista";1;0;0;0;0;0;0;0;0;0;1;0;0;0;0
"30/07/2020";"17:58:00";"65";"com v�tima";"257,8";"BR-393/RJ";"Pista Norte";"Colis�o c/ obst�culos";1;0;0;0;0;0;0;0;0;0;1;0;2;0;0
"31/07/2020";"09:53:00";"30";"sem v�tima";"285,399";"BR-393/RJ";"Pista Sul";"Colis�o lateral no mesmo sentido";1;0;1;0;0;0;0;0;0;0;3;0;0;0;0
"31/07/2020";"20:45:00";"59";"com v�tima";"282";"BR-393/RJ";"Pista Norte";"Colis�o com ve�culos (frontal)";1;0;0;1;0;0;0;0;0;0;0;0;2;0;0
"01/08/2020";"15:04:00";"42";"Acidente c";"286,048";"BR-393/RJ";"Sul";"Colis�o com ve�culos (traseira)";1;0;0;1;0;0;0;0;0;0;1;1;0;0;0
"01/08/2020";"20:01:00";"59";"Acidente c";"168,4";"BR-393/RJ";"Sul";"Atropelamento de pedestre";0;1;0;1;0;0;0;0;0;0;0;0;2;0;0
"02/08/2020";"15:31:00";"41";"Acidente c";"151,9";"BR-393/RJ";"Sul";"Tombamento";0;0;1;0;0;0;0;0;0;0;0;1;0;0;0
"03/08/2020";"17:26:00";"59";"Acidente s";"165";"BR-393/RJ";"Sul";"Acidentes de outra natureza";0;0;0;1;0;0;0;0;0;0;1;0;0;0;0
"03/08/2020";"18:30:00";"63";"Acidente c";"285,199";"BR-393/RJ";"Norte";"Acidentes de outra natureza";1;0;0;1;0;0;0;0;0;0;1;1;0;0;0
"03/08/2020";"19:20:00";"71";"Acidente s";"280,1";"BR-393/RJ";"Sul";"Engavetamento";3;0;0;0;0;0;0;0;0;0;5;0;0;0;0
"04/08/2020";"19:48:00";"55";"Acidente c";"185,25";"BR-393/RJ";"Norte";"Acidentes de outra natureza";2;0;0;0;0;0;0;0;0;0;0;1;2;0;0
"05/08/2020";"10:23:00";"31";"Acidente c";"105,9";"BR-393/RJ";"Norte";"Colis�o lateral no mesmo sentido";1;0;0;1;0;0;0;0;0;0;1;1;0;0;0
"06/08/2020";"00:38:00";"4";"Acidente c";"147,148";"BR-393/RJ";"Sul";"Tombamento";0;0;1;0;0;0;0;0;0;0;0;1;0;0;0
"08/08/2020";"19:01:00";"47";"Acidente c";"255,599";"BR-393/RJ";"Sul";"Atropelamento de pedestre";1;0;0;0;0;0;0;0;0;0;2;1;0;0;0
"09/08/2020";"00:53:00";"6";"Acidente c";"203,244";"BR-393/RJ";"Sul";"Acidentes de outra natureza";0;0;0;1;0;0;0;0;0;0;0;0;0;1;0
"09/08/2020";"01:46:00";"7";"Acidente s";"172,065";"BR-393/RJ";"Norte";"Colis�o lateral no sentido contr�rio";2;0;0;0;0;0;0;0;0;0;4;0;0;0;0
"09/08/2020";"13:01:00";"36";"Acidente s";"285,699";"BR-393/RJ";"Sul";"Colis�o com ve�culos (traseira)";1;0;0;0;1;0;0;0;0;0;2;0;0;0;0