fdata;horario;n_da_ocorrencia;tipo_de_ocorrencia;km;trecho;sentido;tipo_de_acidente;automovel;bicicleta;caminhao;moto;onibus;outros;tracao_animal;transporte_de_cargas_especiais;trator_maquinas;utilitarios;ilesos;levemente_feridos;moderadamente_feridos;gravemente_feridos;mortos
"10/08/2020";"19:11:00";"70";"Acidente c";"239,4";"BR-393/RJ";"Sul";"Colis�o lateral no mesmo sentido";1;0;1;0;0;0;0;0;0;0;1;4;0;0;0
"10/08/2020";"19:49:00";"71";"Acidente s";"286,3";"BR-393/RJ";"Sul";"Colis�o com ve�culos (traseira)";2;0;0;0;0;0;0;0;0;0;2;0;0;0;0
"12/08/2020";"12:02:00";"42";"Acidente s";"138,5";"BR-393/RJ";"Norte";"Colis�o lateral no mesmo sentido";2;0;0;0;0;0;0;0;0;0;2;0;0;0;0
"12/08/2020";"13:09:00";"46";"Acidente s";"265,057";"BR-393/RJ";"Sul";"Colis�o com ve�culos (traseira)";1;0;1;0;0;0;0;0;0;0;2;0;0;0;0
"12/08/2020";"20:37:00";"67";"Acidente c";"280,199";"BR-393/RJ";"Sul";"Colis�o lateral no sentido contr�rio";1;0;1;0;0;0;0;0;0;0;1;1;0;0;0
"13/08/2020";"11:34:00";"39";"Acidente s";"285,2";"BR-393/RJ";"Norte";"Colis�o com ve�culos (traseira)";3;0;0;0;0;0;0;0;0;0;4;0;0;0;0
"14/08/2020";"11:22:00";"36";"Acidente s";"274";"BR-393/RJ";"Norte";"Colis�o lateral no sentido contr�rio";0;0;2;0;0;0;0;0;0;0;2;0;0;0;0
"15/08/2020";"11:52:00";"37";"Acidente s";"269,064";"BR-393/RJ";"Norte";"Colis�o com ve�culos (traseira)";2;0;1;0;0;0;0;0;0;0;6;0;0;0;0
"16/08/2020";"13:53:00";"40";"Acidente c";"257,6";"BR-393/RJ";"Sul";"Acidentes de outra natureza";0;0;0;1;0;0;0;0;0;0;0;1;0;0;0
"16/08/2020";"22:22:00";"49";"Acidente c";"0,6";"Al�a Sul";"Sul";"Atropelamento de animais";1;0;0;0;0;0;0;0;0;0;0;1;0;0;0
"17/08/2020";"09:20:00";"23";"Acidente c";"257,699";"BR-393/RJ";"Norte";"Tombamento";0;0;1;0;0;0;0;0;0;0;0;2;0;0;0
"18/08/2020";"14:50:00";"42";"Acidente c";"255,5";"BR-393/RJ";"Norte";"Colis�o c/ obst�culos";1;0;0;0;0;0;0;0;0;0;0;1;0;0;0
"18/08/2020";"20:55:00";"59";"Acidente s";"239";"BR-393/RJ";"Sul";"Colis�o c/ obst�culos";1;0;0;0;0;0;0;0;0;0;2;0;0;0;0
"19/08/2020";"08:13:00";"23";"Acidente c";"117,248";"BR-393/RJ";"Sul";"Engavetamento";1;0;2;0;0;0;0;0;0;0;3;3;0;0;0
"19/08/2020";"17:10:00";"59";"Acidente s";"160";"BR-393/RJ";"Norte";"Colis�o com ve�culos (traseira)";2;0;1;0;0;0;0;0;0;0;5;0;0;0;0
"19/08/2020";"18:47:00";"64";"Acidente c";"282,4";"BR-393/RJ";"Norte";"Colis�o com ve�culos (traseira)";1;0;0;1;0;0;0;0;0;0;2;1;0;0;0
"20/08/2020";"07:59:00";"30";"Acidente c";"263,899";"BR-393/RJ";"Norte";"Colis�o com ve�culos (frontal)";2;0;0;0;0;0;0;0;0;0;0;1;2;0;0
"20/08/2020";"23:20:00";"77";"Acidente s";"239,3";"BR-393/RJ";"Norte";"Colis�o c/ obst�culos";1;0;0;0;0;0;0;0;0;0;1;0;0;0;0
"21/08/2020";"00:16:00";"2";"Acidente s";"228,8";"BR-393/RJ";"Norte";"Sa�das de pista";1;0;0;0;0;0;0;0;0;0;2;0;0;0;0
"21/08/2020";"07:04:00";"14";"Acidente s";"145";"BR-393/RJ";"Norte";"Sa�das de pista";1;0;0;0;0;0;0;0;0;0;1;0;0;0;0
"22/08/2020";"02:49:00";"7";"Acidente c";"102,925";"BR-393/RJ";"Norte";"Acidentes de outra natureza";0;0;0;1;0;0;0;0;0;0;1;1;0;0;0
"22/08/2020";"05:21:00";"11";"Acidente s";"285";"BR-393/RJ";"Sul";"Colis�o c/ obst�culos";1;0;0;0;0;0;0;0;0;0;1;0;0;0;0
"22/08/2020";"09:35:00";"23";"Acidente s";"106";"BR-393/RJ";"Norte";"Colis�o com ve�culos (traseira)";2;0;0;0;0;0;0;0;0;0;2;0;0;0;0
"22/08/2020";"13:04:00";"31";"Acidente s";"131";"BR-393/RJ";"Norte";"Sa�das de pista";0;0;1;0;0;0;0;0;0;0;1;0;0;0;0
"24/08/2020";"20:41:00";"73";"Acidente c";"200,3";"BR-393/RJ";"Norte";"Acidentes de outra natureza";1;0;1;0;0;0;0;0;0;0;1;0;3;0;0
"25/08/2020";"17:10:00";"54";"Acidente s";"285";"BR-393/RJ";"Norte";"Engavetamento";4;0;0;0;0;0;0;0;0;0;4;0;0;0;0
"26/08/2020";"09:23:00";"24";"Acidente c";"236,864";"BR-393/RJ";"Norte";"Colis�o lateral no sentido contr�rio";1;0;2;0;0;0;0;0;0;0;4;1;0;0;0
"26/08/2020";"15:49:00";"36";"Acidente s";"265";"BR-393/RJ";"Norte";"Colis�o com ve�culos (traseira)";1;0;1;0;0;0;0;0;0;0;2;0;0;0;0
"26/08/2020";"17:21:00";"42";"Acidente s";"281";"BR-393/RJ";"Norte";"Sa�das de pista";1;0;0;0;0;0;0;0;0;0;1;0;0;0;0
"26/08/2020";"18:38:00";"49";"Acidente c";"266";"BR-393/RJ";"Norte";"Acidentes de outra natureza";0;0;0;1;0;0;0;0;0;0;0;1;0;0;0
"27/08/2020";"07:05:00";"22";"Acidente s";"235,684";"BR-393/RJ";"Sul";"Colis�o com ve�culos (traseira)";1;0;0;0;0;0;0;0;0;1;2;0;0;0;0
"27/08/2020";"15:01:00";"49";"Acidente s";"283,699";"BR-393/RJ";"Norte";"Acidentes de outra natureza";2;0;0;0;0;0;0;0;0;0;2;0;0;0;0
"28/08/2020";"07:35:00";"17";"Acidente c";"283,5";"BR-393/RJ";"Sul";"Sa�das de pista";1;0;0;1;0;0;0;0;0;0;1;1;0;0;0
"28/08/2020";"23:35:00";"76";"Acidente s";"138";"BR-393/RJ";"Sul";"Atropelamento de animais";0;0;1;0;0;0;0;0;0;0;1;0;0;0;0
"29/08/2020";"18:23:00";"58";"Acidente c";"259,436";"BR-393/RJ";"Norte";"Colis�o com ve�culos (traseira)";2;0;0;0;0;0;0;0;0;0;5;1;0;0;0
"29/08/2020";"21:23:00";"73";"Acidente c";"236,3";"BR-393/RJ";"Norte";"Colis�o com ve�culos (frontal)";1;0;1;0;0;0;0;0;0;0;0;1;0;2;0
"29/08/2020";"22:04:00";"75";"Acidente c";"283,6";"BR-393/RJ";"Sul";"Colis�o com ve�culos (frontal)";1;0;0;1;0;0;0;0;0;0;1;0;1;0;0
"29/08/2020";"22:53:00";"79";"Acidente c";"279,52";"BR-393/RJ";"Norte";"Atropelamento de pedestre";1;1;0;0;0;0;0;0;0;0;1;1;0;0;0
"31/08/2020";"17:08:00";"48";"Acidente c";"167,3";"BR-393/RJ";"Sul";"Colis�o com ve�culos (traseira)";1;0;0;1;0;0;0;0;0;0;1;0;1;0;0
"01/09/2020";"04:56:00";"18";"Acidente s";"156,5";"BR-393/RJ";"Sul";"Colis�o c/ obst�culos";0;0;1;0;0;0;0;0;0;0;1;0;0;0;0
"01/09/2020";"18:23:00";"74";"Acidente s";"139";"BR-393/RJ";"Sul";"Atropelamento de animais";1;0;0;0;0;0;0;0;0;0;1;0;0;0;0
"02/09/2020";"18:55:00";"66";"Acidente c";"187,239";"BR-393/RJ";"Norte";"Atropelamento de animais";1;0;0;0;0;0;0;0;0;0;0;1;0;0;0
"03/09/2020";"08:02:00";"15";"Acidente c";"123";"BR-393/RJ";"Sul";"Sa�das de pista";1;0;0;0;0;0;0;0;0;0;0;1;0;0;0
"03/09/2020";"13:22:00";"42";"Acidente s";"265";"BR-393/RJ";"Norte";"Colis�o com ve�culos (traseira)";1;0;1;0;0;0;0;0;0;0;3;0;0;0;0
"03/09/2020";"19:30:00";"58";"Acidente c";"252,5";"BR-393/RJ";"Sul";"Acidentes de outra natureza";2;0;0;0;0;0;0;0;0;0;2;1;0;0;0
"05/09/2020";"09:41:00";"25";"Acidente c";"236,699";"BR-393/RJ";"Norte";"Acidentes de outra natureza";2;0;0;0;0;0;0;0;0;0;6;1;0;0;0
"05/09/2020";"13:08:00";"37";"Acidente s";"243,5";"BR-393/RJ";"Norte";"Engavetamento";1;0;2;0;0;0;0;0;0;0;4;0;0;0;0
"05/09/2020";"18:25:00";"65";"Acidente c";"285";"BR-393/RJ";"Sul";"Acidentes de outra natureza";2;0;0;0;0;0;0;0;0;0;0;4;0;0;0
"06/09/2020";"13:48:00";"37";"Acidente c";"282,899";"BR-393/RJ";"Sul";"Colis�o lateral no sentido contr�rio";0;1;0;1;0;0;0;0;0;0;1;0;1;0;0
"06/09/2020";"15:21:00";"42";"Acidente c";"155,4";"BR-393/RJ";"Norte";"Tombamento";0;0;1;0;0;0;0;0;0;0;0;1;0;0;0
"08/09/2020";"07:45:00";"15";"Acidente s";"284,259";"BR-393/RJ";"Sul";"Engavetamento";3;0;0;0;0;0;0;0;0;0;3;0;0;0;0
"08/09/2020";"15:04:00";"44";"Acidente s";"282";"BR-393/RJ";"Norte";"Acidentes de outra natureza";2;0;0;0;0;0;0;0;0;0;3;0;0;0;0
"09/09/2020";"13:28:00";"59";"Acidente c";"244,069";"BR-393/RJ";"Norte";"Acidentes de outra natureza";0;0;0;1;0;0;0;0;0;0;0;0;1;0;0
"09/09/2020";"14:46:00";"65";"Acidente c";"177,9";"BR-393/RJ";"Sul";"Colis�o com ve�culos (traseira)";1;0;1;0;0;0;0;0;0;0;0;2;0;0;0
"09/09/2020";"21:11:00";"89";"Acidente c";"134,082";"BR-393/RJ";"Sul";"Acidentes de outra natureza";1;0;0;1;0;0;0;0;0;0;1;1;0;0;0
"10/09/2020";"18:27:00";"68";"Acidente s";"285";"BR-393/RJ";"Sul";"Colis�o com ve�culos (traseira)";2;0;0;0;0;0;0;0;0;0;2;0;0;0;0
"11/09/2020";"04:42:00";"13";"Acidente s";"178,356";"BR-393/RJ";"Norte";"Colis�o com ve�culos (traseira)";1;0;1;0;0;0;0;0;0;0;4;0;0;0;0
"11/09/2020";"07:01:00";"18";"Acidente c";"168,199";"BR-393/RJ";"Sul";"Acidentes de outra natureza";1;0;0;1;0;0;0;0;0;0;3;1;0;0;0
"11/09/2020";"10:03:00";"26";"Acidente s";"285";"BR-393/RJ";"Sul";"Colis�o com ve�culos (traseira)";1;0;0;0;1;0;0;0;0;0;2;0;0;0;0
"11/09/2020";"13:06:00";"34";"Acidente c";"273,8";"BR-393/RJ";"Norte";"Colis�o lateral no sentido contr�rio";0;0;3;0;0;0;0;0;0;0;1;0;0;0;2
"11/09/2020";"18:37:00";"51";"Acidente s";"284,67";"BR-393/RJ";"Sul";"Engavetamento";3;0;0;0;0;0;0;0;0;0;3;0;0;0;0
"12/09/2020";"17:04:00";"51";"Acidente c";"274,6";"BR-393/RJ";"Sul";"Acidentes de outra natureza";0;0;0;1;0;0;0;0;0;0;0;1;0;0;0
"13/09/2020";"17:44:00";"43";"Acidente c";"236,869";"BR-393/RJ";"Norte";"Acidentes de outra natureza";0;0;0;1;0;0;0;0;0;0;0;2;0;0;0
"14/09/2020";"08:15:00";"14";"Acidente c";"280,134";"BR-393/RJ";"Norte";"Acidentes de outra natureza";1;0;0;1;0;0;0;0;0;0;1;1;0;0;0
"14/09/2020";"19:31:00";"65";"Acidente c";"179,8";"BR-393/RJ";"Norte";"Atropelamento de animais";1;0;0;1;0;0;0;0;0;0;0;1;1;0;0
"15/09/2020";"15:20:00";"43";"Acidente s";"279,613";"BR-393/RJ";"Sul";"Colis�o com ve�culos (traseira)";1;0;0;0;1;0;0;0;0;0;2;0;0;0;0
"16/09/2020";"09:35:00";"30";"Acidente s";"217";"BR-393/RJ";"Norte";"Engavetamento";0;0;3;0;0;0;0;0;0;0;3;0;0;0;0
"17/09/2020";"08:22:00";"23";"Acidente s";"256";"BR-393/RJ";"Norte";"Colis�o lateral no mesmo sentido";1;0;1;0;0;0;0;0;0;0;3;0;0;0;0
"18/09/2020";"09:38:00";"41";"Acidente s";"231,941";"BR-393/RJ";"Sul";"Acidentes de outra natureza";2;0;0;0;0;0;0;0;0;0;2;0;0;0;0
"18/09/2020";"11:27:00";"52";"Acidente c";"164,9";"BR-393/RJ";"Norte";"Tombamento";0;0;1;0;0;0;0;0;0;0;0;0;0;1;0
"18/09/2020";"11:39:00";"53";"Acidente s";"237,476";"BR-393/RJ";"Norte";"Atropelamento de animais";0;0;1;0;0;0;0;0;0;0;1;0;0;0;0
"18/09/2020";"16:34:00";"68";"Acidente s";"277";"BR-393/RJ";"Norte";"Colis�o lateral no sentido contr�rio";0;0;1;0;0;0;0;0;0;0;1;0;0;0;0
"18/09/2020";"20:28:00";"83";"Acidente c";"285";"BR-393/RJ";"Sul";"Colis�o com ve�culos (traseira)";1;0;0;1;0;0;0;0;0;0;1;1;0;0;0
"19/09/2020";"06:40:00";"13";"Acidente s";"169,3";"BR-393/RJ";"Sul";"Acidentes de outra natureza";0;0;1;0;0;0;0;0;0;0;1;0;0;0;0
"19/09/2020";"09:32:00";"20";"Acidente c";"286,3";"BR-393/RJ";"Sul";"Engavetamento";3;0;0;1;0;0;0;0;0;0;3;1;0;0;0
"19/09/2020";"10:50:00";"24";"Acidente s";"285,8";"BR-393/RJ";"Sul";"Engavetamento";2;0;0;0;1;0;0;0;0;0;3;0;0;0;0
"19/09/2020";"12:30:00";"30";"Acidente c";"267,589";"BR-393/RJ";"Norte";"Colis�o com ve�culos (frontal)";0;0;1;1;0;0;0;0;0;0;1;0;0;0;1
"19/09/2020";"20:52:00";"62";"Acidente c";"237,135";"BR-393/RJ";"Norte";"Colis�o com ve�culos (frontal)";1;0;0;1;0;0;0;0;0;0;1;0;0;1;0
"20/09/2020";"01:05:00";"1";"Acidente c";"105,284";"BR-393/RJ";"Sul";"Colis�o com ve�culos (frontal)";1;0;0;1;0;0;0;0;0;0;0;0;1;2;1
"20/09/2020";"11:43:00";"25";"Acidente s";"155,599";"BR-393/RJ";"Norte";"Tombamento";0;0;1;0;0;0;0;0;0;0;1;0;0;0;0
"20/09/2020";"18:02:00";"34";"Acidente c";"143,109";"BR-393/RJ";"Norte";"Colis�o com ve�culos (frontal)";1;0;0;1;0;0;0;0;0;0;1;0;0;1;0
"20/09/2020";"19:53:00";"40";"Acidente s";"284,1";"BR-393/RJ";"Sul";"Colis�o com ve�culos (traseira)";2;0;0;0;0;0;0;0;0;0;2;0;0;0;0
"20/09/2020";"20:24:00";"41";"Acidente s";"146,5";"BR-393/RJ";"Sul";"Colis�o c/ obst�culos";0;0;1;0;0;0;0;0;0;0;1;0;0;0;0
"21/09/2020";"00:49:00";"8";"Acidente c";"226";"BR-393/RJ";"Norte";"Colis�o com ve�culos (traseira)";1;0;0;0;1;0;0;0;0;0;3;2;0;0;0
"21/09/2020";"08:54:00";"21";"Acidente s";"258,5";"BR-393/RJ";"Sul";"Acidentes de outra natureza";1;0;0;0;0;0;0;0;0;1;2;0;0;0;0
"21/09/2020";"13:48:00";"48";"Acidente c";"124,599";"BR-393/RJ";"Sul";"Tombamento";0;0;1;0;0;0;0;0;0;0;0;1;0;0;0
"21/09/2020";"19:46:00";"64";"Acidente s";"114,299";"BR-393/RJ";"Norte";"Colis�o lateral no sentido contr�rio";0;0;2;0;0;0;0;0;0;0;2;0;0;0;0
"21/09/2020";"22:12:00";"67";"Acidente s";"147,146";"BR-393/RJ";"Sul";"Sa�das de pista";0;0;1;0;0;0;0;0;0;0;2;0;0;0;0
"22/09/2020";"01:50:00";"4";"Acidente c";"153,5";"BR-393/RJ";"Norte";"Sa�das de pista";0;0;1;0;0;0;0;0;0;0;0;1;0;0;0
"23/09/2020";"06:59:00";"14";"Acidente c";"202,299";"BR-393/RJ";"Sul";"Acidentes de outra natureza";1;0;0;1;0;0;0;0;0;0;1;1;0;0;0
"23/09/2020";"14:41:00";"39";"Acidente c";"102,5";"BR-393/RJ";"Norte";"Acidentes de outra natureza";2;0;0;0;0;0;0;0;0;0;3;1;0;0;0
"24/09/2020";"02:30:00";"4";"Acidente c";"178,9";"BR-393/RJ";"Sul";"Colis�o lateral no sentido contr�rio";1;0;1;0;0;0;0;0;0;0;1;0;0;0;1
"25/09/2020";"20:31:00";"67";"Acidente c";"215,699";"BR-393/RJ";"Sul";"Colis�o com ve�culos (traseira)";1;0;1;0;0;0;0;0;0;0;1;1;0;0;0
"26/09/2020";"00:45:00";"5";"Acidente c";"285,699";"BR-393/RJ";"Norte";"Acidentes de outra natureza";3;0;0;0;0;0;0;0;0;0;3;4;0;0;0
"26/09/2020";"10:08:00";"25";"Acidente s";"280,048";"BR-393/RJ";"Norte";"Engavetamento";3;0;0;0;0;0;0;0;0;0;3;0;0;0;0
"26/09/2020";"23:35:00";"59";"Acidente c";"280,092";"BR-393/RJ";"Sul";"Colis�o com ve�culos (traseira)";2;0;0;0;0;0;0;0;0;0;3;1;0;0;0
"27/09/2020";"17:23:00";"50";"Acidente s";"136,599";"BR-393/RJ";"Norte";"Colis�o lateral no sentido contr�rio";2;0;0;0;0;0;0;0;0;0;3;0;0;0;0
"29/09/2020";"09:56:00";"30";"Acidente c";"228,659";"BR-393/RJ";"Norte";"Sa�das de pista";0;0;2;0;0;0;0;0;0;0;1;1;0;0;0
"30/09/2020";"20:25:00";"85";"Acidente c";"281";"BR-393/RJ";"Norte";"Engavetamento";3;0;0;0;0;0;0;0;0;0;2;0;2;0;0
"01/10/2020";"10:00:00";"33";"Acidente s";"241";"BR-393/RJ";"Norte";"Colis�o com ve�culos (traseira)";1;0;1;0;0;0;0;0;0;0;4;0;0;0;0
"01/10/2020";"17:27:00";"57";"Acidente s";"157,33";"BR-393/RJ";"Sul";"Colis�o lateral no mesmo sentido";1;0;1;0;0;0;0;0;0;0;2;0;0;0;0
"02/10/2020";"10:17:00";"37";"Acidente s";"280";"BR-393/RJ";"Sul";"Engavetamento";2;0;1;0;0;0;0;0;0;0;3;0;0;0;0
"02/10/2020";"23:16:00";"81";"Acidente c";"285";"BR-393/RJ";"Norte";"Atropelamento de pedestre";1;0;0;0;0;0;0;0;0;0;1;1;0;0;0
"03/10/2020";"06:35:00";"14";"Acidente s";"177,8";"BR-393/RJ";"Sul";"Colis�o com ve�culos (traseira)";0;0;2;0;0;0;0;0;0;0;3;0;0;0;0
"04/10/2020";"18:08:00";"42";"Acidente c";"281";"BR-393/RJ";"Sul";"Acidentes de outra natureza";1;0;0;1;0;0;0;0;0;0;2;1;0;0;0
"04/10/2020";"19:47:00";"50";"Acidente c";"285,3";"BR-393/RJ";"Norte";"Colis�o c/ obst�culos";1;0;0;0;0;0;0;0;0;0;1;1;0;0;0
"04/10/2020";"22:13:00";"54";"Acidente c";"249";"BR-393/RJ";"Norte";"Acidentes de outra natureza";0;1;0;0;0;0;0;0;0;0;0;1;0;0;0
"05/10/2020";"03:49:00";"15";"Acidente s";"155,707";"BR-393/RJ";"Norte";"Colis�o c/ obst�culos";1;0;0;0;0;0;0;0;0;0;1;0;0;0;0
"05/10/2020";"17:22:00";"58";"Acidente c";"117";"BR-393/RJ";"Sul";"Acidentes de outra natureza";0;0;0;1;0;0;0;0;0;0;1;1;0;0;0
"05/10/2020";"18:09:00";"66";"Acidente c";"235,25";"BR-393/RJ";"Norte";"Colis�o lateral no mesmo sentido";1;0;0;1;0;0;0;0;0;0;1;0;1;0;0
"06/10/2020";"05:00:00";"20";"Acidente s";"217,7";"BR-393/RJ";"Sul";"Acidentes de outra natureza";0;0;1;0;0;0;0;0;0;0;1;0;0;0;0
"06/10/2020";"06:21:00";"23";"Acidente s";"258,5";"BR-393/RJ";"Norte";"Acidentes de outra natureza";2;0;0;0;0;0;0;0;0;0;3;0;0;0;0
"06/10/2020";"19:02:00";"56";"Acidente s";"168,1";"BR-393/RJ";"Sul";"Acidentes de outra natureza";1;0;0;1;0;0;0;0;0;0;2;0;0;0;0
"07/10/2020";"17:01:00";"63";"Acidente s";"125";"BR-393/RJ";"Norte";"Colis�o com ve�culos (traseira)";1;0;1;0;0;0;0;0;0;0;2;0;0;0;0
"07/10/2020";"19:00:00";"76";"Acidente s";"281";"BR-393/RJ";"Sul";"Engavetamento";2;0;1;0;0;0;0;0;0;0;3;0;0;0;0
"08/10/2020";"08:04:00";"21";"Acidente c";"252,516";"BR-393/RJ";"Norte";"Colis�o com ve�culos (traseira)";1;0;1;0;0;0;0;0;0;0;3;1;0;0;0
"08/10/2020";"22:19:00";"75";"Acidente s";"195";"BR-393/RJ";"Norte";"Colis�o com ve�culos (traseira)";0;0;2;0;0;0;0;0;0;0;2;0;0;0;0
"09/10/2020";"09:45:00";"30";"Acidente s";"178,385";"BR-393/RJ";"Norte";"Colis�o com ve�culos (traseira)";2;0;0;0;0;0;0;0;0;0;4;0;0;0;0
"09/10/2020";"16:05:00";"50";"Acidente c";"182";"BR-393/RJ";"Norte";"Acidentes de outra natureza";1;0;0;1;0;0;0;0;0;0;0;2;1;0;0
"09/10/2020";"22:50:00";"63";"Acidente c";"223,253";"BR-393/RJ";"Norte";"Sa�das de pista";0;0;1;0;0;0;0;0;0;0;0;1;0;0;0
"09/10/2020";"23:17:00";"64";"Acidente s";"139,599";"BR-393/RJ";"Norte";"Sa�das de pista";1;0;0;0;0;0;0;0;0;0;1;0;0;0;0
"11/10/2020";"01:14:00";"2";"Acidente s";"104,049";"BR-393/RJ";"Sul";"Colis�o c/ obst�culos";1;0;0;0;0;0;0;0;0;0;1;0;0;0;0
"12/10/2020";"21:08:00";"49";"Acidente s";"178,382";"BR-393/RJ";"Sul";"Engavetamento";3;0;0;0;0;0;0;0;0;0;7;0;0;0;0
"13/10/2020";"18:22:00";"56";"Acidente s";"285";"BR-393/RJ";"Norte";"Colis�o com ve�culos (traseira)";1;0;0;0;0;0;0;0;0;0;1;0;0;0;0
"14/10/2020";"07:37:00";"24";"Acidente s";"2";"Al�a Sul";"Sul";"Colis�o lateral no mesmo sentido";2;0;0;0;0;0;0;0;0;0;2;0;0;0;0
"15/10/2020";"23:46:00";"60";"Acidente s";"279";"BR-393/RJ";"Norte";"Colis�o com ve�culos (traseira)";1;0;1;0;0;0;0;0;0;0;2;0;0;0;0
"16/10/2020";"04:26:00";"14";"Acidente s";"148";"BR-393/RJ";"Sul";"Capotamento";1;0;0;0;0;0;0;0;0;0;1;0;0;0;0
"16/10/2020";"06:38:00";"19";"Acidente c";"167";"BR-393/RJ";"Sul";"Colis�o lateral no mesmo sentido";1;0;0;1;0;0;0;0;0;0;2;1;0;0;0
"16/10/2020";"11:41:00";"35";"Acidente c";"236";"BR-393/RJ";"Norte";"Acidentes de outra natureza";0;0;0;2;0;0;0;0;0;0;1;1;0;0;0
"16/10/2020";"15:06:00";"47";"Acidente c";"105,9";"BR-393/RJ";"Norte";"Acidentes de outra natureza";1;0;0;1;0;0;0;0;0;0;1;1;0;0;0
"16/10/2020";"19:42:00";"60";"Acidente s";"282,5";"BR-393/RJ";"Norte";"Colis�o com ve�culos (traseira)";2;0;0;0;0;0;0;0;0;0;2;0;0;0;0
"17/10/2020";"09:46:00";"33";"Acidente c";"151,784";"BR-393/RJ";"Sul";"Capotamento";0;0;1;0;0;0;0;0;0;0;0;0;1;0;0
"17/10/2020";"14:19:00";"39";"Acidente s";"282";"BR-393/RJ";"Norte";"Engavetamento";1;0;2;0;0;0;0;0;0;0;3;0;0;0;0
"18/10/2020";"12:16:00";"35";"Acidente s";"280";"BR-393/RJ";"Sul";"Engavetamento";2;0;1;0;0;0;0;0;0;0;4;0;0;0;0
"20/10/2020";"08:51:00";"26";"Acidente c";"277,399";"BR-393/RJ";"Norte";"Colis�o lateral no mesmo sentido";1;0;0;1;0;0;0;0;0;0;0;1;1;0;0
"20/10/2020";"11:14:00";"34";"Acidente c";"177,3";"BR-393/RJ";"Sul";"Colis�o com ve�culos (frontal)";2;0;1;0;0;0;0;0;0;0;1;3;1;0;0
"21/10/2020";"03:40:00";"12";"Acidente s";"178";"BR-393/RJ";"Sul";"Colis�o com ve�culos (traseira)";0;0;1;0;0;0;0;0;0;1;3;0;0;0;0
"21/10/2020";"13:34:00";"40";"Acidente s";"200";"BR-393/RJ";"Sul";"Colis�o lateral no mesmo sentido";2;0;0;0;0;0;0;0;0;0;4;0;0;0;0
"21/10/2020";"17:40:00";"48";"Acidente c";"277,67";"BR-393/RJ";"Sul";"Colis�o com ve�culos (traseira)";2;0;0;0;0;0;0;0;0;0;3;1;0;0;0
"22/10/2020";"10:27:00";"37";"Acidente c";"131,4";"BR-393/RJ";"Sul";"Tombamento";1;0;2;0;0;0;0;0;0;0;3;1;1;0;0
"22/10/2020";"20:16:00";"63";"Acidente s";"185";"BR-393/RJ";"Norte";"Acidentes de outra natureza";0;1;0;0;0;0;0;0;0;0;1;0;0;0;0
"23/10/2020";"21:23:00";"63";"Acidente c";"168";"BR-393/RJ";"Sul";"Atropelamento de pedestre";1;0;0;0;0;0;0;0;0;0;1;1;0;0;0
"24/10/2020";"04:45:00";"14";"Acidente c";"284,181";"BR-393/RJ";"Sul";"Capotamento";1;0;0;0;0;0;0;0;0;0;0;1;0;0;0
"24/10/2020";"08:16:00";"20";"Acidente s";"114,3";"BR-393/RJ";"Norte";"Acidentes de outra natureza";2;0;0;0;0;0;0;0;0;0;6;0;0;0;0
"24/10/2020";"14:47:00";"37";"Acidente s";"103,2";"BR-393/RJ";"Norte";"Acidentes de outra natureza";2;0;0;0;0;0;0;0;0;0;2;0;0;0;0
"24/10/2020";"17:19:00";"41";"Acidente c";"145,5";"BR-393/RJ";"Sul";"Colis�o lateral no sentido contr�rio";1;0;1;0;0;0;0;0;0;0;1;1;0;0;0
"24/10/2020";"21:00:00";"46";"Acidente s";"272";"BR-393/RJ";"Norte";"Sa�das de pista";1;0;0;0;0;0;0;0;0;0;1;0;0;0;0
"25/10/2020";"03:54:00";"12";"Acidente s";"195";"BR-393/RJ";"Sul";"Colis�o com ve�culos (traseira)";0;0;2;0;0;0;0;0;0;0;2;0;0;0;0
"25/10/2020";"04:22:00";"13";"Acidente c";"151,06";"BR-393/RJ";"Sul";"Capotamento";1;0;0;0;0;0;0;0;0;0;0;3;1;0;0
"25/10/2020";"09:55:00";"23";"Acidente c";"269";"BR-393/RJ";"Sul";"Acidentes de outra natureza";0;0;0;1;0;0;0;0;0;0;0;1;0;0;0
"25/10/2020";"16:44:00";"36";"Acidente c";"143";"BR-393/RJ";"Norte";"Colis�o c/ obst�culos";1;0;1;0;0;0;0;0;0;0;3;1;0;0;0
"25/10/2020";"22:49:00";"48";"Acidente s";"145,9";"BR-393/RJ";"Norte";"Sa�das de pista";1;0;0;0;0;0;0;0;0;0;1;0;0;0;0
"26/10/2020";"00:36:00";"1";"Acidente c";"285,8";"BR-393/RJ";"Norte";"Acidentes de outra natureza";1;0;0;0;1;0;0;0;0;0;3;2;2;1;1
"27/10/2020";"14:08:00";"52";"Acidente s";"274,1";"BR-393/RJ";"Sul";"Colis�o com ve�culos (traseira)";2;0;0;0;0;0;0;0;0;0;2;0;0;0;0