fdata;horario;n_da_ocorrencia;tipo_de_ocorrencia;km;trecho;sentido;tipo_de_acidente;automovel;bicicleta;caminhao;moto;onibus;outros;tracao_animal;transporte_de_cargas_especiais;trator_maquinas;utilitarios;ilesos;levemente_feridos;moderadamente_feridos;gravemente_feridos;mortos
"28/10/2020";"11:29:00";"38";"Acidente s";"182,4";"BR-393/RJ";"Sul";"Colis�o lateral no mesmo sentido";1;0;0;0;1;0;0;0;0;0;5;0;0;0;0
"29/10/2020";"07:56:00";"22";"Acidente c";"224";"BR-393/RJ";"Sul";"Acidentes de outra natureza";0;0;0;1;0;0;0;0;0;0;0;1;0;0;0
"30/10/2020";"12:42:00";"43";"Acidente s";"140";"BR-393/RJ";"Norte";"Colis�o com ve�culos (traseira)";2;0;0;0;0;0;0;0;0;0;2;0;0;0;0
"31/10/2020";"00:26:00";"1";"Acidente c";"169,4";"BR-393/RJ";"Norte";"Capotamento";1;0;0;0;0;0;0;0;0;0;0;0;1;0;0
"31/10/2020";"06:12:00";"15";"Acidente c";"201,199";"BR-393/RJ";"Norte";"Sa�das de pista";0;0;1;0;0;0;0;0;0;0;0;1;0;0;0
"31/10/2020";"11:07:00";"30";"Acidente c";"138,929";"BR-393/RJ";"Sul";"Sa�das de pista";1;0;0;0;0;0;0;0;0;0;2;0;2;0;0
"01/11/2020";"15:08:00";"28";"Acidente s";"252,047";"BR-393/RJ";"Norte";"Colis�o c/ obst�culos";1;0;0;0;0;0;0;0;0;0;2;0;0;0;0
"02/11/2020";"05:30:00";"12";"Acidente c";"257,8";"BR-393/RJ";"Norte";"Colis�o c/ obst�culos";1;0;0;0;0;0;0;0;0;0;0;1;0;0;0
"03/11/2020";"17:19:00";"47";"Acidente c";"253,9";"BR-393/RJ";"Norte";"Acidentes de outra natureza";0;0;0;1;0;0;0;0;0;0;0;1;0;0;0
"03/11/2020";"21:29:00";"56";"Acidente s";"282";"BR-393/RJ";"Norte";"Colis�o com ve�culos (traseira)";2;0;0;0;0;0;0;0;0;0;2;0;0;0;0
"05/11/2020";"13:13:00";"47";"Acidente c";"125,599";"BR-393/RJ";"Norte";"Colis�o lateral no mesmo sentido";1;0;1;0;0;0;0;0;0;0;1;2;0;0;0
"05/11/2020";"16:05:00";"62";"Acidente s";"229,192";"BR-393/RJ";"Norte";"Sa�das de pista";1;0;0;0;0;0;0;0;0;0;3;0;0;0;0
"05/11/2020";"20:15:00";"72";"Acidente c";"146,199";"BR-393/RJ";"Norte";"Colis�o c/ obst�culos";1;0;0;0;0;0;0;0;0;0;0;1;0;0;0
"06/11/2020";"14:47:00";"42";"Acidente s";"279";"BR-393/RJ";"Sul";"Engavetamento";2;0;1;0;0;0;0;0;0;0;3;0;0;0;0
"07/11/2020";"08:23:00";"16";"Acidente c";"278";"BR-393/RJ";"Sul";"Colis�o com ve�culos (frontal)";1;0;0;1;0;0;0;0;0;0;1;2;0;0;0
"07/11/2020";"17:20:00";"46";"Acidente s";"251";"BR-393/RJ";"Norte";"Capotamento";1;0;0;0;0;0;0;0;0;0;1;0;0;0;0
"07/11/2020";"18:12:00";"49";"Acidente c";"286";"BR-393/RJ";"Sul";"Colis�o lateral no mesmo sentido";1;0;0;1;0;0;0;0;0;0;1;2;0;0;0
"07/11/2020";"18:30:00";"50";"Acidente s";"283";"BR-393/RJ";"Sul";"Acidentes de outra natureza";0;0;0;1;0;0;0;0;0;0;1;0;0;0;0
"07/11/2020";"20:09:00";"54";"Acidente c";"104";"BR-393/RJ";"Norte";"Acidentes de outra natureza";0;0;0;1;0;0;0;0;0;0;0;0;1;0;0
"08/11/2020";"00:04:00";"1";"Acidente s";"195";"BR-393/RJ";"Norte";"Colis�o c/ obst�culos";0;0;1;0;0;0;0;0;0;0;1;0;0;0;0
"08/11/2020";"19:18:00";"46";"Acidente s";"282";"BR-393/RJ";"Sul";"Colis�o com ve�culos (traseira)";2;0;0;0;0;0;0;0;0;0;2;0;0;0;0
"09/11/2020";"00:14:00";"1";"Acidente s";"156";"BR-393/RJ";"Norte";"Sa�das de pista";1;0;0;0;0;0;0;0;0;0;5;0;0;0;0
"09/11/2020";"04:22:00";"7";"Acidente c";"233,95";"BR-393/RJ";"Norte";"Colis�o lateral no mesmo sentido";1;0;1;0;0;0;0;0;0;0;2;1;0;0;0
"09/11/2020";"18:58:00";"57";"Acidente s";"285,6";"BR-393/RJ";"Norte";"Engavetamento";4;0;0;0;0;0;0;0;0;0;6;0;0;0;0
"10/11/2020";"09:07:00";"27";"Acidente c";"285";"BR-393/RJ";"Sul";"Engavetamento";3;0;0;0;0;0;0;0;0;0;2;0;2;0;0
"10/11/2020";"09:20:00";"29";"Acidente s";"280";"BR-393/RJ";"Sul";"Colis�o com ve�culos (traseira)";2;0;0;0;0;0;0;0;0;0;2;0;0;0;0
"11/11/2020";"07:30:00";"19";"Acidente c";"177,513";"BR-393/RJ";"Norte";"Colis�o com ve�culos (frontal)";3;0;0;0;0;0;0;0;0;0;1;6;0;1;0
"11/11/2020";"19:26:00";"51";"Acidente s";"236";"BR-393/RJ";"Norte";"Acidentes de outra natureza";0;0;0;1;0;0;0;0;0;0;1;0;0;0;0
"12/11/2020";"04:57:00";"15";"Acidente c";"284,113";"BR-393/RJ";"Norte";"Acidentes de outra natureza";2;0;0;0;0;0;0;0;0;0;1;1;0;0;0
"12/11/2020";"19:19:00";"71";"Atropelame";"281";"BR-393/RJ";"Norte";"Atropelamento de pedestre";1;0;0;0;0;0;0;0;0;0;2;0;0;0;0
"12/11/2020";"20:36:00";"77";"Acidente s";"208";"BR-393/RJ";"Norte";"Sa�das de pista";1;0;0;0;0;0;0;0;0;0;1;0;0;0;0
"12/11/2020";"22:29:00";"82";"Acidente c";"169,5";"BR-393/RJ";"Norte";"Colis�o c/ obst�culos";2;0;0;0;0;0;0;0;0;0;3;1;0;0;0
"13/11/2020";"16:08:00";"61";"Acidente s";"110,2";"BR-393/RJ";"Sul";"Capotamento";1;0;0;0;0;0;0;0;0;0;1;0;0;0;0
"13/11/2020";"16:23:00";"63";"Acidente c";"104,161";"BR-393/RJ";"Sul";"Colis�o c/ obst�culos";1;0;0;0;0;0;0;0;0;0;0;0;1;0;0
"13/11/2020";"20:16:00";"79";"Acidente s";"175,699";"BR-393/RJ";"Norte";"Sa�das de pista";1;0;0;0;0;0;0;0;0;0;1;0;0;0;0
"13/11/2020";"20:20:00";"80";"Acidente c";"130,199";"BR-393/RJ";"Norte";"Tombamento";0;0;1;0;0;0;0;0;0;0;0;1;0;0;0
"14/11/2020";"04:32:00";"14";"Acidente s";"177";"BR-393/RJ";"Norte";"Colis�o com ve�culos (traseira)";0;0;2;0;0;0;0;0;0;0;2;0;0;0;0
"14/11/2020";"12:44:00";"32";"Acidente c";"105";"BR-393/RJ";"Norte";"Acidentes de outra natureza";1;0;0;1;0;0;0;0;0;0;1;1;0;0;0
"15/11/2020";"10:48:00";"29";"Acidente c";"246";"BR-393/RJ";"Norte";"Acidentes de outra natureza";0;0;0;1;0;0;0;0;0;0;0;1;1;0;0
"15/11/2020";"11:54:00";"31";"Atropelame";"1,6";"Al�a Sul";"Norte";"Atropelamento de pedestre";0;1;0;0;0;0;0;0;0;1;1;1;0;0;0
"17/11/2020";"03:55:00";"12";"Acidente c";"280,899";"BR-393/RJ";"Norte";"Colis�o c/ obst�culos";1;0;0;0;0;0;0;0;0;0;0;3;0;0;0
"17/11/2020";"08:37:00";"26";"Acidente s";"280";"BR-393/RJ";"Sul";"Engavetamento";5;0;0;0;0;0;0;0;0;0;5;0;0;0;0
"17/11/2020";"14:01:00";"46";"Acidente s";"3";"Al�a Sul";"Sul";"Tombamento";0;0;0;0;0;0;0;0;0;0;0;0;0;0;0
"17/11/2020";"23:24:00";"67";"Acidente c";"251,7";"BR-393/RJ";"Norte";"Colis�o com ve�culos (traseira)";2;0;0;0;0;0;0;0;0;0;1;1;0;0;0
"18/11/2020";"12:24:00";"37";"Acidente c";"112";"BR-393/RJ";"Norte";"Capotamento";1;0;0;0;0;0;0;0;0;0;0;1;0;0;0
"19/11/2020";"13:25:00";"48";"Acidente c";"106,099";"BR-393/RJ";"Norte";"Colis�o com ve�culos (traseira)";1;0;0;1;0;0;0;0;0;0;1;1;0;0;0
"19/11/2020";"13:44:00";"50";"Acidente s";"265";"BR-393/RJ";"Norte";"Colis�o com ve�culos (traseira)";2;0;0;0;0;0;0;0;0;0;2;0;0;0;0
"19/11/2020";"22:02:00";"70";"Acidente s";"218,199";"BR-393/RJ";"Norte";"Acidentes de outra natureza";2;0;0;0;0;0;0;0;0;0;4;0;0;0;0
"20/11/2020";"07:00:00";"12";"Acidente c";"161,9";"BR-393/RJ";"Norte";"Capotamento";0;0;1;0;0;0;0;0;0;0;0;0;1;0;0
"20/11/2020";"18:34:00";"53";"Acidente c";"227";"BR-393/RJ";"Norte";"Colis�o com ve�culos (traseira)";1;0;1;0;0;0;0;0;0;1;3;1;0;0;0
"20/11/2020";"21:10:00";"58";"Acidente c";"285,9";"BR-393/RJ";"Norte";"Acidentes de outra natureza";1;0;0;1;0;0;0;0;0;0;1;1;0;0;0
"21/11/2020";"22:44:00";"66";"Atropelame";"251";"BR-393/RJ";"Norte";"Atropelamento de pedestre";1;0;0;0;0;0;0;0;0;0;0;2;0;0;0
"22/11/2020";"19:23:00";"45";"Acidente s";"155";"BR-393/RJ";"Sul";"Acidentes de outra natureza";1;0;0;1;0;0;0;0;0;0;2;0;0;0;0
"22/11/2020";"19:35:00";"46";"Acidente c";"182,4";"BR-393/RJ";"Sul";"Colis�o com ve�culos (traseira)";0;0;0;1;0;0;0;0;0;1;1;0;1;0;0
"23/11/2020";"06:31:00";"15";"Acidente c";"283";"BR-393/RJ";"Sul";"Colis�o lateral no sentido contr�rio";1;0;2;0;0;0;0;0;0;0;3;1;0;0;0
"24/11/2020";"11:17:00";"27";"Atropelame";"231,9";"BR-393/RJ";"Sul";"Atropelamento de animais";0;0;1;0;0;0;0;0;0;0;1;0;0;0;0
"24/11/2020";"21:14:00";"46";"Acidente s";"229,9";"BR-393/RJ";"Norte";"Sa�das de pista";1;0;0;0;0;0;0;0;0;0;2;0;0;0;0
"26/11/2020";"20:36:00";"58";"Atropelame";"277,5";"BR-393/RJ";"Sul";"Atropelamento de pedestre";1;1;0;0;0;0;0;0;0;0;1;0;1;1;0
"27/11/2020";"09:11:00";"26";"Acidente c";"281,3";"BR-393/RJ";"Norte";"Acidentes de outra natureza";0;0;0;1;0;0;0;0;0;0;0;1;0;0;0
"27/11/2020";"14:36:00";"41";"Acidente s";"230,8";"BR-393/RJ";"Norte";"Colis�o lateral no mesmo sentido";1;0;1;0;0;0;0;0;0;0;2;0;0;0;0
"28/11/2020";"10:02:00";"33";"Acidente s";"285";"BR-393/RJ";"Sul";"Colis�o com ve�culos (traseira)";1;0;0;0;0;0;0;0;0;0;1;0;0;0;0
"28/11/2020";"17:10:00";"57";"Acidente s";"286";"BR-393/RJ";"Sul";"Colis�o lateral no mesmo sentido";1;0;0;0;1;0;0;0;0;0;2;0;0;0;0
"29/11/2020";"04:57:00";"12";"Acidente s";"266";"BR-393/RJ";"Norte";"Colis�o c/ obst�culos";1;0;0;0;0;0;0;0;0;0;2;0;0;0;0
"29/11/2020";"12:35:00";"26";"Acidente c";"236,5";"BR-393/RJ";"Norte";"Colis�o lateral no mesmo sentido";1;1;0;1;0;0;0;0;0;0;1;0;1;1;0
"29/11/2020";"16:19:00";"34";"Acidente s";"265";"BR-393/RJ";"Sul";"Colis�o com ve�culos (traseira)";1;0;1;0;0;0;0;0;0;0;2;0;0;0;0
"01/12/2020";"17:41:00";"52";"Acidente c";"124,8";"BR-393/RJ";"Norte";"Acidentes de outra natureza";0;0;2;0;0;0;0;0;0;0;2;0;1;0;0
"02/12/2020";"19:47:00";"68";"Acidente s";"174";"BR-393/RJ";"Sul";"Sa�das de pista";1;0;0;0;0;0;0;0;0;0;3;0;0;0;0
"03/12/2020";"08:42:00";"19";"Acidente s";"281";"BR-393/RJ";"Norte";"Engavetamento";4;0;0;0;0;0;0;0;0;0;4;0;0;0;0
"04/12/2020";"17:39:00";"47";"Acidente c";"155";"BR-393/RJ";"Norte";"Acidentes de outra natureza";0;0;0;1;0;0;0;0;0;0;1;0;0;0;0
"04/12/2020";"18:41:00";"49";"Acidente c";"273";"BR-393/RJ";"Norte";"Colis�o com ve�culos (frontal)";1;0;0;0;0;0;0;0;0;1;2;0;0;1;0
"05/12/2020";"10:38:00";"39";"Acidente s";"232,699";"BR-393/RJ";"Sul";"Engavetamento";1;0;2;0;0;0;0;0;0;0;4;0;0;0;0
"05/12/2020";"10:42:00";"40";"Acidente c";"255,599";"BR-393/RJ";"Norte";"Acidentes de outra natureza";1;0;0;1;0;0;0;0;0;0;1;1;0;0;0
"05/12/2020";"17:29:00";"50";"Atropelame";"106";"BR-393/RJ";"Sul";"Atropelamento de pedestre";0;0;0;1;0;0;0;0;0;0;1;1;1;0;0
"05/12/2020";"23:00:00";"62";"Acidente s";"262,2";"BR-393/RJ";"Sul";"Colis�o lateral no mesmo sentido";1;0;1;0;0;0;0;0;0;0;2;0;0;0;0
"06/12/2020";"05:34:00";"20";"Acidente s";"255,7";"BR-393/RJ";"Sul";"Colis�o com ve�culos (traseira)";0;0;2;0;0;0;0;0;0;0;2;0;0;0;0
"06/12/2020";"19:12:00";"48";"Acidente s";"240";"BR-393/RJ";"Sul";"Sa�das de pista";1;0;0;0;0;0;0;0;0;0;2;0;0;0;0
"06/12/2020";"21:24:00";"54";"Acidente s";"253";"BR-393/RJ";"Sul";"Tombamento";0;0;1;0;0;0;0;0;0;0;1;0;0;0;0
"07/12/2020";"07:43:00";"24";"Acidente s";"254";"BR-393/RJ";"Norte";"Colis�o lateral no mesmo sentido";2;0;0;0;0;0;0;0;0;0;2;0;0;0;0
"07/12/2020";"10:53:00";"33";"Acidente s";"255,5";"BR-393/RJ";"Norte";"Acidentes de outra natureza";2;0;0;0;0;0;0;0;0;0;4;0;0;0;0
"07/12/2020";"11:08:00";"36";"Acidente s";"255,5";"BR-393/RJ";"Norte";"Acidentes de outra natureza";2;0;0;0;0;0;0;0;0;0;3;0;0;0;0
"07/12/2020";"19:18:00";"55";"Acidente s";"118,9";"BR-393/RJ";"Norte";"Sa�das de pista";0;0;1;0;0;0;0;0;0;0;1;0;0;0;0
"07/12/2020";"22:28:00";"64";"Acidente c";"172,4";"BR-393/RJ";"Sul";"Colis�o com ve�culos (frontal)";1;0;1;0;0;0;0;0;0;0;1;0;0;1;0
"08/12/2020";"08:56:00";"28";"Acidente s";"182";"BR-393/RJ";"Norte";"Colis�o com ve�culos (traseira)";2;0;0;0;0;0;0;0;0;0;2;0;0;0;0
"08/12/2020";"18:37:00";"61";"Acidente s";"123,2";"BR-393/RJ";"Sul";"Colis�o c/ obst�culos";0;0;1;0;0;0;0;0;0;0;1;0;0;0;0
"09/12/2020";"11:42:00";"42";"Acidente s";"145";"BR-393/RJ";"Norte";"Sa�das de pista";1;0;0;0;0;0;0;0;0;0;2;0;0;0;0
"10/12/2020";"07:00:00";"14";"Acidente s";"282,199";"BR-393/RJ";"Norte";"Acidentes de outra natureza";2;0;0;0;0;0;0;0;0;0;2;0;0;0;0
"10/12/2020";"07:02:00";"15";"Acidente c";"257,8";"BR-393/RJ";"Norte";"Acidentes de outra natureza";1;0;1;0;0;0;0;0;0;0;2;0;2;1;0
"10/12/2020";"16:21:00";"49";"Acidente s";"258,6";"BR-393/RJ";"Norte";"Acidentes de outra natureza";1;0;1;0;0;0;0;0;0;0;2;0;0;0;0
"10/12/2020";"18:45:00";"60";"Acidente s";"243";"BR-393/RJ";"Sul";"Sa�das de pista";0;0;1;0;0;0;0;0;0;0;1;0;0;0;0
"11/12/2020";"18:41:00";"71";"Acidente c";"243,3";"BR-393/RJ";"Norte";"Colis�o lateral no sentido contr�rio";0;0;3;0;0;0;0;0;0;0;2;1;0;0;0
"12/12/2020";"04:18:00";"5";"Acidente s";"2";"Al�a Sul";"Norte";"Capotamento";1;0;0;0;0;0;0;0;0;0;1;0;0;0;0
"12/12/2020";"09:21:00";"20";"Acidente s";"285";"BR-393/RJ";"Sul";"Colis�o com ve�culos (traseira)";2;0;0;0;0;0;0;0;0;0;2;0;0;0;0
"12/12/2020";"11:34:00";"26";"Acidente s";"258";"BR-393/RJ";"Norte";"Acidentes de outra natureza";1;0;0;1;0;0;0;0;0;0;1;0;1;0;0
"12/12/2020";"21:06:00";"44";"Acidente s";"284,4";"BR-393/RJ";"Sul";"Engavetamento";3;0;0;0;0;0;0;0;0;0;4;0;0;0;0
"13/12/2020";"12:39:00";"36";"Acidente c";"252,199";"BR-393/RJ";"Norte";"Colis�o c/ obst�culos";1;0;1;0;0;0;0;0;0;0;1;0;0;1;0
"13/12/2020";"22:20:00";"57";"Acidente s";"284";"BR-393/RJ";"Sul";"Colis�o c/ obst�culos";1;0;0;0;0;0;0;0;0;0;2;0;0;0;0
"15/12/2020";"09:02:00";"25";"Acidente s";"280,3";"BR-393/RJ";"Norte";"Acidentes de outra natureza";0;0;0;1;0;0;0;0;0;0;2;0;0;0;0
"15/12/2020";"10:39:00";"33";"Acidente s";"131,9";"BR-393/RJ";"Norte";"Colis�o com ve�culos (traseira)";1;0;1;0;0;0;0;0;0;0;3;0;0;0;0
"15/12/2020";"23:34:00";"72";"Acidente s";"173,8";"BR-393/RJ";"Norte";"Sa�das de pista";1;0;0;0;0;0;0;0;0;0;2;0;0;0;0
"16/12/2020";"10:05:00";"33";"Acidente s";"279,6";"BR-393/RJ";"Sul";"Acidentes de outra natureza";2;0;0;0;0;0;0;0;0;0;2;0;0;0;0
"17/12/2020";"12:52:00";"45";"Acidente c";"218";"BR-393/RJ";"Norte";"Acidentes de outra natureza";0;0;0;1;0;0;0;0;0;0;0;1;0;0;0
"18/12/2020";"08:20:00";"27";"Acidente c";"274";"BR-393/RJ";"Norte";"Tombamento";0;0;1;0;0;0;0;0;0;0;0;0;1;0;0
"18/12/2020";"21:10:00";"68";"Acidente s";"274";"BR-393/RJ";"Norte";"Colis�o com ve�culos (traseira)";2;0;0;0;0;0;0;0;0;0;2;0;0;0;0
"19/12/2020";"07:39:00";"22";"Acidente c";"232,099";"BR-393/RJ";"Sul";"Colis�o c/ obst�culos";0;0;1;0;0;0;0;0;0;0;0;0;1;0;0
"19/12/2020";"10:31:00";"34";"Acidente s";"177,4";"BR-393/RJ";"Norte";"Engavetamento";3;0;0;0;0;0;0;0;0;0;4;0;0;0;0
"19/12/2020";"13:09:00";"45";"Acidente c";"285";"BR-393/RJ";"Sul";"Colis�o c/ obst�culos";1;0;0;0;0;0;0;0;0;0;0;1;0;0;0
"19/12/2020";"17:15:00";"69";"Acidente s";"121,5";"BR-393/RJ";"Norte";"Sa�das de pista";1;0;0;0;0;0;0;0;0;0;2;0;0;0;0
"20/12/2020";"04:22:00";"11";"Acidente c";"177,599";"BR-393/RJ";"Norte";"Colis�o c/ obst�culos";0;0;0;1;0;0;0;0;0;0;0;0;0;0;1
"20/12/2020";"11:13:00";"35";"Acidente s";"142";"BR-393/RJ";"Norte";"Colis�o com ve�culos (traseira)";1;0;1;0;0;0;0;0;0;0;2;0;0;0;0
"20/12/2020";"13:14:00";"42";"Acidente s";"182";"BR-393/RJ";"Norte";"Colis�o lateral no mesmo sentido";1;0;1;0;0;0;0;0;0;0;5;0;0;0;0
"20/12/2020";"18:06:00";"62";"Acidente c";"219,8";"BR-393/RJ";"Norte";"Colis�o com ve�culos (frontal)";1;0;1;0;0;0;0;0;0;0;2;0;0;0;1
"20/12/2020";"21:13:00";"72";"Acidente s";"225";"BR-393/RJ";"Sul";"Colis�o com ve�culos (traseira)";0;0;0;0;0;0;0;0;0;0;0;0;0;0;0
"20/12/2020";"21:17:00";"73";"Acidente s";"258,5";"BR-393/RJ";"Sul";"Acidentes de outra natureza";1;0;0;0;1;0;0;0;0;0;2;0;0;0;0
"21/12/2020";"18:46:00";"60";"Acidente s";"165";"BR-393/RJ";"Sul";"Acidentes de outra natureza";2;0;0;0;0;0;0;0;0;0;2;0;0;0;0
"21/12/2020";"23:14:00";"72";"Acidente s";"192,4";"BR-393/RJ";"Sul";"Colis�o lateral no sentido contr�rio";1;0;0;0;1;0;0;0;0;0;6;0;0;0;0
"22/12/2020";"00:49:00";"4";"Acidente c";"246";"BR-393/RJ";"Sul";"Tombamento";0;0;1;0;0;0;0;0;0;0;0;0;0;1;0
"22/12/2020";"06:16:00";"20";"Acidente c";"114";"BR-393/RJ";"Norte";"Tombamento";0;0;1;0;0;0;0;0;0;0;0;1;0;0;0
"22/12/2020";"16:51:00";"55";"Acidente c";"281";"BR-393/RJ";"Sul";"Colis�o com ve�culos (traseira)";0;0;1;0;0;0;0;0;0;1;1;1;0;0;0
"22/12/2020";"20:57:00";"63";"Acidente c";"285,699";"BR-393/RJ";"Norte";"Acidentes de outra natureza";1;0;0;1;0;0;0;0;0;0;1;1;0;1;0
"23/12/2020";"02:14:00";"1";"Acidente c";"162,099";"BR-393/RJ";"Norte";"Tombamento";0;0;1;0;0;0;0;0;0;0;0;1;0;0;0
"24/12/2020";"07:05:00";"18";"Acidente s";"146";"BR-393/RJ";"Sul";"Colis�o lateral no mesmo sentido";0;0;2;0;0;0;0;0;0;0;2;0;0;0;0
"24/12/2020";"09:40:00";"29";"Acidente s";"253,8";"BR-393/RJ";"Sul";"Colis�o lateral no mesmo sentido";1;0;1;0;0;0;0;0;0;0;2;0;0;0;0
"24/12/2020";"13:08:00";"39";"Acidente s";"259";"BR-393/RJ";"Sul";"Sa�das de pista";1;0;0;0;0;0;0;0;0;0;1;0;0;0;0
"24/12/2020";"15:50:00";"45";"Acidente c";"262,9";"BR-393/RJ";"Sul";"Capotamento";1;0;0;0;0;0;0;0;0;0;0;1;0;0;0
"25/12/2020";"17:54:00";"47";"Acidente s";"169,9";"BR-393/RJ";"Sul";"Sa�das de pista";0;0;0;0;0;0;0;0;0;1;2;0;0;0;0
"26/12/2020";"00:00:00";"1";"Acidente c";"235";"BR-393/RJ";"Norte";"Sa�das de pista";1;0;0;0;0;0;0;0;0;0;0;1;0;0;0
"27/12/2020";"08:21:00";"22";"Acidente c";"188";"BR-393/RJ";"Sul";"Capotamento";1;0;0;0;0;0;0;0;0;0;0;1;1;0;0
"27/12/2020";"19:08:00";"52";"Acidente s";"258,5";"BR-393/RJ";"Sul";"Colis�o c/ obst�culos";0;0;1;0;0;0;0;0;0;0;1;0;0;0;0
"28/12/2020";"03:44:00";"10";"Acidente c";"157";"BR-393/RJ";"Sul";"Colis�o com ve�culos (frontal)";1;0;1;0;0;0;0;0;0;0;1;0;0;0;1
"29/12/2020";"08:13:00";"18";"Acidente s";"169,002";"BR-393/RJ";"Sul";"Sa�das de pista";1;0;0;0;0;0;0;0;0;0;1;0;0;0;0
"30/12/2020";"17:30:00";"66";"Acidente s";"281,1";"BR-393/RJ";"Sul";"Acidentes de outra natureza";1;0;0;1;0;0;0;0;0;0;2;0;0;0;0
"30/12/2020";"21:44:00";"80";"Acidente c";"281";"BR-393/RJ";"Norte";"Acidentes de outra natureza";1;0;0;1;0;0;0;0;0;0;1;1;0;0;0
"31/12/2020";"15:16:00";"40";"Acidente c";"184,699";"BR-393/RJ";"Sul";"Colis�o c/ obst�culos";1;0;0;0;0;0;0;0;0;0;0;1;0;0;0
"01/01/2021";"00:44:00";"7";"Acidente s";"282,8";"BR-393/RJ";"Norte";"Sa�das de pista";1;0;0;0;0;0;0;0;0;0;1;0;0;0;0
"01/01/2021";"14:54:00";"36";"Acidente c";"252";"BR-393/RJ";"Sul";"Colis�o lateral no sentido contr�rio";1;0;1;0;0;0;0;0;0;0;1;1;0;1;0
"02/01/2021";"18:51:00";"43";"Acidente s";"139";"BR-393/RJ";"Norte";"Sa�das de pista";1;0;0;0;0;0;0;0;0;0;1;0;0;0;0
"02/01/2021";"19:43:00";"47";"Acidente s";"246";"BR-393/RJ";"Sul";"Sa�das de pista";0;0;1;0;0;0;0;0;0;0;1;0;0;0;0
"03/01/2021";"02:08:00";"4";"Acidente c";"172,3";"BR-393/RJ";"Sul";"Capotamento";1;0;0;0;0;0;0;0;0;0;0;1;0;0;0
"04/01/2021";"17:16:00";"73";"Acidente s";"280,8";"BR-393/RJ";"Sul";"Engavetamento";4;0;0;0;0;0;0;0;0;0;5;0;0;0;0
"05/01/2021";"09:21:00";"34";"Acidente s";"145";"BR-393/RJ";"Sul";"Engavetamento";3;0;0;0;0;0;0;0;0;0;7;0;0;0;0
"05/01/2021";"09:21:00";"33";"Acidente s";"282";"BR-393/RJ";"Sul";"Colis�o com ve�culos (traseira)";2;0;0;0;0;0;0;0;0;0;2;0;0;0;0
"05/01/2021";"10:16:00";"40";"Acidente s";"258";"BR-393/RJ";"Sul";"Colis�o lateral no mesmo sentido";1;0;0;0;1;0;0;0;0;0;2;0;0;0;0
"05/01/2021";"11:20:00";"44";"Acidente s";"239";"BR-393/RJ";"Sul";"Colis�o com ve�culos (traseira)";1;0;1;0;0;0;0;0;0;0;3;0;0;0;0
"06/01/2021";"07:46:00";"21";"Acidente c";"122";"BR-393/RJ";"Norte";"Tombamento";0;0;1;0;0;0;0;0;0;0;0;0;1;0;0
"06/01/2021";"18:31:00";"56";"Acidente s";"274,3";"BR-393/RJ";"Sul";"Sa�das de pista";1;0;0;0;0;0;0;0;0;0;2;0;0;0;0
"07/01/2021";"19:08:00";"57";"Acidente c";"106";"BR-393/RJ";"Norte";"Atropelamento de pedestre";1;0;0;0;0;0;0;0;0;0;1;0;1;0;0
"08/01/2021";"18:58:00";"69";"Acidente c";"229,199";"BR-393/RJ";"Norte";"Capotamento";1;0;0;0;0;0;0;0;0;0;0;0;0;1;0
"09/01/2021";"07:42:00";"16";"Acidente s";"151";"BR-393/RJ";"Sul";"Sa�das de pista";1;0;0;0;0;0;0;0;0;0;1;0;0;0;0
"09/01/2021";"19:02:00";"50";"Acidente c";"136,5";"BR-393/RJ";"Sul";"Colis�o lateral no sentido contr�rio";1;0;1;0;0;0;0;0;0;0;1;3;0;0;0
"10/01/2021";"14:30:00";"38";"Acidente s";"274";"BR-393/RJ";"Sul";"Tombamento";0;0;1;0;0;0;0;0;0;0;3;0;0;0;0
"10/01/2021";"18:10:00";"53";"Acidente s";"286";"BR-393/RJ";"Sul";"Engavetamento";3;0;0;0;0;0;0;0;0;0;3;0;0;0;0
"10/01/2021";"18:57:00";"54";"Acidente s";"284";"BR-393/RJ";"Norte";"Engavetamento";3;0;0;0;0;0;0;0;0;0;3;0;0;0;0
"10/01/2021";"23:37:00";"69";"Acidente c";"169,7";"BR-393/RJ";"Sul";"Capotamento";1;0;0;0;0;0;0;0;0;0;3;1;0;0;0
"11/01/2021";"13:50:00";"53";"Acidente s";"246";"BR-393/RJ";"Sul";"Sa�das de pista";0;0;0;0;0;0;0;0;0;1;1;0;0;0;0
"11/01/2021";"15:42:00";"61";"Acidente s";"266";"BR-393/RJ";"Norte";"Colis�o lateral no mesmo sentido";0;0;1;0;1;0;0;0;0;0;25;0;0;0;0
"11/01/2021";"21:41:00";"89";"Acidente s";"196,4";"BR-393/RJ";"Sul";"Sa�das de pista";0;0;1;0;0;0;0;0;0;0;1;0;0;0;0
"11/01/2021";"23:03:00";"92";"Acidente s";"168,599";"BR-393/RJ";"Norte";"Colis�o c/ obst�culos";0;0;1;0;0;0;0;0;0;0;1;0;0;0;0