fdata;horario;n_da_ocorrencia;tipo_de_ocorrencia;km;trecho;sentido;tipo_de_acidente;automovel;bicicleta;caminhao;moto;onibus;outros;tracao_animal;transporte_de_cargas_especiais;trator_maquinas;utilitarios;ilesos;levemente_feridos;moderadamente_feridos;gravemente_feridos;mortos
"12/01/2021";"11:23:00";"45";"Acidente c";"170,4";"BR-393/RJ";"Norte";"Colis�o com ve�culos (traseira)";0;0;2;0;0;0;0;0;0;0;1;3;0;0;0
"13/01/2021";"05:20:00";"17";"Acidente s";"208,9";"BR-393/RJ";"Norte";"Tombamento";0;0;1;0;0;0;0;0;0;0;2;0;0;0;0
"13/01/2021";"05:43:00";"18";"Acidente c";"124,001";"BR-393/RJ";"Sul";"Tombamento";0;0;1;0;0;0;0;0;0;0;0;1;0;0;0
"13/01/2021";"19:59:00";"67";"Acidente s";"179,4";"BR-393/RJ";"Norte";"Colis�o com ve�culos (traseira)";2;0;0;0;0;0;0;0;0;0;5;0;0;0;0
"14/01/2021";"06:45:00";"18";"Acidente c";"167";"BR-393/RJ";"Norte";"Colis�o lateral no mesmo sentido";1;0;0;1;0;0;0;0;0;0;1;1;0;0;0
"14/01/2021";"09:26:00";"27";"Acidente s";"279";"BR-393/RJ";"Norte";"Colis�o lateral no mesmo sentido";1;0;0;1;0;0;0;0;0;0;3;0;0;0;0
"14/01/2021";"12:22:00";"45";"Acidente c";"182,4";"BR-393/RJ";"Sul";"Acidentes de outra natureza";0;0;1;1;0;0;0;0;0;0;0;1;0;0;1
"16/01/2021";"09:53:00";"32";"Acidente s";"277";"BR-393/RJ";"Sul";"Sa�das de pista";1;0;0;0;0;0;0;0;0;0;2;0;0;0;0
"16/01/2021";"16:03:00";"46";"Acidente s";"285,199";"BR-393/RJ";"Norte";"Acidentes de outra natureza";2;0;0;0;0;0;0;0;0;0;2;0;0;0;0
"17/01/2021";"07:50:00";"16";"Acidente s";"265";"BR-393/RJ";"Norte";"Colis�o com ve�culos (traseira)";0;0;2;0;0;0;0;0;0;0;2;0;0;0;0
"17/01/2021";"09:44:00";"21";"Atropelame";"279,899";"BR-393/RJ";"Sul";"Atropelamento de pedestre";1;1;0;0;0;0;0;0;0;0;1;1;0;0;0
"17/01/2021";"14:40:00";"32";"Acidente s";"230,8";"BR-393/RJ";"Norte";"Colis�o lateral no mesmo sentido";1;0;1;0;0;0;0;0;0;0;4;0;0;0;0
"17/01/2021";"22:41:00";"49";"Acidente c";"179,099";"BR-393/RJ";"Sul";"Sa�das de pista";0;0;1;0;0;0;0;0;0;0;0;1;0;0;0
"18/01/2021";"02:19:00";"7";"Acidente s";"181";"BR-393/RJ";"Sul";"Colis�o com ve�culos (traseira)";1;0;1;0;0;0;0;0;0;0;2;0;0;0;0
"18/01/2021";"07:14:00";"17";"Acidente c";"223";"BR-393/RJ";"Sul";"Acidentes de outra natureza";2;0;0;0;0;0;0;0;0;0;1;0;1;1;0
"18/01/2021";"07:45:00";"19";"Acidente c";"124,001";"BR-393/RJ";"Sul";"Acidentes de outra natureza";0;0;0;1;0;0;0;0;0;0;0;2;0;0;0
"18/01/2021";"08:04:00";"22";"Acidente c";"124,001";"BR-393/RJ";"Sul";"Acidentes de outra natureza";0;0;0;1;0;0;0;0;0;0;0;1;0;0;0
"19/01/2021";"15:14:00";"54";"Acidente s";"268";"BR-393/RJ";"Norte";"Colis�o com ve�culos (traseira)";1;0;0;1;0;0;0;0;0;0;2;0;0;0;0
"20/01/2021";"10:09:00";"30";"Acidente c";"208,8";"BR-393/RJ";"Norte";"Colis�o c/ obst�culos";1;0;0;0;0;0;0;0;0;0;0;1;0;0;0
"20/01/2021";"11:53:00";"36";"Acidente s";"132,5";"BR-393/RJ";"Sul";"Colis�o lateral no mesmo sentido";1;0;1;0;0;0;0;0;0;0;2;0;0;0;0
"21/01/2021";"11:04:00";"39";"Acidente s";"254";"BR-393/RJ";"Norte";"Sa�das de pista";1;0;0;0;0;0;0;0;0;0;1;0;0;0;0
"22/01/2021";"09:52:00";"30";"Acidente c";"124";"BR-393/RJ";"Sul";"Colis�o lateral no sentido contr�rio";1;0;1;0;0;0;0;0;0;0;2;0;1;0;0
"22/01/2021";"13:46:00";"39";"Acidente c";"177";"BR-393/RJ";"Sul";"Colis�o com ve�culos (traseira)";0;0;2;0;0;0;0;0;0;0;0;2;0;0;0
"22/01/2021";"15:47:00";"46";"Acidente c";"103,299";"BR-393/RJ";"Sul";"Acidentes de outra natureza";1;0;0;1;0;0;0;0;0;0;1;0;1;0;0
"23/01/2021";"09:43:00";"29";"Acidente c";"151,699";"BR-393/RJ";"Sul";"Colis�o com ve�culos (frontal)";2;0;0;0;1;0;0;0;0;0;2;1;0;0;0
"24/01/2021";"00:31:00";"2";"Acidente c";"259,5";"BR-393/RJ";"Norte";"Colis�o com ve�culos (frontal)";2;0;0;0;0;0;0;0;0;0;0;2;0;0;0
"24/01/2021";"10:28:00";"24";"Acidente s";"255,599";"BR-393/RJ";"Norte";"Acidentes de outra natureza";2;0;0;0;0;0;0;0;0;0;8;0;0;0;0
"25/01/2021";"08:31:00";"17";"Acidente s";"155";"BR-393/RJ";"Norte";"Tombamento";0;0;1;0;0;0;0;0;0;0;1;0;0;0;0
"25/01/2021";"10:03:00";"26";"Acidente c";"102";"BR-393/RJ";"Sul";"Colis�o com ve�culos (frontal)";0;0;0;1;0;0;0;0;0;1;1;0;1;0;0
"26/01/2021";"08:28:00";"17";"Acidente c";"236,501";"BR-393/RJ";"Norte";"Colis�o lateral no mesmo sentido";1;0;0;1;0;0;0;0;0;0;0;2;1;1;0
"27/01/2021";"17:35:00";"60";"Acidente c";"170,5";"BR-393/RJ";"Sul";"Acidentes de outra natureza";0;0;0;1;0;0;0;0;0;0;0;1;0;0;0
"27/01/2021";"20:18:00";"67";"Acidente s";"248,9";"BR-393/RJ";"Norte";"Sa�das de pista";0;0;1;0;0;0;0;0;0;0;1;0;0;0;0
"28/01/2021";"07:20:00";"14";"Acidente s";"278,699";"BR-393/RJ";"Sul";"Colis�o lateral no mesmo sentido";1;0;2;0;0;0;0;0;0;0;3;0;0;0;0
"28/01/2021";"17:26:00";"53";"Acidente c";"158,699";"BR-393/RJ";"Norte";"Colis�o lateral no mesmo sentido";1;0;0;1;0;0;0;0;0;0;1;1;0;0;0
"29/01/2021";"08:02:00";"16";"Acidente c";"191,1";"BR-393/RJ";"Sul";"Acidentes de outra natureza";0;0;0;1;0;0;0;0;0;0;0;2;0;0;0
"29/01/2021";"13:08:00";"38";"Acidente s";"272";"BR-393/RJ";"Sul";"Colis�o lateral no mesmo sentido";2;0;0;0;0;0;0;0;0;0;2;0;0;0;0
"29/01/2021";"14:47:00";"43";"Acidente c";"230,099";"BR-393/RJ";"Norte";"Colis�o lateral no mesmo sentido";1;0;0;1;0;0;0;0;0;0;1;1;0;0;0
"30/01/2021";"01:50:00";"11";"Acidente c";"108,9";"BR-393/RJ";"Norte";"Colis�o c/ obst�culos";0;0;1;0;0;0;0;0;0;0;1;1;0;0;0
"01/02/2021";"09:56:00";"25";"ac03 - Aci";"282,3";"BR-393/RJ";"Sul";"Colis�o Frontal";2;0;0;0;0;0;0;0;0;0;2;0;0;0;0
"01/02/2021";"15:20:00";"41";"ac02 - Aci";"132,099";"BR-393/RJ";"Sul";"Colis�o Lateral Mesmo Sentido";2;0;0;0;0;0;0;0;0;0;3;1;0;0;0
"01/02/2021";"17:25:00";"48";"ac03 - Aci";"273,8";"BR-393/RJ";"Sul";"Tombamento";0;0;1;0;0;0;0;0;0;0;1;0;0;0;0
"02/02/2021";"06:56:00";"17";"ac02 - Aci";"238,4";"BR-393/RJ";"Norte";"Saida de Pista";1;0;0;0;0;0;0;0;0;0;0;1;0;0;0
"02/02/2021";"08:23:00";"23";"ac02 - Aci";"236,699";"BR-393/RJ";"Sul";"Engavetamento";3;0;0;0;0;0;0;0;0;0;3;1;0;0;0
"02/02/2021";"14:12:00";"43";"ac02 - Aci";"268,1";"BR-393/RJ";"Sul";"Colis�o Transversal";1;0;0;1;0;0;0;0;0;0;1;1;1;0;0
"04/02/2021";"07:37:00";"19";"ac02 - Aci";"238,5";"BR-393/RJ";"Norte";"Colis�o Transversal";2;0;0;0;0;0;0;0;0;0;1;1;0;0;0
"05/02/2021";"20:00:00";"72";"ac03 - Aci";"286,3";"BR-393/RJ";"Sul";"Choque - Defensa, barreira ou "submarino"";1;0;0;0;0;0;0;0;0;0;2;0;0;0;0
"05/02/2021";"23:13:00";"80";"ac03 - Aci";"277";"BR-393/RJ";"Norte";"Choque - Defensa, barreira ou "submarino"";1;0;0;0;0;0;0;0;0;0;1;0;0;0;0
"06/02/2021";"06:57:00";"15";"ac03 - Aci";"244";"BR-393/RJ";"Norte";"Saida de Pista";1;0;0;0;0;0;0;0;0;0;1;0;0;0;0
"06/02/2021";"19:37:00";"51";"ac02 - Aci";"282,1";"BR-393/RJ";"Sul";"Queda de Moto";0;0;0;1;0;0;0;0;0;0;0;0;1;0;0
"07/02/2021";"20:54:00";"68";"ac03 - Aci";"238,3";"BR-393/RJ";"Sul";"Saida de Pista";1;0;0;0;0;0;0;0;0;0;2;0;0;0;0
"08/02/2021";"13:17:00";"37";"ac03 - Aci";"284,199";"BR-393/RJ";"Sul";"Colis�o Traseira";2;0;0;0;0;0;0;0;0;0;2;0;0;0;0
"08/02/2021";"17:14:00";"49";"ac03 - Aci";"146,2";"BR-393/RJ";"Sul";"Choque - Talude";1;0;0;0;0;0;0;0;0;0;4;0;0;0;0
"09/02/2021";"07:30:00";"15";"ac02 - Aci";"103,099";"BR-393/RJ";"Sul";"Colis�o Lateral Mesmo Sentido";1;0;1;0;0;0;0;0;0;0;3;1;0;0;0
"10/02/2021";"12:13:00";"39";"ac03 - Aci";"181,8";"BR-393/RJ";"Sul";"Saida de Pista";1;0;0;0;0;0;0;0;0;0;1;0;0;0;0
"10/02/2021";"15:35:00";"48";"ac03 - Aci";"255";"BR-393/RJ";"Norte";"Colis�o Lateral Mesmo Sentido";1;0;1;0;0;0;0;0;0;0;2;0;0;0;0
"11/02/2021";"18:20:00";"59";"ac02 - Aci";"105,9";"BR-393/RJ";"Norte";"Colis�o Lateral Mesmo Sentido";1;0;0;1;0;0;0;0;0;0;1;1;0;0;0
"11/02/2021";"19:53:00";"63";"ac03 - Aci";"281,2";"BR-393/RJ";"Sul";"Colis�o Transversal";2;0;0;0;0;0;0;0;0;0;2;0;0;0;0
"12/02/2021";"02:34:00";"1";"ac02 - Aci";"200,5";"BR-393/RJ";"Norte";"Queda de Moto";0;0;0;1;0;0;0;0;0;0;0;1;0;0;0
"12/02/2021";"17:06:00";"59";"ac03 - Aci";"283,8";"BR-393/RJ";"Norte";"Engavetamento";3;0;0;0;0;0;0;0;0;0;3;0;0;0;0
"12/02/2021";"19:18:00";"66";"ac02 - Aci";"281";"BR-393/RJ";"Norte";"Colis�o Frontal";1;0;0;1;0;0;0;0;0;0;1;0;1;0;0
"13/02/2021";"08:00:00";"21";"ac03 - Aci";"258,899";"BR-393/RJ";"Sul";"Saida de Pista";1;0;0;0;0;0;0;0;0;0;2;0;0;0;0
"13/02/2021";"11:25:00";"29";"ac03 - Aci";"265";"BR-393/RJ";"Sul";"Colis�o Traseira";2;0;0;0;0;0;0;0;0;0;3;0;0;0;0
"13/02/2021";"19:26:00";"56";"ac02 - Aci";"282,9";"BR-393/RJ";"Sul";"Colis�o Transversal";2;0;0;0;0;0;0;0;0;0;2;1;0;0;0
"13/02/2021";"23:31:00";"62";"ac03 - Aci";"230,4";"BR-393/RJ";"Sul";"Saida de Pista";0;0;1;0;0;0;0;0;0;0;1;0;0;0;0
"14/02/2021";"03:05:00";"8";"ac03 - Aci";"130";"BR-393/RJ";"Norte";"Saida de Pista";1;0;0;0;0;0;0;0;0;0;2;0;0;0;0
"14/02/2021";"15:46:00";"57";"ac03 - Aci";"113";"BR-393/RJ";"Norte";"Colis�o Lateral Mesmo Sentido";0;0;2;0;0;0;0;0;0;0;3;0;0;0;0
"15/02/2021";"04:53:00";"14";"ac03 - Aci";"278,3";"BR-393/RJ";"Sul";"Saida de Pista";1;0;0;0;0;0;0;0;0;0;1;0;0;0;0
"15/02/2021";"13:52:00";"49";"ac02 - Aci";"152";"BR-393/RJ";"Norte";"Tombamento";0;0;1;0;0;0;0;0;0;0;0;1;0;0;0
"16/02/2021";"09:39:00";"19";"ac01 - Aci";"1,9";"Al�a Sul";"Sul";"Colis�o Frontal";1;0;0;1;0;0;0;0;0;0;0;0;0;1;1
"18/02/2021";"08:46:00";"23";"ac03 - Aci";"220";"BR-393/RJ";"Norte";"Colis�o Lateral Sentido Oposto";0;0;2;0;0;0;0;0;0;1;3;0;0;0;0
"19/02/2021";"00:16:00";"2";"ac02 - Aci";"121,7";"BR-393/RJ";"Sul";"Tombamento";0;0;1;0;0;0;0;0;0;0;0;0;1;0;0
"19/02/2021";"15:15:00";"64";"ac03 - Aci";"262";"BR-393/RJ";"Norte";"Atropelamento de Animal";0;0;1;0;0;0;0;0;0;0;1;0;0;0;0
"19/02/2021";"18:32:00";"68";"ac02 - Aci";"162";"BR-393/RJ";"Sul";"Saida de Pista";1;0;0;0;0;0;0;0;0;0;0;1;0;0;0
"20/02/2021";"08:45:00";"27";"ac03 - Aci";"266,8";"BR-393/RJ";"Norte";"Colis�o Traseira";0;0;2;0;0;0;0;0;0;0;4;0;0;0;0
"20/02/2021";"19:14:00";"52";"ac02 - Aci";"3";"Al�a Sul";"Sul";"Colis�o Transversal";1;0;0;1;0;0;0;0;0;0;3;3;0;0;0
"21/02/2021";"21:09:00";"49";"ac03 - Aci";"113";"BR-393/RJ";"Norte";"Saida de Pista";1;0;0;0;0;0;0;0;0;0;1;0;0;0;0
"21/02/2021";"23:32:00";"58";"ac02 - Aci";"172,5";"BR-393/RJ";"Sul";"Capotamento";1;0;0;0;0;0;0;0;0;0;0;3;0;0;0
"23/02/2021";"12:30:00";"50";"Acidente c";"174";"BR-393/RJ";"Sul";"Saida de Pista";0;0;0;0;0;0;0;0;0;1;0;1;0;0;0
"24/02/2021";"15:47:00";"49";"ac02 - Aci";"131,8";"BR-393/RJ";"Norte";"Colis�o Traseira";2;0;0;0;0;0;0;0;0;0;2;1;0;0;0
"25/02/2021";"00:04:00";"1";"ac02 - Aci";"138";"BR-393/RJ";"Norte";"Tombamento";0;0;1;0;0;0;0;0;0;0;0;1;1;0;0
"26/02/2021";"13:03:00";"50";"Acidente c";"168";"BR-393/RJ";"Sul";"Colis�o Transversal";1;0;1;0;0;0;0;0;0;0;1;1;0;0;0
"26/02/2021";"16:10:00";"57";"Acidente c";"223";"BR-393/RJ";"Norte";"Colis�o Traseira";1;0;1;0;0;0;0;0;0;0;0;3;0;0;0
"26/02/2021";"20:13:00";"67";"ac03 - Aci";"171,099";"BR-393/RJ";"Sul";"Saida de Pista";0;0;1;0;0;0;0;0;0;0;1;0;0;0;0
"27/02/2021";"01:53:00";"4";"ac02 - Aci";"171,9";"BR-393/RJ";"Sul";"Capotamento";1;0;0;0;0;0;0;0;0;0;2;0;0;1;0
"27/02/2021";"05:49:00";"20";"ac02 - Aci";"242";"BR-393/RJ";"Norte";"Colis�o Lateral Sentido Oposto";1;0;1;0;0;0;0;0;0;0;1;0;1;0;0
"01/03/2021";"01:08:00";"5";"Atropelame";"280,699";"BR-393/RJ";"Pista Norte";"Atropelamento de pedestre";0;0;1;0;0;0;0;0;0;0;1;0;0;0;1
"01/03/2021";"06:19:00";"14";"Acidente c";"265";"BR-393/RJ";"Pista Norte";"Colis�o c/ obst�culos";0;0;1;0;0;0;0;0;0;0;0;1;0;0;0
"01/03/2021";"13:22:00";"39";"Acidente c";"105,099";"BR-393/RJ";"Pista Sul";"Acidentes de outra natureza";0;0;0;1;0;0;0;0;0;0;0;1;0;0;0
"02/03/2021";"08:28:00";"22";"Acidente s";"132";"BR-393/RJ";"Pista Norte";"Colis�o com ve�culos (traseira)";0;0;1;0;0;0;0;0;0;1;2;0;0;0;0
"02/03/2021";"13:41:00";"43";"Acidente s";"177,699";"BR-393/RJ";"Pista Norte";"Colis�o com ve�culos (traseira)";1;0;1;0;0;0;0;0;0;0;4;0;0;0;0
"05/03/2021";"17:32:00";"54";"Acidente s";"243,099";"BR-393/RJ";"Pista Norte";"Colis�o lateral no mesmo sentido";0;0;2;0;0;0;0;0;0;0;2;0;0;0;0
"06/03/2021";"17:30:00";"54";"Acidente c";"145,9";"BR-393/RJ";"Pista Norte";"Colis�o lateral no sentido contr�rio";0;0;1;1;0;0;0;0;0;0;0;3;0;0;1
"06/03/2021";"17:44:00";"55";"Acidente c";"179,699";"BR-393/RJ";"Pista Norte";"Sa�das de pista";1;0;0;0;0;0;0;0;0;0;0;1;0;0;0
"06/03/2021";"18:48:00";"57";"Acidente s";"226,9";"BR-393/RJ";"Pista Sul";"Colis�o com ve�culos (traseira)";1;0;1;0;0;0;0;0;0;0;2;0;0;0;0
"07/03/2021";"03:34:00";"9";"Acidente s";"285";"BR-393/RJ";"Pista Norte";"Colis�o com ve�culos (traseira)";2;0;0;0;0;0;0;0;0;0;2;0;0;0;0
"07/03/2021";"15:58:00";"36";"Acidente c";"164,75";"BR-393/RJ";"Pista Norte";"Tombamento";0;0;1;0;0;0;0;0;0;0;0;1;0;0;0
"08/03/2021";"10:00:00";"31";"Acidente s";"155,2";"BR-393/RJ";"Pista Norte";"Tombamento";0;0;1;0;0;0;0;0;0;0;1;0;0;0;0
"08/03/2021";"17:28:00";"50";"Acidente s";"284,199";"BR-393/RJ";"Pista Norte";"Colis�o com ve�culos (traseira)";2;0;0;0;0;0;0;0;0;0;2;0;0;0;0
"08/03/2021";"17:48:00";"52";"Acidente c";"283,6";"BR-393/RJ";"Pista Norte";"Acidentes de outra natureza";1;0;0;1;0;0;0;0;0;0;1;0;1;0;0
"09/03/2021";"10:36:00";"31";"Acidente c";"131,3";"BR-393/RJ";"Pista Norte";"Tombamento";0;0;2;0;0;0;0;0;0;0;1;0;1;0;0
"10/03/2021";"09:42:00";"21";"Acidente s";"125,7";"BR-393/RJ";"Pista Sul";"Colis�o com ve�culos (traseira)";0;0;2;0;0;0;0;0;0;0;2;0;0;0;0
"10/03/2021";"18:15:00";"39";"Acidente s";"242,8";"BR-393/RJ";"Pista Sul";"Sa�das de pista";0;0;0;0;0;0;0;0;0;1;2;0;0;0;0
"11/03/2021";"18:25:00";"62";"Acidente c";"108";"BR-393/RJ";"Pista Norte";"Acidentes de outra natureza";1;0;0;1;0;0;0;0;0;0;1;1;0;0;0
"11/03/2021";"19:18:00";"64";"Acidente s";"268,3";"BR-393/RJ";"Pista Sul";"Acidentes de outra natureza";1;0;1;0;0;0;0;0;0;0;2;0;0;0;0
"11/03/2021";"19:57:00";"67";"Acidente s";"255,7";"BR-393/RJ";"Pista Sul";"Colis�o com ve�culos (traseira)";1;0;0;0;1;0;0;0;0;0;2;0;0;0;0
"12/03/2021";"13:41:00";"38";"Acidente s";"282";"BR-393/RJ";"Pista Norte";"Colis�o c/ obst�culos";1;0;0;0;0;0;0;0;0;0;1;0;0;0;0
"12/03/2021";"19:52:00";"51";"Acidente s";"156,4";"BR-393/RJ";"Pista Norte";"Sa�das de pista";0;0;1;0;0;0;0;0;0;0;1;0;0;0;0
"13/03/2021";"01:24:00";"5";"Acidente c";"103,9";"BR-393/RJ";"Pista Norte";"Acidentes de outra natureza";0;0;0;1;0;0;0;0;0;0;0;1;0;0;0
"13/03/2021";"11:40:00";"31";"Acidente s";"286,399";"BR-393/RJ";"Pista Sul";"Colis�o com ve�culos (traseira)";3;0;0;0;0;0;0;0;0;0;4;0;0;0;0
"15/03/2021";"09:02:00";"19";"Acidente s";"280";"BR-393/RJ";"Pista Norte";"Engavetamento";4;0;0;0;0;0;0;0;0;0;5;0;0;0;0
"15/03/2021";"10:19:00";"25";"Acidente c";"117,2";"BR-393/RJ";"Pista Sul";"Colis�o lateral no mesmo sentido";1;0;1;0;0;0;0;0;0;0;1;2;0;0;0
"15/03/2021";"17:34:00";"53";"Acidente c";"260,6";"BR-393/RJ";"Pista Norte";"Colis�o c/ obst�culos";0;0;1;0;0;0;0;0;0;0;0;1;0;0;0
"16/03/2021";"18:37:00";"62";"Acidente s";"227,199";"BR-393/RJ";"Pista Sul";"Sa�das de pista";1;0;0;0;0;0;0;0;0;0;2;0;0;0;0
"19/03/2021";"07:47:00";"22";"Acidente s";"164";"BR-393/RJ";"Pista Sul";"Tombamento";0;0;1;0;0;0;0;0;0;0;2;0;0;0;0
"20/03/2021";"04:43:00";"14";"Acidente s";"227";"BR-393/RJ";"Pista Sul";"Sa�das de pista";1;0;0;0;0;0;0;0;0;0;1;0;0;0;0
"20/03/2021";"06:06:00";"17";"Acidente c";"239";"BR-393/RJ";"Pista Norte";"Colis�o lateral no mesmo sentido";2;0;0;0;0;0;0;0;0;0;0;3;0;0;0
"20/03/2021";"12:48:00";"39";"Acidente c";"280";"BR-393/RJ";"Pista Norte";"Colis�o lateral no mesmo sentido";1;0;0;1;0;0;0;0;0;0;0;2;0;0;0
"21/03/2021";"21:37:00";"42";"Acidente s";"282";"BR-393/RJ";"Pista Norte";"Colis�o com ve�culos (traseira)";2;0;0;0;0;0;0;0;0;0;6;0;0;0;0
"22/03/2021";"08:33:00";"27";"Acidente c";"252";"BR-393/RJ";"Pista Norte";"Acidentes de outra natureza";1;0;0;1;0;0;0;0;0;0;1;1;0;0;0
"23/03/2021";"10:19:00";"36";"Acidente s";"282";"BR-393/RJ";"Pista Sul";"Engavetamento";3;0;0;0;0;0;0;0;0;0;5;0;0;0;0
"25/03/2021";"07:53:00";"21";"Acidente s";"274,8";"BR-393/RJ";"Pista Sul";"Tombamento";0;0;1;0;0;0;0;0;0;0;1;0;0;0;0
"26/03/2021";"10:47:00";"27";"Acidente c";"105";"BR-393/RJ";"Pista Norte";"Colis�o lateral no sentido contr�rio";1;0;1;0;0;0;0;0;0;0;1;2;0;0;0
"27/03/2021";"19:59:00";"46";"Acidente s";"285,199";"BR-393/RJ";"Pista Norte";"Colis�o c/ obst�culos";1;0;0;0;0;0;0;0;0;0;1;0;0;0;0
"27/03/2021";"22:49:00";"53";"Acidente c";"283,699";"BR-393/RJ";"Pista Sul";"Colis�o com ve�culos (frontal)";1;0;0;1;0;0;0;0;0;0;1;1;0;0;0
"28/03/2021";"10:26:00";"25";"Acidente s";"227,4";"BR-393/RJ";"Pista Sul";"Colis�o lateral no mesmo sentido";0;0;1;0;1;0;0;0;0;0;2;0;0;0;0
"28/03/2021";"20:04:00";"43";"Acidente c";"217,699";"BR-393/RJ";"Pista Norte";"Colis�o c/ obst�culos";0;0;1;0;0;0;0;0;0;0;0;1;0;0;0
"29/03/2021";"09:01:00";"18";"Acidente c";"285,5";"BR-393/RJ";"Pista Sul";"Colis�o lateral no mesmo sentido";1;0;0;1;0;0;0;0;0;0;1;1;0;0;0
"30/03/2021";"09:29:00";"20";"Acidente c";"137";"BR-393/RJ";"Pista Sul";"Acidentes de outra natureza";0;0;1;0;0;0;0;0;0;0;0;1;0;0;0
"30/03/2021";"11:45:00";"27";"Acidente c";"237";"BR-393/RJ";"Pista Norte";"Acidentes de outra natureza";0;0;0;1;0;0;0;0;0;0;0;0;1;0;0
"30/03/2021";"15:17:00";"34";"Acidente c";"168,7";"BR-393/RJ";"Pista Norte";"Colis�o com ve�culos (traseira)";2;0;0;0;0;0;0;0;0;0;1;1;2;0;0
"31/03/2021";"03:10:00";"4";"Atropelame";"285,7";"BR-393/RJ";"Pista Norte";"Atropelamento de pedestre";1;0;0;0;0;0;0;0;0;0;0;1;0;1;0
"01/04/2021";"06:51:00";"19";"Acidente s";"179,099";"BR-393/RJ";"Crescente";"Colis�o c/ obst�culos";0;0;1;0;0;0;0;0;0;0;1;0;0;0;0
"03/04/2021";"20:18:00";"38";"Acidente c";"285,699";"BR-393/RJ";"Decrescente";"Acidentes de outra natureza";0;0;0;1;0;0;0;0;0;1;1;0;1;1;0
"04/04/2021";"06:28:00";"15";"Acidente c";"180";"BR-393/RJ";"Decrescente";"Acidentes de outra natureza";0;0;0;1;0;0;0;0;0;0;0;2;0;0;0
"04/04/2021";"14:47:00";"28";"Acidente s";"255";"BR-393/RJ";"Decrescente";"Colis�o com ve�culos (traseira)";2;0;0;0;0;0;0;0;0;0;2;0;0;0;0
"05/04/2021";"06:54:00";"16";"Atropelame";"172,3";"BR-393/RJ";"Crescente";"Colis�o com ve�culos (frontal)";0;0;2;0;0;0;0;0;0;0;0;0;1;0;2
"05/04/2021";"18:33:00";"54";"Acidente c";"284";"BR-393/RJ";"Crescente";"Atropelamento de pedestre";1;0;0;0;0;0;0;0;0;0;1;1;0;0;0
"05/04/2021";"21:40:00";"60";"Acidente c";"225,099";"BR-393/RJ";"Decrescente";"Colis�o com ve�culos (traseira)";0;0;0;2;0;0;0;0;0;0;0;2;0;0;0
"07/04/2021";"15:21:00";"45";"Acidente s";"135,5";"BR-393/RJ";"Decrescente";"Colis�o c/ obst�culos";0;0;1;0;0;0;0;0;0;0;1;0;0;0;0
"07/04/2021";"17:11:00";"54";"Acidente c";"123,099";"BR-393/RJ";"Decrescente";"Tombamento";0;0;1;0;0;0;0;0;0;0;0;0;1;0;0
"08/04/2021";"18:08:00";"54";"Acidente c";"151,9";"BR-393/RJ";"Crescente";"Sa�das de pista";1;0;0;0;0;0;0;0;0;0;0;2;1;0;0
"08/04/2021";"20:59:00";"64";"Acidente c";"102,7";"BR-393/RJ";"Crescente";"Colis�o com ve�culos (frontal)";1;0;1;0;0;0;0;0;0;0;0;1;0;0;2
"10/04/2021";"22:25:00";"53";"Acidente c";"130,3";"BR-393/RJ";"Crescente";"Atropelamento de pedestre";1;1;0;0;0;0;0;0;0;0;1;0;1;0;0
"11/04/2021";"18:57:00";"38";"Acidente c";"252,5";"BR-393/RJ";"Crescente";"Acidentes de outra natureza";0;0;0;1;0;0;0;0;0;0;0;0;1;0;0
"14/04/2021";"11:17:00";"35";"Acidente s";"232,599";"BR-393/RJ";"Decrescente";"Colis�o lateral no mesmo sentido";0;0;2;0;0;0;0;0;0;0;2;0;0;0;0
"14/04/2021";"11:43:00";"38";"Acidente c";"283,9";"BR-393/RJ";"Decrescente";"Atropelamento de pedestre";1;1;0;0;0;0;0;0;0;0;1;1;0;0;0
"15/04/2021";"19:53:00";"64";"Acidente s";"285,199";"BR-393/RJ";"Decrescente";"Colis�o com ve�culos (traseira)";1;0;0;0;1;0;0;0;0;0;4;0;0;0;0
"17/04/2021";"01:22:00";"1";"Acidente c";"283,6";"BR-393/RJ";"Crescente";"Colis�o c/ obst�culos";0;0;1;1;0;0;0;0;0;0;1;0;0;0;1
"17/04/2021";"06:15:00";"14";"Acidente c";"181,3";"BR-393/RJ";"Decrescente";"Sa�das de pista";1;0;0;0;0;0;0;0;0;0;0;1;0;0;0
"17/04/2021";"07:00:00";"15";"Acidente s";"185,1";"BR-393/RJ";"Decrescente";"Sa�das de pista";0;0;1;0;0;0;0;0;0;0;1;0;0;0;0
"17/04/2021";"18:14:00";"48";"Acidente c";"236";"BR-393/RJ";"Crescente";"Acidentes de outra natureza";1;0;0;1;0;0;0;0;0;0;1;1;1;0;0
"17/04/2021";"19:54:00";"52";"Acidente s";"285";"BR-393/RJ";"Decrescente";"Engavetamento";3;0;0;0;0;0;0;0;0;0;5;0;0;0;0
"18/04/2021";"04:13:00";"10";"Acidente s";"233,2";"BR-393/RJ";"Decrescente";"Capotamento";1;0;0;0;0;0;0;0;0;0;1;0;0;0;0
"18/04/2021";"06:46:00";"12";"Acidente c";"273,8";"BR-393/RJ";"Crescente";"Tombamento";0;0;1;0;0;0;0;0;0;0;0;0;1;0;0