fdata;horario;n_da_ocorrencia;tipo_de_ocorrencia;km;trecho;sentido;tipo_de_acidente;automovel;bicicleta;caminhao;moto;onibus;outros;tracao_animal;transporte_de_cargas_especiais;trator_maquinas;utilitarios;ilesos;levemente_feridos;moderadamente_feridos;gravemente_feridos;mortos
"12/06/2022";"11:00:00";"30";"Acidente c";"258,1";"BR-393/RJ";"Crescente";"Colis�o lateral no mesmo sentido";2;0;0;0;0;0;0;0;0;0;3;0;1;0;0
"12/06/2022";"13:16:00";"37";"Acidente c";"168,2";"BR-393/RJ";"Decrescente";"Colis�o com ve�culos (traseira)";0;0;1;1;0;0;0;0;0;0;1;0;1;0;0
"12/06/2022";"23:20:00";"61";"Acidente c";"103,7";"BR-393/RJ";"Decrescente";"Acidentes de outra natureza";0;0;0;1;0;0;0;0;0;0;0;1;1;0;0
"13/06/2022";"00:55:00";"7";"Acidente c";"143,599";"BR-393/RJ";"Decrescente";"Sa�das de pista";1;0;0;0;0;0;0;0;0;0;0;1;0;0;0
"13/06/2022";"13:05:00";"36";"Acidente c";"162,099";"BR-393/RJ";"Decrescente";"Tombamento";0;0;1;0;0;0;0;0;0;0;0;1;0;0;0
"14/06/2022";"14:16:00";"38";"Acidente s";"233,8";"BR-393/RJ";"Decrescente";"Acidentes de outra natureza";2;0;0;0;0;0;0;0;0;0;3;0;0;0;0
"15/06/2022";"06:38:00";"19";"Acidente c";"221,099";"BR-393/RJ";"Decrescente";"Tombamento";0;0;1;0;0;0;0;0;0;0;0;1;0;0;0
"15/06/2022";"13:42:00";"40";"Acidente c";"281,199";"BR-393/RJ";"Crescente";"Colis�o com ve�culos (traseira)";1;0;1;0;0;0;0;0;0;0;1;2;0;0;0
"17/06/2022";"06:19:00";"13";"Acidente c";"182";"BR-393/RJ";"Crescente";"Colis�o lateral no mesmo sentido";1;0;1;0;0;0;0;0;0;0;2;1;0;0;0
"17/06/2022";"09:40:00";"21";"Acidente s";"174,199";"BR-393/RJ";"Decrescente";"Colis�o c/ obst�culos";1;0;0;0;0;0;0;0;0;0;1;0;0;0;0
"17/06/2022";"11:11:00";"24";"Acidente c";"279,699";"BR-393/RJ";"Crescente";"Colis�o com ve�culos (traseira)";2;0;0;0;0;0;0;0;0;0;1;4;0;0;0
"17/06/2022";"14:52:00";"32";"Acidente c";"286,001";"BR-393/RJ";"Decrescente";"Acidentes de outra natureza";0;0;1;1;0;0;0;0;0;0;1;1;0;0;0
"17/06/2022";"17:33:00";"37";"Acidente s";"284,899";"BR-393/RJ";"Decrescente";"Colis�o lateral no mesmo sentido";1;0;1;0;0;0;0;0;0;0;3;0;0;0;0
"17/06/2022";"18:18:00";"38";"Acidente c";"168,3";"BR-393/RJ";"Crescente";"Acidentes de outra natureza";0;0;0;1;0;0;0;0;0;1;3;0;1;0;0
"18/06/2022";"09:05:00";"23";"Acidente s";"157";"BR-393/RJ";"Decrescente";"Colis�o com ve�culos (traseira)";1;0;0;1;0;0;0;0;0;0;3;0;0;0;0
"19/06/2022";"10:17:00";"20";"Acidente c";"171,6";"BR-393/RJ";"Decrescente";"Colis�o lateral no mesmo sentido";1;0;0;1;0;0;0;0;0;0;1;2;0;0;0
"20/06/2022";"18:30:00";"58";"Acidente c";"102,9";"BR-393/RJ";"Crescente";"Acidentes de outra natureza";1;0;0;1;0;0;0;0;0;0;1;0;2;0;0
"21/06/2022";"18:29:00";"52";"Acidente s";"268,1";"BR-393/RJ";"Decrescente";"Colis�o lateral no mesmo sentido";1;0;1;0;0;0;0;0;0;0;2;0;0;0;0
"21/06/2022";"20:43:00";"58";"Acidente c";"172,599";"BR-393/RJ";"Crescente";"Atropelamento de pedestre";0;0;0;1;0;0;0;0;0;0;1;0;1;2;0
"23/06/2022";"08:53:00";"26";"Acidente s";"286";"BR-393/RJ";"Crescente";"Engavetamento";3;0;0;0;0;0;0;0;0;0;3;0;0;0;0
"23/06/2022";"13:06:00";"41";"Acidente c";"2,1";"BR-393/RJ";"Crescente";"Acidentes de outra natureza";0;0;1;1;0;0;0;0;0;0;1;1;0;0;0
"23/06/2022";"16:58:00";"47";"Acidente s";"282,6";"BR-393/RJ";"Crescente";"Colis�o com ve�culos (traseira)";1;0;1;0;0;0;0;0;0;0;2;0;0;0;0
"23/06/2022";"17:03:00";"48";"Acidente s";"282,5";"BR-393/RJ";"Crescente";"Colis�o com ve�culos (traseira)";2;0;0;0;0;0;0;0;0;0;2;0;0;0;0
"24/06/2022";"07:34:00";"19";"Acidente s";"168,6";"BR-393/RJ";"Decrescente";"Tombamento";0;0;1;0;0;0;0;0;0;0;1;0;0;0;0
"25/06/2022";"05:13:00";"13";"Acidente s";"103,6";"BR-393/RJ";"Crescente";"Tombamento";0;0;1;0;0;0;0;0;0;0;1;0;0;0;0
"25/06/2022";"06:16:00";"16";"Acidente c";"246";"BR-393/RJ";"Decrescente";"Colis�o c/ obst�culos";1;0;0;0;0;0;0;0;0;0;5;1;0;0;0
"25/06/2022";"07:04:00";"17";"Acidente s";"252,099";"BR-393/RJ";"Decrescente";"Engavetamento";3;0;1;0;0;0;0;0;0;0;4;0;0;0;0
"25/06/2022";"10:21:00";"25";"Acidente c";"162,099";"BR-393/RJ";"Decrescente";"Tombamento";0;0;1;0;0;0;0;0;0;0;0;0;0;1;0
"25/06/2022";"21:10:00";"52";"Acidente c";"106,4";"BR-393/RJ";"Decrescente";"Colis�o com ve�culos (traseira)";1;0;0;1;1;0;0;0;0;0;39;0;1;0;0
"26/06/2022";"07:25:00";"15";"Acidente s";"244,5";"BR-393/RJ";"Crescente";"Sa�das de pista";1;0;0;0;0;0;0;0;0;0;1;0;0;0;0
"26/06/2022";"22:07:00";"43";"Acidente s";"129,199";"BR-393/RJ";"Crescente";"Atropelamento de animais";0;0;1;0;0;0;0;0;0;0;1;0;0;0;0
"27/06/2022";"13:48:00";"41";"Acidente s";"284,199";"BR-393/RJ";"Decrescente";"Colis�o com ve�culos (traseira)";1;0;1;0;0;0;0;0;0;0;2;0;0;0;0
"28/06/2022";"08:04:00";"20";"Acidente s";"106,022";"BR-393/RJ";"Decrescente";"Colis�o lateral no sentido contr�rio";2;0;0;0;0;0;0;0;0;0;2;0;0;0;0
"28/06/2022";"14:51:00";"47";"Acidente c";"132";"BR-393/RJ";"Decrescente";"Colis�o lateral no sentido contr�rio";1;0;0;1;0;0;0;0;0;0;1;0;1;0;0
"29/06/2022";"04:07:00";"10";"Acidente s";"120,599";"BR-393/RJ";"Crescente";"Sa�das de pista";0;0;1;0;0;0;0;0;0;0;1;0;0;0;0
"29/06/2022";"15:17:00";"37";"Acidente c";"141,8";"BR-393/RJ";"Crescente";"Engavetamento";3;0;0;0;0;0;0;0;0;0;3;2;0;0;0
"29/06/2022";"15:19:00";"38";"Acidente c";"243,8";"BR-393/RJ";"Crescente";"Colis�o c/ obst�culos";1;0;0;0;0;0;0;0;0;0;0;1;0;0;0
"30/06/2022";"04:11:00";"13";"Acidente c";"177,4";"BR-393/RJ";"Decrescente";"Sa�das de pista";1;0;0;0;0;0;0;0;0;0;0;2;1;0;0
"30/06/2022";"04:44:00";"14";"Acidente s";"203,3";"BR-393/RJ";"Decrescente";"Colis�o com ve�culos (traseira)";0;0;3;0;0;0;0;0;0;0;4;0;0;0;0
"30/06/2022";"05:45:00";"15";"Acidente c";"285,001";"BR-393/RJ";"Crescente";"Acidentes de outra natureza";0;0;1;1;0;0;0;0;0;0;1;0;0;1;0
"30/06/2022";"18:54:00";"62";"Acidente c";"102,2";"BR-393/RJ";"Crescente";"Colis�o com ve�culos (traseira)";1;0;0;1;0;0;0;0;0;0;1;1;1;0;0
"01/07/2022";"10:19:00";"26";"Acidente c";"106,2";"BR-393/RJ";"Crescente";"Engavetamento";1;0;0;1;0;0;0;0;0;0;1;1;1;0;0
"01/07/2022";"16:30:00";"44";"Acidente s";"195";"BR-393/RJ";"Decrescente";"Atropelamento de pedestre";2;0;1;0;0;0;0;0;0;0;3;0;0;0;0
"02/07/2022";"17:08:00";"50";"Atropelame";"285,699";"BR-393/RJ";"Crescente";"Sa�das de pista";1;0;0;0;0;0;0;0;0;0;1;0;1;0;0
"04/07/2022";"04:29:00";"16";"Acidente c";"143,698";"BR-393/RJ";"Crescente";"Colis�o com ve�culos (frontal)";0;0;1;0;0;0;0;0;0;0;0;1;0;0;0
"04/07/2022";"06:23:00";"18";"Acidente c";"272,4";"BR-393/RJ";"Crescente";"Engavetamento";1;0;0;0;1;0;0;0;0;0;3;1;0;1;0
"04/07/2022";"07:20:00";"20";"Acidente c";"167,9";"BR-393/RJ";"Decrescente";"Colis�o lateral no mesmo sentido";4;0;0;0;0;0;0;0;0;0;3;1;0;0;0
"04/07/2022";"18:17:00";"50";"Acidente s";"273,899";"BR-393/RJ";"Crescente";"Colis�o lateral no sentido contr�rio";1;0;1;0;0;0;0;0;0;0;2;0;0;0;0
"05/07/2022";"08:25:00";"28";"Acidente c";"266,3";"BR-393/RJ";"Crescente";"Acidentes de outra natureza";1;0;2;0;0;0;0;0;0;0;8;1;0;0;0
"06/07/2022";"10:50:00";"32";"Acidente c";"281,199";"BR-393/RJ";"Decrescente";"Acidentes de outra natureza";1;0;0;1;0;0;0;0;0;0;1;0;1;0;0
"06/07/2022";"18:16:00";"57";"Acidente s";"168,9";"BR-393/RJ";"Crescente";"Colis�o com ve�culos (frontal)";2;0;0;0;0;0;0;0;0;0;4;0;0;0;0
"06/07/2022";"21:32:00";"62";"Acidente c";"102,4";"BR-393/RJ";"Decrescente";"Acidentes de outra natureza";2;0;0;0;0;0;0;0;0;0;3;0;1;0;0
"07/07/2022";"07:07:00";"21";"Acidente s";"255";"BR-393/RJ";"Decrescente";"Acidentes de outra natureza";2;0;0;0;0;0;0;0;0;0;2;0;0;0;0
"07/07/2022";"18:39:00";"57";"Acidente c";"175";"BR-393/RJ";"Crescente";"Engavetamento";0;0;0;1;0;0;0;0;0;0;0;1;0;0;0
"08/07/2022";"08:57:00";"26";"Acidente s";"177,699";"BR-393/RJ";"Crescente";"Colis�o com ve�culos (traseira)";0;0;3;0;0;0;0;0;0;0;4;0;0;0;0
"08/07/2022";"10:03:00";"28";"Acidente s";"212,099";"BR-393/RJ";"Decrescente";"Capotamento";0;0;2;0;0;0;0;0;0;0;2;0;0;0;0
"10/07/2022";"00:07:00";"2";"Acidente c";"104";"BR-393/RJ";"Decrescente";"Colis�o c/ obst�culos";1;0;0;0;0;0;0;0;0;0;0;2;0;0;0
"10/07/2022";"05:48:00";"14";"Acidente s";"181,3";"BR-393/RJ";"Decrescente";"Colis�o com ve�culos (frontal)";1;0;0;0;0;0;0;0;0;0;1;0;0;0;0
"11/07/2022";"10:29:00";"33";"Acidente c";"138,1";"BR-393/RJ";"Crescente";"Acidentes de outra natureza";0;0;2;0;0;0;0;0;0;0;0;0;0;1;1
"14/07/2022";"03:01:00";"13";"Acidente c";"235,2";"BR-393/RJ";"Decrescente";"Colis�o com ve�culos (traseira)";0;0;0;1;0;0;0;0;0;0;0;2;0;0;0
"15/07/2022";"11:54:00";"31";"Acidente s";"154,8";"BR-393/RJ";"Decrescente";"Colis�o lateral no mesmo sentido";1;0;1;0;0;0;0;0;0;0;3;0;0;0;0
"15/07/2022";"13:51:00";"36";"Acidente s";"245,5";"BR-393/RJ";"Crescente";"Engavetamento";2;0;0;0;0;0;0;0;0;0;3;0;0;0;0
"15/07/2022";"18:14:00";"54";"Acidente s";"285";"BR-393/RJ";"Decrescente";"Sa�das de pista";3;0;0;0;0;0;0;0;0;0;3;0;0;0;0
"16/07/2022";"02:36:00";"5";"Acidente s";"229,8";"BR-393/RJ";"Crescente";"Colis�o com ve�culos (traseira)";1;0;0;0;0;0;0;0;0;0;1;0;0;0;0
"17/07/2022";"10:29:00";"19";"Acidente c";"177,699";"BR-393/RJ";"Decrescente";"Colis�o com ve�culos (traseira)";1;0;1;0;0;0;0;0;0;0;1;1;0;0;0
"17/07/2022";"14:53:00";"28";"Acidente s";"265,8";"BR-393/RJ";"Decrescente";"Capotamento";2;0;0;0;0;0;0;0;0;0;10;0;0;0;0
"17/07/2022";"21:26:00";"48";"Acidente s";"172,3";"BR-393/RJ";"Crescente";"Capotamento";1;0;0;0;0;0;0;0;0;0;2;0;0;0;0
"18/07/2022";"13:42:00";"36";"Acidente s";"255";"BR-393/RJ";"Crescente";"Acidentes de outra natureza";0;0;1;0;0;0;0;0;0;1;3;0;0;0;0
"19/07/2022";"10:11:00";"29";"Acidente c";"283,6";"BR-393/RJ";"Crescente";"Engavetamento";0;1;0;1;0;0;0;0;0;0;1;1;0;0;0
"19/07/2022";"10:46:00";"31";"Acidente s";"195";"BR-393/RJ";"Decrescente";"Colis�o lateral no sentido contr�rio";2;0;1;0;0;0;0;0;0;0;3;0;0;0;0
"20/07/2022";"06:43:00";"19";"Acidente s";"122,2";"BR-393/RJ";"Decrescente";"Colis�o com ve�culos (frontal)";1;0;1;0;0;0;0;0;0;0;3;0;0;0;0
"20/07/2022";"13:29:00";"44";"Acidente c";"102,7";"BR-393/RJ";"Decrescente";"Acidentes de outra natureza";1;0;1;0;0;0;0;0;0;0;0;1;0;2;0
"20/07/2022";"17:13:00";"53";"Acidente c";"171,599";"BR-393/RJ";"Crescente";"Colis�o com ve�culos (frontal)";0;0;0;1;0;0;0;0;0;0;0;1;0;0;0
"21/07/2022";"16:52:00";"60";"Acidente c";"142,199";"BR-393/RJ";"Decrescente";"Colis�o com ve�culos (frontal)";1;0;0;1;0;0;0;0;0;0;1;1;0;0;0
"22/07/2022";"07:52:00";"17";"Acidente c";"263,899";"BR-393/RJ";"Crescente";"Acidentes de outra natureza";0;0;0;1;0;0;0;0;0;1;1;1;0;0;1
"23/07/2022";"18:48:00";"48";"Acidente c";"203,199";"BR-393/RJ";"Decrescente";"Acidentes de outra natureza";0;0;0;1;0;0;0;0;0;0;0;0;1;0;0
"24/07/2022";"06:49:00";"22";"Acidente s";"143,7";"BR-393/RJ";"Crescente";"Colis�o c/ obst�culos";0;0;0;1;0;0;0;0;0;0;1;1;0;0;0
"24/07/2022";"16:13:00";"50";"Acidente s";"163,5";"BR-393/RJ";"Crescente";"Sa�das de pista";0;0;1;0;0;0;0;0;0;0;1;0;0;0;0
"24/07/2022";"18:24:00";"60";"Acidente s";"108,4";"BR-393/RJ";"Crescente";"Colis�o com ve�culos (traseira)";1;0;0;0;0;0;0;0;0;0;1;0;0;0;0
"25/07/2022";"09:20:00";"22";"Acidente s";"285,5";"BR-393/RJ";"Crescente";"Colis�o c/ obst�culos";2;0;0;0;0;0;0;0;0;0;2;0;0;0;0
"27/07/2022";"02:57:00";"12";"Acidente c";"169";"BR-393/RJ";"Decrescente";"Acidentes de outra natureza";1;0;0;0;0;0;0;0;0;0;0;1;0;0;0
"29/07/2022";"08:37:00";"18";"Acidente s";"235,099";"BR-393/RJ";"Crescente";"Engavetamento";2;0;0;0;0;0;0;0;0;0;3;0;0;0;0
"29/07/2022";"09:06:00";"20";"Acidente c";"168";"BR-393/RJ";"Crescente";"Engavetamento";3;0;0;0;0;0;0;0;0;0;3;1;0;0;0
"29/07/2022";"09:42:00";"22";"Acidente c";"114,2";"BR-393/RJ";"Decrescente";"Tombamento";0;0;1;0;0;0;0;0;0;0;0;3;1;0;0
"29/07/2022";"18:23:00";"49";"Acidente s";"191";"BR-393/RJ";"Decrescente";"Colis�o c/ obst�culos";1;0;1;0;0;0;0;0;0;0;4;0;0;0;0
"30/07/2022";"04:06:00";"11";"Acidente s";"285,199";"BR-393/RJ";"Decrescente";"Sa�das de pista";1;0;0;0;0;0;0;0;0;0;3;0;0;0;0
"30/07/2022";"05:35:00";"12";"Acidente s";"242,099";"BR-393/RJ";"Decrescente";"Colis�o c/ obst�culos";1;0;0;0;0;0;0;0;0;0;2;0;0;0;0
"30/07/2022";"16:45:00";"33";"Acidente c";"258";"BR-393/RJ";"Crescente";"Sa�das de pista";0;0;0;0;0;0;0;0;0;1;0;1;0;0;0
"31/07/2022";"09:12:00";"16";"Acidente s";"283";"BR-393/RJ";"Decrescente";"Acidentes de outra natureza";1;0;0;0;0;0;0;0;0;0;1;0;0;0;0
"31/07/2022";"15:58:00";"29";"Acidente c";"281";"BR-393/RJ";"Crescente";"Colis�o lateral no mesmo sentido";0;0;0;1;0;0;0;0;0;0;0;0;1;0;0
"31/07/2022";"16:29:00";"31";"Acidente s";"267";"BR-393/RJ";"Decrescente";"Acidentes de outra natureza";3;0;0;0;0;0;0;0;0;0;5;0;0;0;0
"31/07/2022";"17:18:00";"36";"Acidente c";"238,8";"BR-393/RJ";"Decrescente";"Atropelamento de animais";0;0;0;1;0;0;0;0;0;0;0;0;1;0;0
"02/08/2022";"15:49:00";"51";"Acidente c";"146,2";"BR-393/RJ";"Crescente";"Colis�o lateral no mesmo sentido";1;0;0;1;0;0;0;0;0;0;1;1;0;0;0
"03/08/2022";"13:42:00";"37";"Acidente c";"254,099";"BR-393/RJ";"Crescente";"Acidentes de outra natureza";0;0;0;1;0;0;0;0;0;0;0;0;1;0;0
"04/08/2022";"14:44:00";"33";"Acidente c";"263,6";"BR-393/RJ";"Decrescente";"Tombamento";0;0;1;1;0;0;0;0;0;0;0;1;1;0;0
"04/08/2022";"19:23:00";"47";"Acidente c";"143,699";"BR-393/RJ";"Decrescente";"Tombamento";0;0;1;0;0;0;0;0;0;0;0;1;0;0;0
"05/08/2022";"09:29:00";"24";"Acidente s";"232,199";"BR-393/RJ";"Crescente";"Colis�o com ve�culos (traseira)";1;0;1;0;0;0;0;0;0;0;4;0;0;0;0
"05/08/2022";"17:11:00";"49";"Acidente s";"180";"BR-393/RJ";"Decrescente";"Acidentes de outra natureza";2;0;0;0;0;0;0;0;0;0;3;0;0;0;0
"05/08/2022";"19:30:00";"53";"Acidente c";"235,4";"BR-393/RJ";"Decrescente";"Acidentes de outra natureza";0;0;0;2;0;0;0;0;0;0;0;2;1;0;0
"06/08/2022";"06:34:00";"20";"Acidente c";"114,2";"BR-393/RJ";"Crescente";"Colis�o c/ obst�culos";0;0;1;0;0;0;0;0;0;0;0;1;0;0;0
"08/08/2022";"06:51:00";"13";"Acidente s";"285,199";"BR-393/RJ";"Decrescente";"Colis�o lateral no mesmo sentido";1;0;0;0;1;0;0;0;0;0;2;0;0;0;0
"09/08/2022";"07:26:00";"20";"Acidente s";"264";"BR-393/RJ";"Decrescente";"Colis�o lateral no sentido contr�rio";2;0;0;0;0;0;0;0;0;0;0;4;0;0;0
"09/08/2022";"15:52:00";"48";"Atropelame";"210,3";"BR-393/RJ";"Crescente";"Atropelamento de pedestre";1;0;0;0;0;0;0;0;0;0;1;0;1;0;0
"09/08/2022";"18:09:00";"54";"Atropelame";"282,1";"BR-393/RJ";"Decrescente";"Atropelamento de pedestre";1;0;0;0;0;0;0;0;0;0;4;1;0;0;0
"10/08/2022";"09:10:00";"22";"Acidente s";"224,199";"BR-393/RJ";"Decrescente";"Sa�das de pista";1;0;0;0;0;0;0;0;0;0;3;0;0;0;0
"11/08/2022";"01:32:00";"6";"Acidente c";"163,95";"BR-393/RJ";"Crescente";"Tombamento";0;0;1;0;0;0;0;0;0;0;0;1;0;0;0
"11/08/2022";"06:44:00";"16";"Acidente s";"178,4";"BR-393/RJ";"Decrescente";"Engavetamento";1;0;0;2;0;0;0;0;0;0;3;0;0;0;0
"11/08/2022";"11:34:00";"41";"Acidente s";"104";"BR-393/RJ";"Crescente";"Colis�o com ve�culos (traseira)";2;0;0;0;0;0;0;0;0;0;3;0;0;0;0
"11/08/2022";"15:40:00";"52";"Acidente c";"282";"BR-393/RJ";"Decrescente";"Acidentes de outra natureza";1;0;0;1;0;0;0;0;0;0;1;0;0;1;0
"11/08/2022";"17:45:00";"57";"Atropelame";"237,1";"BR-393/RJ";"Crescente";"Atropelamento - Ciclista";0;1;0;1;0;0;0;0;0;0;0;2;0;1;0
"11/08/2022";"19:06:00";"60";"Acidente s";"236,7";"BR-393/RJ";"Decrescente";"Acidentes de outra natureza";2;0;0;0;0;0;0;0;0;0;2;0;0;0;0
"11/08/2022";"19:10:00";"61";"Acidente c";"176";"BR-393/RJ";"Decrescente";"Colis�o com ve�culos (traseira)";1;0;1;0;0;0;0;0;0;0;1;1;0;0;0
"12/08/2022";"04:40:00";"12";"Acidente s";"189";"BR-393/RJ";"Decrescente";"Atropelamento de animais";0;0;1;0;0;0;0;0;0;0;1;0;0;0;0
"12/08/2022";"18:08:00";"45";"Acidente c";"235,599";"BR-393/RJ";"Crescente";"Acidentes de outra natureza";2;0;0;0;0;0;0;0;0;0;4;2;0;0;0
"13/08/2022";"12:59:00";"32";"Acidente s";"256";"BR-393/RJ";"Crescente";"Colis�o com ve�culos (traseira)";1;0;1;0;0;0;0;0;0;0;5;0;0;0;0
"13/08/2022";"19:21:00";"53";"Acidente c";"235,4";"BR-393/RJ";"Crescente";"Colis�o com ve�culos (frontal)";1;0;0;1;0;0;0;0;0;0;5;1;0;0;0
"14/08/2022";"05:16:00";"14";"Acidente c";"285,3";"BR-393/RJ";"Decrescente";"Capotamento";1;0;0;0;0;0;0;0;0;0;0;1;0;0;0
"14/08/2022";"13:23:00";"40";"Acidente c";"1,2";"Al�a Sul";"Crescente";"Colis�o lateral no mesmo sentido";1;0;0;1;0;0;0;0;0;0;2;1;0;0;0
"16/08/2022";"01:20:00";"7";"Acidente c";"176,5";"BR-393/RJ";"Crescente";"Atropelamento de animais";0;0;0;1;0;0;0;0;0;0;0;0;1;0;0
"16/08/2022";"07:51:00";"21";"Acidente s";"264,3";"BR-393/RJ";"Decrescente";"Colis�o lateral no mesmo sentido";1;0;1;0;0;0;0;0;0;0;3;0;0;0;0
"16/08/2022";"18:13:00";"64";"Acidente c";"268,1";"BR-393/RJ";"Crescente";"Acidentes de outra natureza";1;0;0;0;0;0;0;0;0;1;1;1;0;0;0
"17/08/2022";"13:41:00";"32";"Acidente s";"106";"BR-393/RJ";"Decrescente";"Acidentes de outra natureza";1;0;0;1;0;0;0;0;0;0;3;0;0;0;0
"17/08/2022";"16:43:00";"49";"Acidente s";"110,099";"BR-393/RJ";"Crescente";"Sa�das de pista";1;0;0;0;0;0;0;0;0;0;1;0;0;0;0
"17/08/2022";"17:07:00";"50";"Acidente s";"285,99";"BR-393/RJ";"Decrescente";"Colis�o com ve�culos (traseira)";2;0;0;0;0;0;0;0;0;0;2;0;0;0;0
"18/08/2022";"17:05:00";"61";"Acidente s";"175";"BR-393/RJ";"Decrescente";"Tombamento";0;0;1;0;0;0;0;0;0;0;1;0;0;0;0
"20/08/2022";"03:33:00";"12";"Acidente s";"246";"BR-393/RJ";"Crescente";"Capotamento";1;0;0;0;0;0;0;0;0;0;0;1;0;0;0
"20/08/2022";"04:12:00";"13";"Acidente s";"235";"BR-393/RJ";"Crescente";"Acidentes de outra natureza";0;0;0;1;1;0;0;0;0;0;46;0;0;0;0
"20/08/2022";"06:02:00";"15";"Acidente s";"250";"BR-393/RJ";"Crescente";"Capotamento";1;0;0;0;0;0;0;0;0;0;1;0;0;0;0
"20/08/2022";"07:18:00";"18";"Acidente s";"258";"BR-393/RJ";"Crescente";"Sa�das de pista";1;0;0;0;0;0;0;0;0;0;1;0;0;0;0
"20/08/2022";"14:54:00";"33";"Acidente s";"231";"BR-393/RJ";"Crescente";"Acidentes de outra natureza";1;0;1;0;0;0;0;0;0;0;2;0;0;0;0
"20/08/2022";"22:03:00";"61";"Acidente c";"220";"BR-393/RJ";"Decrescente";"Capotamento";1;0;0;0;0;0;0;0;0;0;0;0;0;0;1
"21/08/2022";"06:27:00";"17";"Acidente s";"234";"BR-393/RJ";"Crescente";"Sa�das de pista";1;0;0;0;0;0;0;0;0;0;1;0;0;0;0
"23/08/2022";"10:49:00";"29";"Acidente s";"179,9";"BR-393/RJ";"Crescente";"Colis�o lateral no mesmo sentido";0;0;2;0;0;0;0;0;0;0;2;0;0;0;0
"24/08/2022";"21:46:00";"58";"Atropelame";"256,7";"BR-393/RJ";"Crescente";"Atropelamento de pedestre";0;0;0;0;1;0;0;0;0;0;1;0;0;1;0
"25/08/2022";"08:25:00";"14";"Acidente c";"124";"BR-393/RJ";"Crescente";"Colis�o c/ obst�culos";1;0;0;0;0;0;0;0;0;0;0;1;0;0;0
"28/08/2022";"05:00:00";"15";"Acidente c";"164,75";"BR-393/RJ";"Decrescente";"Tombamento";0;0;1;0;0;0;0;0;0;0;0;2;0;0;0
"28/08/2022";"18:56:00";"60";"Acidente c";"256,95";"BR-393/RJ";"Decrescente";"Sa�das de pista";1;0;0;0;0;0;0;0;0;0;0;1;0;0;0
"28/08/2022";"23:52:00";"71";"Acidente s";"285";"BR-393/RJ";"Decrescente";"Acidentes de outra natureza";2;0;0;0;0;0;0;0;0;0;3;0;0;0;0
"30/08/2022";"22:56:00";"67";"Atropelame";"146";"BR-393/RJ";"Crescente";"Atropelamento de pedestre";0;0;1;0;0;0;0;0;0;0;0;0;0;0;1
"31/08/2022";"09:57:00";"31";"Acidente s";"219,9";"BR-393/RJ";"Crescente";"Sa�das de pista";1;0;0;0;0;0;0;0;0;0;2;0;0;0;0
"31/08/2022";"16:03:00";"53";"Acidente c";"236,5";"BR-393/RJ";"Crescente";"Acidentes de outra natureza";1;0;0;1;0;0;0;0;0;0;2;1;0;0;0
"31/08/2022";"19:22:00";"70";"Acidente c";"279,9";"BR-393/RJ";"Crescente";"Colis�o com ve�culos (traseira)";0;0;1;1;0;0;0;0;0;0;1;0;1;0;0
"31/08/2022";"19:35:00";"72";"Acidente c";"123,099";"BR-393/RJ";"Decrescente";"Acidentes de outra natureza";0;0;0;1;0;0;0;0;0;0;0;0;1;0;0
"31/08/2022";"21:19:00";"82";"Acidente s";"167";"BR-393/RJ";"Crescente";"Colis�o com ve�culos (traseira)";0;0;0;0;0;0;0;0;0;2;2;0;0;0;0
"01/09/2022";"02:24:00";"11";"Acidente s";"259,3";"BR-393/RJ";"Crescente";"Atropelamento de animais";0;0;1;0;0;0;0;0;0;0;1;0;0;0;0
"01/09/2022";"17:15:00";"59";"Acidente c";"126,299";"BR-393/RJ";"Crescente";"Engavetamento";1;0;3;0;0;0;0;0;0;0;0;4;0;0;0
"02/09/2022";"11:51:00";"43";"Acidente s";"233,099";"BR-393/RJ";"Decrescente";"Colis�o com ve�culos (traseira)";0;0;0;0;0;0;0;0;0;2;2;0;0;0;0
"02/09/2022";"15:11:00";"55";"Acidente s";"238,699";"BR-393/RJ";"Decrescente";"Colis�o com ve�culos (traseira)";2;0;0;0;0;0;0;0;0;0;5;0;0;0;0
"04/09/2022";"04:58:00";"11";"Acidente s";"161,577";"BR-393/RJ";"Decrescente";"Colis�o c/ obst�culos";0;0;0;0;0;0;0;0;0;1;1;0;0;0;0