fdata;horario;n_da_ocorrencia;tipo_de_ocorrencia;km;trecho;sentido;tipo_de_acidente;automovel;bicicleta;caminhao;moto;onibus;outros;tracao_animal;transporte_de_cargas_especiais;trator_maquinas;utilitarios;ilesos;levemente_feridos;moderadamente_feridos;gravemente_feridos;mortos
"04/09/2022";"22:26:00";"41";"Acidente c";"187,3";"BR-393/RJ";"Crescente";"Colis�o lateral no mesmo sentido";1;0;1;0;0;0;0;0;0;0;1;1;0;0;0
"05/09/2022";"00:29:00";"4";"Acidente c";"121,7";"BR-393/RJ";"Crescente";"Sa�das de pista";1;0;0;0;0;0;0;0;0;0;2;2;0;0;0
"05/09/2022";"14:02:00";"41";"Acidente c";"151,8";"BR-393/RJ";"Crescente";"Tombamento";0;0;1;0;0;0;0;0;0;0;0;0;1;0;0
"06/09/2022";"16:46:00";"45";"Acidente c";"237,099";"BR-393/RJ";"Crescente";"Acidentes de outra natureza";0;0;1;1;0;0;0;0;0;0;1;0;1;0;0
"07/09/2022";"11:53:00";"20";"Acidente c";"202,3";"BR-393/RJ";"Decrescente";"Colis�o lateral no mesmo sentido";2;0;0;0;0;0;0;0;0;0;1;4;0;0;0
"07/09/2022";"17:58:00";"34";"Acidente s";"168,5";"BR-393/RJ";"Decrescente";"Engavetamento";3;0;0;0;0;0;0;0;0;0;5;0;0;0;0
"08/09/2022";"08:09:00";"21";"Acidente c";"253,9";"BR-393/RJ";"Crescente";"Sa�das de pista";0;0;1;0;0;0;0;0;0;0;0;1;0;0;0
"08/09/2022";"13:19:00";"43";"Acidente c";"176,5";"BR-393/RJ";"Crescente";"Engavetamento";4;0;0;0;0;0;0;0;0;0;2;4;0;0;0
"08/09/2022";"18:33:00";"67";"Acidente c";"175,699";"BR-393/RJ";"Crescente";"Colis�o lateral no mesmo sentido";1;0;0;1;0;0;0;0;0;0;1;2;0;0;0
"10/09/2022";"19:03:00";"54";"Acidente c";"282,1";"BR-393/RJ";"Decrescente";"Acidentes de outra natureza";1;0;0;1;0;0;0;0;0;0;1;1;0;0;0
"11/09/2022";"05:45:00";"19";"Acidente c";"159,9";"BR-393/RJ";"Crescente";"Acidentes de outra natureza";0;0;0;1;0;0;0;0;0;0;0;1;0;0;0
"11/09/2022";"11:55:00";"39";"Acidente s";"106";"BR-393/RJ";"Decrescente";"Colis�o com ve�culos (traseira)";2;0;0;0;0;0;0;0;0;0;2;0;0;0;0
"13/09/2022";"19:17:00";"54";"Acidente s";"284,3";"BR-393/RJ";"Decrescente";"Colis�o com ve�culos (traseira)";1;0;1;0;0;0;0;0;0;0;2;0;0;0;0
"14/09/2022";"03:13:00";"12";"Acidente c";"177,8";"BR-393/RJ";"Crescente";"Colis�o com ve�culos (traseira)";0;0;2;0;0;0;0;0;0;0;3;2;0;0;1
"14/09/2022";"06:23:00";"15";"Acidente c";"204";"BR-393/RJ";"Decrescente";"Tombamento";0;0;1;0;0;0;0;0;0;0;0;1;0;0;0
"14/09/2022";"17:27:00";"55";"Acidente c";"175,599";"BR-393/RJ";"Decrescente";"Acidentes de outra natureza";0;0;0;1;0;0;0;0;0;0;0;2;0;0;0
"15/09/2022";"19:17:00";"63";"Acidente s";"253";"BR-393/RJ";"Crescente";"Colis�o lateral no mesmo sentido";1;0;1;0;0;0;0;0;0;0;2;0;0;0;0
"16/09/2022";"09:26:00";"23";"Acidente c";"257,9";"BR-393/RJ";"Decrescente";"Acidentes de outra natureza";1;0;1;0;0;0;0;0;0;0;1;0;1;0;0
"16/09/2022";"10:42:00";"27";"Acidente s";"155,6";"BR-393/RJ";"Decrescente";"Sa�das de pista";1;0;0;0;0;0;0;0;0;0;1;0;0;0;0
"16/09/2022";"15:56:00";"42";"Acidente s";"139,4";"BR-393/RJ";"Decrescente";"Colis�o c/ obst�culos";0;0;1;0;0;0;0;0;0;0;3;0;0;0;0
"16/09/2022";"21:08:00";"59";"Acidente c";"234,599";"BR-393/RJ";"Decrescente";"Colis�o c/ obst�culos";1;0;0;0;0;0;0;0;0;0;0;1;0;0;0
"17/09/2022";"02:42:00";"12";"Acidente c";"242,3";"BR-393/RJ";"Decrescente";"Colis�o c/ obst�culos";1;0;0;0;0;0;0;0;0;0;1;1;0;0;0
"19/09/2022";"16:10:00";"48";"Acidente s";"105,9";"BR-393/RJ";"Decrescente";"Colis�o com ve�culos (traseira)";0;0;2;0;0;0;0;0;0;0;3;0;0;0;0
"19/09/2022";"17:25:00";"55";"Acidente s";"130,099";"BR-393/RJ";"Crescente";"Colis�o com ve�culos (traseira)";2;0;0;0;0;0;0;0;0;0;4;0;0;0;0
"22/09/2022";"01:00:00";"1";"Acidente c";"180,65";"BR-393/RJ";"Decrescente";"Colis�o lateral no sentido contr�rio";2;0;0;0;0;0;0;0;0;0;1;2;0;0;0
"22/09/2022";"05:43:00";"12";"Acidente c";"237,599";"BR-393/RJ";"Crescente";"Capotamento";1;0;0;0;0;0;0;0;0;0;0;1;0;0;0
"22/09/2022";"08:29:00";"15";"Acidente s";"281";"BR-393/RJ";"Crescente";"Colis�o com ve�culos (traseira)";1;0;1;0;0;0;0;0;0;0;2;0;0;0;0
"23/09/2022";"11:11:00";"44";"Acidente s";"231,8";"BR-393/RJ";"Crescente";"Colis�o com ve�culos (traseira)";1;0;1;0;0;0;0;0;0;0;1;1;0;0;0
"23/09/2022";"15:51:00";"39";"Acidente c";"232";"BR-393/RJ";"Crescente";"Colis�o lateral no mesmo sentido";2;0;0;0;0;0;0;0;0;0;5;0;1;0;0
"23/09/2022";"17:29:00";"59";"Acidente c";"119";"BR-393/RJ";"Decrescente";"Acidentes de outra natureza";0;0;0;1;0;0;0;0;0;0;0;2;0;0;0
"24/09/2022";"05:45:00";"16";"Acidente s";"233,7";"BR-393/RJ";"Crescente";"Colis�o c/ obst�culos";1;0;0;0;0;0;0;0;0;0;1;0;0;0;0
"25/09/2022";"14:24:00";"42";"Acidente s";"267,001";"BR-393/RJ";"Decrescente";"Colis�o c/ obst�culos";1;0;0;0;0;0;0;0;0;0;1;0;0;0;0
"26/09/2022";"00:50:00";"3";"Acidente s";"231,5";"BR-393/RJ";"Crescente";"Atropelamento de animais";0;0;0;0;1;0;0;0;0;0;43;0;0;0;0
"26/09/2022";"11:28:00";"38";"Acidente c";"205,5";"BR-393/RJ";"Crescente";"Acidentes de outra natureza";0;0;0;1;0;0;0;0;0;0;0;1;1;0;0
"26/09/2022";"22:00:00";"71";"Acidente c";"135,3";"BR-393/RJ";"Decrescente";"Engavetamento";2;0;1;0;0;0;0;0;0;0;3;1;0;0;0
"26/09/2022";"22:23:00";"72";"Acidente c";"164,75";"BR-393/RJ";"Decrescente";"Sa�das de pista";0;0;1;0;0;0;0;0;0;0;0;1;0;0;0
"26/09/2022";"22:30:00";"73";"Acidente s";"139";"BR-393/RJ";"Crescente";"Sa�das de pista";1;0;0;0;0;0;0;0;0;0;1;0;0;0;0
"27/09/2022";"16:10:00";"41";"Acidente c";"185,099";"BR-393/RJ";"Crescente";"Colis�o lateral no sentido contr�rio";1;0;0;1;0;0;0;0;0;0;1;1;0;0;0
"27/09/2022";"16:11:00";"42";"Acidente s";"171,6";"BR-393/RJ";"Crescente";"Sa�das de pista";0;0;1;0;0;0;0;0;0;0;1;0;0;0;0
"29/09/2022";"20:05:00";"75";"Acidente c";"2,7";"Al�a Sul";"Decrescente";"Atropelamento de animais";2;0;0;0;0;0;0;0;0;0;0;2;1;0;0
"30/09/2022";"11:15:00";"43";"Acidente s";"256,8";"BR-393/RJ";"Crescente";"Acidentes de outra natureza";2;0;1;0;0;0;0;0;0;0;5;0;0;0;0
"30/09/2022";"15:19:00";"72";"Acidente s";"142";"BR-393/RJ";"Decrescente";"Colis�o com ve�culos (traseira)";1;0;1;0;0;0;0;0;0;0;2;0;0;0;0
"30/09/2022";"17:35:00";"79";"Acidente c";"178,3";"BR-393/RJ";"Decrescente";"Acidentes de outra natureza";1;0;0;1;0;0;0;0;0;0;1;1;0;0;0
"30/09/2022";"18:14:00";"81";"Acidente s";"282,1";"BR-393/RJ";"Crescente";"Engavetamento";1;0;0;0;0;0;0;0;0;2;4;0;0;0;0
"01/10/2022";"02:55:00";"8";"Acidente c";"284,1";"BR-393/RJ";"Decrescente";"Acidentes de outra natureza";1;0;0;0;1;0;0;0;0;0;37;1;0;0;0
"01/10/2022";"02:55:00";"20";"Acidente s";"284,199";"BR-393/RJ";"Decrescente";"Engavetamento";2;0;1;0;1;0;0;0;0;0;4;0;0;0;0
"02/10/2022";"11:08:00";"30";"Acidente c";"250,699";"BR-393/RJ";"Crescente";"Acidentes de outra natureza";1;0;0;1;0;0;0;0;0;0;1;0;1;0;0
"02/10/2022";"16:51:00";"52";"Acidente c";"174,3";"BR-393/RJ";"Decrescente";"Acidentes de outra natureza";0;0;1;1;0;0;0;0;0;0;1;2;0;0;0
"03/10/2022";"00:49:00";"5";"Acidente c";"222,3";"BR-393/RJ";"Decrescente";"Colis�o c/ obst�culos";1;0;0;0;0;0;0;0;0;0;0;1;0;0;0
"03/10/2022";"03:54:00";"11";"Acidente s";"275";"BR-393/RJ";"Decrescente";"Sa�das de pista";1;0;0;0;0;0;0;0;0;0;1;0;0;0;0
"04/10/2022";"12:48:00";"47";"Acidente s";"238,5";"BR-393/RJ";"Decrescente";"Acidentes de outra natureza";2;0;0;0;0;0;0;0;0;0;4;0;0;0;0
"05/10/2022";"18:05:00";"59";"Acidente c";"132";"BR-393/RJ";"Crescente";"Acidentes de outra natureza";1;0;0;1;0;0;0;0;0;0;2;1;0;0;0
"05/10/2022";"20:06:00";"65";"Acidente c";"115";"BR-393/RJ";"Crescente";"Colis�o lateral no sentido contr�rio";1;0;1;0;0;0;0;0;0;0;1;1;1;0;0
"07/10/2022";"12:11:00";"35";"Acidente c";"239,3";"BR-393/RJ";"Decrescente";"Capotamento";1;0;0;0;0;0;0;0;0;0;0;1;0;0;0
"07/10/2022";"14:52:00";"46";"Acidente c";"229,5";"BR-393/RJ";"Crescente";"Colis�o com ve�culos (traseira)";0;0;2;0;0;0;0;0;0;0;1;1;0;0;0
"07/10/2022";"15:45:00";"51";"Acidente s";"175,9";"BR-393/RJ";"Decrescente";"Colis�o com ve�culos (traseira)";2;0;0;0;0;0;0;0;0;0;4;0;0;0;0
"07/10/2022";"19:55:00";"68";"Acidente c";"235,4";"BR-393/RJ";"Decrescente";"Acidentes de outra natureza";2;0;0;0;0;0;0;0;0;0;1;4;0;0;0
"07/10/2022";"21:02:00";"73";"Acidente s";"284,9";"BR-393/RJ";"Crescente";"Colis�o com ve�culos (traseira)";2;0;0;0;0;0;0;0;0;0;3;0;0;0;0
"08/10/2022";"13:37:00";"44";"Acidente s";"243,199";"BR-393/RJ";"Decrescente";"Colis�o com ve�culos (traseira)";2;0;0;0;0;0;0;0;0;0;6;0;0;0;0
"08/10/2022";"13:44:00";"45";"Acidente s";"134,9";"BR-393/RJ";"Crescente";"Sa�das de pista";1;0;0;0;0;0;0;0;0;0;1;0;0;0;0
"08/10/2022";"22:35:00";"66";"Acidente s";"239";"BR-393/RJ";"Crescente";"Sa�das de pista";1;0;0;0;0;0;0;0;0;0;1;0;0;0;0
"09/10/2022";"07:16:00";"23";"Acidente c";"136,8";"BR-393/RJ";"Decrescente";"Sa�das de pista";1;0;0;0;0;0;0;0;0;0;0;1;0;0;0
"09/10/2022";"14:36:00";"49";"Acidente s";"168";"BR-393/RJ";"Crescente";"Acidentes de outra natureza";2;0;0;0;0;0;0;0;0;0;2;0;0;0;0
"09/10/2022";"17:07:00";"56";"Acidente s";"233";"BR-393/RJ";"Crescente";"Colis�o lateral no mesmo sentido";1;0;1;0;0;0;0;0;0;0;2;0;0;0;0
"09/10/2022";"18:51:00";"61";"Acidente c";"253";"BR-393/RJ";"Crescente";"Tombamento";0;0;1;0;0;0;0;0;0;0;0;1;0;0;0
"09/10/2022";"19:47:00";"63";"Acidente c";"271,9";"BR-393/RJ";"Decrescente";"Colis�o com ve�culos (frontal)";1;0;1;0;0;0;0;0;0;0;0;1;0;1;1
"10/10/2022";"16:54:00";"52";"Acidente c";"105,9";"BR-393/RJ";"Crescente";"Colis�o lateral no mesmo sentido";0;0;0;1;0;0;0;0;0;1;2;1;0;0;0
"11/10/2022";"02:24:00";"8";"Acidente s";"211,699";"BR-393/RJ";"Crescente";"Atropelamento de animais";0;0;0;0;1;0;0;0;0;0;47;0;0;0;0
"11/10/2022";"23:20:00";"74";"Acidente s";"265";"BR-393/RJ";"Crescente";"Colis�o com ve�culos (traseira)";1;0;1;0;0;0;0;0;0;0;2;0;0;0;0
"14/10/2022";"10:29:00";"29";"Acidente c";"263";"BR-393/RJ";"Crescente";"Acidentes de outra natureza";0;0;1;1;0;0;0;0;0;0;1;0;1;0;0
"15/10/2022";"19:52:00";"46";"Acidente c";"181,4";"BR-393/RJ";"Crescente";"Sa�das de pista";1;0;0;0;0;0;0;0;0;0;0;1;0;0;0
"16/10/2022";"16:36:00";"48";"Acidente c";"285,3";"BR-393/RJ";"Decrescente";"Colis�o c/ obst�culos";1;0;0;0;0;0;0;0;0;0;0;1;0;0;0
"17/10/2022";"06:04:00";"16";"Acidente s";"266,5";"BR-393/RJ";"Decrescente";"Colis�o lateral no sentido contr�rio";1;0;1;0;0;0;0;0;0;0;2;0;0;0;0
"17/10/2022";"14:58:00";"42";"Acidente s";"210,199";"BR-393/RJ";"Decrescente";"Colis�o lateral no mesmo sentido";1;0;1;0;0;0;0;0;0;0;1;2;0;0;0
"18/10/2022";"04:43:00";"15";"Acidente s";"230,599";"BR-393/RJ";"Crescente";"Atropelamento de animais";0;0;1;0;0;0;0;0;0;0;2;0;0;0;0
"19/10/2022";"00:24:00";"1";"Acidente c";"172,499";"BR-393/RJ";"Crescente";"Tombamento";0;0;1;0;0;0;0;0;0;0;0;1;0;0;0
"19/10/2022";"14:33:00";"41";"Acidente s";"258";"BR-393/RJ";"Decrescente";"Sa�das de pista";1;0;0;0;0;0;0;0;0;0;1;0;0;0;0
"19/10/2022";"16:07:00";"45";"Acidente c";"151";"BR-393/RJ";"Decrescente";"Sa�das de pista";1;0;0;0;0;0;0;0;0;0;0;0;1;0;0
"20/10/2022";"20:57:00";"58";"Acidente c";"255,7";"BR-393/RJ";"Crescente";"Acidentes de outra natureza";2;0;0;0;0;0;0;0;0;0;0;0;2;0;0
"21/10/2022";"13:07:00";"34";"Acidente c";"168";"BR-393/RJ";"Crescente";"Colis�o com ve�culos (traseira)";0;0;0;2;0;0;0;0;0;0;0;1;1;0;0
"21/10/2022";"17:38:00";"44";"Acidente c";"282";"BR-393/RJ";"Crescente";"Colis�o com ve�culos (frontal)";2;0;0;0;0;0;0;0;0;0;3;0;1;0;0
"21/10/2022";"17:50:00";"45";"Acidente s";"138,8";"BR-393/RJ";"Decrescente";"Sa�das de pista";1;0;0;0;0;0;0;0;0;0;1;0;0;0;0
"21/10/2022";"18:06:00";"46";"Acidente c";"239,3";"BR-393/RJ";"Crescente";"Colis�o lateral no sentido contr�rio";2;0;0;0;0;0;0;0;0;0;1;1;1;0;0
"22/10/2022";"09:07:00";"22";"Acidente c";"173,9";"BR-393/RJ";"Crescente";"Colis�o lateral no sentido contr�rio";1;0;1;0;0;0;0;0;0;0;1;1;0;0;0
"22/10/2022";"10:10:00";"26";"Acidente s";"174";"BR-393/RJ";"Crescente";"Colis�o com ve�culos (traseira)";1;0;1;0;0;0;0;0;0;0;3;0;0;0;0
"22/10/2022";"20:45:00";"51";"Acidente c";"285,5";"BR-393/RJ";"Decrescente";"Acidentes de outra natureza";2;0;0;0;0;0;0;0;0;0;7;1;0;0;0
"22/10/2022";"21:15:00";"52";"Acidente c";"136,8";"BR-393/RJ";"Crescente";"Acidentes de outra natureza";0;0;0;1;0;0;0;0;0;0;0;0;1;0;0
"23/10/2022";"21:17:00";"44";"Acidente c";"236,5";"BR-393/RJ";"Crescente";"Acidentes de outra natureza";1;0;0;1;0;0;0;0;0;0;1;1;0;0;0
"24/10/2022";"07:06:00";"18";"Acidente s";"218,599";"BR-393/RJ";"Decrescente";"Colis�o com ve�culos (traseira)";0;0;2;0;0;0;0;0;0;0;2;0;0;0;0
"26/10/2022";"16:15:00";"42";"Acidente c";"181,6";"BR-393/RJ";"Decrescente";"Colis�o lateral no sentido contr�rio";2;0;0;0;0;0;0;0;0;0;2;3;0;1;0
"27/10/2022";"03:22:00";"11";"Acidente c";"203,199";"BR-393/RJ";"Crescente";"Colis�o lateral no sentido contr�rio";0;0;2;0;0;0;0;0;0;0;2;1;0;0;0
"27/10/2022";"17:32:00";"55";"Atropelame";"102,9";"BR-393/RJ";"Crescente";"Acidentes de outra natureza";0;1;0;0;0;0;0;0;0;1;1;0;1;0;0
"27/10/2022";"21:32:00";"65";"Acidente s";"240";"BR-393/RJ";"Crescente";"Sa�das de pista";1;0;0;0;0;0;0;0;0;0;2;0;0;0;0
"28/10/2022";"06:55:00";"15";"Acidente c";"280,899";"BR-393/RJ";"Crescente";"Acidentes de outra natureza";0;0;0;1;0;0;0;0;0;0;0;2;0;0;0
"29/10/2022";"09:59:00";"20";"Acidente s";"125";"BR-393/RJ";"Decrescente";"Colis�o com ve�culos (traseira)";0;0;2;0;0;0;0;0;0;0;1;1;0;0;0
"29/10/2022";"11:13:00";"27";"Acidente s";"275";"BR-393/RJ";"Crescente";"Colis�o com ve�culos (traseira)";2;0;0;0;0;0;0;0;0;0;3;0;0;0;0
"30/10/2022";"11:11:00";"26";"Acidente c";"105";"BR-393/RJ";"Crescente";"Colis�o lateral no mesmo sentido";0;0;0;2;0;0;0;0;0;0;1;1;1;0;0
"30/10/2022";"15:09:00";"37";"Acidente c";"254,254";"BR-393/RJ";"Decrescente";"Acidentes de outra natureza";0;0;0;1;0;0;0;0;0;0;0;0;1;0;0
"31/10/2022";"12:47:00";"37";"Acidente s";"178";"BR-393/RJ";"Decrescente";"Colis�o com ve�culos (traseira)";1;0;0;1;0;0;0;0;0;0;2;0;0;0;0
"31/10/2022";"21:22:00";"61";"Acidente c";"280";"BR-393/RJ";"Decrescente";"Atropelamento de pedestre";1;0;0;0;0;0;0;0;0;0;2;0;0;1;0
"01/11/2022";"08:38:00";"18";"Acidente s";"252,3";"BR-393/RJ";"Decrescente";"Colis�o lateral no mesmo sentido";1;0;1;0;0;0;0;0;0;0;2;0;0;0;0
"01/11/2022";"18:02:00";"44";"Acidente c";"263,9";"BR-393/RJ";"Decrescente";"Tombamento";0;0;1;0;0;0;0;0;0;0;0;1;2;0;0
"01/11/2022";"19:18:00";"46";"Acidente c";"284,5";"BR-393/RJ";"Crescente";"Colis�o com ve�culos (traseira)";2;0;0;0;0;0;0;0;0;0;2;0;0;0;0
"02/11/2022";"03:48:00";"14";"Acidente c";"236,7";"BR-393/RJ";"Decrescente";"Acidentes de outra natureza";0;0;0;1;0;0;0;0;0;0;0;0;2;0;0
"02/11/2022";"17:17:00";"34";"Acidente c";"148";"BR-393/RJ";"Decrescente";"Tombamento";1;0;0;0;0;0;0;0;0;0;4;0;0;0;0
"03/11/2022";"05:48:00";"12";"Acidente c";"263,7";"BR-393/RJ";"Decrescente";"Sa�das de pista";1;0;0;0;0;0;0;0;0;0;3;0;0;0;0
"03/11/2022";"05:57:00";"13";"Acidente c";"262";"BR-393/RJ";"Decrescente";"Sa�das de pista";1;0;0;0;0;0;0;0;0;0;0;0;1;0;0
"03/11/2022";"06:14:00";"15";"Acidente c";"263";"BR-393/RJ";"Decrescente";"Sa�das de pista";1;0;0;0;0;0;0;0;0;0;0;1;0;0;0
"04/11/2022";"09:32:00";"23";"Acidente c";"282";"BR-393/RJ";"Crescente";"Colis�o com ve�culos (traseira)";1;0;1;0;0;0;0;0;0;0;1;1;0;0;0
"05/11/2022";"10:19:00";"25";"Acidente c";"167";"BR-393/RJ";"Decrescente";"Engavetamento";1;0;1;0;0;0;0;0;0;1;1;3;0;0;0
"05/11/2022";"10:28:00";"43";"Acidente c";"167";"BR-393/RJ";"Crescente";"Colis�o lateral no sentido contr�rio";1;0;1;0;0;0;0;0;0;0;0;2;0;0;0
"06/11/2022";"08:31:00";"24";"Acidente c";"230";"BR-393/RJ";"Decrescente";"Acidentes de outra natureza";1;0;0;1;0;0;0;0;0;0;2;1;0;0;0
"06/11/2022";"13:14:00";"35";"Acidente c";"131,4";"BR-393/RJ";"Crescente";"Colis�o c/ obst�culos";1;0;0;0;0;0;0;0;0;0;1;0;0;0;0
"06/11/2022";"16:28:00";"39";"Acidente c";"238,2";"BR-393/RJ";"Crescente";"Colis�o com ve�culos (traseira)";2;0;0;0;0;0;0;0;0;0;2;0;1;0;0
"06/11/2022";"17:36:00";"42";"Acidente c";"105,9";"BR-393/RJ";"Crescente";"Acidentes de outra natureza";2;0;0;0;0;0;0;0;0;0;6;1;0;0;0
"07/11/2022";"07:53:00";"22";"Acidente c";"284";"BR-393/RJ";"Crescente";"Colis�o com ve�culos (traseira)";3;0;0;0;0;0;0;0;0;0;6;0;0;0;0
"10/11/2022";"01:36:00";"10";"Acidente c";"129,9";"BR-393/RJ";"Crescente";"Sa�das de pista";1;0;0;0;0;0;0;0;0;0;1;0;0;0;0
"10/11/2022";"07:44:00";"21";"Acidente c";"255";"BR-393/RJ";"Crescente";"Acidentes de outra natureza";2;0;0;0;0;0;0;0;0;0;0;6;0;0;0
"10/11/2022";"08:51:00";"26";"Acidente c";"274";"BR-393/RJ";"Decrescente";"Tombamento";0;0;1;0;0;0;0;0;0;0;0;1;0;0;0
"10/11/2022";"17:37:00";"58";"Acidente c";"265";"BR-393/RJ";"Decrescente";"Colis�o com ve�culos (traseira)";1;0;1;0;0;0;0;0;0;0;2;0;0;0;0
"10/11/2022";"20:04:00";"66";"Acidente c";"279,8";"BR-393/RJ";"Decrescente";"Colis�o com ve�culos (traseira)";1;0;0;1;0;0;0;0;0;0;1;0;1;0;0
"11/11/2022";"09:48:00";"31";"Acidente c";"175";"BR-393/RJ";"Crescente";"Acidentes de outra natureza";1;0;0;0;0;0;0;0;0;1;1;1;0;0;0
"12/11/2022";"16:22:00";"69";"Acidente c";"285";"BR-393/RJ";"Crescente";"Colis�o lateral no mesmo sentido";1;0;0;1;0;0;0;0;0;0;1;1;0;0;0
"12/11/2022";"17:13:00";"71";"Acidente c";"237";"BR-393/RJ";"Decrescente";"Colis�o com ve�culos (traseira)";2;0;0;0;0;0;0;0;0;0;3;0;0;0;0
"12/11/2022";"18:59:00";"76";"Acidente c";"168";"BR-393/RJ";"Decrescente";"Acidentes de outra natureza";0;0;0;1;0;0;0;0;0;1;1;1;0;0;0
"12/11/2022";"20:08:00";"78";"Acidente c";"136,9";"BR-393/RJ";"Crescente";"Colis�o com ve�culos (traseira)";1;0;1;0;0;0;0;0;0;0;3;1;0;0;0
"12/11/2022";"22:29:00";"80";"Acidente c";"281,1";"BR-393/RJ";"Decrescente";"Acidentes de outra natureza";1;0;0;1;0;0;0;0;0;0;1;1;0;0;0
"13/11/2022";"21:00:00";"53";"Acidente c";"231,9";"BR-393/RJ";"Decrescente";"Colis�o com ve�culos (traseira)";0;0;1;0;0;0;0;0;0;1;2;0;0;0;0
"14/11/2022";"00:31:00";"1";"Acidente c";"246,669";"BR-393/RJ";"Decrescente";"Colis�o c/ obst�culos";1;0;0;0;0;0;0;0;0;0;1;0;0;0;0
"14/11/2022";"08:18:00";"22";"Acidente c";"238,599";"BR-393/RJ";"Crescente";"Acidentes de outra natureza";2;0;0;0;0;0;0;0;0;0;4;0;1;0;0
"14/11/2022";"17:12:00";"58";"Acidente c";"239";"BR-393/RJ";"Crescente";"Sa�das de pista";1;0;0;0;0;0;0;0;0;0;1;0;0;0;0
"14/11/2022";"23:54:00";"72";"Acidente c";"178";"BR-393/RJ";"Crescente";"Acidentes de outra natureza";0;0;0;1;0;0;0;0;0;0;1;0;0;0;0
"15/11/2022";"06:30:00";"21";"Acidente c";"155,5";"BR-393/RJ";"Decrescente";"Tombamento";0;0;1;0;0;0;0;0;0;0;1;1;0;0;0
"15/11/2022";"10:18:00";"29";"Acidente c";"265";"BR-393/RJ";"Crescente";"Colis�o c/ obst�culos";1;0;0;0;0;0;0;0;0;0;3;0;0;0;0
"17/11/2022";"07:00:00";"23";"Acidente c";"216";"BR-393/RJ";"Decrescente";"Tombamento";0;0;1;0;0;0;0;0;0;0;0;0;1;0;0
"17/11/2022";"19:47:00";"69";"Acidente c";"179";"BR-393/RJ";"Crescente";"Colis�o com ve�culos (traseira)";1;0;0;0;0;0;0;0;0;1;2;0;0;0;0
"18/11/2022";"04:44:00";"8";"Acidente c";"139,5";"BR-393/RJ";"Decrescente";"Tombamento";0;0;1;0;0;0;0;0;0;0;0;0;1;0;0
"19/11/2022";"11:09:00";"28";"Acidente c";"266";"BR-393/RJ";"Decrescente";"Colis�o lateral no mesmo sentido";1;0;1;0;0;0;0;0;0;0;2;1;0;0;0
"20/11/2022";"16:00:00";"68";"Acidente c";"167,4";"BR-393/RJ";"Decrescente";"Colis�o com ve�culos (traseira)";1;0;1;0;0;0;0;0;0;0;1;5;0;0;0
"21/11/2022";"12:54:00";"40";"Acidente c";"171,6";"BR-393/RJ";"Decrescente";"Acidentes de outra natureza";2;0;0;0;0;0;0;0;0;0;0;2;0;0;0
"21/11/2022";"13:51:00";"43";"Acidente c";"103,644";"BR-393/RJ";"Decrescente";"Colis�o com ve�culos (traseira)";0;0;1;1;0;0;0;0;0;0;0;2;1;0;0
"22/11/2022";"13:50:00";"42";"Acidente c";"281";"BR-393/RJ";"Crescente";"Colis�o com ve�culos (traseira)";1;0;1;0;0;0;0;0;0;0;3;0;0;0;0
"22/11/2022";"14:53:00";"50";"Acidente c";"210";"BR-393/RJ";"Decrescente";"Colis�o lateral no mesmo sentido";1;0;1;0;0;0;0;0;0;0;1;2;0;0;0
"22/11/2022";"18:09:00";"63";"Acidente c";"168";"BR-393/RJ";"Crescente";"Colis�o com ve�culos (traseira)";1;0;0;1;0;0;0;0;0;0;1;1;0;0;0
"23/11/2022";"16:46:00";"49";"Acidente c";"179";"BR-393/RJ";"Decrescente";"Colis�o lateral no mesmo sentido";0;0;1;0;0;0;0;0;0;1;3;1;0;0;0
"23/11/2022";"21:52:00";"60";"Acidente c";"230,699";"BR-393/RJ";"Decrescente";"Acidentes de outra natureza";0;0;0;1;0;0;0;0;0;0;0;1;0;0;0
"24/11/2022";"19:32:00";"48";"Acidente c";"108,4";"BR-393/RJ";"Decrescente";"Colis�o com ve�culos (traseira)";0;0;1;0;0;0;0;0;0;1;5;0;0;0;0