fdata;horario;n_da_ocorrencia;tipo_de_ocorrencia;km;trecho;sentido;tipo_de_acidente;automovel;bicicleta;caminhao;moto;onibus;outros;tracao_animal;transporte_de_cargas_especiais;trator_maquinas;utilitarios;ilesos;levemente_feridos;moderadamente_feridos;gravemente_feridos;mortos
"25/11/2022";"06:47:00";"14";"Acidente c";"265";"BR-393/RJ";"Decrescente";"Colis�o lateral no mesmo sentido";1;0;0;0;0;0;0;0;0;1;6;0;0;0;0
"28/11/2022";"18:05:00";"54";"Acidente c";"243,9";"BR-393/RJ";"Crescente";"Sa�das de pista";1;0;0;0;0;0;0;0;0;0;0;1;0;0;0
"29/11/2022";"13:32:00";"51";"Acidente c";"263,8";"BR-393/RJ";"Decrescente";"Colis�o lateral no mesmo sentido";2;0;3;0;0;0;0;0;0;0;3;0;3;0;0
"30/11/2022";"03:28:00";"14";"Acidente c";"180,099";"BR-393/RJ";"Decrescente";"Colis�o lateral no mesmo sentido";0;0;1;0;0;0;0;0;0;1;1;1;0;0;0
"30/11/2022";"16:11:00";"50";"Acidente c";"103";"BR-393/RJ";"Decrescente";"Colis�o com ve�culos (traseira)";1;0;0;1;0;0;0;0;0;0;1;0;1;0;0
"30/11/2022";"18:46:00";"54";"Acidente c";"181,5";"BR-393/RJ";"Decrescente";"Colis�o com ve�culos (frontal)";1;0;1;0;0;0;0;0;0;2;2;4;0;0;0
"02/12/2022";"10:41:00";"34";"Acidente s";"167,8";"BR-393/RJ";"Decrescente";"Acidentes de outra natureza";1;0;1;0;0;0;0;0;0;0;2;0;0;0;0
"02/12/2022";"20:13:00";"64";"Acidente c";"283,5";"BR-393/RJ";"Decrescente";"Acidentes de outra natureza";1;0;0;1;0;0;0;0;0;0;2;1;0;0;0
"03/12/2022";"04:09:00";"13";"Acidente c";"242,3";"BR-393/RJ";"Decrescente";"Capotamento";1;0;0;0;0;0;0;0;0;0;0;0;1;1;0
"03/12/2022";"05:19:00";"15";"Acidente c";"247,5";"BR-393/RJ";"Decrescente";"Sa�das de pista";1;0;0;0;0;0;0;0;0;0;0;0;1;0;0
"03/12/2022";"23:37:00";"68";"Acidente c";"279,5";"BR-393/RJ";"Decrescente";"Colis�o com ve�culos (frontal)";0;0;0;1;0;0;0;0;0;1;2;0;1;0;0
"04/12/2022";"19:26:00";"48";"Acidente s";"195";"BR-393/RJ";"Decrescente";"Colis�o lateral no mesmo sentido";2;0;0;0;0;0;0;0;0;0;4;0;0;0;0
"04/12/2022";"20:28:00";"49";"Acidente c";"285,199";"BR-393/RJ";"Decrescente";"Acidentes de outra natureza";0;0;0;1;0;0;0;0;0;0;0;2;0;0;0
"05/12/2022";"01:49:00";"6";"Acidente c";"174,4";"BR-393/RJ";"Decrescente";"Colis�o c/ obst�culos";1;0;0;0;0;0;0;0;0;0;0;3;0;0;0
"06/12/2022";"09:47:00";"19";"Acidente s";"258";"BR-393/RJ";"Decrescente";"Colis�o c/ obst�culos";1;0;0;0;0;0;0;0;0;0;1;0;0;0;0
"06/12/2022";"19:14:00";"55";"Acidente s";"284,599";"BR-393/RJ";"Decrescente";"Engavetamento";3;0;0;0;0;0;0;0;0;0;3;0;0;0;0
"08/12/2022";"00:30:00";"1";"Acidente c";"110,2";"BR-393/RJ";"Decrescente";"Capotamento";1;0;0;0;0;0;0;0;0;0;0;1;0;0;0
"08/12/2022";"04:37:00";"17";"Acidente s";"1";"Al�a Sul";"Decrescente";"Atropelamento de animais";0;0;0;0;1;0;0;0;0;0;1;0;0;0;0
"08/12/2022";"17:51:00";"87";"Acidente c";"282";"BR-393/RJ";"Decrescente";"Colis�o com ve�culos (frontal)";1;0;0;1;0;0;0;0;0;0;1;1;0;0;0
"08/12/2022";"18:13:00";"89";"Acidente c";"185";"BR-393/RJ";"Decrescente";"Capotamento";1;0;0;0;0;0;0;0;0;0;0;1;1;0;0
"09/12/2022";"22:54:00";"85";"Acidente s";"105";"BR-393/RJ";"Decrescente";"Colis�o com ve�culos (traseira)";2;0;0;0;0;0;0;0;0;0;3;0;0;0;0
"10/12/2022";"19:10:00";"59";"Acidente c";"105,9";"BR-393/RJ";"Decrescente";"Colis�o com ve�culos (traseira)";1;0;0;1;0;0;0;0;0;0;1;1;0;0;0
"11/12/2022";"05:14:00";"16";"Acidente c";"229,001";"BR-393/RJ";"Decrescente";"Tombamento";0;0;1;0;0;0;0;0;0;0;0;1;0;0;0
"11/12/2022";"05:50:00";"18";"Acidente s";"132,2";"BR-393/RJ";"Decrescente";"Colis�o c/ obst�culos";1;0;0;0;0;0;0;0;0;0;1;0;0;0;0
"11/12/2022";"09:06:00";"25";"Acidente c";"146,3";"BR-393/RJ";"Decrescente";"Tombamento";0;0;1;0;0;0;0;0;0;0;0;1;0;0;0
"12/12/2022";"08:22:00";"21";"Acidente s";"189,4";"BR-393/RJ";"Decrescente";"Sa�das de pista";1;0;0;0;0;0;0;0;0;0;1;0;0;0;0
"12/12/2022";"11:37:00";"32";"Acidente c";"217,699";"BR-393/RJ";"Decrescente";"Acidentes de outra natureza";0;0;0;2;0;0;0;0;0;0;0;1;2;0;0
"12/12/2022";"15:34:00";"48";"Acidente c";"284,199";"BR-393/RJ";"Decrescente";"Engavetamento";4;0;1;0;0;0;0;0;0;0;10;1;0;0;0
"12/12/2022";"16:37:00";"52";"Acidente s";"251,099";"BR-393/RJ";"Decrescente";"Engavetamento";3;0;0;0;0;0;0;0;0;0;9;0;0;0;0
"13/12/2022";"15:38:00";"55";"Acidente s";"274,699";"BR-393/RJ";"Decrescente";"Colis�o lateral no mesmo sentido";1;0;1;0;0;0;0;0;0;0;2;0;0;0;0
"14/12/2022";"09:48:00";"25";"Acidente c";"268";"BR-393/RJ";"Decrescente";"Acidentes de outra natureza";1;0;1;0;0;0;0;0;0;0;1;0;2;0;0
"14/12/2022";"11:33:00";"33";"Acidente c";"155,599";"BR-393/RJ";"Decrescente";"Tombamento";0;0;1;0;0;0;0;0;0;0;0;1;0;0;0
"15/12/2022";"08:57:00";"31";"Acidente c";"265,5";"BR-393/RJ";"Decrescente";"Colis�o com ve�culos (frontal)";1;0;1;0;0;0;0;0;0;0;0;1;0;0;1
"15/12/2022";"18:54:00";"66";"Acidente s";"123,5";"BR-393/RJ";"Decrescente";"Tombamento";0;0;1;0;0;0;0;0;0;0;1;0;0;0;0
"16/12/2022";"07:51:00";"17";"Acidente c";"171,7";"BR-393/RJ";"Decrescente";"Acidentes de outra natureza";0;0;1;1;0;0;0;0;0;0;1;2;0;0;0
"16/12/2022";"09:59:00";"29";"Acidente s";"146,3";"BR-393/RJ";"Decrescente";"Colis�o lateral no mesmo sentido";1;0;1;0;0;0;0;0;0;0;3;0;0;0;0
"17/12/2022";"02:34:00";"13";"Acidente s";"157";"BR-393/RJ";"Decrescente";"Sa�das de pista";0;0;1;0;0;0;0;0;0;0;1;0;0;0;0
"17/12/2022";"06:06:00";"16";"Acidente s";"231,6";"BR-393/RJ";"Decrescente";"Colis�o lateral no mesmo sentido";1;0;1;0;0;0;0;0;0;0;4;0;0;0;0
"18/12/2022";"13:52:00";"33";"Acidente s";"178,8";"BR-393/RJ";"Decrescente";"Colis�o com ve�culos (traseira)";0;0;2;0;0;0;0;0;0;0;2;0;0;0;0
"18/12/2022";"23:37:00";"64";"Acidente c";"286,3";"BR-393/RJ";"Decrescente";"Atropelamento de pedestre";0;0;0;0;1;0;0;0;0;0;1;1;0;0;0
"19/12/2022";"11:43:00";"39";"Acidente s";"268";"BR-393/RJ";"Decrescente";"Colis�o com ve�culos (traseira)";1;0;0;1;0;0;0;0;0;0;3;0;0;0;0
"19/12/2022";"16:28:00";"49";"Acidente c";"281,199";"BR-393/RJ";"Decrescente";"Acidentes de outra natureza";1;0;0;1;0;0;0;0;0;0;1;0;1;0;0
"19/12/2022";"16:34:00";"50";"Acidente s";"155,5";"BR-393/RJ";"Decrescente";"Acidentes de outra natureza";0;0;0;1;0;0;0;0;0;0;0;1;0;0;0
"20/12/2022";"18:23:00";"48";"Acidente c";"279,8";"BR-393/RJ";"Decrescente";"Atropelamento de pedestre";0;0;0;1;0;0;0;0;0;0;0;1;1;0;0
"20/12/2022";"22:17:00";"56";"Acidente c";"204,9";"BR-393/RJ";"Decrescente";"Colis�o c/ obst�culos";1;0;0;0;0;0;0;0;0;0;3;1;0;0;0
"21/12/2022";"13:17:00";"48";"Acidente s";"265";"BR-393/RJ";"Decrescente";"Colis�o com ve�culos (traseira)";2;0;0;0;0;0;0;0;0;0;2;0;0;0;0
"22/12/2022";"16:13:00";"65";"Acidente c";"114";"BR-393/RJ";"Decrescente";"Tombamento";0;0;1;0;0;0;0;0;0;0;0;3;0;0;0
"22/12/2022";"17:57:00";"71";"Acidente s";"265";"BR-393/RJ";"Decrescente";"Colis�o lateral no mesmo sentido";2;0;0;0;0;0;0;0;0;0;2;0;0;0;0
"22/12/2022";"18:33:00";"73";"Acidente c";"266";"BR-393/RJ";"Decrescente";"Colis�o com ve�culos (frontal)";1;0;1;0;0;0;0;0;0;0;1;0;0;1;0
"23/12/2022";"16:48:00";"67";"Acidente c";"192,3";"BR-393/RJ";"Decrescente";"Colis�o lateral no sentido contr�rio";2;0;0;0;0;0;0;0;0;0;0;3;0;0;0
"24/12/2022";"07:36:00";"13";"Acidente s";"282,3";"BR-393/RJ";"Decrescente";"Colis�o com ve�culos (traseira)";1;0;0;0;1;0;0;0;0;0;2;0;0;0;0
"24/12/2022";"17:34:00";"40";"Acidente c";"280,2";"BR-393/RJ";"Decrescente";"Acidentes de outra natureza";1;1;0;0;0;0;0;0;0;0;1;0;1;0;0
"26/12/2022";"04:58:00";"12";"Acidente s";"280";"BR-393/RJ";"Decrescente";"Colis�o com ve�culos (traseira)";0;0;2;0;0;0;0;0;0;0;2;0;0;0;0
"26/12/2022";"14:24:00";"47";"Acidente c";"162,099";"BR-393/RJ";"Decrescente";"Sa�das de pista";1;0;0;0;0;0;0;0;0;0;0;1;0;0;0
"27/12/2022";"17:16:00";"57";"Acidente s";"167,599";"BR-393/RJ";"Decrescente";"Colis�o com ve�culos (traseira)";1;0;1;0;0;0;0;0;0;0;0;3;0;0;0
"27/12/2022";"20:05:00";"65";"Acidente s";"242,955";"BR-393/RJ";"Decrescente";"Colis�o com ve�culos (traseira)";2;0;0;0;0;0;0;0;0;0;2;0;0;0;0
"27/12/2022";"22:25:00";"69";"Acidente s";"283,9";"BR-393/RJ";"Decrescente";"Colis�o lateral no sentido contr�rio";1;0;0;1;0;0;0;0;0;0;2;0;0;0;0
"28/12/2022";"08:48:00";"21";"Acidente c";"103";"BR-393/RJ";"Decrescente";"Colis�o lateral no mesmo sentido";1;0;0;1;0;0;0;0;0;0;0;2;0;0;0
"28/12/2022";"09:19:00";"22";"Acidente c";"238,5";"BR-393/RJ";"Decrescente";"Acidentes de outra natureza";2;0;0;0;0;0;0;0;0;0;3;1;1;0;0
"29/12/2022";"11:01:00";"24";"Acidente c";"2,1";"Al�a Sul";"Decrescente";"Acidentes de outra natureza";1;0;0;1;0;0;0;0;0;0;0;1;1;0;0
"29/12/2022";"12:21:00";"28";"Acidente c";"175,7";"BR-393/RJ";"Decrescente";"Colis�o c/ obst�culos";1;0;0;0;0;0;0;0;0;0;4;0;1;0;0
"30/12/2022";"01:01:00";"6";"Acidente s";"285";"BR-393/RJ";"Crescente";"Colis�o c/ obst�culos";1;0;0;0;0;0;0;0;0;0;1;0;0;0;0
"30/12/2022";"21:35:00";"64";"Acidente s";"151,8";"BR-393/RJ";"Crescente";"Colis�o c/ obst�culos";0;0;1;0;0;0;0;0;0;0;0;1;0;0;0
"31/12/2022";"18:21:00";"103";"Acidente c";"285,8";"BR-393/RJ";"Crescente";"Acidentes de outra natureza";1;0;0;0;1;0;0;0;0;0;2;1;0;0;0
"01/01/2023";"18:32:00";"74";"Acidente c";"266,899";"BR-393/RJ";"Crescente";"Colis�o lateral no sentido contr�rio";3;0;0;0;0;0;0;0;0;0;4;0;1;0;0
"01/01/2023";"19:55:00";"77";"Acidente s";"284,199";"BR-393/RJ";"Decrescente";"Colis�o com ve�culos (traseira)";2;0;0;0;0;0;0;0;0;0;2;0;0;0;0
"02/01/2023";"12:41:00";"36";"Acidente c";"238,5";"BR-393/RJ";"Decrescente";"Acidentes de outra natureza";1;0;0;1;0;0;0;0;0;0;2;0;1;0;1
"05/01/2023";"20:20:00";"53";"Acidente c";"270,399";"BR-393/RJ";"Decrescente";"Colis�o com ve�culos (frontal)";1;0;0;1;0;0;0;0;0;0;3;0;1;0;0
"07/01/2023";"15:02:00";"43";"Acidente c";"195";"BR-393/RJ";"Decrescente";"Colis�o lateral no mesmo sentido";2;0;0;0;0;0;0;0;0;0;3;0;0;0;0
"08/01/2023";"05:44:00";"38";"Acidente c";"162,099";"BR-393/RJ";"Decrescente";"Capotamento";1;0;0;0;0;0;0;0;0;0;0;1;0;0;0
"08/01/2023";"14:46:00";"77";"Acidente c";"237,8";"BR-393/RJ";"Decrescente";"Sa�das de pista";1;0;0;0;0;0;0;0;0;0;2;0;0;0;0
"08/01/2023";"19:44:00";"90";"Acidente c";"252,9";"BR-393/RJ";"Decrescente";"Colis�o c/ obst�culos";0;0;1;0;0;0;0;0;0;0;1;0;0;0;0
"09/01/2023";"06:57:00";"23";"Acidente c";"272,899";"BR-393/RJ";"Decrescente";"Colis�o lateral no sentido contr�rio";2;0;1;0;0;0;0;0;0;0;4;0;1;0;0
"09/01/2023";"19:13:00";"62";"Acidente c";"278";"BR-393/RJ";"Decrescente";"Atropelamento de pedestre";1;0;0;0;0;0;0;0;0;0;1;0;1;0;0
"10/01/2023";"06:34:00";"11";"Acidente c";"257,8";"BR-393/RJ";"Decrescente";"Colis�o c/ obst�culos";1;0;0;0;0;0;0;0;0;0;4;1;0;0;0
"10/01/2023";"10:08:00";"26";"Acidente c";"201,8";"BR-393/RJ";"Decrescente";"Colis�o c/ obst�culos";0;0;1;0;0;0;0;0;0;0;0;1;0;0;0
"10/01/2023";"16:54:00";"64";"Acidente c";"277,1";"BR-393/RJ";"Decrescente";"Tombamento";0;0;1;0;0;0;0;0;0;0;1;0;0;0;0
"11/01/2023";"00:03:00";"1";"Acidente c";"223,4";"BR-393/RJ";"Decrescente";"Tombamento";0;0;1;0;0;0;0;0;0;0;0;0;1;0;0
"12/01/2023";"07:45:00";"27";"Acidente c";"285,399";"BR-393/RJ";"Decrescente";"Colis�o c/ obst�culos";1;0;0;0;0;0;0;0;0;0;1;0;0;0;0
"12/01/2023";"11:22:00";"46";"Acidente c";"257,899";"BR-393/RJ";"Decrescente";"Colis�o c/ obst�culos";1;0;0;0;0;0;0;0;0;0;0;2;0;0;0
"12/01/2023";"19:03:00";"78";"Acidente c";"102,5";"BR-393/RJ";"Decrescente";"Colis�o lateral no mesmo sentido";1;0;0;1;0;0;0;0;0;0;3;0;1;0;0
"13/01/2023";"10:43:00";"45";"Acidente c";"281,3";"BR-393/RJ";"Decrescente";"Colis�o com ve�culos (frontal)";1;0;1;0;0;0;0;0;0;0;1;0;1;0;0
"13/01/2023";"16:08:00";"72";"Acidente c";"279,3";"BR-393/RJ";"Decrescente";"Engavetamento";4;0;0;0;0;0;0;0;0;0;7;0;1;0;0
"14/01/2023";"13:41:00";"55";"Acidente c";"266";"BR-393/RJ";"Decrescente";"Colis�o lateral no mesmo sentido";1;0;1;0;0;0;0;0;0;0;2;0;0;0;0
"16/01/2023";"09:22:00";"30";"Acidente c";"131,699";"BR-393/RJ";"Decrescente";"Colis�o com ve�culos (traseira)";2;0;0;0;0;0;0;0;0;0;10;0;0;0;0
"16/01/2023";"16:13:00";"55";"Acidente c";"105,099";"BR-393/RJ";"Decrescente";"Acidentes de outra natureza";1;0;0;1;0;0;0;0;0;0;0;1;0;1;0
"16/01/2023";"17:01:00";"57";"Acidente c";"282,1";"BR-393/RJ";"Decrescente";"Colis�o lateral no mesmo sentido";1;0;0;1;0;0;0;0;0;0;2;1;0;0;0
"17/01/2023";"17:28:00";"78";"Acidente c";"282";"BR-393/RJ";"Decrescente";"Engavetamento";3;0;0;0;0;0;0;0;0;0;4;0;2;0;0
"20/01/2023";"13:38:00";"38";"Acidente c";"133,3";"BR-393/RJ";"Decrescente";"Colis�o lateral no sentido contr�rio";2;0;0;0;0;0;0;0;0;0;0;2;0;0;0
"20/01/2023";"14:35:00";"41";"Acidente c";"285,3";"BR-393/RJ";"Decrescente";"Colis�o com ve�culos (traseira)";2;0;0;0;0;0;0;0;0;0;2;0;0;0;0
"21/01/2023";"16:21:00";"72";"Acidente c";"284,1";"BR-393/RJ";"Decrescente";"Colis�o lateral no mesmo sentido";1;0;0;1;0;0;0;0;0;0;2;0;1;0;0
"22/01/2023";"07:18:00";"23";"Acidente c";"141,9";"BR-393/RJ";"Decrescente";"Colis�o com ve�culos (traseira)";2;0;0;0;0;0;0;0;0;0;5;0;0;0;0
"22/01/2023";"23:34:00";"85";"Acidente c";"110";"BR-393/RJ";"Decrescente";"Sa�das de pista";1;0;0;0;0;0;0;0;0;0;1;0;0;0;0
"24/01/2023";"02:45:00";"2";"Acidente c";"138,199";"BR-393/RJ";"Decrescente";"Tombamento";0;0;1;0;0;0;0;0;0;0;0;1;0;0;0
"24/01/2023";"13:51:00";"58";"Acidente c";"220,699";"BR-393/RJ";"Decrescente";"Colis�o c/ obst�culos";1;0;0;0;0;0;0;0;0;0;1;0;0;0;0
"24/01/2023";"15:34:00";"66";"Acidente c";"137";"BR-393/RJ";"Decrescente";"Colis�o com ve�culos (traseira)";1;0;0;1;0;0;0;0;0;0;2;0;0;0;0
"25/01/2023";"16:04:00";"81";"Acidente c";"265";"BR-393/RJ";"Decrescente";"Colis�o lateral no mesmo sentido";0;0;2;0;0;0;0;0;0;0;3;0;0;0;0
"26/01/2023";"12:10:00";"47";"Acidente c";"182,4";"BR-393/RJ";"Decrescente";"Colis�o lateral no mesmo sentido";0;0;1;1;0;0;0;0;0;0;3;3;0;0;0
"26/01/2023";"20:40:00";"70";"Acidente c";"167,5";"BR-393/RJ";"Decrescente";"Colis�o lateral no mesmo sentido";2;0;0;1;0;0;0;0;0;0;2;2;0;0;0
"27/01/2023";"15:50:00";"59";"Acidente c";"177,7";"BR-393/RJ";"Decrescente";"Colis�o com ve�culos (traseira)";2;0;0;0;0;0;0;0;0;0;3;0;0;0;0
"27/01/2023";"15:54:00";"60";"Acidente c";"285,6";"BR-393/RJ";"Decrescente";"Colis�o com ve�culos (traseira)";1;0;0;1;0;0;0;0;0;0;1;1;0;0;0
"27/01/2023";"16:06:00";"62";"Acidente c";"177,798";"BR-393/RJ";"Decrescente";"Colis�o com ve�culos (traseira)";2;0;0;0;0;0;0;0;0;0;5;0;0;0;0
"27/01/2023";"16:36:00";"64";"Acidente c";"285,2";"BR-393/RJ";"Decrescente";"Colis�o c/ obst�culos";1;0;0;0;0;0;0;0;0;0;0;0;1;0;0
"27/01/2023";"17:48:00";"65";"Acidente c";"279,699";"BR-393/RJ";"Decrescente";"Engavetamento";3;0;1;0;1;0;0;0;0;0;7;0;0;0;0
"27/01/2023";"23:32:00";"83";"Acidente c";"220";"BR-393/RJ";"Decrescente";"Sa�das de pista";1;0;0;0;0;0;0;0;0;0;1;0;0;0;0
"29/01/2023";"03:35:00";"10";"Acidente c";"284,199";"BR-393/RJ";"Decrescente";"Capotamento";1;0;0;0;0;0;0;0;0;0;1;0;0;0;0
"29/01/2023";"05:04:00";"11";"Acidente c";"285,199";"BR-393/RJ";"Decrescente";"Colis�o c/ obst�culos";1;0;0;0;0;0;0;0;0;0;0;0;2;0;1
"30/01/2023";"19:32:00";"61";"Acidente c";"251,3";"BR-393/RJ";"Decrescente";"Acidentes de outra natureza";1;0;0;0;0;0;0;0;0;0;1;0;1;0;0
"31/01/2023";"04:50:00";"23";"Acidente c";"151,8";"BR-393/RJ";"Crescente";"Tombamento";0;0;1;0;0;0;0;0;0;0;0;0;1;0;0
"01/02/2023";"10:14:00";"48";"Acidente s";"284,3";"BR-393/RJ";"Crescente";"Colis�o com ve�culos (traseira)";1;0;1;0;0;0;0;0;0;0;5;0;0;0;0
"01/02/2023";"10:57:00";"54";"Acidente c";"106";"BR-393/RJ";"Crescente";"Colis�o com ve�culos (traseira)";1;0;0;1;0;0;0;0;0;0;1;0;1;0;0
"01/02/2023";"12:20:00";"63";"Acidente s";"247,9";"BR-393/RJ";"Crescente";"Colis�o com ve�culos (traseira)";1;0;0;0;0;0;0;0;0;1;3;0;0;0;0
"01/02/2023";"17:37:00";"79";"Acidente c";"279,899";"BR-393/RJ";"Decrescente";"Acidentes de outra natureza";1;0;0;1;0;0;0;0;0;0;2;0;0;1;0
"02/02/2023";"08:44:00";"30";"Acidente c";"238";"BR-393/RJ";"Crescente";"Acidentes de outra natureza";2;0;0;0;0;0;0;0;0;0;1;0;1;0;0
"03/02/2023";"16:27:00";"47";"Acidente c";"162,5";"BR-393/RJ";"Crescente";"Colis�o lateral no sentido contr�rio";2;0;0;0;0;0;0;0;0;0;0;2;0;0;0
"04/02/2023";"00:23:00";"1";"Acidente c";"285,199";"BR-393/RJ";"Crescente";"Colis�o c/ obst�culos";1;0;0;0;0;0;0;0;0;0;0;1;0;0;0
"04/02/2023";"02:01:00";"3";"Acidente s";"172,3";"BR-393/RJ";"Decrescente";"Sa�das de pista";1;0;0;0;0;0;0;0;0;0;1;0;0;0;0
"04/02/2023";"14:28:00";"39";"Acidente c";"169";"BR-393/RJ";"Crescente";"Colis�o lateral no mesmo sentido";1;0;0;1;0;0;0;0;0;0;1;0;0;1;0
"04/02/2023";"14:55:00";"40";"Acidente s";"265";"BR-393/RJ";"Decrescente";"Colis�o com ve�culos (traseira)";1;0;1;0;0;0;0;0;0;0;6;0;0;0;0
"04/02/2023";"21:00:00";"59";"Acidente s";"280,1";"BR-393/RJ";"Decrescente";"Colis�o com ve�culos (traseira)";3;0;0;0;0;0;0;0;0;0;5;0;0;0;0
"06/02/2023";"06:43:00";"23";"Acidente c";"274,8";"BR-393/RJ";"Decrescente";"Sa�das de pista";0;0;1;0;0;0;0;0;0;0;1;0;1;0;0
"06/02/2023";"15:51:00";"52";"Acidente c";"171,5";"BR-393/RJ";"Decrescente";"Acidentes de outra natureza";2;0;0;0;0;0;0;0;0;0;3;1;0;0;0
"06/02/2023";"16:07:00";"54";"Acidente c";"134,099";"BR-393/RJ";"Crescente";"Colis�o lateral no mesmo sentido";1;0;0;1;0;0;0;0;0;0;2;0;0;1;0
"06/02/2023";"17:30:00";"59";"Acidente c";"184";"BR-393/RJ";"Decrescente";"Colis�o lateral no mesmo sentido";0;0;1;1;0;0;0;0;0;0;2;1;0;0;0
"08/02/2023";"17:41:00";"61";"Atropelame";"153,699";"BR-393/RJ";"Crescente";"Atropelamento de pedestre";0;0;1;0;0;0;0;0;0;0;0;1;0;0;1
"10/02/2023";"14:04:00";"49";"Acidente s";"159,199";"BR-393/RJ";"Decrescente";"Acidentes de outra natureza";2;0;0;0;0;0;0;0;0;0;3;0;0;0;0
"10/02/2023";"21:17:00";"73";"Acidente c";"236,8";"BR-393/RJ";"Crescente";"Acidentes de outra natureza";2;0;0;0;0;0;0;0;0;0;1;0;1;0;0
"10/02/2023";"21:36:00";"75";"Acidente c";"141,8";"BR-393/RJ";"Crescente";"Colis�o com ve�culos (traseira)";1;0;1;0;0;0;0;0;0;0;1;1;0;0;0
"10/02/2023";"22:20:00";"76";"Acidente c";"200,199";"BR-393/RJ";"Crescente";"Acidentes de outra natureza";1;0;1;0;0;0;0;0;0;0;0;1;0;2;0
"11/02/2023";"13:49:00";"44";"Acidente s";"285,3";"BR-393/RJ";"Crescente";"Colis�o lateral no mesmo sentido";2;0;0;0;0;0;0;0;0;0;3;0;0;0;0
"12/02/2023";"05:38:00";"15";"Acidente s";"208,8";"BR-393/RJ";"Crescente";"Sa�das de pista";1;0;0;0;0;0;0;0;0;0;1;0;0;0;0
"13/02/2023";"19:46:00";"54";"Acidente c";"252,099";"BR-393/RJ";"Crescente";"Colis�o com ve�culos (traseira)";2;0;0;0;0;0;0;0;0;0;2;0;1;0;0
"14/02/2023";"11:01:00";"34";"Acidente c";"254,599";"BR-393/RJ";"Decrescente";"Colis�o c/ obst�culos";1;0;0;0;0;0;0;0;0;0;0;0;1;0;0
"15/02/2023";"11:21:00";"41";"Acidente s";"168,9";"BR-393/RJ";"Crescente";"Acidentes de outra natureza";1;0;1;0;0;0;0;0;0;0;4;0;0;0;0
"17/02/2023";"05:22:00";"18";"Acidente c";"176";"BR-393/RJ";"Decrescente";"Engavetamento";0;0;2;1;0;0;0;0;0;0;0;3;1;0;0
"17/02/2023";"07:54:00";"28";"Acidente s";"176,001";"BR-393/RJ";"Decrescente";"Colis�o com ve�culos (traseira)";2;0;0;0;0;0;0;0;0;0;2;0;0;0;0
"17/02/2023";"11:45:00";"51";"Acidente s";"282,399";"BR-393/RJ";"Decrescente";"Colis�o com ve�culos (traseira)";0;0;1;0;0;0;0;0;0;1;3;0;0;0;0
"17/02/2023";"12:09:00";"53";"Acidente c";"136";"BR-393/RJ";"Crescente";"Acidentes de outra natureza";1;0;0;1;0;0;0;0;0;0;1;1;0;0;0
"17/02/2023";"17:06:00";"77";"Acidente c";"135,9";"BR-393/RJ";"Decrescente";"Colis�o com ve�culos (traseira)";1;0;1;0;0;0;0;0;0;0;2;2;0;0;0
"18/02/2023";"11:24:00";"45";"Acidente c";"224,099";"BR-393/RJ";"Decrescente";"Acidentes de outra natureza";2;0;0;0;0;0;0;0;0;0;0;3;2;0;0
"19/02/2023";"04:16:00";"13";"Acidente c";"168,5";"BR-393/RJ";"Decrescente";"Colis�o c/ obst�culos";1;0;0;0;0;0;0;0;0;0;0;1;0;0;0
"19/02/2023";"04:56:00";"14";"Acidente c";"183";"BR-393/RJ";"Crescente";"Colis�o c/ obst�culos";1;0;0;0;0;0;0;0;0;0;0;1;0;0;0
"19/02/2023";"14:23:00";"35";"Acidente c";"220,1";"BR-393/RJ";"Crescente";"Colis�o c/ obst�culos";0;0;0;1;0;0;0;0;0;0;0;0;0;0;1
"19/02/2023";"22:14:00";"54";"Acidente s";"239,3";"BR-393/RJ";"Decrescente";"Capotamento";1;0;0;0;0;0;0;0;0;0;2;0;0;0;0
"20/02/2023";"02:37:00";"7";"Acidente s";"136,199";"BR-393/RJ";"Crescente";"Sa�das de pista";1;0;0;0;0;0;0;0;0;0;1;0;0;0;0
"21/02/2023";"10:07:00";"20";"Acidente c";"143,8";"BR-393/RJ";"Decrescente";"Acidentes de outra natureza";0;0;0;1;0;0;0;0;0;0;0;0;1;0;0