fdata;horario;n_da_ocorrencia;tipo_de_ocorrencia;km;trecho;sentido;tipo_de_acidente;automovel;bicicleta;caminhao;moto;onibus;outros;tracao_animal;transporte_de_cargas_especiais;trator_maquinas;utilitarios;ilesos;levemente_feridos;moderadamente_feridos;gravemente_feridos;mortos
"03/01/2024";"03:40:05";"5";"Com v�tima";"205,699";"BR-393/RJ";"Decrescente";"Sa�da de pista";0;0;1;0;0;0;0;0;0;0;0;0;0;1;0
"03/01/2024";"11:36:24";"35";"Com v�tima";"143,699";"BR-393/RJ";"Crescente";"Colis�o lateral no mesmo sentido";0;0;0;1;0;0;0;0;0;0;0;0;0;2;0
"03/01/2024";"19:14:29";"63";"Sem v�tima";"252,000";"BR-393/RJ";"Crescente";"Colis�o transversal";1;0;0;0;0;0;0;0;0;0;4;0;0;0;0
"04/01/2024";"01:39:22";"3";"Sem v�tima";"269,000";"BR-393/RJ";"Decrescente";"Sa�da de pista";1;0;0;0;0;0;0;0;0;0;1;0;0;0;0
"04/01/2024";"08:16:05";"18";"Com v�tima";"197,599";"BR-393/RJ";"Crescente";"Capotamento";1;0;0;0;0;0;0;0;0;0;0;3;0;0;0
"04/01/2024";"11:26:00";"41";"Sem v�tima";"281,800";"BR-393/RJ";"Crescente";"Colis�o lateral em sentido contr�rio";1;0;0;0;0;0;0;0;0;0;2;0;0;0;0
"06/01/2024";"01:48:02";"1";"Com v�tima";"188,000";"BR-393/RJ";"Crescente";"Queda de moto";0;0;0;1;0;0;0;0;0;0;0;0;0;1;0
"06/01/2024";"17:33:00";"56";"Sem v�tima";"171,699";"BR-393/RJ";"Crescente";"Colis�o lateral no mesmo sentido";1;0;0;0;0;0;0;0;0;0;0;0;0;0;0
"06/01/2024";"20:14:00";"65";"Com v�tima";"280,000";"BR-393/RJ";"Crescente";"Colis�o transversal";0;0;0;1;0;0;0;0;0;0;0;0;2;0;0
"07/01/2024";"16:26:20";"33";"Com v�tima";"151,000";"BR-393/RJ";"Crescente";"Tombamento";0;0;1;0;0;0;0;0;0;0;0;0;0;1;0
"08/01/2024";"09:07:09";"30";"Sem v�tima";"282,399";"BR-393/RJ";"Crescente";"Engavetamento";1;0;0;0;0;0;0;0;0;0;5;0;0;0;0
"08/01/2024";"21:55:56";"64";"Com v�tima";"277,000";"BR-393/RJ";"Crescente";"Colis�o traseira";1;0;0;0;0;0;0;0;0;0;0;0;0;6;0
"09/01/2024";"14:34:00";"45";"Com v�tima";"255,699";"BR-393/RJ";"Crescente";"Colis�o lateral em sentido contr�rio";1;0;0;0;0;0;0;0;0;0;0;0;3;0;0
"09/01/2024";"18:45:11";"56";"Com v�tima";"158,599";"BR-393/RJ";"Decrescente";"Colis�o lateral em sentido contr�rio";1;0;0;0;0;0;0;0;0;0;0;2;0;0;0
"09/01/2024";"22:28:00";"67";"Sem v�tima";"126,000";"BR-393/RJ";"Decrescente";"Choque";1;0;0;0;0;0;0;0;0;0;1;0;0;0;0
"10/01/2024";"12:56:00";"43";"Sem v�tima";"244,900";"BR-393/RJ";"Crescente";"Colis�o lateral no mesmo sentido";0;0;1;0;0;0;0;0;0;0;3;0;0;0;0
"11/01/2024";"05:55:00";"19";"Sem v�tima";"204,800";"BR-393/RJ";"Decrescente";"Sa�da de pista";0;0;0;0;0;0;0;0;0;1;1;0;0;0;0
"11/01/2024";"18:15:00";"59";"Sem v�tima";"263,000";"BR-393/RJ";"Crescente";"Sa�da de pista";1;0;0;0;0;0;0;0;0;0;2;0;0;0;0
"12/01/2024";"10:41:00";"34";"Sem v�tima";"275,000";"BR-393/RJ";"Decrescente";"Colis�o traseira";1;0;0;0;0;0;0;0;0;0;2;0;0;0;0
"13/01/2024";"13:23:58";"48";"Com v�tima";"151,800";"BR-393/RJ";"Decrescente";"Colis�o lateral em sentido contr�rio";2;0;0;0;0;0;0;0;0;0;0;4;0;0;0
"13/01/2024";"22:34:00";"74";"Com v�tima";"134,000";"BR-393/RJ";"Crescente";"Queda de moto";0;0;0;1;0;0;0;0;0;0;0;1;0;0;0
"14/01/2024";"01:42:00";"2";"Sem v�tima";"286,400";"BR-393/RJ";"Decrescente";"Choque";1;0;0;0;0;0;0;0;0;0;0;0;0;0;0
"14/01/2024";"16:30:00";"40";"Sem v�tima";"2,000";"Al�a Sul ";"Decrescente";"Colis�o lateral em sentido contr�rio";1;0;0;0;0;0;0;0;0;0;4;0;0;0;0
"15/01/2024";"06:23:00";"21";"Sem v�tima";"183,000";"BR-393/RJ";"Decrescente";"Colis�o traseira";1;0;0;0;0;0;0;0;0;0;5;0;0;0;0
"15/01/2024";"09:45:00";"36";"Sem v�tima";"120,000";"BR-393/RJ";"Decrescente";"Sa�da de pista";1;0;0;0;0;0;0;0;0;0;1;0;0;0;0
"17/01/2024";"08:24:15";"20";"Com v�tima";"169,500";"BR-393/RJ";"Crescente";"Capotamento";1;0;0;0;0;0;0;0;0;0;0;0;0;2;0
"17/01/2024";"09:39:59";"30";"Com v�tima";"268,100";"BR-393/RJ";"Decrescente";"Colis�o transversal";2;0;0;0;0;0;0;0;0;0;2;0;0;2;0
"18/01/2024";"01:44:00";"5";"Sem v�tima";"281,199";"BR-393/RJ";"Decrescente";"Sa�da de pista";1;0;0;0;0;0;0;0;0;0;1;0;0;0;0
"18/01/2024";"20:33:21";"72";"Sem v�tima";"162,000";"BR-393/RJ";"Crescente";"Sa�da de pista";1;0;0;0;0;0;0;0;0;0;1;0;0;0;0
"19/01/2024";"05:16:08";"14";"Sem v�tima";"171,000";"BR-393/RJ";"Decrescente";"Atropelamento de animal";1;0;1;0;0;0;0;0;0;0;3;0;0;0;0
"19/01/2024";"07:14:00";"19";"Sem v�tima";"278,699";"BR-393/RJ";"Crescente";"Colis�o traseira";0;0;1;0;0;0;0;0;0;0;4;0;0;0;0
"19/01/2024";"09:03:17";"31";"Com v�tima";"175,990";"BR-393/RJ";"Decrescente";"Colis�o traseira";1;0;1;0;0;0;0;0;0;0;1;1;0;2;0
"19/01/2024";"10:19:48";"34";"Com v�tima";"138,300";"BR-393/RJ";"Crescente";"Tombamento";0;0;1;0;0;0;0;0;0;0;0;0;0;1;0
"19/01/2024";"15:02:00";"57";"Sem v�tima";"215,000";"BR-393/RJ";"Crescente";"Sa�da de pista";1;0;0;0;0;0;0;0;0;0;5;0;0;0;0
"21/01/2024";"03:54:53";"12";"Com v�tima";"236,500";"BR-393/RJ";"Decrescente";"Colis�o frontal";2;0;0;0;0;0;0;0;0;0;0;0;0;2;0
"21/01/2024";"16:18:44";"39";"Com v�tima";"168,199";"BR-393/RJ";"Crescente";"Colis�o transversal";0;0;0;1;0;0;0;0;0;0;0;0;0;1;0
"21/01/2024";"18:19:00";"49";"Sem v�tima";"252,000";"BR-393/RJ";"Decrescente";"Choque";1;0;0;0;0;0;0;0;0;0;1;0;0;0;0
"23/01/2024";"16:22:36";"48";"Com v�tima";"267,100";"BR-393/RJ";"Crescente";"Colis�o lateral em sentido contr�rio";3;0;0;0;0;0;0;0;0;0;4;1;0;0;0
"24/01/2024";"22:10:00";"71";"Sem v�tima";"252,900";"BR-393/RJ";"Crescente";"Tombamento";0;0;1;0;0;0;0;0;0;0;1;0;0;0;0
"25/01/2024";"19:28:10";"84";"Com v�tima";"224,300";"BR-393/RJ";"Crescente";"Colis�o lateral no mesmo sentido";1;0;0;1;0;0;0;0;0;0;0;1;0;2;0
"26/01/2024";"12:02:54";"44";"Sem v�tima";"139,599";"BR-393/RJ";"Decrescente";"Colis�o traseira";1;0;1;0;0;0;0;0;0;0;5;0;0;0;0
"26/01/2024";"19:42:28";"60";"Com v�tima";"255,599";"BR-393/RJ";"Crescente";"Acidentes de outra natureza";0;0;0;0;0;0;0;0;0;0;0;0;0;0;0
"28/01/2024";"12:33:14";"26";"Com v�tima";"285,899";"BR-393/RJ";"Decrescente";"Colis�o traseira";2;0;0;0;0;0;0;0;0;0;4;1;0;1;0
"28/01/2024";"21:03:36";"53";"Com v�tima";"259,700";"BR-393/RJ";"Crescente";"Colis�o traseira";2;0;0;0;0;0;0;0;0;0;0;1;0;1;0
"29/01/2024";"02:28:05";"3";"Com v�tima";"189,599";"BR-393/RJ";"Crescente";"Atropelamento de animal";0;0;1;0;0;0;0;0;0;0;0;1;0;0;0
"30/01/2024";"14:00:00";"42";"Com v�tima";"142,000";"BR-393/RJ";"Crescente";"Colis�o traseira";1;0;0;0;0;0;0;0;0;0;0;4;0;0;0
"30/01/2024";"22:15:43";"68";"Sem v�tima";"151,000";"BR-393/RJ";"Decrescente";"Choque";1;0;0;0;0;0;0;0;0;0;0;2;0;0;0
"01/02/2024";"08:22:00";"25";"Sem v�tima";"279,600";"BR-393/RJ";"Crescente";"Colis�o lateral no mesmo sentido";0;0;1;0;0;0;0;0;0;0;4;0;0;0;0
"03/02/2024";"20:16:00";"48";"Sem v�tima";"284,000";"BR-393/RJ";"Decrescente";"Queda de moto";0;0;0;1;0;0;0;0;0;0;1;0;0;0;0
"04/02/2024";"15:06:52";"34";"Com v�tima";"285,699";"BR-393/RJ";"Crescente";"Colis�o traseira";2;0;0;0;0;0;0;0;0;0;1;3;0;0;0
"04/02/2024";"15:42:00";"38";"Sem v�tima";"195,000";"BR-393/RJ";"Crescente";"Colis�o traseira";1;0;0;0;0;0;0;0;0;0;2;0;0;0;0
"04/02/2024";"17:33:00";"44";"Sem v�tima";"134,000";"BR-393/RJ";"Decrescente";"Choque";1;0;0;0;0;0;0;0;0;0;1;0;0;0;0
"04/02/2024";"20:04:11";"50";"Sem v�tima";"127,000";"BR-393/RJ";"Decrescente";"Choque";1;0;0;0;0;0;0;0;1;0;2;0;0;0;0
"05/02/2024";"07:15:00";"16";"Sem v�tima";"132,599";"BR-393/RJ";"Crescente";"Colis�o traseira";1;0;0;0;0;0;0;0;0;0;2;0;0;0;0
"05/02/2024";"20:44:00";"60";"Sem v�tima";"274,500";"BR-393/RJ";"Crescente";"Desatrelamento";0;0;1;0;0;0;0;0;0;0;1;0;0;0;0
"07/02/2024";"06:47:49";"19";"Com v�tima";"281,199";"BR-393/RJ";"Crescente";"Colis�o transversal";1;0;0;1;0;0;0;0;0;0;1;1;0;0;0
"07/02/2024";"08:46:10";"31";"Com v�tima";"214,599";"BR-393/RJ";"Crescente";"Queda de moto";0;0;0;1;0;0;0;0;0;0;0;0;0;1;0
"07/02/2024";"11:45:25";"48";"Com v�tima";"236,700";"BR-393/RJ";"Decrescente";"Colis�o transversal";1;0;0;1;0;0;0;0;0;0;1;0;0;1;0
"07/02/2024";"15:39:00";"69";"Com v�tima";"182,200";"BR-393/RJ";"Decrescente";"Colis�o transversal";1;0;0;0;0;0;0;0;0;0;0;0;2;0;0
"09/02/2024";"02:27:11";"1";"Com v�tima";"142,000";"BR-393/RJ";"Decrescente";"Colis�o traseira";1;0;0;0;0;0;0;0;0;0;0;3;0;0;0
"09/02/2024";"15:41:05";"53";"Com v�tima";"132,300";"BR-393/RJ";"Decrescente";"Queda de moto";0;0;0;1;0;0;0;0;0;0;0;1;0;0;0
"09/02/2024";"16:58:24";"60";"Com v�tima";"105,200";"BR-393/RJ";"Decrescente";"Colis�o traseira";1;0;0;0;1;0;0;0;0;0;0;1;0;1;0
"10/02/2024";"08:04:00";"19";"Com v�tima";"284,500";"BR-393/RJ";"Crescente";"Colis�o lateral no mesmo sentido";1;0;0;0;0;0;0;0;0;0;0;0;3;0;0
"10/02/2024";"10:24:00";"28";"Com v�tima";"102,900";"BR-393/RJ";"Decrescente";"Engavetamento";1;0;0;0;0;0;0;0;0;0;0;5;0;0;0
"10/02/2024";"14:52:00";"38";"Sem v�tima";"215,000";"BR-393/RJ";"Decrescente";"Choque";1;0;0;0;0;0;0;0;0;0;1;0;0;0;0
"10/02/2024";"19:32:48";"54";"Sem v�tima";"247,000";"BR-393/RJ";"Crescente";"Colis�o lateral em sentido contr�rio";2;0;0;0;0;0;0;0;0;0;12;2;0;0;0
"10/02/2024";"21:04:00";"58";"Sem v�tima";"283,000";"BR-393/RJ";"Decrescente";"Colis�o transversal";1;0;0;0;0;0;0;0;0;0;0;0;0;0;0
"11/02/2024";"08:42:00";"20";"Com v�tima";"237,400";"BR-393/RJ";"Decrescente";"Colis�o lateral em sentido contr�rio";0;0;0;1;0;0;0;0;0;0;0;0;0;2;0
"11/02/2024";"16:55:09";"38";"Sem v�tima";"284,500";"BR-393/RJ";"Decrescente";"Choque";1;0;0;0;0;0;0;0;0;0;1;0;0;0;0
"12/02/2024";"23:12:27";"56";"Com v�tima";"268,000";"BR-393/RJ";"Crescente";"Colis�o lateral em sentido contr�rio";1;0;0;1;0;0;0;0;0;0;0;4;0;0;0
"13/02/2024";"01:41:47";"4";"Sem v�tima";"141,000";"BR-393/RJ";"Decrescente";"Choque";1;0;0;0;0;0;0;0;0;0;2;0;0;0;0
"13/02/2024";"11:08:28";"25";"Com v�tima";"219,000";"BR-393/RJ";"Crescente";"Choque";1;0;0;0;0;0;0;0;0;0;0;1;0;1;0
"13/02/2024";"18:21:00";"55";"Sem v�tima";"122,000";"BR-393/RJ";"Crescente";"Colis�o lateral no mesmo sentido";0;0;0;1;0;0;0;0;0;0;2;0;0;0;0
"14/02/2024";"14:05:43";"40";"Com v�tima";"274,600";"BR-393/RJ";"Decrescente";"Sa�da de pista";1;0;0;0;0;0;0;0;0;0;0;1;0;0;0
"14/02/2024";"15:36:00";"45";"Sem v�tima";"129,900";"BR-393/RJ";"Crescente";"Choque";0;0;1;0;0;0;0;0;0;0;1;0;0;0;0
"14/02/2024";"16:52:00";"50";"Sem v�tima";"274,000";"BR-393/RJ";"Crescente";"Choque";1;0;0;0;0;0;0;0;0;0;1;0;0;0;0
"15/02/2024";"14:55:34";"42";"Com v�tima";"188,900";"BR-393/RJ";"Crescente";"Sa�da de pista";1;0;0;0;0;0;0;0;0;0;0;0;0;1;0
"17/02/2024";"04:37:42";"17";"Sem v�tima";"285,000";"BR-393/RJ";"Crescente";"Queda de moto";0;0;0;1;0;0;0;0;0;0;1;0;0;0;0
"17/02/2024";"15:13:26";"58";"Com v�tima";"279,600";"BR-393/RJ";"Crescente";"Queda de moto";0;0;0;1;0;0;0;0;0;0;0;1;0;0;0
"17/02/2024";"20:14:19";"82";"Com v�tima";"244,400";"BR-393/RJ";"Crescente";"Colis�o frontal";1;0;1;0;0;0;0;0;0;0;0;1;0;0;0
"19/02/2024";"09:46:42";"27";"Sem v�tima";"282,199";"BR-393/RJ";"Crescente";"Colis�o traseira";2;0;0;0;0;0;0;0;0;0;3;0;0;0;0
"19/02/2024";"13:30:30";"42";"Com v�tima";"264,200";"BR-393/RJ";"Decrescente";"Colis�o lateral em sentido contr�rio";2;0;0;0;0;0;0;0;0;0;2;0;0;1;0
"19/02/2024";"19:32:55";"51";"Com v�tima";"241,000";"BR-393/RJ";"Decrescente";"Colis�o frontal";1;0;0;1;0;0;0;0;0;0;0;0;0;2;0
"24/02/2024";"11:52:05";"36";"Com v�tima";"284,199";"BR-393/RJ";"Decrescente";"Colis�o traseira";1;0;0;1;0;0;0;0;0;0;1;2;0;0;0
"24/02/2024";"17:12:00";"53";"Sem v�tima";"262,000";"BR-393/RJ";"Crescente";"Sa�da de pista";1;0;0;0;0;0;0;0;0;0;1;0;0;0;0
"26/02/2024";"01:19:40";"3";"Com v�tima";"180,000";"BR-393/RJ";"Crescente";"Atropelamento de animal";1;0;0;0;0;0;0;0;0;0;0;0;0;1;0
"26/02/2024";"20:45:58";"75";"Com v�tima";"168,990";"BR-393/RJ";"Decrescente";"Colis�o lateral no mesmo sentido";0;0;0;1;0;0;0;0;0;0;0;0;0;1;0
"27/02/2024";"07:05:00";"19";"Sem v�tima";"280,100";"BR-393/RJ";"Decrescente";"Colis�o transversal";1;0;0;0;0;0;0;0;0;0;2;0;0;0;0
"27/02/2024";"23:12:20";"70";"Com v�tima";"134,000";"BR-393/RJ";"Decrescente";"Colis�o lateral no mesmo sentido";0;0;0;1;0;0;0;0;0;0;0;0;0;0;0
"28/02/2024";"02:04:29";"1";"Sem v�tima";"123,799";"BR-393/RJ";"Decrescente";"Tombamento";0;0;1;0;0;0;0;0;0;0;1;0;0;0;0
"28/02/2024";"04:25:18";"4";"Sem v�tima";"201,000";"BR-393/RJ";"Decrescente";"Atropelamento de animal";0;0;1;0;0;0;0;0;0;0;1;0;0;0;0
"29/02/2024";"18:26:00";"50";"Com v�tima";"147,600";"BR-393/RJ";"Decrescente";"Colis�o frontal";1;0;0;0;0;0;0;0;0;0;0;0;0;2;0
"29/02/2024";"23:15:49";"59";"Com v�tima";"240,199";"BR-393/RJ";"Crescente";"Capotamento";1;0;0;0;0;0;0;0;0;0;0;0;0;1;0
"01/03/2024";"17:00:00";"46";"Sem v�tima";"215,300";"BR-393/RJ";"Crescente";"Choque";1;0;0;0;0;0;0;0;0;0;3;0;0;0;0
"01/03/2024";"20:10:00";"50";"Com v�tima";"104,000";"BR-393/RJ";"Decrescente";"Colis�o frontal";0;0;0;1;0;0;0;0;0;0;0;0;2;0;0
"01/03/2024";"20:41:00";"51";"Sem v�tima";"246,990";"BR-393/RJ";"Crescente";"Capotamento";1;0;0;0;0;0;0;0;0;0;0;0;0;0;0
"02/03/2024";"03:18:00";"11";"Sem v�tima";"265,000";"BR-393/RJ";"Crescente";"Choque";1;0;0;0;0;0;0;0;0;0;1;0;0;0;0
"03/03/2024";"15:42:00";"38";"Sem v�tima";"255,599";"BR-393/RJ";"Crescente";"Colis�o lateral no mesmo sentido";1;0;0;0;0;0;0;0;0;0;3;0;0;0;0
"03/03/2024";"16:26:14";"41";"Com v�tima";"168,990";"BR-393/RJ";"Decrescente";"Colis�o lateral em sentido contr�rio";1;0;0;0;0;0;0;0;0;0;0;0;0;2;0
"03/03/2024";"17:52:38";"46";"Sem v�tima";"235,000";"BR-393/RJ";"Decrescente";"Colis�o lateral no mesmo sentido";2;0;0;0;0;0;0;0;0;0;0;8;0;0;0
"04/03/2024";"11:19:48";"33";"Com v�tima";"175,200";"BR-393/RJ";"Decrescente";"Queda de moto";0;0;0;1;0;0;0;0;0;0;0;0;0;1;0
"05/03/2024";"05:26:00";"16";"Com v�tima";"238,599";"BR-393/RJ";"Crescente";"Queda de moto";0;0;0;1;0;0;0;0;0;0;0;1;0;0;0
"05/03/2024";"13:28:59";"41";"Com v�tima";"139,000";"BR-393/RJ";"Decrescente";"Colis�o traseira";1;0;0;0;0;0;0;0;0;0;0;1;0;0;0
"05/03/2024";"17:42:03";"54";"Sem v�tima";"257,100";"BR-393/RJ";"Crescente";"Colis�o traseira";0;0;1;0;0;0;0;0;0;0;4;0;0;0;0
"06/03/2024";"13:57:00";"40";"Com v�tima";"106,990";"BR-393/RJ";"Decrescente";"Colis�o traseira";1;0;0;0;0;0;0;0;0;0;0;4;0;0;0
"07/03/2024";"19:05:00";"58";"Sem v�tima";"259,000";"BR-393/RJ";"Decrescente";"Sa�da de pista";1;0;0;0;0;0;0;0;0;0;1;0;0;0;0
"08/03/2024";"09:09:00";"24";"Sem v�tima";"251,000";"BR-393/RJ";"Decrescente";"Choque";0;0;1;0;0;0;0;0;0;0;1;0;0;0;0
"08/03/2024";"17:09:19";"58";"Com v�tima";"267,300";"BR-393/RJ";"Decrescente";"Queda de moto";0;0;0;1;0;0;0;0;0;0;0;0;0;2;0
"09/03/2024";"00:10:00";"1";"Sem v�tima";"258,000";"BR-393/RJ";"Crescente";"Colis�o traseira";0;0;1;0;0;0;0;0;0;0;1;0;0;0;0
"09/03/2024";"06:10:00";"17";"Sem v�tima";"145,000";"BR-393/RJ";"Decrescente";"Choque";1;0;0;0;0;0;0;0;0;0;2;0;0;0;0
"09/03/2024";"06:55:00";"19";"Com v�tima";"187,300";"BR-393/RJ";"Decrescente";"Sa�da de pista";0;0;1;0;0;0;0;0;0;0;0;0;1;0;0
"09/03/2024";"09:16:18";"21";"Sem v�tima";"242,199";"BR-393/RJ";"Decrescente";"Choque";0;0;1;0;0;0;0;0;0;0;1;0;0;0;0
"09/03/2024";"12:35:00";"37";"Sem v�tima";"176,699";"BR-393/RJ";"Crescente";"Colis�o traseira";1;0;0;0;0;0;0;0;0;0;4;0;0;0;0
"09/03/2024";"13:37:27";"40";"Com v�tima";"282,400";"BR-393/RJ";"Crescente";"Colis�o lateral no mesmo sentido";1;0;0;0;0;0;0;0;0;0;2;0;0;0;0
"09/03/2024";"15:32:04";"41";"Com v�tima";"140,199";"BR-393/RJ";"Decrescente";"Sa�da de pista";0;0;1;0;0;0;0;0;0;0;0;0;0;1;0
"10/03/2024";"19:19:00";"32";"Sem v�tima";"283,800";"BR-393/RJ";"Crescente";"Colis�o traseira";1;0;0;0;0;0;0;0;0;0;2;0;0;0;0
"11/03/2024";"16:34:11";"51";"Com v�tima";"283,899";"BR-393/RJ";"Decrescente";"Colis�o lateral no mesmo sentido";0;0;0;0;0;0;0;0;0;1;3;0;0;0;0
"13/03/2024";"15:06:00";"48";"Sem v�tima";"171,500";"BR-393/RJ";"Crescente";"Engavetamento";0;0;1;0;0;0;0;0;0;0;5;0;0;0;0
"13/03/2024";"17:11:34";"53";"Com v�tima";"167,599";"BR-393/RJ";"Crescente";"Colis�o transversal";0;0;0;0;0;0;0;0;0;0;0;0;0;0;0
"13/03/2024";"17:41:00";"56";"Com v�tima";"282,000";"BR-393/RJ";"Crescente";"Colis�o transversal";0;0;0;1;0;0;0;0;0;0;0;2;0;0;0
"14/03/2024";"15:11:09";"45";"Com v�tima";"127,200";"BR-393/RJ";"Decrescente";"Colis�o transversal";0;0;1;0;0;0;0;0;0;0;0;0;0;1;0
"14/03/2024";"15:46:00";"49";"Sem v�tima";"195,000";"BR-393/RJ";"Crescente";"Choque";0;0;1;0;0;0;0;0;0;0;1;0;0;0;0
"15/03/2024";"00:00:00";"48";"Com v�tima";"281,500";"BR-393/RJ";"Decrescente";"Atropelamento de ciclista";0;1;0;0;0;0;0;0;0;0;0;0;0;0;0
"15/03/2024";"15:56:14";"59";"Com v�tima";"175,300";"BR-393/RJ";"Crescente";"Queda de moto";0;0;0;1;0;0;0;0;0;0;0;0;0;1;0
"15/03/2024";"20:12:41";"73";"Sem v�tima";"284,000";"BR-393/RJ";"Decrescente";"Colis�o traseira";1;0;0;0;0;0;0;0;0;0;3;0;0;0;0
"16/03/2024";"17:57:00";"54";"Sem v�tima";"154,000";"BR-393/RJ";"Crescente";"Colis�o traseira";1;0;0;0;0;0;0;0;0;0;3;0;0;0;0
"17/03/2024";"07:18:00";"13";"Com v�tima";"162,500";"BR-393/RJ";"Crescente";"Colis�o lateral em sentido contr�rio";1;0;0;0;0;0;0;0;0;0;0;0;2;0;0
"17/03/2024";"14:08:00";"36";"Sem v�tima";"278,800";"BR-393/RJ";"Crescente";"Colis�o traseira";1;0;0;0;0;0;0;0;0;0;2;0;0;0;0
"17/03/2024";"19:47:00";"54";"Sem v�tima";"285,399";"BR-393/RJ";"Crescente";"Engavetamento";1;0;0;0;0;0;0;0;0;0;5;0;0;0;0
"17/03/2024";"23:54:21";"57";"Com v�tima";"106,000";"BR-393/RJ";"Decrescente";"Queda de moto";0;0;0;1;0;0;0;0;0;0;0;0;0;1;0
"18/03/2024";"00:54:00";"1";"Sem v�tima";"285,000";"BR-393/RJ";"Decrescente";"Colis�o lateral no mesmo sentido";1;0;0;0;0;0;0;0;0;0;2;0;0;0;0
"18/03/2024";"16:14:00";"48";"Sem v�tima";"284,899";"BR-393/RJ";"Decrescente";"Choque";0;0;0;0;1;0;0;0;0;0;2;0;0;0;0
"18/03/2024";"17:15:00";"50";"Sem v�tima";"279,199";"BR-393/RJ";"Crescente";"Engavetamento";1;0;0;0;0;0;0;0;0;0;3;0;0;0;0
"19/03/2024";"10:23:00";"35";"Com v�tima";"121,500";"BR-393/RJ";"Crescente";"Colis�o frontal";0;0;1;0;0;0;0;0;0;0;0;0;3;0;0
"19/03/2024";"17:42:26";"65";"Sem v�tima";"282,600";"BR-393/RJ";"Decrescente";"Engavetamento";1;0;0;0;0;0;0;0;0;0;3;0;0;0;0
"23/03/2024";"15:32:01";"49";"Com v�tima";"283,699";"BR-393/RJ";"Decrescente";"Colis�o traseira";0;0;0;1;0;0;0;0;0;0;0;2;0;0;0
"24/03/2024";"15:12:35";"36";"Com v�tima";"175,300";"BR-393/RJ";"Crescente";"Queda de moto";0;0;0;1;0;0;0;0;0;0;0;0;0;2;0
"24/03/2024";"19:55:00";"50";"Com v�tima";"106,990";"BR-393/RJ";"Crescente";"Colis�o lateral no mesmo sentido";0;0;0;1;0;0;0;0;0;0;0;0;2;0;0
"25/03/2024";"12:01:00";"50";"Sem v�tima";"282,500";"BR-393/RJ";"Decrescente";"Engavetamento";1;0;0;0;0;0;0;0;0;0;6;0;0;0;0
"25/03/2024";"15:17:37";"56";"Com v�tima";"137,900";"BR-393/RJ";"Decrescente";"Choque";1;0;0;0;0;0;0;0;0;0;0;1;0;0;0
"26/03/2024";"03:52:00";"8";"Sem v�tima";"273,500";"BR-393/RJ";"Decrescente";"Sa�da de pista";0;0;1;0;0;0;0;0;0;0;1;0;0;0;0
"26/03/2024";"22:18:34";"63";"Com v�tima";"235,699";"BR-393/RJ";"Crescente";"Colis�o transversal";1;0;0;0;0;0;0;0;0;0;0;0;0;2;0
"28/03/2024";"20:32:15";"69";"Com v�tima";"216,500";"BR-393/RJ";"Crescente";"Sa�da de pista";0;0;1;0;0;0;0;0;0;0;0;1;0;0;0
"30/03/2024";"14:17:58";"30";"Com v�tima";"248,500";"BR-393/RJ";"Crescente";"Queda de moto";0;0;0;1;0;0;0;0;0;0;0;0;0;2;0
"30/03/2024";"16:52:10";"38";"Com v�tima";"285,000";"BR-393/RJ";"Crescente";"Queda de moto";0;0;0;1;0;0;0;0;0;0;0;1;0;0;0
"31/03/2024";"12:42:32";"18";"Com v�tima";"282,600";"BR-393/RJ";"Crescente";"Colis�o traseira";1;0;0;0;0;0;0;0;0;0;5;0;0;0;0
"31/03/2024";"16:16:24";"29";"Com v�tima";"170,900";"BR-393/RJ";"Decrescente";"Colis�o lateral em sentido contr�rio";1;0;0;0;0;0;0;0;0;0;4;0;0;0;0
"01/04/2024";"11:51:00";"68";"Sem v�tima";"281,000";"BR-393/RJ";"Crescente";"Engavetamento";1;0;0;0;0;0;0;0;0;0;3;0;0;0;0
"02/04/2024";"19:18:34";"55";"Com v�tima";"167,000";"BR-393/RJ";"Decrescente";"Colis�o lateral no mesmo sentido";0;0;0;1;0;0;0;0;0;0;0;0;0;2;0
"04/04/2024";"08:54:00";"20";"Sem v�tima";"259,100";"BR-393/RJ";"Decrescente";"Colis�o traseira";1;0;0;0;0;0;0;0;0;0;1;0;0;0;0
"05/04/2024";"17:36:00";"57";"Sem v�tima";"281,000";"BR-393/RJ";"Decrescente";"Colis�o lateral em sentido contr�rio";0;0;0;1;0;0;0;0;0;0;2;0;0;0;0
"06/04/2024";"23:12:08";"52";"Sem v�tima";"285,800";"BR-393/RJ";"Decrescente";"Capotamento";1;0;0;0;0;0;0;0;0;0;0;0;0;0;0
"09/04/2024";"12:54:36";"42";"Com v�tima";"201,800";"BR-393/RJ";"Decrescente";"Colis�o lateral no mesmo sentido";0;0;0;1;0;0;0;0;0;0;0;0;0;1;0