fdata;horario;n_da_ocorrencia;tipo_de_ocorrencia;km;trecho;sentido;tipo_de_acidente;automovel;bicicleta;caminhao;moto;onibus;outros;tracao_animal;transporte_de_cargas_especiais;trator_maquinas;utilitarios;ilesos;levemente_feridos;moderadamente_feridos;gravemente_feridos;mortos
"17/09/2024";"08:18:00";"6";"Com v�tima";"239,800";"BR-393/RJ";"Decrescente";"Queda de moto";0;0;0;1;0;0;0;0;0;0;0;1;0;0;0
"17/09/2024";"18:49:00";"45";"Sem v�tima";"140,199";"BR-393/RJ";"Decrescente";"Sa�da de pista";0;0;1;0;0;0;0;0;0;0;1;0;0;0;0
"17/09/2024";"20:17:00";"49";"Com v�tima";"139,500";"BR-393/RJ";"Decrescente";"Queda de moto";0;0;0;1;0;0;0;0;0;0;0;1;0;0;0
"18/09/2024";"06:42:00";"12";"Com v�tima";"174,400";"BR-393/RJ";"Crescente";"Acidentes de outra natureza";1;0;0;0;0;0;0;0;0;0;0;1;0;0;0
"18/09/2024";"19:03:00";"64";"Com v�tima";"168,000";"BR-393/RJ";"Decrescente";"Colis�o lateral no mesmo sentido";1;0;0;1;0;0;0;0;0;0;2;0;0;1;0
"19/09/2024";"22:09:00";"85";"Sem v�tima";"237,300";"BR-393/RJ";"Decrescente";"Atropelamento de animal";0;0;0;0;1;0;0;0;0;0;1;0;0;0;0
"21/09/2024";"09:38:00";"18";"Com v�tima";"250,300";"BR-393/RJ";"Crescente";"Colis�o transversal";1;0;0;1;0;0;0;0;0;0;1;1;0;0;0
"21/09/2024";"13:04:00";"32";"Sem v�tima";"238,500";"BR-393/RJ";"Crescente";"Colis�o transversal";1;0;0;0;0;0;0;0;0;0;5;0;0;0;0
"21/09/2024";"19:47:00";"64";"Sem v�tima";"182,000";"BR-393/RJ";"Decrescente";"Colis�o lateral em sentido contr�rio";1;0;0;0;0;0;0;0;0;0;3;0;0;0;0
"22/09/2024";"17:39:00";"44";"Com v�tima";"255,100";"BR-393/RJ";"Crescente";"Acidentes de outra natureza";0;0;1;0;0;0;0;0;0;0;0;1;0;0;0
"23/09/2024";"07:23:00";"10";"Com v�tima";"284,000";"BR-393/RJ";"Decrescente";"Colis�o frontal";1;0;0;1;0;0;0;0;0;0;1;0;0;1;0
"23/09/2024";"10:50:00";"35";"Sem v�tima";"282,000";"BR-393/RJ";"Decrescente";"Colis�o traseira";1;0;0;0;0;0;0;0;0;0;1;0;0;0;0
"23/09/2024";"17:35:00";"64";"Com v�tima";"250,400";"BR-393/RJ";"Crescente";"Colis�o lateral no mesmo sentido";1;0;0;0;0;0;0;0;0;0;0;2;0;0;0
"23/09/2024";"18:58:00";"69";"Sem v�tima";"282,000";"BR-393/RJ";"Crescente";"Colis�o traseira";1;0;0;0;0;0;0;0;0;0;3;0;0;0;0
"25/09/2024";"18:43:00";"59";"Sem v�tima";"175,470";"BR-393/RJ";"Crescente";"Atropelamento de pedestre";1;0;0;0;0;0;0;0;0;0;2;0;0;0;0
"26/09/2024";"18:46:00";"66";"Com v�tima";"240,900";"BR-393/RJ";"Crescente";"Colis�o transversal";1;0;0;0;0;0;0;0;0;0;0;0;3;0;0
"26/09/2024";"20:13:00";"69";"Sem v�tima";"279,000";"BR-393/RJ";"Decrescente";"Colis�o transversal";1;0;0;0;0;0;0;0;0;0;2;0;0;0;0
"27/09/2024";"17:06:00";"51";"Sem v�tima";"255,500";"BR-393/RJ";"Crescente";"Colis�o transversal";1;0;0;0;0;0;0;0;0;0;1;0;0;0;0
"28/09/2024";"04:00:00";"8";"Sem v�tima";"286,300";"BR-393/RJ";"Decrescente";"Colis�o lateral no mesmo sentido";1;0;0;0;0;0;0;0;0;0;2;0;0;0;0
"28/09/2024";"04:32:00";"10";"Com v�tima";"124,000";"BR-393/RJ";"Crescente";"Queda de moto";0;0;0;1;0;0;0;0;0;0;0;1;0;0;0
"29/09/2024";"15:56:00";"38";"Sem v�tima";"217,599";"BR-393/RJ";"Crescente";"Engavetamento";1;0;0;0;0;0;0;0;0;0;3;0;0;0;0
"30/09/2024";"09:25:00";"19";"Sem v�tima";"286,000";"BR-393/RJ";"Crescente";"Engavetamento";3;0;0;0;0;0;0;0;0;0;3;0;0;0;0
"30/09/2024";"12:18:00";"34";"Sem v�tima";"134,990";"BR-393/RJ";"Decrescente";"Colis�o lateral no mesmo sentido";0;0;0;1;0;0;0;0;0;0;2;0;0;0;0
"01/10/2024";"08:35:00";"24";"Com v�tima";"280,900";"BR-393/RJ";"Crescente";"Engavetamento";3;0;0;0;0;0;0;0;0;0;2;3;0;0;0
"01/10/2024";"14:40:00";"51";"Sem v�tima";"266,500";"BR-393/RJ";"Decrescente";"Engavetamento";1;0;0;0;0;0;0;0;0;0;8;0;0;0;0
"02/10/2024";"10:04:00";"27";"Sem v�tima";"284,699";"BR-393/RJ";"Crescente";"Colis�o traseira";1;0;0;0;0;0;0;0;0;0;1;0;0;0;0
"02/10/2024";"21:03:00";"57";"Com v�tima";"245,599";"BR-393/RJ";"Decrescente";"Colis�o lateral em sentido contr�rio";2;0;0;0;0;0;0;0;0;0;0;0;0;2;0
"03/10/2024";"01:44:00";"3";"Sem v�tima";"2,850";"Al�a Sul ";"Crescente";"Choque";1;0;0;0;0;0;0;0;0;0;0;0;0;0;0
"05/10/2024";"12:50:00";"27";"Sem v�tima";"229,000";"BR-393/RJ";"Crescente";"Colis�o traseira";0;0;1;0;0;0;0;0;0;0;2;0;0;0;0
"05/10/2024";"19:33:00";"54";"Sem v�tima";"103,599";"BR-393/RJ";"Crescente";"Engavetamento";1;0;0;0;0;0;0;0;0;0;6;0;0;0;0
"06/10/2024";"12:00:00";"23";"Sem v�tima";"174,200";"BR-393/RJ";"Crescente";"Choque";1;0;0;0;0;0;0;0;0;0;0;0;0;0;0
"06/10/2024";"12:11:00";"25";"Com v�tima";"105,900";"BR-393/RJ";"Crescente";"Colis�o lateral no mesmo sentido";1;0;0;1;0;0;0;0;0;0;2;1;0;0;0
"06/10/2024";"14:54:00";"31";"Com v�tima";"102,500";"BR-393/RJ";"Decrescente";"Colis�o frontal";1;0;0;1;0;0;0;0;0;0;3;0;0;1;0
"06/10/2024";"19:34:00";"56";"Com v�tima";"279,800";"BR-393/RJ";"Crescente";"Colis�o frontal";0;0;0;1;0;0;0;0;0;0;0;0;3;0;0
"07/10/2024";"18:19:00";"62";"Sem v�tima";"167,400";"BR-393/RJ";"Crescente";"Colis�o traseira";1;0;0;0;0;0;0;0;0;0;1;0;0;0;0
"10/10/2024";"01:07:00";"3";"Com v�tima";"262,800";"BR-393/RJ";"Crescente";"Tombamento";0;0;1;0;0;0;0;0;0;0;0;0;1;0;0
"10/10/2024";"07:02:00";"12";"Com v�tima";"172,300";"BR-393/RJ";"Decrescente";"Capotamento";1;0;0;0;0;0;0;0;0;0;0;2;0;0;0
"10/10/2024";"07:53:00";"14";"Sem v�tima";"274,600";"BR-393/RJ";"Crescente";"Sa�da de pista";0;0;1;0;0;0;0;0;0;0;1;0;0;0;0
"10/10/2024";"10:26:00";"32";"Sem v�tima";"275,000";"BR-393/RJ";"Crescente";"Sa�da de pista";1;0;0;0;0;0;0;0;0;0;0;0;0;0;0
"10/10/2024";"11:30:00";"36";"Com v�tima";"243,100";"BR-393/RJ";"Decrescente";"Colis�o lateral em sentido contr�rio";0;0;1;0;0;0;0;0;0;0;0;0;0;3;0
"10/10/2024";"12:59:00";"38";"Com v�tima";"171,000";"BR-393/RJ";"Crescente";"Queda de moto";0;0;0;1;0;0;0;0;0;0;0;0;0;0;0
"10/10/2024";"19:04:00";"52";"Com v�tima";"177,500";"BR-393/RJ";"Crescente";"Queda de moto";0;0;0;1;0;0;0;0;0;0;0;0;0;1;0
"11/10/2024";"05:32:00";"8";"Com v�tima";"139,600";"BR-393/RJ";"Decrescente";"Capotamento";1;0;0;0;0;0;0;0;0;0;1;0;0;1;0
"11/10/2024";"09:25:00";"32";"Com v�tima";"114,299";"BR-393/RJ";"Crescente";"Colis�o frontal";2;0;0;0;0;0;0;0;0;0;1;0;0;2;0
"11/10/2024";"12:51:00";"43";"Sem v�tima";"280,399";"BR-393/RJ";"Crescente";"Colis�o lateral no mesmo sentido";1;0;0;0;0;0;0;0;0;0;5;0;0;0;0
"11/10/2024";"21:14:00";"67";"Com v�tima";"201,900";"BR-393/RJ";"Crescente";"Colis�o transversal";2;0;0;0;0;0;0;0;0;0;0;0;0;2;0
"12/10/2024";"13:11:00";"24";"Sem v�tima";"108,000";"BR-393/RJ";"Crescente";"Choque";0;0;1;0;0;0;0;0;0;0;1;0;0;0;0
"13/10/2024";"15:36:00";"29";"Sem v�tima";"286,000";"BR-393/RJ";"Decrescente";"Choque";1;0;0;0;0;0;0;0;0;0;1;0;0;0;0
"13/10/2024";"18:43:00";"46";"Sem v�tima";"281,100";"BR-393/RJ";"Crescente";"Colis�o traseira";1;0;0;0;0;0;0;0;0;0;4;0;0;0;0
"15/10/2024";"08:18:00";"10";"Sem v�tima";"278,800";"BR-393/RJ";"Decrescente";"Colis�o traseira";0;0;1;0;0;0;0;0;0;0;2;0;0;0;0
"16/10/2024";"05:58:00";"9";"Com v�tima";"114,299";"BR-393/RJ";"Decrescente";"Choque";0;0;1;0;0;0;0;0;0;0;0;0;0;3;0
"17/10/2024";"14:16:00";"45";"Sem v�tima";"212,199";"BR-393/RJ";"Crescente";"Colis�o lateral no mesmo sentido";0;0;1;0;0;0;0;0;0;0;2;0;0;0;0
"17/10/2024";"16:50:00";"54";"Com v�tima";"280,100";"BR-393/RJ";"Decrescente";"Colis�o transversal";0;0;0;2;0;0;0;0;0;2;10;0;0;5;0
"19/10/2024";"02:04:00";"13";"Sem v�tima";"190,990";"BR-393/RJ";"Decrescente";"Atropelamento de animal";0;0;0;0;1;0;0;0;0;0;13;0;0;0;0
"19/10/2024";"21:58:00";"65";"Sem v�tima";"244,699";"BR-393/RJ";"Decrescente";"Choque";1;0;0;0;0;0;0;0;0;0;1;0;0;0;0
"20/10/2024";"04:03:00";"3";"Sem v�tima";"103,665";"BR-393/RJ";"Decrescente";"Sa�da de pista";1;0;0;0;0;0;0;0;0;0;2;0;0;0;0
"20/10/2024";"05:54:00";"6";"Com v�tima";"180,000";"BR-393/RJ";"Decrescente";"Colis�o lateral em sentido contr�rio";1;0;1;0;0;0;0;0;0;0;0;2;0;1;0
"20/10/2024";"11:07:00";"17";"Sem v�tima";"257,899";"BR-393/RJ";"Crescente";"Sa�da de pista";1;0;0;0;0;0;0;0;0;0;2;0;0;0;0
"20/10/2024";"16:01:00";"31";"Com v�tima";"242,300";"BR-393/RJ";"Crescente";"Capotamento";1;0;0;0;0;0;0;0;0;0;0;2;0;0;0
"20/10/2024";"16:24:00";"32";"Com v�tima";"162,900";"BR-393/RJ";"Crescente";"Colis�o lateral no mesmo sentido";1;0;1;0;0;0;0;0;0;0;2;1;0;0;0
"21/10/2024";"09:34:00";"30";"Sem v�tima";"178,400";"BR-393/RJ";"Decrescente";"Colis�o traseira";1;0;0;0;0;0;0;0;0;0;5;0;0;0;0
"21/10/2024";"15:12:00";"58";"Com v�tima";"138,400";"BR-393/RJ";"Crescente";"Choque";1;0;0;0;0;0;0;0;0;0;0;3;0;0;0
"21/10/2024";"16:12:00";"63";"Com v�tima";"174,300";"BR-393/RJ";"Decrescente";"Acidentes de outra natureza";0;0;1;0;0;0;0;0;0;0;0;1;0;0;0
"21/10/2024";"19:27:00";"79";"Sem v�tima";"265,500";"BR-393/RJ";"Crescente";"Choque";0;0;0;0;1;0;0;0;0;0;1;0;0;0;0
"22/10/2024";"09:17:00";"23";"Sem v�tima";"282,300";"BR-393/RJ";"Decrescente";"Colis�o traseira";1;0;0;0;0;0;0;0;0;0;3;0;0;0;0
"22/10/2024";"11:49:00";"50";"Com v�tima";"104,000";"BR-393/RJ";"Crescente";"Colis�o traseira";0;0;0;1;0;0;0;0;0;0;0;2;0;0;0
"22/10/2024";"13:19:00";"56";"Com v�tima";"285,699";"BR-393/RJ";"Decrescente";"Colis�o transversal";0;0;0;1;0;0;0;0;0;0;0;0;3;0;0
"22/10/2024";"14:42:00";"59";"Sem v�tima";"284,899";"BR-393/RJ";"Crescente";"Engavetamento";1;0;0;0;0;0;0;0;0;0;5;0;0;0;0
"22/10/2024";"18:43:00";"68";"Sem v�tima";"180,000";"BR-393/RJ";"Decrescente";"Queda de moto";0;0;0;1;0;0;0;0;0;0;0;0;0;0;0
"23/10/2024";"18:49:00";"71";"Com v�tima";"178,200";"BR-393/RJ";"Decrescente";"Atropelamento de ciclista";0;1;0;0;0;0;0;0;0;0;0;0;0;0;0
"23/10/2024";"19:58:00";"73";"Com v�tima";"146,950";"BR-393/RJ";"Decrescente";"Atropelamento de animal";0;0;0;1;0;0;0;0;0;0;0;0;0;1;0
"24/10/2024";"17:19:00";"53";"Sem v�tima";"215,900";"BR-393/RJ";"Decrescente";"Colis�o lateral em sentido contr�rio";1;0;0;0;0;0;0;0;0;0;2;0;0;0;0
"24/10/2024";"19:23:00";"59";"Com v�tima";"206,900";"BR-393/RJ";"Decrescente";"Sa�da de pista";1;0;0;0;0;0;0;0;0;0;0;2;0;0;0
"26/10/2024";"11:40:00";"25";"Com v�tima";"267,000";"BR-393/RJ";"Crescente";"Capotamento";1;0;0;0;0;0;0;0;0;0;0;0;0;1;0
"26/10/2024";"21:01:00";"57";"Com v�tima";"276,300";"BR-393/RJ";"Crescente";"Capotamento";1;0;0;0;0;0;0;0;0;0;0;0;0;1;0
"26/10/2024";"21:47:00";"59";"Com v�tima";"141,600";"BR-393/RJ";"Decrescente";"Sa�da de pista";1;0;0;0;0;0;0;0;0;0;0;2;0;0;0
"26/10/2024";"21:54:00";"60";"Com v�tima";"132,900";"BR-393/RJ";"Decrescente";"Choque";1;0;0;0;0;0;0;0;0;0;0;0;0;1;0
"26/10/2024";"22:09:00";"61";"Sem v�tima";"282,200";"BR-393/RJ";"Crescente";"Colis�o transversal";0;0;0;1;0;0;0;0;0;0;2;0;0;0;0
"27/10/2024";"10:38:00";"14";"Sem v�tima";"109,700";"BR-393/RJ";"Crescente";"Choque";1;0;0;0;0;0;0;0;0;0;1;0;0;0;0
"28/10/2024";"02:00:00";"3";"Com v�tima";"233,700";"BR-393/RJ";"Crescente";"Choque";1;0;0;0;0;0;0;0;0;0;0;0;0;1;0
"28/10/2024";"18:04:00";"63";"Sem v�tima";"284,199";"BR-393/RJ";"Crescente";"Engavetamento";1;0;0;0;0;0;0;0;0;0;3;0;0;0;0
"29/10/2024";"01:03:00";"2";"Com v�tima";"193,000";"BR-393/RJ";"Decrescente";"Atropelamento de animal";0;0;1;0;0;0;0;0;0;0;0;0;0;1;0
"29/10/2024";"12:05:00";"35";"Com v�tima";"118,000";"BR-393/RJ";"Decrescente";"Colis�o lateral em sentido contr�rio";0;0;1;0;0;0;0;0;0;0;0;2;0;0;0
"30/10/2024";"06:07:00";"5";"Sem v�tima";"108,200";"BR-393/RJ";"Decrescente";"Colis�o traseira";0;0;1;0;0;0;0;0;0;0;3;0;0;0;0
"30/10/2024";"17:15:00";"53";"Com v�tima";"245,300";"BR-393/RJ";"Decrescente";"Queda de moto";0;0;0;1;0;0;0;0;0;0;0;1;0;0;0
"31/10/2024";"14:00:00";"33";"Sem v�tima";"235,699";"BR-393/RJ";"Decrescente";"Engavetamento";0;0;0;0;0;0;0;0;0;1;4;0;0;0;0
"31/10/2024";"19:08:00";"53";"Com v�tima";"171,300";"BR-393/RJ";"Crescente";"Acidentes de outra natureza";1;0;0;0;0;0;0;0;0;0;0;1;0;0;0
"01/11/2024";"19:57:00";"56";"Com v�tima";"0,200";"Al�a Sul ";"Crescente";"Colis�o transversal";0;0;1;1;0;0;0;0;0;0;1;0;0;1;0
"02/11/2024";"12:26:00";"20";"Com v�tima";"285,899";"BR-393/RJ";"Decrescente";"Colis�o traseira";1;0;0;1;0;0;0;0;0;0;5;0;0;0;0
"02/11/2024";"18:15:00";"38";"Com v�tima";"279,699";"BR-393/RJ";"Crescente";"Atropelamento de ciclista";0;0;1;0;0;0;0;0;0;0;0;0;1;0;0
"03/11/2024";"13:43:00";"21";"Com v�tima";"235,990";"BR-393/RJ";"Crescente";"Colis�o transversal";1;0;0;1;0;0;0;0;0;0;0;1;0;0;0
"04/11/2024";"05:36:00";"5";"Com v�tima";"274,699";"BR-393/RJ";"Crescente";"Tombamento";0;0;1;0;0;0;0;0;0;0;0;0;3;0;0
"04/11/2024";"08:23:00";"12";"Com v�tima";"233,800";"BR-393/RJ";"Crescente";"Colis�o frontal";3;0;0;0;0;0;0;0;0;0;0;2;0;1;0
"04/11/2024";"11:39:00";"28";"Com v�tima";"281,699";"BR-393/RJ";"Decrescente";"Colis�o lateral em sentido contr�rio";1;0;0;1;0;0;0;0;0;0;1;0;0;1;0
"04/11/2024";"15:35:00";"44";"Com v�tima";"246,800";"BR-393/RJ";"Decrescente";"Queda de moto";0;0;0;1;0;0;0;0;0;0;0;1;0;0;0
"05/11/2024";"11:16:00";"34";"Com v�tima";"281,500";"BR-393/RJ";"Decrescente";"Colis�o lateral no mesmo sentido";1;0;0;1;0;0;0;0;0;0;1;0;0;1;0
"06/11/2024";"14:45:00";"40";"Com v�tima";"168,900";"BR-393/RJ";"Crescente";"Colis�o transversal";2;0;0;0;0;0;0;0;0;0;4;1;0;0;0
"07/11/2024";"01:11:00";"3";"Sem v�tima";"0,500";"Al�a Sul ";"Crescente";"Colis�o lateral em sentido contr�rio";1;0;0;0;0;0;0;0;0;0;1;0;0;0;0
"07/11/2024";"08:16:00";"17";"Sem v�tima";"135,599";"BR-393/RJ";"Decrescente";"Colis�o lateral no mesmo sentido";0;0;1;0;0;0;0;0;0;0;4;0;0;0;0
"07/11/2024";"17:23:00";"61";"Sem v�tima";"279,300";"BR-393/RJ";"Crescente";"Engavetamento";1;0;0;0;0;0;0;0;0;0;5;0;0;0;0
"07/11/2024";"20:08:00";"67";"Sem v�tima";"183,400";"BR-393/RJ";"Decrescente";"Colis�o transversal";0;0;1;0;0;0;0;0;0;0;2;0;0;0;0
"08/11/2024";"02:47:00";"2";"Com v�tima";"278,899";"BR-393/RJ";"Decrescente";"Sa�da de pista";1;0;0;0;0;0;0;0;0;0;0;1;0;0;0
"08/11/2024";"14:51:00";"48";"Com v�tima";"274,399";"BR-393/RJ";"Decrescente";"Sa�da de pista";1;0;0;0;0;0;0;0;0;0;0;0;0;1;0
"08/11/2024";"22:06:00";"73";"Sem v�tima";"170,700";"BR-393/RJ";"Decrescente";"Choque";1;0;0;0;0;0;0;0;0;0;2;0;0;0;0
"08/11/2024";"23:06:00";"79";"Sem v�tima";"246,000";"BR-393/RJ";"Crescente";"Sa�da de pista";0;0;0;0;0;0;0;0;0;1;1;0;0;0;0
"10/11/2024";"22:24:00";"73";"Com v�tima";"285,000";"BR-393/RJ";"Decrescente";"Sa�da de pista";1;0;0;0;0;0;0;0;0;0;0;1;0;2;0
"11/11/2024";"11:44:00";"48";"Sem v�tima";"178,000";"BR-393/RJ";"Crescente";"Colis�o traseira";1;0;0;0;0;0;0;0;0;0;0;0;0;0;0
"11/11/2024";"14:33:00";"57";"Sem v�tima";"235,000";"BR-393/RJ";"Decrescente";"Queda de moto";0;0;0;1;0;0;0;0;0;0;0;0;0;0;0
"11/11/2024";"15:06:00";"59";"Com v�tima";"229,699";"BR-393/RJ";"Crescente";"Queda de moto";0;0;0;1;0;0;0;0;0;0;0;0;0;1;0
"12/11/2024";"00:00:00";"22";"Sem v�tima";"284,199";"BR-393/RJ";"Decrescente";"Colis�o lateral no mesmo sentido";0;0;1;0;0;0;0;0;0;0;2;0;0;0;0
"12/11/2024";"04:53:00";"10";"Sem v�tima";"183,800";"BR-393/RJ";"Crescente";"Atropelamento de animal";1;0;0;0;0;0;0;0;0;0;3;0;0;0;0
"12/11/2024";"18:17:00";"66";"Com v�tima";"283,500";"BR-393/RJ";"Decrescente";"Colis�o lateral no mesmo sentido";0;0;0;2;0;0;0;0;0;0;0;0;0;4;0
"13/11/2024";"05:57:00";"9";"Com v�tima";"139,599";"BR-393/RJ";"Crescente";"Sa�da de pista";0;0;1;0;0;0;0;0;0;0;0;1;0;0;0
"13/11/2024";"16:29:00";"50";"Com v�tima";"105,000";"BR-393/RJ";"Decrescente";"Colis�o transversal";1;0;0;0;0;0;0;0;0;0;0;5;0;0;0
"14/11/2024";"00:39:00";"4";"Com v�tima";"172,599";"BR-393/RJ";"Decrescente";"Atropelamento de animal";0;0;1;0;0;0;0;0;0;0;0;1;0;0;0
"14/11/2024";"23:17:00";"102";"Sem v�tima";"286,300";"BR-393/RJ";"Crescente";"Colis�o traseira";1;0;0;0;0;0;0;0;0;0;2;0;0;0;0
"16/11/2024";"07:40:00";"10";"Sem v�tima";"265,899";"BR-393/RJ";"Crescente";"Colis�o lateral em sentido contr�rio";0;0;0;0;1;0;0;0;0;0;21;0;0;0;0
"17/11/2024";"10:26:00";"45";"Com v�tima";"167,900";"BR-393/RJ";"Crescente";"Colis�o lateral no mesmo sentido";1;0;0;1;0;0;0;0;0;0;1;1;0;1;0
"17/11/2024";"13:32:00";"71";"Sem v�tima";"114,200";"BR-393/RJ";"Decrescente";"Choque";1;0;0;0;0;0;0;0;0;0;2;0;0;0;0
"17/11/2024";"19:45:00";"106";"Com v�tima";"143,500";"BR-393/RJ";"Decrescente";"Queda de moto";0;0;0;1;0;0;0;0;0;0;0;0;0;1;0
"19/11/2024";"08:03:00";"16";"Com v�tima";"273,600";"BR-393/RJ";"Decrescente";"Tombamento";0;0;1;0;0;0;0;0;0;0;0;1;0;0;0
"19/11/2024";"12:09:00";"38";"Com v�tima";"104,900";"BR-393/RJ";"Crescente";"Colis�o lateral em sentido contr�rio";0;0;0;1;0;0;0;0;0;0;0;0;2;0;0
"20/11/2024";"21:51:00";"66";"Com v�tima";"104,600";"BR-393/RJ";"Decrescente";"Colis�o frontal";1;0;0;1;0;0;0;0;0;0;1;0;0;0;0
"21/11/2024";"22:47:00";"66";"Com v�tima";"210,000";"BR-393/RJ";"Decrescente";"Colis�o lateral no mesmo sentido";0;0;0;1;0;0;0;0;0;0;0;0;0;0;0
"22/11/2024";"07:26:00";"10";"Com v�tima";"243,199";"BR-393/RJ";"Decrescente";"Sa�da de pista";1;0;0;0;0;0;0;0;0;0;0;0;0;0;0
"22/11/2024";"09:37:00";"22";"Com v�tima";"232,000";"BR-393/RJ";"Decrescente";"Colis�o transversal";1;0;1;0;0;0;0;0;0;0;0;1;0;1;0
"24/11/2024";"15:34:00";"38";"Com v�tima";"285,800";"BR-393/RJ";"Crescente";"Colis�o traseira";1;0;0;0;0;0;0;0;0;0;0;0;3;0;0
"25/11/2024";"09:59:00";"23";"Com v�tima";"170,300";"BR-393/RJ";"Decrescente";"Colis�o lateral em sentido contr�rio";1;0;0;0;0;0;0;0;0;0;0;3;0;0;0
"25/11/2024";"16:05:00";"45";"Com v�tima";"278,699";"BR-393/RJ";"Crescente";"Colis�o traseira";2;0;0;0;0;0;0;0;0;0;2;0;0;1;0
"26/11/2024";"18:45:00";"74";"Sem v�tima";"225,400";"BR-393/RJ";"Crescente";"Sa�da de pista";1;0;0;0;0;0;0;0;0;0;1;0;0;0;0
"27/11/2024";"07:07:00";"9";"Sem v�tima";"273,600";"BR-393/RJ";"Crescente";"Queda de moto";0;0;0;1;0;0;0;0;0;0;1;0;0;0;0
"27/11/2024";"11:19:00";"44";"Com v�tima";"235,199";"BR-393/RJ";"Decrescente";"Choque";0;0;0;1;0;0;0;0;0;0;0;0;0;1;0
"27/11/2024";"12:43:00";"50";"Com v�tima";"180,000";"BR-393/RJ";"Decrescente";"Queda de moto";0;0;0;1;0;0;0;0;0;0;0;1;0;0;0
"27/11/2024";"16:55:00";"70";"Sem v�tima";"256,700";"BR-393/RJ";"Decrescente";"Colis�o traseira";1;0;0;0;0;0;0;0;0;0;1;0;0;0;0
"28/11/2024";"05:41:00";"6";"Sem v�tima";"141,700";"BR-393/RJ";"Crescente";"Colis�o traseira";0;0;1;0;0;0;0;0;0;0;2;0;0;0;0
"28/11/2024";"06:57:00";"10";"Com v�tima";"238,900";"BR-393/RJ";"Crescente";"Queda de moto";0;0;0;1;0;0;0;0;0;0;0;1;0;0;0
"28/11/2024";"08:04:00";"12";"Com v�tima";"153,990";"BR-393/RJ";"Decrescente";"Colis�o transversal";0;0;0;1;0;0;0;0;0;0;0;0;0;8;0
"29/11/2024";"13:12:00";"31";"Sem v�tima";"257,800";"BR-393/RJ";"Crescente";"Choque";1;0;0;0;0;0;0;0;0;0;1;0;0;0;0
"29/11/2024";"15:39:00";"44";"Sem v�tima";"277,000";"BR-393/RJ";"Decrescente";"Sa�da de pista";0;0;0;1;0;0;0;0;0;0;1;0;0;0;0
"29/11/2024";"19:51:00";"64";"Sem v�tima";"236,990";"BR-393/RJ";"Crescente";"Atropelamento de pedestre";0;0;0;1;0;0;0;0;0;0;2;0;0;0;0
"30/11/2024";"02:22:00";"2";"Sem v�tima";"175,600";"BR-393/RJ";"Decrescente";"Queda de moto";0;0;0;1;0;0;0;0;0;0;0;0;0;0;0
"30/11/2024";"17:52:00";"53";"Com v�tima";"238,400";"BR-393/RJ";"Decrescente";"Queda de moto";0;0;0;1;0;0;0;0;0;0;0;0;1;0;0
"01/12/2024";"19:18:00";"55";"Com v�tima";"163,000";"BR-393/RJ";"Crescente";"Queda de moto";0;0;0;1;0;0;0;0;0;0;0;0;2;0;0
"02/12/2024";"23:35:00";"62";"Sem v�tima";"175,000";"BR-393/RJ";"Crescente";"Colis�o traseira";1;0;0;0;0;0;0;0;0;0;0;0;0;0;0
"03/12/2024";"03:53:00";"3";"Com v�tima";"124,400";"BR-393/RJ";"Decrescente";"Tombamento";0;0;1;0;0;0;0;0;0;0;0;0;1;0;0
"03/12/2024";"23:02:00";"64";"Sem v�tima";"285,000";"BR-393/RJ";"Crescente";"Sa�da de pista";1;0;0;0;0;0;0;0;0;0;2;0;0;0;0
"04/12/2024";"17:36:00";"47";"Sem v�tima";"236,699";"BR-393/RJ";"Decrescente";"Colis�o transversal";0;0;1;0;0;0;0;0;0;0;4;0;0;0;0
"05/12/2024";"03:51:00";"1";"Com v�tima";"244,300";"BR-393/RJ";"Decrescente";"Sa�da de pista";0;0;1;0;0;0;0;0;0;0;0;0;1;0;0
"05/12/2024";"13:24:00";"27";"Com v�tima";"124,400";"BR-393/RJ";"Decrescente";"Tombamento";0;0;1;0;0;0;0;0;0;0;0;0;1;0;0
"05/12/2024";"20:20:00";"48";"Sem v�tima";"253,400";"BR-393/RJ";"Crescente";"Colis�o lateral em sentido contr�rio";0;0;1;0;0;0;0;0;0;0;2;0;0;0;0
"06/12/2024";"07:48:00";"11";"Com v�tima";"225,800";"BR-393/RJ";"Crescente";"Colis�o lateral em sentido contr�rio";1;0;0;0;0;0;0;0;0;0;0;2;0;0;0
"06/12/2024";"19:12:00";"66";"Com v�tima";"251,700";"BR-393/RJ";"Crescente";"Queda de moto";0;0;0;1;0;0;0;0;0;0;0;0;1;0;0
"06/12/2024";"23:00:00";"2";"Sem v�tima";"231,000";"BR-393/RJ";"Crescente";"Colis�o lateral em sentido contr�rio";0;0;0;0;1;0;0;0;0;0;1;0;0;0;0